calendar_year,season_month,sub_area,vehicle_class,fuel,process,cat_ncat,pollutant,emission
2017,July,Alameda (SF),LDA,Gas,RUNEX,CAT,CO,25.027964086350995
2017,July,Alameda (SF),LDA,Gas,RUNEX,CAT,NOx,1.88210554850009
2017,July,Alameda (SF),LDA,Gas,RUNEX,CAT,SOx,0.06901610664997726
2017,July,Alameda (SF),LDA,Gas,RUNEX,CAT,PM,0.03969035268932491
2017,July,Alameda (SF),LDA,Gas,RUNEX,CAT,TOG,0.7761217706028944
2017,July,Alameda (SF),LDA,Gas,RUNEX,CAT,PM10,0.03548675538737124
2017,July,Alameda (SF),LDA,Gas,RUNEX,CAT,PM2_5,0.032630546147877366
2017,July,Alameda (SF),LDA,Gas,RUNEX,NCAT,CO,0.5581623490485832
2017,July,Alameda (SF),LDA,Gas,RUNEX,NCAT,NOx,0.04915532791589292
2017,July,Alameda (SF),LDA,Gas,RUNEX,NCAT,SOx,5.236628057599413e-05
2017,July,Alameda (SF),LDA,Gas,RUNEX,NCAT,PM,0.0005235047186098531
2017,July,Alameda (SF),LDA,Gas,RUNEX,NCAT,TOG,0.053001318898541296
2017,July,Alameda (SF),LDA,Gas,RUNEX,NCAT,PM10,0.0004995079514693014
2017,July,Alameda (SF),LDA,Gas,RUNEX,NCAT,PM2_5,0.0004749775897129535
2017,July,Alameda (SF),LDA,Gas,STREX,CAT,CO,7.333692705535119
2017,July,Alameda (SF),LDA,Gas,STREX,CAT,NOx,0.844952432969899
2017,July,Alameda (SF),LDA,Gas,STREX,CAT,SOx,0.0018241322256320716
2017,July,Alameda (SF),LDA,Gas,STREX,CAT,PM,0.00706109437343284
2017,July,Alameda (SF),LDA,Gas,STREX,CAT,TOG,1.3228331067311487
2017,July,Alameda (SF),LDA,Gas,STREX,CAT,PM10,0.0063140933503840835
2017,July,Alameda (SF),LDA,Gas,STREX,CAT,PM2_5,0.005806310965272796
2017,July,Alameda (SF),LDA,Gas,STREX,NCAT,CO,0.08881299740094148
2017,July,Alameda (SF),LDA,Gas,STREX,NCAT,NOx,0.005278494970154683
2017,July,Alameda (SF),LDA,Gas,STREX,NCAT,SOx,7.956678378291861e-06
2017,July,Alameda (SF),LDA,Gas,STREX,NCAT,PM,0.0002127519324280058
2017,July,Alameda (SF),LDA,Gas,STREX,NCAT,TOG,0.015395748279595545
2017,July,Alameda (SF),LDA,Gas,STREX,NCAT,PM10,0.0002029796265281913
2017,July,Alameda (SF),LDA,Gas,STREX,NCAT,PM2_5,0.00019300213172548713
2017,July,Alameda (SF),LDA,Gas,HOTSOAK,CAT,TOG,0.4592876399981797
2017,July,Alameda (SF),LDA,Gas,HOTSOAK,NCAT,TOG,0.010939883238644114
2017,July,Alameda (SF),LDA,Gas,RUNLOSS,CAT,TOG,0.8074973565342409
2017,July,Alameda (SF),LDA,Gas,RUNLOSS,NCAT,TOG,0.05090029054887388
2017,July,Alameda (SF),LDA,Gas,RESTLOSS,CAT,TOG,0.1860631639860901
2017,July,Alameda (SF),LDA,Gas,RESTLOSS,NCAT,TOG,0.005295626965093424
2017,July,Alameda (SF),LDA,Gas,DIURN,CAT,TOG,0.29844555230685155
2017,July,Alameda (SF),LDA,Gas,DIURN,NCAT,TOG,0.009192955864303826
2017,July,Alameda (SF),LDA,Gas,PMTW,CAT,PM,0.18767131636694337
2017,July,Alameda (SF),LDA,Gas,PMTW,CAT,PM10,0.18767131636694337
2017,July,Alameda (SF),LDA,Gas,PMTW,CAT,PM2_5,0.04691782909173584
2017,July,Alameda (SF),LDA,Gas,PMTW,NCAT,PM,7.000007531400547e-05
2017,July,Alameda (SF),LDA,Gas,PMTW,NCAT,PM10,7.000007531400547e-05
2017,July,Alameda (SF),LDA,Gas,PMTW,NCAT,PM2_5,1.750001882850137e-05
2017,July,Alameda (SF),LDA,Gas,PMBW,CAT,PM,0.8797092954700466
2017,July,Alameda (SF),LDA,Gas,PMBW,CAT,PM10,0.8621151095606451
2017,July,Alameda (SF),LDA,Gas,PMBW,CAT,PM2_5,0.36947790409741954
2017,July,Alameda (SF),LDA,Gas,PMBW,NCAT,PM,0.00032812535303440056
2017,July,Alameda (SF),LDA,Gas,PMBW,NCAT,PM10,0.0003215628459737125
2017,July,Alameda (SF),LDA,Gas,PMBW,NCAT,PM2_5,0.00013781264827444803
2017,July,Alameda (SF),LDA,Dsl,RUNEX,DSL,CO,0.07121798759319159
2017,July,Alameda (SF),LDA,Dsl,RUNEX,DSL,NOx,0.05341041267272056
2017,July,Alameda (SF),LDA,Dsl,RUNEX,DSL,SOx,0.0005224992076732893
2017,July,Alameda (SF),LDA,Dsl,RUNEX,DSL,PM,0.004342187480385861
2017,July,Alameda (SF),LDA,Dsl,RUNEX,DSL,TOG,0.007693690561453348
2017,July,Alameda (SF),LDA,Dsl,RUNEX,DSL,PM10,0.004316134355503555
2017,July,Alameda (SF),LDA,Dsl,RUNEX,DSL,PM2_5,0.0041294202938469676
2017,July,Alameda (SF),LDA,Dsl,PMTW,DSL,PM,0.0018915801194614435
2017,July,Alameda (SF),LDA,Dsl,PMTW,DSL,PM10,0.0018915801194614435
2017,July,Alameda (SF),LDA,Dsl,PMTW,DSL,PM2_5,0.00047289502986536087
2017,July,Alameda (SF),LDA,Dsl,PMBW,DSL,PM,0.008866781809975514
2017,July,Alameda (SF),LDA,Dsl,PMBW,DSL,PM10,0.008689446173776
2017,July,Alameda (SF),LDA,Dsl,PMBW,DSL,PM2_5,0.0037240483601897194
2017,July,Alameda (SF),LDA,Elec,HOTSOAK,CAT,TOG,0.0003113989980565733
2017,July,Alameda (SF),LDA,Elec,RESTLOSS,CAT,TOG,6.254100310328713e-05
2017,July,Alameda (SF),LDA,Elec,DIURN,CAT,TOG,0.0003017946833419784
2017,July,Alameda (SF),LDA,Elec,PMTW,CAT,PM,0.003688448391280457
2017,July,Alameda (SF),LDA,Elec,PMTW,CAT,PM10,0.003688448391280457
2017,July,Alameda (SF),LDA,Elec,PMTW,CAT,PM2_5,0.0009221120978201142
2017,July,Alameda (SF),LDA,Elec,PMBW,CAT,PM,0.01728960183412714
2017,July,Alameda (SF),LDA,Elec,PMBW,CAT,PM10,0.016943809797444604
2017,July,Alameda (SF),LDA,Elec,PMBW,CAT,PM2_5,0.007261632770333401
2017,July,Alameda (SF),LDT1,Gas,RUNEX,CAT,CO,4.466044851758105
2017,July,Alameda (SF),LDT1,Gas,RUNEX,CAT,NOx,0.4143986879300014
2017,July,Alameda (SF),LDT1,Gas,RUNEX,CAT,SOx,0.008016340117210639
2017,July,Alameda (SF),LDT1,Gas,RUNEX,CAT,PM,0.006494206190152132
2017,July,Alameda (SF),LDT1,Gas,RUNEX,CAT,TOG,0.15745730584169115
2017,July,Alameda (SF),LDT1,Gas,RUNEX,CAT,PM10,0.005807395244084482
2017,July,Alameda (SF),LDT1,Gas,RUNEX,CAT,PM2_5,0.005340470569773777
2017,July,Alameda (SF),LDT1,Gas,RUNEX,NCAT,CO,0.1808621775966855
2017,July,Alameda (SF),LDT1,Gas,RUNEX,NCAT,NOx,0.015567322567574617
2017,July,Alameda (SF),LDT1,Gas,RUNEX,NCAT,SOx,1.67679178961194e-05
2017,July,Alameda (SF),LDT1,Gas,RUNEX,NCAT,PM,0.00016839819348551984
2017,July,Alameda (SF),LDT1,Gas,RUNEX,NCAT,TOG,0.016869267420160396
2017,July,Alameda (SF),LDT1,Gas,RUNEX,NCAT,PM10,0.0001602557538511149
2017,July,Alameda (SF),LDT1,Gas,RUNEX,NCAT,PM2_5,0.00015218806195749584
2017,July,Alameda (SF),LDT1,Gas,STREX,CAT,CO,0.8106920270320787
2017,July,Alameda (SF),LDT1,Gas,STREX,CAT,NOx,0.11642720681046952
2017,July,Alameda (SF),LDT1,Gas,STREX,CAT,SOx,0.00021605963681355734
2017,July,Alameda (SF),LDT1,Gas,STREX,CAT,PM,0.0011097090052221681
2017,July,Alameda (SF),LDT1,Gas,STREX,CAT,TOG,0.1967650956365955
2017,July,Alameda (SF),LDT1,Gas,STREX,CAT,PM10,0.000992469318883731
2017,July,Alameda (SF),LDT1,Gas,STREX,CAT,PM2_5,0.0009127330333439009
2017,July,Alameda (SF),LDT1,Gas,STREX,NCAT,CO,0.018575204498314193
2017,July,Alameda (SF),LDT1,Gas,STREX,NCAT,NOx,0.0009568577391229664
2017,July,Alameda (SF),LDT1,Gas,STREX,NCAT,SOx,1.494301461694322e-06
2017,July,Alameda (SF),LDT1,Gas,STREX,NCAT,PM,3.991514330958349e-05
2017,July,Alameda (SF),LDT1,Gas,STREX,NCAT,TOG,0.002915270557897895
2017,July,Alameda (SF),LDT1,Gas,STREX,NCAT,PM10,3.796898450539782e-05
2017,July,Alameda (SF),LDT1,Gas,STREX,NCAT,PM2_5,3.604995536360997e-05
2017,July,Alameda (SF),LDT1,Gas,HOTSOAK,CAT,TOG,0.08193360031455656
2017,July,Alameda (SF),LDT1,Gas,HOTSOAK,NCAT,TOG,0.0019201954017888884
2017,July,Alameda (SF),LDT1,Gas,RUNLOSS,CAT,TOG,0.28184894877398714
2017,July,Alameda (SF),LDT1,Gas,RUNLOSS,NCAT,TOG,0.003931724830224566
2017,July,Alameda (SF),LDT1,Gas,RESTLOSS,CAT,TOG,0.03556170855203064
2017,July,Alameda (SF),LDT1,Gas,RESTLOSS,NCAT,TOG,0.0009711817802517164
2017,July,Alameda (SF),LDT1,Gas,DIURN,CAT,TOG,0.06285888846474245
2017,July,Alameda (SF),LDT1,Gas,DIURN,NCAT,TOG,0.0016635069325076797
2017,July,Alameda (SF),LDT1,Gas,PMTW,CAT,PM,0.01891605670083164
2017,July,Alameda (SF),LDT1,Gas,PMTW,CAT,PM10,0.01891605670083164
2017,July,Alameda (SF),LDT1,Gas,PMTW,CAT,PM2_5,0.00472901417520791
2017,July,Alameda (SF),LDT1,Gas,PMTW,NCAT,PM,2.2512834125074696e-05
2017,July,Alameda (SF),LDT1,Gas,PMTW,NCAT,PM10,2.2512834125074696e-05
2017,July,Alameda (SF),LDT1,Gas,PMTW,NCAT,PM2_5,5.628208531268674e-06
2017,July,Alameda (SF),LDT1,Gas,PMBW,CAT,PM,0.08866901578514827
2017,July,Alameda (SF),LDT1,Gas,PMBW,CAT,PM10,0.08689563546944531
2017,July,Alameda (SF),LDT1,Gas,PMBW,CAT,PM2_5,0.037240986629762246
2017,July,Alameda (SF),LDT1,Gas,PMBW,NCAT,PM,0.00010552890996128767
2017,July,Alameda (SF),LDT1,Gas,PMBW,NCAT,PM10,0.00010341833176206187
2017,July,Alameda (SF),LDT1,Gas,PMBW,NCAT,PM2_5,4.43221421837408e-05
2017,July,Alameda (SF),LDT2,Gas,RUNEX,CAT,CO,10.253104295961355
2017,July,Alameda (SF),LDT2,Gas,RUNEX,CAT,NOx,1.0817271721101325
2017,July,Alameda (SF),LDT2,Gas,RUNEX,CAT,SOx,0.03077249898957514
2017,July,Alameda (SF),LDT2,Gas,RUNEX,CAT,PM,0.013203484577197727
2017,July,Alameda (SF),LDT2,Gas,RUNEX,CAT,TOG,0.3087057380035343
2017,July,Alameda (SF),LDT2,Gas,RUNEX,CAT,PM10,0.011805982456077528
2017,July,Alameda (SF),LDT2,Gas,RUNEX,CAT,PM2_5,0.010856195489411188
2017,July,Alameda (SF),LDT2,Gas,RUNEX,NCAT,CO,0.26945748734478336
2017,July,Alameda (SF),LDT2,Gas,RUNEX,NCAT,NOx,0.023579674579495603
2017,July,Alameda (SF),LDT2,Gas,RUNEX,NCAT,SOx,2.5031977757883188e-05
2017,July,Alameda (SF),LDT2,Gas,RUNEX,NCAT,PM,0.00025119939152886414
2017,July,Alameda (SF),LDT2,Gas,RUNEX,NCAT,TOG,0.025845584331860696
2017,July,Alameda (SF),LDT2,Gas,RUNEX,NCAT,PM10,0.0002393353711964729
2017,July,Alameda (SF),LDT2,Gas,RUNEX,NCAT,PM2_5,0.00022741867507730055
2017,July,Alameda (SF),LDT2,Gas,STREX,CAT,CO,3.1815814092351187
2017,July,Alameda (SF),LDT2,Gas,STREX,CAT,NOx,0.45433094761487797
2017,July,Alameda (SF),LDT2,Gas,STREX,CAT,SOx,0.0008121015080611856
2017,July,Alameda (SF),LDT2,Gas,STREX,CAT,PM,0.0022092437189198443
2017,July,Alameda (SF),LDT2,Gas,STREX,CAT,TOG,0.5250934513808369
2017,July,Alameda (SF),LDT2,Gas,STREX,CAT,PM10,0.001975574753659476
2017,July,Alameda (SF),LDT2,Gas,STREX,CAT,PM2_5,0.0018167227033668565
2017,July,Alameda (SF),LDT2,Gas,STREX,NCAT,CO,0.02739821800703763
2017,July,Alameda (SF),LDT2,Gas,STREX,NCAT,NOx,0.0014494301861662062
2017,July,Alameda (SF),LDT2,Gas,STREX,NCAT,SOx,2.238913776515643e-06
2017,July,Alameda (SF),LDT2,Gas,STREX,NCAT,PM,5.9429468200436154e-05
2017,July,Alameda (SF),LDT2,Gas,STREX,NCAT,TOG,0.004417202355794353
2017,July,Alameda (SF),LDT2,Gas,STREX,NCAT,PM10,5.660084999548411e-05
2017,July,Alameda (SF),LDT2,Gas,STREX,NCAT,PM2_5,5.377245592505628e-05
2017,July,Alameda (SF),LDT2,Gas,HOTSOAK,CAT,TOG,0.15487267668187413
2017,July,Alameda (SF),LDT2,Gas,HOTSOAK,NCAT,TOG,0.0029029681045647294
2017,July,Alameda (SF),LDT2,Gas,RUNLOSS,CAT,TOG,0.46498663650934474
2017,July,Alameda (SF),LDT2,Gas,RUNLOSS,NCAT,TOG,0.00546767976804866
2017,July,Alameda (SF),LDT2,Gas,RESTLOSS,CAT,TOG,0.0696263143633706
2017,July,Alameda (SF),LDT2,Gas,RESTLOSS,NCAT,TOG,0.0015200181306581051
2017,July,Alameda (SF),LDT2,Gas,DIURN,CAT,TOG,0.10297292295698181
2017,July,Alameda (SF),LDT2,Gas,DIURN,NCAT,TOG,0.002552675689678382
2017,July,Alameda (SF),LDT2,Gas,PMTW,CAT,PM,0.0646730753127162
2017,July,Alameda (SF),LDT2,Gas,PMTW,CAT,PM10,0.0646730753127162
2017,July,Alameda (SF),LDT2,Gas,PMTW,CAT,PM2_5,0.01616826882817905
2017,July,Alameda (SF),LDT2,Gas,PMTW,NCAT,PM,3.3574052925974225e-05
2017,July,Alameda (SF),LDT2,Gas,PMTW,NCAT,PM10,3.3574052925974225e-05
2017,July,Alameda (SF),LDT2,Gas,PMTW,NCAT,PM2_5,8.393513231493556e-06
2017,July,Alameda (SF),LDT2,Gas,PMBW,CAT,PM,0.30315504052835696
2017,July,Alameda (SF),LDT2,Gas,PMBW,CAT,PM10,0.2970919397177899
2017,July,Alameda (SF),LDT2,Gas,PMBW,CAT,PM2_5,0.1273251170219101
2017,July,Alameda (SF),LDT2,Gas,PMBW,NCAT,PM,0.00015737837309050433
2017,July,Alameda (SF),LDT2,Gas,PMBW,NCAT,PM10,0.00015423080562869428
2017,July,Alameda (SF),LDT2,Gas,PMBW,NCAT,PM2_5,6.609891669801175e-05
2017,July,Alameda (SF),MDV,Gas,RUNEX,CAT,CO,6.740922278639359
2017,July,Alameda (SF),MDV,Gas,RUNEX,CAT,NOx,0.8095269832342362
2017,July,Alameda (SF),MDV,Gas,RUNEX,CAT,SOx,0.021164269298204783
2017,July,Alameda (SF),MDV,Gas,RUNEX,CAT,PM,0.008361181950380828
2017,July,Alameda (SF),MDV,Gas,RUNEX,CAT,TOG,0.238007241867563
2017,July,Alameda (SF),MDV,Gas,RUNEX,CAT,PM10,0.007476481810396939
2017,July,Alameda (SF),MDV,Gas,RUNEX,CAT,PM2_5,0.00687513915936028
2017,July,Alameda (SF),MDV,Gas,RUNEX,NCAT,CO,0.6338031754778968
2017,July,Alameda (SF),MDV,Gas,RUNEX,NCAT,NOx,0.04174776462879532
2017,July,Alameda (SF),MDV,Gas,RUNEX,NCAT,SOx,3.953834966780556e-05
2017,July,Alameda (SF),MDV,Gas,RUNEX,NCAT,PM,0.0003060613650104867
2017,July,Alameda (SF),MDV,Gas,RUNEX,NCAT,TOG,0.03606785276381171
2017,July,Alameda (SF),MDV,Gas,RUNEX,NCAT,PM10,0.0002925398250186041
2017,July,Alameda (SF),MDV,Gas,RUNEX,NCAT,PM2_5,0.0002784106755673773
2017,July,Alameda (SF),MDV,Gas,STREX,CAT,CO,2.347871455572225
2017,July,Alameda (SF),MDV,Gas,STREX,CAT,NOx,0.34271722314036046
2017,July,Alameda (SF),MDV,Gas,STREX,CAT,SOx,0.0005873909444513924
2017,July,Alameda (SF),MDV,Gas,STREX,CAT,PM,0.0015985883270952868
2017,July,Alameda (SF),MDV,Gas,STREX,CAT,TOG,0.4325064799768089
2017,July,Alameda (SF),MDV,Gas,STREX,CAT,PM10,0.0014296034557214146
2017,July,Alameda (SF),MDV,Gas,STREX,CAT,PM2_5,0.001314699629847429
2017,July,Alameda (SF),MDV,Gas,STREX,NCAT,CO,0.06999638255684729
2017,July,Alameda (SF),MDV,Gas,STREX,NCAT,NOx,0.0031301124672214005
2017,July,Alameda (SF),MDV,Gas,STREX,NCAT,SOx,4.2732892469252365e-06
2017,July,Alameda (SF),MDV,Gas,STREX,NCAT,PM,8.736996029160602e-05
2017,July,Alameda (SF),MDV,Gas,STREX,NCAT,TOG,0.008125716816969112
2017,July,Alameda (SF),MDV,Gas,STREX,NCAT,PM10,8.349704054200327e-05
2017,July,Alameda (SF),MDV,Gas,STREX,NCAT,PM2_5,7.945822861230039e-05
2017,July,Alameda (SF),MDV,Gas,HOTSOAK,CAT,TOG,0.1079553535008307
2017,July,Alameda (SF),MDV,Gas,HOTSOAK,NCAT,TOG,0.002835816103558397
2017,July,Alameda (SF),MDV,Gas,RUNLOSS,CAT,TOG,0.31751031852534956
2017,July,Alameda (SF),MDV,Gas,RUNLOSS,NCAT,TOG,0.006337959152960874
2017,July,Alameda (SF),MDV,Gas,RESTLOSS,CAT,TOG,0.04968667107130459
2017,July,Alameda (SF),MDV,Gas,RESTLOSS,NCAT,TOG,0.002344746421166494
2017,July,Alameda (SF),MDV,Gas,DIURN,CAT,TOG,0.07230621490598399
2017,July,Alameda (SF),MDV,Gas,DIURN,NCAT,TOG,0.0038180877821030502
2017,July,Alameda (SF),MDV,Gas,PMTW,CAT,PM,0.0370280533319925
2017,July,Alameda (SF),MDV,Gas,PMTW,CAT,PM10,0.0370280533319925
2017,July,Alameda (SF),MDV,Gas,PMTW,CAT,PM2_5,0.009257013332998125
2017,July,Alameda (SF),MDV,Gas,PMTW,NCAT,PM,4.114787562764497e-05
2017,July,Alameda (SF),MDV,Gas,PMTW,NCAT,PM10,4.114787562764497e-05
2017,July,Alameda (SF),MDV,Gas,PMTW,NCAT,PM2_5,1.0286968906911242e-05
2017,July,Alameda (SF),MDV,Gas,PMBW,CAT,PM,0.1735689999937147
2017,July,Alameda (SF),MDV,Gas,PMBW,CAT,PM10,0.17009761999384032
2017,July,Alameda (SF),MDV,Gas,PMBW,CAT,PM2_5,0.0728989799973601
2017,July,Alameda (SF),MDV,Gas,PMBW,NCAT,PM,0.00019288066700458585
2017,July,Alameda (SF),MDV,Gas,PMBW,NCAT,PM10,0.0001890230536644941
2017,July,Alameda (SF),MDV,Gas,PMBW,NCAT,PM2_5,8.100988014192598e-05
2017,July,Alameda (SF),LHD1,Gas,RUNEX,CAT,CO,1.036124967434805
2017,July,Alameda (SF),LHD1,Gas,RUNEX,CAT,NOx,0.21934699958119017
2017,July,Alameda (SF),LHD1,Gas,RUNEX,CAT,SOx,0.006638731208978668
2017,July,Alameda (SF),LHD1,Gas,RUNEX,CAT,PM,0.0018031847854615977
2017,July,Alameda (SF),LHD1,Gas,RUNEX,CAT,TOG,0.08261848789193214
2017,July,Alameda (SF),LHD1,Gas,RUNEX,CAT,PM10,0.0016120471982026673
2017,July,Alameda (SF),LHD1,Gas,RUNEX,CAT,PM2_5,0.0014822178936494336
2017,July,Alameda (SF),LHD1,Gas,RUNEX,NCAT,CO,0.2494711097155068
2017,July,Alameda (SF),LHD1,Gas,RUNEX,NCAT,NOx,0.00664335967983795
2017,July,Alameda (SF),LHD1,Gas,RUNEX,NCAT,SOx,2.874430748587375e-05
2017,July,Alameda (SF),LHD1,Gas,RUNEX,NCAT,PM,0.00013162866398874946
2017,July,Alameda (SF),LHD1,Gas,RUNEX,NCAT,TOG,0.01501071562427991
2017,July,Alameda (SF),LHD1,Gas,RUNEX,NCAT,PM10,0.00012649514609318826
2017,July,Alameda (SF),LHD1,Gas,RUNEX,NCAT,PM2_5,0.00012070348487768326
2017,July,Alameda (SF),LHD1,Gas,IDLEX,CAT,CO,0.06397218596314017
2017,July,Alameda (SF),LHD1,Gas,IDLEX,CAT,NOx,0.0007154075126581344
2017,July,Alameda (SF),LHD1,Gas,IDLEX,CAT,SOx,2.1125097673775042e-05
2017,July,Alameda (SF),LHD1,Gas,IDLEX,CAT,TOG,0.011943239032204641
2017,July,Alameda (SF),LHD1,Gas,IDLEX,NCAT,CO,0.0005259957581649229
2017,July,Alameda (SF),LHD1,Gas,IDLEX,NCAT,NOx,5.948073867679178e-06
2017,July,Alameda (SF),LHD1,Gas,IDLEX,NCAT,SOx,1.9381443427993304e-07
2017,July,Alameda (SF),LHD1,Gas,IDLEX,NCAT,TOG,9.454336614275016e-05
2017,July,Alameda (SF),LHD1,Gas,STREX,CAT,CO,0.5001902623184109
2017,July,Alameda (SF),LHD1,Gas,STREX,CAT,NOx,0.14784979952698798
2017,July,Alameda (SF),LHD1,Gas,STREX,CAT,SOx,4.939450487590672e-05
2017,July,Alameda (SF),LHD1,Gas,STREX,CAT,PM,0.00013933248398504877
2017,July,Alameda (SF),LHD1,Gas,STREX,CAT,TOG,0.04475826210169424
2017,July,Alameda (SF),LHD1,Gas,STREX,CAT,PM10,0.0001245632406826339
2017,July,Alameda (SF),LHD1,Gas,STREX,CAT,PM2_5,0.00011453130183571032
2017,July,Alameda (SF),LHD1,Gas,STREX,NCAT,CO,0.00021187773723515939
2017,July,Alameda (SF),LHD1,Gas,STREX,NCAT,NOx,0.0008710490574593525
2017,July,Alameda (SF),LHD1,Gas,STREX,NCAT,SOx,1.5572760361205662e-06
2017,July,Alameda (SF),LHD1,Gas,STREX,NCAT,PM,3.587911142095647e-05
2017,July,Alameda (SF),LHD1,Gas,STREX,NCAT,TOG,0.004809797851635876
2017,July,Alameda (SF),LHD1,Gas,STREX,NCAT,PM10,3.447982607553918e-05
2017,July,Alameda (SF),LHD1,Gas,STREX,NCAT,PM2_5,3.2901145173017076e-05
2017,July,Alameda (SF),LHD1,Gas,HOTSOAK,CAT,TOG,0.03282028195344295
2017,July,Alameda (SF),LHD1,Gas,HOTSOAK,NCAT,TOG,0.002962577923784781
2017,July,Alameda (SF),LHD1,Gas,RUNLOSS,CAT,TOG,0.24389318948602082
2017,July,Alameda (SF),LHD1,Gas,RUNLOSS,NCAT,TOG,0.007616520031113998
2017,July,Alameda (SF),LHD1,Gas,RESTLOSS,CAT,TOG,0.0005084556305678425
2017,July,Alameda (SF),LHD1,Gas,RESTLOSS,NCAT,TOG,3.093924661847409e-05
2017,July,Alameda (SF),LHD1,Gas,DIURN,CAT,TOG,0.0012589197774119081
2017,July,Alameda (SF),LHD1,Gas,DIURN,NCAT,TOG,7.809367978417432e-05
2017,July,Alameda (SF),LHD1,Gas,PMTW,CAT,PM,0.005107320216058336
2017,July,Alameda (SF),LHD1,Gas,PMTW,CAT,PM10,0.005107320216058336
2017,July,Alameda (SF),LHD1,Gas,PMTW,CAT,PM2_5,0.001276830054014584
2017,July,Alameda (SF),LHD1,Gas,PMTW,NCAT,PM,1.8602878148862897e-05
2017,July,Alameda (SF),LHD1,Gas,PMTW,NCAT,PM10,1.8602878148862897e-05
2017,July,Alameda (SF),LHD1,Gas,PMTW,NCAT,PM2_5,4.650719537215724e-06
2017,July,Alameda (SF),LHD1,Gas,PMBW,CAT,PM,0.04979637210656878
2017,July,Alameda (SF),LHD1,Gas,PMBW,CAT,PM10,0.048800444664437344
2017,July,Alameda (SF),LHD1,Gas,PMBW,CAT,PM2_5,0.020914476284758895
2017,July,Alameda (SF),LHD1,Gas,PMBW,NCAT,PM,0.00018137806195141332
2017,July,Alameda (SF),LHD1,Gas,PMBW,NCAT,PM10,0.00017775050071238509
2017,July,Alameda (SF),LHD1,Gas,PMBW,NCAT,PM2_5,7.617878601959358e-05
2017,July,Alameda (SF),LHD2,Gas,RUNEX,CAT,CO,0.13713802010266254
2017,July,Alameda (SF),LHD2,Gas,RUNEX,CAT,NOx,0.033642068545885084
2017,July,Alameda (SF),LHD2,Gas,RUNEX,CAT,SOx,0.0011170693542990678
2017,July,Alameda (SF),LHD2,Gas,RUNEX,CAT,PM,0.0002471332266547726
2017,July,Alameda (SF),LHD2,Gas,RUNEX,CAT,TOG,0.010842139953248607
2017,July,Alameda (SF),LHD2,Gas,RUNEX,CAT,PM10,0.00022093710462936666
2017,July,Alameda (SF),LHD2,Gas,RUNEX,CAT,PM2_5,0.0002031435123102233
2017,July,Alameda (SF),LHD2,Gas,IDLEX,CAT,CO,0.009483377720800273
2017,July,Alameda (SF),LHD2,Gas,IDLEX,CAT,NOx,0.0001062432167926224
2017,July,Alameda (SF),LHD2,Gas,IDLEX,CAT,SOx,3.611790846059504e-06
2017,July,Alameda (SF),LHD2,Gas,IDLEX,CAT,TOG,0.0017740387907632556
2017,July,Alameda (SF),LHD2,Gas,STREX,CAT,CO,0.07457756735063291
2017,July,Alameda (SF),LHD2,Gas,STREX,CAT,NOx,0.0212884734730522
2017,July,Alameda (SF),LHD2,Gas,STREX,CAT,SOx,8.337490245675447e-06
2017,July,Alameda (SF),LHD2,Gas,STREX,CAT,PM,1.8328898403996028e-05
2017,July,Alameda (SF),LHD2,Gas,STREX,CAT,TOG,0.0063628981347343145
2017,July,Alameda (SF),LHD2,Gas,STREX,CAT,PM10,1.6386035173172506e-05
2017,July,Alameda (SF),LHD2,Gas,STREX,CAT,PM2_5,1.5066354488084753e-05
2017,July,Alameda (SF),LHD2,Gas,HOTSOAK,CAT,TOG,0.004637350531267286
2017,July,Alameda (SF),LHD2,Gas,RUNLOSS,CAT,TOG,0.03515644693479182
2017,July,Alameda (SF),LHD2,Gas,RESTLOSS,CAT,TOG,6.950806852814622e-05
2017,July,Alameda (SF),LHD2,Gas,DIURN,CAT,TOG,0.0001765532226702475
2017,July,Alameda (SF),LHD2,Gas,PMTW,CAT,PM,0.0007493284819248255
2017,July,Alameda (SF),LHD2,Gas,PMTW,CAT,PM10,0.0007493284819248255
2017,July,Alameda (SF),LHD2,Gas,PMTW,CAT,PM2_5,0.00018733212048120638
2017,July,Alameda (SF),LHD2,Gas,PMBW,CAT,PM,0.00852361148189488
2017,July,Alameda (SF),LHD2,Gas,PMBW,CAT,PM10,0.00835313925225699
2017,July,Alameda (SF),LHD2,Gas,PMBW,CAT,PM2_5,0.0035799168223958496
2017,July,Alameda (SF),T6TS,Gas,RUNEX,CAT,CO,0.3932693322000197
2017,July,Alameda (SF),T6TS,Gas,RUNEX,CAT,NOx,0.09255010419964811
2017,July,Alameda (SF),T6TS,Gas,RUNEX,CAT,SOx,0.0016168736544361778
2017,July,Alameda (SF),T6TS,Gas,RUNEX,CAT,PM,0.0001551387049183116
2017,July,Alameda (SF),T6TS,Gas,RUNEX,CAT,TOG,0.02413490660621513
2017,July,Alameda (SF),T6TS,Gas,RUNEX,CAT,PM10,0.00013869400219697055
2017,July,Alameda (SF),T6TS,Gas,RUNEX,CAT,PM2_5,0.00012752401544285208
2017,July,Alameda (SF),T6TS,Gas,RUNEX,NCAT,CO,0.029274580487015842
2017,July,Alameda (SF),T6TS,Gas,RUNEX,NCAT,NOx,0.0008345800047920802
2017,July,Alameda (SF),T6TS,Gas,RUNEX,NCAT,SOx,4.469616117250555e-06
2017,July,Alameda (SF),T6TS,Gas,RUNEX,NCAT,PM,8.825206008804763e-06
2017,July,Alameda (SF),T6TS,Gas,RUNEX,NCAT,TOG,0.0013820907266252423
2017,July,Alameda (SF),T6TS,Gas,RUNEX,NCAT,PM10,8.481022974461377e-06
2017,July,Alameda (SF),T6TS,Gas,RUNEX,NCAT,PM2_5,8.092713910073966e-06
2017,July,Alameda (SF),T6TS,Gas,IDLEX,CAT,CO,0.017008279732403007
2017,July,Alameda (SF),T6TS,Gas,IDLEX,CAT,NOx,0.0001505710300500597
2017,July,Alameda (SF),T6TS,Gas,IDLEX,CAT,SOx,9.587502288824742e-06
2017,July,Alameda (SF),T6TS,Gas,IDLEX,CAT,TOG,0.002232044993555557
2017,July,Alameda (SF),T6TS,Gas,IDLEX,NCAT,CO,0.00019965127258825757
2017,July,Alameda (SF),T6TS,Gas,IDLEX,NCAT,NOx,1.7736410180389345e-06
2017,July,Alameda (SF),T6TS,Gas,IDLEX,NCAT,SOx,1.254094854966591e-07
2017,July,Alameda (SF),T6TS,Gas,IDLEX,NCAT,TOG,2.511404143551626e-05
2017,July,Alameda (SF),T6TS,Gas,STREX,CAT,CO,0.2022578886922906
2017,July,Alameda (SF),T6TS,Gas,STREX,CAT,NOx,0.013599826308515936
2017,July,Alameda (SF),T6TS,Gas,STREX,CAT,SOx,1.395641841844066e-05
2017,July,Alameda (SF),T6TS,Gas,STREX,CAT,PM,2.1797975359079234e-05
2017,July,Alameda (SF),T6TS,Gas,STREX,CAT,TOG,0.009830796257122777
2017,July,Alameda (SF),T6TS,Gas,STREX,CAT,PM10,1.9487389971016882e-05
2017,July,Alameda (SF),T6TS,Gas,STREX,CAT,PM2_5,1.791793574516315e-05
2017,July,Alameda (SF),T6TS,Gas,STREX,NCAT,CO,5.8633756663270736e-05
2017,July,Alameda (SF),T6TS,Gas,STREX,NCAT,NOx,0.00025021281021288494
2017,July,Alameda (SF),T6TS,Gas,STREX,NCAT,SOx,5.891465795363895e-07
2017,July,Alameda (SF),T6TS,Gas,STREX,NCAT,PM,6.5567505180000465e-06
2017,July,Alameda (SF),T6TS,Gas,STREX,NCAT,TOG,0.0013100625609160318
2017,July,Alameda (SF),T6TS,Gas,STREX,NCAT,PM10,6.301037247798045e-06
2017,July,Alameda (SF),T6TS,Gas,STREX,NCAT,PM2_5,6.012540225006044e-06
2017,July,Alameda (SF),T6TS,Gas,HOTSOAK,CAT,TOG,0.003457145448482432
2017,July,Alameda (SF),T6TS,Gas,HOTSOAK,NCAT,TOG,0.000579198383149021
2017,July,Alameda (SF),T6TS,Gas,RUNLOSS,CAT,TOG,0.020666890609252916
2017,July,Alameda (SF),T6TS,Gas,RUNLOSS,NCAT,TOG,0.001098871198178293
2017,July,Alameda (SF),T6TS,Gas,RESTLOSS,CAT,TOG,4.521032059813176e-05
2017,July,Alameda (SF),T6TS,Gas,RESTLOSS,NCAT,TOG,4.656918790750056e-06
2017,July,Alameda (SF),T6TS,Gas,DIURN,CAT,TOG,0.00011249599193661222
2017,July,Alameda (SF),T6TS,Gas,DIURN,NCAT,TOG,1.075861939835428e-05
2017,July,Alameda (SF),T6TS,Gas,PMTW,CAT,PM,0.0010631012454499743
2017,July,Alameda (SF),T6TS,Gas,PMTW,CAT,PM10,0.0010631012454499743
2017,July,Alameda (SF),T6TS,Gas,PMTW,CAT,PM2_5,0.00026577531136249356
2017,July,Alameda (SF),T6TS,Gas,PMTW,NCAT,PM,2.5660537671100232e-06
2017,July,Alameda (SF),T6TS,Gas,PMTW,NCAT,PM10,2.5660537671100232e-06
2017,July,Alameda (SF),T6TS,Gas,PMTW,NCAT,PM2_5,6.415134417775058e-07
2017,July,Alameda (SF),T6TS,Gas,PMBW,CAT,PM,0.011782705470403878
2017,July,Alameda (SF),T6TS,Gas,PMBW,CAT,PM10,0.011547051360995798
2017,July,Alameda (SF),T6TS,Gas,PMBW,CAT,PM2_5,0.004948736297569629
2017,July,Alameda (SF),T6TS,Gas,PMBW,NCAT,PM,2.8440429252136096e-05
2017,July,Alameda (SF),T6TS,Gas,PMBW,NCAT,PM10,2.787162066709339e-05
2017,July,Alameda (SF),T6TS,Gas,PMBW,NCAT,PM2_5,1.1944980285897159e-05
2017,July,Alameda (SF),T7IS,Gas,RUNEX,CAT,CO,0.051270502648966744
2017,July,Alameda (SF),T7IS,Gas,RUNEX,CAT,NOx,0.004500984201136675
2017,July,Alameda (SF),T7IS,Gas,RUNEX,CAT,SOx,2.7364953252708236e-05
2017,July,Alameda (SF),T7IS,Gas,RUNEX,CAT,PM,1.0187713367944442e-06
2017,July,Alameda (SF),T7IS,Gas,RUNEX,CAT,TOG,0.0010020928822303498
2017,July,Alameda (SF),T7IS,Gas,RUNEX,CAT,PM10,9.107815750942336e-07
2017,July,Alameda (SF),T7IS,Gas,RUNEX,CAT,PM2_5,8.374300388450335e-07
2017,July,Alameda (SF),T7IS,Gas,RUNEX,NCAT,CO,0.011196848967826275
2017,July,Alameda (SF),T7IS,Gas,RUNEX,NCAT,NOx,0.0005272837180546556
2017,July,Alameda (SF),T7IS,Gas,RUNEX,NCAT,SOx,9.115395190800241e-07
2017,July,Alameda (SF),T7IS,Gas,RUNEX,NCAT,PM,1.1988847085548683e-06
2017,July,Alameda (SF),T7IS,Gas,RUNEX,NCAT,TOG,0.0003925805515248526
2017,July,Alameda (SF),T7IS,Gas,RUNEX,NCAT,PM10,1.1521282049212281e-06
2017,July,Alameda (SF),T7IS,Gas,RUNEX,NCAT,PM2_5,1.099377277744814e-06
2017,July,Alameda (SF),T7IS,Gas,STREX,CAT,CO,0.0007587099429331985
2017,July,Alameda (SF),T7IS,Gas,STREX,CAT,NOx,0.00010441107344264879
2017,July,Alameda (SF),T7IS,Gas,STREX,CAT,SOx,9.974507615131781e-08
2017,July,Alameda (SF),T7IS,Gas,STREX,CAT,PM,1.482388913005137e-07
2017,July,Alameda (SF),T7IS,Gas,STREX,CAT,TOG,1.761683359901242e-07
2017,July,Alameda (SF),T7IS,Gas,STREX,CAT,PM10,1.325255688226593e-07
2017,July,Alameda (SF),T7IS,Gas,STREX,CAT,PM2_5,1.2185236864902222e-07
2017,July,Alameda (SF),T7IS,Gas,STREX,NCAT,CO,0.0
2017,July,Alameda (SF),T7IS,Gas,STREX,NCAT,NOx,0.0
2017,July,Alameda (SF),T7IS,Gas,STREX,NCAT,SOx,6.876096325628616e-08
2017,July,Alameda (SF),T7IS,Gas,STREX,NCAT,PM,6.45376490387456e-07
2017,July,Alameda (SF),T7IS,Gas,STREX,NCAT,TOG,0.0
2017,July,Alameda (SF),T7IS,Gas,STREX,NCAT,PM10,6.202068072623452e-07
2017,July,Alameda (SF),T7IS,Gas,STREX,NCAT,PM2_5,5.918102416852972e-07
2017,July,Alameda (SF),T7IS,Gas,HOTSOAK,CAT,TOG,2.4253399108599603e-05
2017,July,Alameda (SF),T7IS,Gas,HOTSOAK,NCAT,TOG,5.703091881749211e-05
2017,July,Alameda (SF),T7IS,Gas,RUNLOSS,CAT,TOG,0.00016768772197184252
2017,July,Alameda (SF),T7IS,Gas,RUNLOSS,NCAT,TOG,0.00020341593256815904
2017,July,Alameda (SF),T7IS,Gas,RESTLOSS,CAT,TOG,3.9071119614176513e-07
2017,July,Alameda (SF),T7IS,Gas,RESTLOSS,NCAT,TOG,3.6203348616135937e-07
2017,July,Alameda (SF),T7IS,Gas,DIURN,CAT,TOG,8.003952424689246e-07
2017,July,Alameda (SF),T7IS,Gas,DIURN,NCAT,TOG,8.209798454966602e-07
2017,July,Alameda (SF),T7IS,Gas,PMTW,CAT,PM,2.4157029062472117e-05
2017,July,Alameda (SF),T7IS,Gas,PMTW,CAT,PM10,2.4157029062472117e-05
2017,July,Alameda (SF),T7IS,Gas,PMTW,CAT,PM2_5,6.039257265618029e-06
2017,July,Alameda (SF),T7IS,Gas,PMTW,NCAT,PM,6.541066590114332e-07
2017,July,Alameda (SF),T7IS,Gas,PMTW,NCAT,PM10,6.541066590114332e-07
2017,July,Alameda (SF),T7IS,Gas,PMTW,NCAT,PM2_5,1.635266647528583e-07
2017,July,Alameda (SF),T7IS,Gas,PMBW,CAT,PM,7.609464154678714e-05
2017,July,Alameda (SF),T7IS,Gas,PMBW,CAT,PM10,7.457274871585145e-05
2017,July,Alameda (SF),T7IS,Gas,PMBW,CAT,PM2_5,3.195974944965062e-05
2017,July,Alameda (SF),T7IS,Gas,PMBW,NCAT,PM,2.060435975886014e-06
2017,July,Alameda (SF),T7IS,Gas,PMBW,NCAT,PM10,2.0192272563682944e-06
2017,July,Alameda (SF),T7IS,Gas,PMBW,NCAT,PM2_5,8.65383109872126e-07
2017,July,Alameda (SF),LDT1,Dsl,RUNEX,DSL,CO,0.0018458655585338933
2017,July,Alameda (SF),LDT1,Dsl,RUNEX,DSL,NOx,0.0017548432173645693
2017,July,Alameda (SF),LDT1,Dsl,RUNEX,DSL,SOx,4.903626609537521e-06
2017,July,Alameda (SF),LDT1,Dsl,RUNEX,DSL,PM,0.00026495879057363616
2017,July,Alameda (SF),LDT1,Dsl,RUNEX,DSL,TOG,0.00035908988575864795
2017,July,Alameda (SF),LDT1,Dsl,RUNEX,DSL,PM10,0.00026336903783019395
2017,July,Alameda (SF),LDT1,Dsl,RUNEX,DSL,PM2_5,0.00025197580983552767
2017,July,Alameda (SF),LDT1,Dsl,PMTW,DSL,PM,9.651212086542787e-06
2017,July,Alameda (SF),LDT1,Dsl,PMTW,DSL,PM10,9.651212086542787e-06
2017,July,Alameda (SF),LDT1,Dsl,PMTW,DSL,PM2_5,2.412803021635697e-06
2017,July,Alameda (SF),LDT1,Dsl,PMBW,DSL,PM,4.5240056655669326e-05
2017,July,Alameda (SF),LDT1,Dsl,PMBW,DSL,PM10,4.433525552255593e-05
2017,July,Alameda (SF),LDT1,Dsl,PMBW,DSL,PM2_5,1.9000823795381104e-05
2017,July,Alameda (SF),LDT2,Dsl,RUNEX,DSL,CO,0.004750610429127107
2017,July,Alameda (SF),LDT2,Dsl,RUNEX,DSL,NOx,0.00294844817609094
2017,July,Alameda (SF),LDT2,Dsl,RUNEX,DSL,SOx,0.0001073524945281227
2017,July,Alameda (SF),LDT2,Dsl,RUNEX,DSL,PM,0.00031802669869482347
2017,July,Alameda (SF),LDT2,Dsl,RUNEX,DSL,TOG,0.0007415115392201195
2017,July,Alameda (SF),LDT2,Dsl,RUNEX,DSL,PM10,0.0003161185385026547
2017,July,Alameda (SF),LDT2,Dsl,RUNEX,DSL,PM2_5,0.0003024433904587771
2017,July,Alameda (SF),LDT2,Dsl,PMTW,DSL,PM,0.00028668214640523767
2017,July,Alameda (SF),LDT2,Dsl,PMTW,DSL,PM10,0.00028668214640523767
2017,July,Alameda (SF),LDT2,Dsl,PMTW,DSL,PM2_5,7.167053660130942e-05
2017,July,Alameda (SF),LDT2,Dsl,PMBW,DSL,PM,0.001343822561274552
2017,July,Alameda (SF),LDT2,Dsl,PMBW,DSL,PM10,0.0013169461100490608
2017,July,Alameda (SF),LDT2,Dsl,PMBW,DSL,PM2_5,0.0005644054757353117
2017,July,Alameda (SF),MDV,Dsl,RUNEX,DSL,CO,0.0150674845171088
2017,July,Alameda (SF),MDV,Dsl,RUNEX,DSL,NOx,0.006448552544049139
2017,July,Alameda (SF),MDV,Dsl,RUNEX,DSL,SOx,0.0003113455002068864
2017,July,Alameda (SF),MDV,Dsl,RUNEX,DSL,PM,0.0005799513918866954
2017,July,Alameda (SF),MDV,Dsl,RUNEX,DSL,TOG,0.0012171163880076985
2017,July,Alameda (SF),MDV,Dsl,RUNEX,DSL,PM10,0.0005764716835353756
2017,July,Alameda (SF),MDV,Dsl,RUNEX,DSL,PM2_5,0.0005515337736842472
2017,July,Alameda (SF),MDV,Dsl,PMTW,DSL,PM,0.0006329877241331769
2017,July,Alameda (SF),MDV,Dsl,PMTW,DSL,PM10,0.0006329877241331769
2017,July,Alameda (SF),MDV,Dsl,PMTW,DSL,PM2_5,0.00015824693103329423
2017,July,Alameda (SF),MDV,Dsl,PMBW,DSL,PM,0.002967129956874265
2017,July,Alameda (SF),MDV,Dsl,PMBW,DSL,PM10,0.0029077873577367784
2017,July,Alameda (SF),MDV,Dsl,PMBW,DSL,PM2_5,0.001246194581887192
2017,July,Alameda (SF),LHD1,Dsl,RUNEX,DSL,CO,0.2874037646397258
2017,July,Alameda (SF),LHD1,Dsl,RUNEX,DSL,NOx,1.0794295173047386
2017,July,Alameda (SF),LHD1,Dsl,RUNEX,DSL,SOx,0.001811355065843851
2017,July,Alameda (SF),LHD1,Dsl,RUNEX,DSL,PM,0.012331796977573455
2017,July,Alameda (SF),LHD1,Dsl,RUNEX,DSL,TOG,0.07406162754921498
2017,July,Alameda (SF),LHD1,Dsl,RUNEX,DSL,PM10,0.012257806195708008
2017,July,Alameda (SF),LHD1,Dsl,RUNEX,DSL,PM2_5,0.011727538925672363
2017,July,Alameda (SF),LHD1,Dsl,IDLEX,DSL,CO,0.0075510317708014085
2017,July,Alameda (SF),LHD1,Dsl,IDLEX,DSL,NOx,0.021051743168102422
2017,July,Alameda (SF),LHD1,Dsl,IDLEX,DSL,SOx,1.1096307113218862e-05
2017,July,Alameda (SF),LHD1,Dsl,IDLEX,DSL,PM,0.00024956600759024744
2017,July,Alameda (SF),LHD1,Dsl,IDLEX,DSL,TOG,0.0010371395310240748
2017,July,Alameda (SF),LHD1,Dsl,IDLEX,DSL,PM10,0.0002480686115447058
2017,July,Alameda (SF),LHD1,Dsl,IDLEX,DSL,PM2_5,0.00023733727321832525
2017,July,Alameda (SF),LHD1,Dsl,PMTW,DSL,PM,0.0039021246417327766
2017,July,Alameda (SF),LHD1,Dsl,PMTW,DSL,PM10,0.0039021246417327766
2017,July,Alameda (SF),LHD1,Dsl,PMTW,DSL,PM2_5,0.0009755311604331941
2017,July,Alameda (SF),LHD1,Dsl,PMBW,DSL,PM,0.02536381017126305
2017,July,Alameda (SF),LHD1,Dsl,PMBW,DSL,PM10,0.02485653396783781
2017,July,Alameda (SF),LHD1,Dsl,PMBW,DSL,PM2_5,0.010652800271930484
2017,July,Alameda (SF),LHD2,Dsl,RUNEX,DSL,CO,0.09232008027183124
2017,July,Alameda (SF),LHD2,Dsl,RUNEX,DSL,NOx,0.315414999779665
2017,July,Alameda (SF),LHD2,Dsl,RUNEX,DSL,SOx,0.0007205058521953444
2017,July,Alameda (SF),LHD2,Dsl,RUNEX,DSL,PM,0.003888660308331492
2017,July,Alameda (SF),LHD2,Dsl,RUNEX,DSL,TOG,0.02408548257771967
2017,July,Alameda (SF),LHD2,Dsl,RUNEX,DSL,PM10,0.003865328346481501
2017,July,Alameda (SF),LHD2,Dsl,RUNEX,DSL,PM2_5,0.0036981159532232517
2017,July,Alameda (SF),LHD2,Dsl,IDLEX,DSL,CO,0.0026222217490479596
2017,July,Alameda (SF),LHD2,Dsl,IDLEX,DSL,NOx,0.007306309362566565
2017,July,Alameda (SF),LHD2,Dsl,IDLEX,DSL,SOx,6.1415520209130175e-06
2017,July,Alameda (SF),LHD2,Dsl,IDLEX,DSL,PM,8.446097017571875e-05
2017,July,Alameda (SF),LHD2,Dsl,IDLEX,DSL,TOG,0.0003601640037544291
2017,July,Alameda (SF),LHD2,Dsl,IDLEX,DSL,PM10,8.39542043546644e-05
2017,July,Alameda (SF),LHD2,Dsl,IDLEX,DSL,PM2_5,8.03223826371085e-05
2017,July,Alameda (SF),LHD2,Dsl,PMTW,DSL,PM,0.0013844456811416312
2017,July,Alameda (SF),LHD2,Dsl,PMTW,DSL,PM10,0.0013844456811416312
2017,July,Alameda (SF),LHD2,Dsl,PMTW,DSL,PM2_5,0.0003461114202854078
2017,July,Alameda (SF),LHD2,Dsl,PMBW,DSL,PM,0.010498713081990714
2017,July,Alameda (SF),LHD2,Dsl,PMBW,DSL,PM10,0.010288738820350887
2017,July,Alameda (SF),LHD2,Dsl,PMBW,DSL,PM2_5,0.004409459494436096
2017,July,Alameda (SF),LDT1,Elec,HOTSOAK,CAT,TOG,3.331285304030862e-06
2017,July,Alameda (SF),LDT1,Elec,RESTLOSS,CAT,TOG,6.840458474669092e-07
2017,July,Alameda (SF),LDT1,Elec,DIURN,CAT,TOG,3.30089684661327e-06
2017,July,Alameda (SF),LDT1,Elec,PMTW,CAT,PM,3.7713957528183035e-05
2017,July,Alameda (SF),LDT1,Elec,PMTW,CAT,PM10,3.7713957528183035e-05
2017,July,Alameda (SF),LDT1,Elec,PMTW,CAT,PM2_5,9.428489382045759e-06
2017,July,Alameda (SF),LDT1,Elec,PMBW,CAT,PM,0.0001767841759133579
2017,July,Alameda (SF),LDT1,Elec,PMBW,CAT,PM10,0.00017324849239509072
2017,July,Alameda (SF),LDT1,Elec,PMBW,CAT,PM2_5,7.424935388361031e-05
2017,July,Alameda (SF),LDT2,Elec,HOTSOAK,CAT,TOG,1.3582350469345578e-05
2017,July,Alameda (SF),LDT2,Elec,RESTLOSS,CAT,TOG,2.69127564856905e-06
2017,July,Alameda (SF),LDT2,Elec,DIURN,CAT,TOG,1.2986882874335999e-05
2017,July,Alameda (SF),LDT2,Elec,PMTW,CAT,PM,0.00015720022607600484
2017,July,Alameda (SF),LDT2,Elec,PMTW,CAT,PM10,0.00015720022607600484
2017,July,Alameda (SF),LDT2,Elec,PMTW,CAT,PM2_5,3.930005651900121e-05
2017,July,Alameda (SF),LDT2,Elec,PMBW,CAT,PM,0.000736876059731273
2017,July,Alameda (SF),LDT2,Elec,PMBW,CAT,PM10,0.0007221385385366473
2017,July,Alameda (SF),LDT2,Elec,PMBW,CAT,PM2_5,0.00030948794508713464
2017,July,Alameda (SF),MDV,Elec,HOTSOAK,CAT,TOG,9.710640352213413e-07
2017,July,Alameda (SF),MDV,Elec,RESTLOSS,CAT,TOG,2.055255498370076e-07
2017,July,Alameda (SF),MDV,Elec,DIURN,CAT,TOG,9.917736389566425e-07
2017,July,Alameda (SF),MDV,Elec,PMTW,CAT,PM,1.010298099859716e-05
2017,July,Alameda (SF),MDV,Elec,PMTW,CAT,PM10,1.010298099859716e-05
2017,July,Alameda (SF),MDV,Elec,PMTW,CAT,PM2_5,2.52574524964929e-06
2017,July,Alameda (SF),MDV,Elec,PMBW,CAT,PM,4.7357723430924195e-05
2017,July,Alameda (SF),MDV,Elec,PMBW,CAT,PM10,4.641056896230569e-05
2017,July,Alameda (SF),MDV,Elec,PMBW,CAT,PM2_5,1.9890243840988163e-05
2017,July,Alameda (SF),SBUS,Gas,RUNEX,CAT,CO,0.0027638186966323468
2017,July,Alameda (SF),SBUS,Gas,RUNEX,CAT,NOx,0.0007275529410999148
2017,July,Alameda (SF),SBUS,Gas,RUNEX,CAT,SOx,1.586684846482615e-05
2017,July,Alameda (SF),SBUS,Gas,RUNEX,CAT,PM,2.0100309066537895e-06
2017,July,Alameda (SF),SBUS,Gas,RUNEX,CAT,TOG,0.00018006261371097252
2017,July,Alameda (SF),SBUS,Gas,RUNEX,CAT,PM10,1.7969676305484877e-06
2017,July,Alameda (SF),SBUS,Gas,RUNEX,CAT,PM2_5,1.652245405269415e-06
2017,July,Alameda (SF),SBUS,Gas,IDLEX,CAT,CO,0.0028072559277295996
2017,July,Alameda (SF),SBUS,Gas,IDLEX,CAT,NOx,3.162670478703446e-05
2017,July,Alameda (SF),SBUS,Gas,IDLEX,CAT,SOx,8.856177079737214e-07
2017,July,Alameda (SF),SBUS,Gas,IDLEX,CAT,TOG,0.0005300440747554679
2017,July,Alameda (SF),SBUS,Gas,STREX,CAT,CO,0.0011659485041396848
2017,July,Alameda (SF),SBUS,Gas,STREX,CAT,NOx,6.930917292110454e-05
2017,July,Alameda (SF),SBUS,Gas,STREX,CAT,SOx,6.63188640652199e-08
2017,July,Alameda (SF),SBUS,Gas,STREX,CAT,PM,6.654110367535036e-08
2017,July,Alameda (SF),SBUS,Gas,STREX,CAT,TOG,4.9651342118120566e-05
2017,July,Alameda (SF),SBUS,Gas,STREX,CAT,PM10,5.9487746685763216e-08
2017,July,Alameda (SF),SBUS,Gas,STREX,CAT,PM2_5,5.4696787221137993e-08
2017,July,Alameda (SF),SBUS,Gas,HOTSOAK,CAT,TOG,5.550730098349037e-06
2017,July,Alameda (SF),SBUS,Gas,RUNLOSS,CAT,TOG,2.9451673253651925e-05
2017,July,Alameda (SF),SBUS,Gas,RESTLOSS,CAT,TOG,2.85569379282936e-07
2017,July,Alameda (SF),SBUS,Gas,DIURN,CAT,TOG,6.743142535616763e-07
2017,July,Alameda (SF),SBUS,Gas,PMTW,CAT,PM,1.457756113135143e-05
2017,July,Alameda (SF),SBUS,Gas,PMTW,CAT,PM10,1.457756113135143e-05
2017,July,Alameda (SF),SBUS,Gas,PMTW,CAT,PM2_5,3.6443902828378574e-06
2017,July,Alameda (SF),SBUS,Gas,PMBW,CAT,PM,0.001384868289256434
2017,July,Alameda (SF),SBUS,Gas,PMBW,CAT,PM10,0.0013571709234713064
2017,July,Alameda (SF),SBUS,Gas,PMBW,CAT,PM2_5,0.0005816446814877024
2017,July,Alameda (SF),OBUS,Gas,RUNEX,CAT,CO,0.10838245989633906
2017,July,Alameda (SF),OBUS,Gas,RUNEX,CAT,NOx,0.028878157354617996
2017,July,Alameda (SF),OBUS,Gas,RUNEX,CAT,SOx,0.0007147815874301615
2017,July,Alameda (SF),OBUS,Gas,RUNEX,CAT,PM,3.907110659135258e-05
2017,July,Alameda (SF),OBUS,Gas,RUNEX,CAT,TOG,0.006812286733094398
2017,July,Alameda (SF),OBUS,Gas,RUNEX,CAT,PM10,3.492956929266922e-05
2017,July,Alameda (SF),OBUS,Gas,RUNEX,CAT,PM2_5,3.211644961809185e-05
2017,July,Alameda (SF),OBUS,Gas,RUNEX,NCAT,CO,0.008106393920241399
2017,July,Alameda (SF),OBUS,Gas,RUNEX,NCAT,NOx,0.0003205800706478161
2017,July,Alameda (SF),OBUS,Gas,RUNEX,NCAT,SOx,1.2412957491227156e-06
2017,July,Alameda (SF),OBUS,Gas,RUNEX,NCAT,PM,2.450691585288522e-06
2017,July,Alameda (SF),OBUS,Gas,RUNEX,NCAT,TOG,0.0003999625890808939
2017,July,Alameda (SF),OBUS,Gas,RUNEX,NCAT,PM10,2.3551146134622683e-06
2017,July,Alameda (SF),OBUS,Gas,RUNEX,NCAT,PM2_5,2.2472841837095734e-06
2017,July,Alameda (SF),OBUS,Gas,IDLEX,CAT,CO,0.003847304491242371
2017,July,Alameda (SF),OBUS,Gas,IDLEX,CAT,NOx,4.334763161982989e-05
2017,July,Alameda (SF),OBUS,Gas,IDLEX,CAT,SOx,2.570883622196562e-06
2017,July,Alameda (SF),OBUS,Gas,IDLEX,CAT,TOG,0.0007250673887566567
2017,July,Alameda (SF),OBUS,Gas,IDLEX,NCAT,CO,3.0479173861233875e-05
2017,July,Alameda (SF),OBUS,Gas,IDLEX,NCAT,NOx,3.446650942299279e-07
2017,July,Alameda (SF),OBUS,Gas,IDLEX,NCAT,SOx,2.30351364001139e-08
2017,July,Alameda (SF),OBUS,Gas,IDLEX,NCAT,TOG,5.478378198608331e-06
2017,July,Alameda (SF),OBUS,Gas,STREX,CAT,CO,0.049686706477505345
2017,July,Alameda (SF),OBUS,Gas,STREX,CAT,NOx,0.004383397413409065
2017,July,Alameda (SF),OBUS,Gas,STREX,CAT,SOx,3.676224866877233e-06
2017,July,Alameda (SF),OBUS,Gas,STREX,CAT,PM,3.644911028908523e-06
2017,July,Alameda (SF),OBUS,Gas,STREX,CAT,TOG,0.0025392121867203045
2017,July,Alameda (SF),OBUS,Gas,STREX,CAT,PM10,3.258550459844224e-06
2017,July,Alameda (SF),OBUS,Gas,STREX,CAT,PM2_5,2.9961168657628045e-06
2017,July,Alameda (SF),OBUS,Gas,STREX,NCAT,CO,1.637416990830545e-05
2017,July,Alameda (SF),OBUS,Gas,STREX,NCAT,NOx,8.970194262880683e-05
2017,July,Alameda (SF),OBUS,Gas,STREX,NCAT,SOx,1.503813385789441e-07
2017,July,Alameda (SF),OBUS,Gas,STREX,NCAT,PM,1.7995756146153478e-06
2017,July,Alameda (SF),OBUS,Gas,STREX,NCAT,TOG,0.0003490546258572771
2017,July,Alameda (SF),OBUS,Gas,STREX,NCAT,PM10,1.7293921656453503e-06
2017,July,Alameda (SF),OBUS,Gas,STREX,NCAT,PM2_5,1.6502108386022748e-06
2017,July,Alameda (SF),OBUS,Gas,HOTSOAK,CAT,TOG,0.0003364821095467009
2017,July,Alameda (SF),OBUS,Gas,HOTSOAK,NCAT,TOG,5.5286967209781964e-05
2017,July,Alameda (SF),OBUS,Gas,RUNLOSS,CAT,TOG,0.003635614954614879
2017,July,Alameda (SF),OBUS,Gas,RUNLOSS,NCAT,TOG,0.0002709573121110389
2017,July,Alameda (SF),OBUS,Gas,RESTLOSS,CAT,TOG,1.1967269712823365e-05
2017,July,Alameda (SF),OBUS,Gas,RESTLOSS,NCAT,TOG,1.3123577794212021e-06
2017,July,Alameda (SF),OBUS,Gas,DIURN,CAT,TOG,3.150293939467451e-05
2017,July,Alameda (SF),OBUS,Gas,DIURN,NCAT,TOG,3.823047506236275e-06
2017,July,Alameda (SF),OBUS,Gas,PMTW,CAT,PM,0.00046791613714833514
2017,July,Alameda (SF),OBUS,Gas,PMTW,CAT,PM10,0.00046791613714833514
2017,July,Alameda (SF),OBUS,Gas,PMTW,CAT,PM2_5,0.00011697903428708378
2017,July,Alameda (SF),OBUS,Gas,PMTW,NCAT,PM,7.12573323294709e-07
2017,July,Alameda (SF),OBUS,Gas,PMTW,NCAT,PM10,7.12573323294709e-07
2017,July,Alameda (SF),OBUS,Gas,PMTW,NCAT,PM2_5,1.7814333082367725e-07
2017,July,Alameda (SF),OBUS,Gas,PMBW,CAT,PM,0.005186070520060711
2017,July,Alameda (SF),OBUS,Gas,PMBW,CAT,PM10,0.005082349109659499
2017,July,Alameda (SF),OBUS,Gas,PMBW,CAT,PM2_5,0.0021781496184255004
2017,July,Alameda (SF),OBUS,Gas,PMBW,NCAT,PM,7.897687666516362e-06
2017,July,Alameda (SF),OBUS,Gas,PMBW,NCAT,PM10,7.73973391318603e-06
2017,July,Alameda (SF),OBUS,Gas,PMBW,NCAT,PM2_5,3.317028819936869e-06
2017,July,Alameda (SF),MCY,Gas,RUNEX,CAT,CO,1.3485056606617096
2017,July,Alameda (SF),MCY,Gas,RUNEX,CAT,NOx,0.10773919839606201
2017,July,Alameda (SF),MCY,Gas,RUNEX,CAT,SOx,0.0002346224090008378
2017,July,Alameda (SF),MCY,Gas,RUNEX,CAT,PM,0.00015790739777176755
2017,July,Alameda (SF),MCY,Gas,RUNEX,CAT,TOG,0.24605031278521944
2017,July,Alameda (SF),MCY,Gas,RUNEX,CAT,PM10,0.00014557898587448157
2017,July,Alameda (SF),MCY,Gas,RUNEX,CAT,PM2_5,0.00013605254313734112
2017,July,Alameda (SF),MCY,Gas,RUNEX,NCAT,CO,3.7482950177276377
2017,July,Alameda (SF),MCY,Gas,RUNEX,NCAT,NOx,0.14295690571174172
2017,July,Alameda (SF),MCY,Gas,RUNEX,NCAT,SOx,0.0002485030679840752
2017,July,Alameda (SF),MCY,Gas,RUNEX,NCAT,PM,0.00028000030961545044
2017,July,Alameda (SF),MCY,Gas,RUNEX,NCAT,TOG,0.40813934797571094
2017,July,Alameda (SF),MCY,Gas,RUNEX,NCAT,PM10,0.0002646705252739261
2017,July,Alameda (SF),MCY,Gas,RUNEX,NCAT,PM2_5,0.00025050762174841915
2017,July,Alameda (SF),MCY,Gas,STREX,CAT,CO,0.11845412048843824
2017,July,Alameda (SF),MCY,Gas,STREX,CAT,NOx,0.005074696425588094
2017,July,Alameda (SF),MCY,Gas,STREX,CAT,SOx,1.1482408685788193e-05
2017,July,Alameda (SF),MCY,Gas,STREX,CAT,PM,3.9802578589938475e-05
2017,July,Alameda (SF),MCY,Gas,STREX,CAT,TOG,0.0333168459700176
2017,July,Alameda (SF),MCY,Gas,STREX,CAT,PM10,3.6876610502807044e-05
2017,July,Alameda (SF),MCY,Gas,STREX,CAT,PM2_5,3.455122703560395e-05
2017,July,Alameda (SF),MCY,Gas,STREX,NCAT,CO,0.3433103892626551
2017,July,Alameda (SF),MCY,Gas,STREX,NCAT,NOx,0.00957786126919908
2017,July,Alameda (SF),MCY,Gas,STREX,NCAT,SOx,2.3375516634885133e-05
2017,July,Alameda (SF),MCY,Gas,STREX,NCAT,PM,0.00020698829269568878
2017,July,Alameda (SF),MCY,Gas,STREX,NCAT,TOG,0.08154980745399606
2017,July,Alameda (SF),MCY,Gas,STREX,NCAT,PM10,0.0001976226440371547
2017,July,Alameda (SF),MCY,Gas,STREX,NCAT,PM2_5,0.0001879747569672723
2017,July,Alameda (SF),MCY,Gas,HOTSOAK,CAT,TOG,0.0059192272852030044
2017,July,Alameda (SF),MCY,Gas,HOTSOAK,NCAT,TOG,0.03606749157462522
2017,July,Alameda (SF),MCY,Gas,RUNLOSS,CAT,TOG,0.017651705969479344
2017,July,Alameda (SF),MCY,Gas,RUNLOSS,NCAT,TOG,0.13087621730699714
2017,July,Alameda (SF),MCY,Gas,RESTLOSS,CAT,TOG,0.006479198093570598
2017,July,Alameda (SF),MCY,Gas,RESTLOSS,NCAT,TOG,0.026563303270203904
2017,July,Alameda (SF),MCY,Gas,DIURN,CAT,TOG,0.015666762232367775
2017,July,Alameda (SF),MCY,Gas,DIURN,NCAT,TOG,0.05641000758435875
2017,July,Alameda (SF),MCY,Gas,PMTW,CAT,PM,0.000448289199309455
2017,July,Alameda (SF),MCY,Gas,PMTW,CAT,PM10,0.000448289199309455
2017,July,Alameda (SF),MCY,Gas,PMTW,CAT,PM2_5,0.00011207229982736375
2017,July,Alameda (SF),MCY,Gas,PMTW,NCAT,PM,0.00047156617093161975
2017,July,Alameda (SF),MCY,Gas,PMTW,NCAT,PM10,0.00047156617093161975
2017,July,Alameda (SF),MCY,Gas,PMTW,NCAT,PM2_5,0.00011789154273290494
2017,July,Alameda (SF),MCY,Gas,PMBW,CAT,PM,0.0013448675979283637
2017,July,Alameda (SF),MCY,Gas,PMBW,CAT,PM10,0.0013179702459697965
2017,July,Alameda (SF),MCY,Gas,PMBW,CAT,PM2_5,0.000564844391129913
2017,July,Alameda (SF),MCY,Gas,PMBW,NCAT,PM,0.0014146985127948578
2017,July,Alameda (SF),MCY,Gas,PMBW,NCAT,PM10,0.00138640454253896
2017,July,Alameda (SF),MCY,Gas,PMBW,NCAT,PM2_5,0.0005941733753738402
2017,July,Alameda (SF),MH,Gas,RUNEX,CAT,CO,0.09537522886820349
2017,July,Alameda (SF),MH,Gas,RUNEX,CAT,NOx,0.016256020977910905
2017,July,Alameda (SF),MH,Gas,RUNEX,CAT,SOx,0.00041080309452635544
2017,July,Alameda (SF),MH,Gas,RUNEX,CAT,PM,6.137042883970465e-05
2017,July,Alameda (SF),MH,Gas,RUNEX,CAT,TOG,0.004850905090838942
2017,July,Alameda (SF),MH,Gas,RUNEX,CAT,PM10,5.4865163382695886e-05
2017,July,Alameda (SF),MH,Gas,RUNEX,CAT,PM2_5,5.0446492506237186e-05
2017,July,Alameda (SF),MH,Gas,RUNEX,NCAT,CO,0.022387242052889313
2017,July,Alameda (SF),MH,Gas,RUNEX,NCAT,NOx,0.0006508718565462865
2017,July,Alameda (SF),MH,Gas,RUNEX,NCAT,SOx,3.458208189210777e-06
2017,July,Alameda (SF),MH,Gas,RUNEX,NCAT,PM,6.836709959349975e-06
2017,July,Alameda (SF),MH,Gas,RUNEX,NCAT,TOG,0.0010792686567922133
2017,July,Alameda (SF),MH,Gas,RUNEX,NCAT,PM10,6.570078270935324e-06
2017,July,Alameda (SF),MH,Gas,RUNEX,NCAT,PM2_5,6.269263032723925e-06
2017,July,Alameda (SF),MH,Gas,STREX,CAT,CO,0.0009130167898201163
2017,July,Alameda (SF),MH,Gas,STREX,CAT,NOx,7.699176795569167e-05
2017,July,Alameda (SF),MH,Gas,STREX,CAT,SOx,6.905052624261178e-08
2017,July,Alameda (SF),MH,Gas,STREX,CAT,PM,1.458693381082593e-07
2017,July,Alameda (SF),MH,Gas,STREX,CAT,TOG,4.5437626916536925e-05
2017,July,Alameda (SF),MH,Gas,STREX,CAT,PM10,1.304071882687839e-07
2017,July,Alameda (SF),MH,Gas,STREX,CAT,PM2_5,1.1990459592498915e-07
2017,July,Alameda (SF),MH,Gas,STREX,NCAT,CO,4.6076217122481297e-07
2017,July,Alameda (SF),MH,Gas,STREX,NCAT,NOx,1.876672304062884e-06
2017,July,Alameda (SF),MH,Gas,STREX,NCAT,SOx,4.4104666214451886e-09
2017,July,Alameda (SF),MH,Gas,STREX,NCAT,PM,5.283412741711746e-08
2017,July,Alameda (SF),MH,Gas,STREX,NCAT,TOG,1.0105495173037899e-05
2017,July,Alameda (SF),MH,Gas,STREX,NCAT,PM10,5.077359644784988e-08
2017,July,Alameda (SF),MH,Gas,STREX,NCAT,PM2_5,4.844889484149671e-08
2017,July,Alameda (SF),MH,Gas,HOTSOAK,CAT,TOG,2.68875281910238e-05
2017,July,Alameda (SF),MH,Gas,HOTSOAK,NCAT,TOG,1.602757815539704e-06
2017,July,Alameda (SF),MH,Gas,RUNLOSS,CAT,TOG,0.0007405975837134783
2017,July,Alameda (SF),MH,Gas,RUNLOSS,NCAT,TOG,1.1710839272697434e-05
2017,July,Alameda (SF),MH,Gas,RESTLOSS,CAT,TOG,0.00014499155111780818
2017,July,Alameda (SF),MH,Gas,RESTLOSS,NCAT,TOG,7.488204578211405e-06
2017,July,Alameda (SF),MH,Gas,DIURN,CAT,TOG,0.0004894511816276473
2017,July,Alameda (SF),MH,Gas,DIURN,NCAT,TOG,2.2768066456279014e-05
2017,July,Alameda (SF),MH,Gas,PMTW,CAT,PM,0.0002688890950081463
2017,July,Alameda (SF),MH,Gas,PMTW,CAT,PM10,0.0002688890950081463
2017,July,Alameda (SF),MH,Gas,PMTW,CAT,PM2_5,6.722227375203657e-05
2017,July,Alameda (SF),MH,Gas,PMTW,NCAT,PM,1.9878703486724163e-06
2017,July,Alameda (SF),MH,Gas,PMTW,NCAT,PM10,1.9878703486724163e-06
2017,July,Alameda (SF),MH,Gas,PMTW,NCAT,PM2_5,4.969675871681041e-07
2017,July,Alameda (SF),MH,Gas,PMBW,CAT,PM,0.002980187469673622
2017,July,Alameda (SF),MH,Gas,PMBW,CAT,PM10,0.002920583720280151
2017,July,Alameda (SF),MH,Gas,PMBW,CAT,PM2_5,0.0012516787372629191
2017,July,Alameda (SF),MH,Gas,PMBW,NCAT,PM,2.2032229697785943e-05
2017,July,Alameda (SF),MH,Gas,PMBW,NCAT,PM10,2.159158510383022e-05
2017,July,Alameda (SF),MH,Gas,PMBW,NCAT,PM2_5,9.253536473070099e-06
2017,July,Alameda (SF),MH,Dsl,RUNEX,DSL,CO,0.003079837449562241
2017,July,Alameda (SF),MH,Dsl,RUNEX,DSL,NOx,0.03283986776727509
2017,July,Alameda (SF),MH,Dsl,RUNEX,DSL,SOx,6.245413526922821e-05
2017,July,Alameda (SF),MH,Dsl,RUNEX,DSL,PM,0.0008990869307581298
2017,July,Alameda (SF),MH,Dsl,RUNEX,DSL,TOG,0.0009317138811134885
2017,July,Alameda (SF),MH,Dsl,RUNEX,DSL,PM10,0.0008936924091735815
2017,July,Alameda (SF),MH,Dsl,RUNEX,DSL,PM2_5,0.0008550316711509815
2017,July,Alameda (SF),MH,Dsl,PMTW,DSL,PM,9.945278871009678e-05
2017,July,Alameda (SF),MH,Dsl,PMTW,DSL,PM10,9.945278871009678e-05
2017,July,Alameda (SF),MH,Dsl,PMTW,DSL,PM2_5,2.4863197177524195e-05
2017,July,Alameda (SF),MH,Dsl,PMBW,DSL,PM,0.0008267013061526789
2017,July,Alameda (SF),MH,Dsl,PMBW,DSL,PM10,0.0008101672800296264
2017,July,Alameda (SF),MH,Dsl,PMBW,DSL,PM2_5,0.00034721454858412543
2017,July,Alameda (SF),UBUS,Gas,RUNEX,CAT,CO,0.0001582347784096868
2017,July,Alameda (SF),UBUS,Gas,RUNEX,CAT,NOx,0.00010936993905758872
2017,July,Alameda (SF),UBUS,Gas,RUNEX,CAT,SOx,1.057582135954577e-05
2017,July,Alameda (SF),UBUS,Gas,RUNEX,CAT,PM,6.456691113749608e-07
2017,July,Alameda (SF),UBUS,Gas,RUNEX,CAT,TOG,1.588185156796192e-05
2017,July,Alameda (SF),UBUS,Gas,RUNEX,CAT,PM10,5.772281855692151e-07
2017,July,Alameda (SF),UBUS,Gas,RUNEX,CAT,PM2_5,5.307400095502176e-07
2017,July,Alameda (SF),UBUS,Gas,STREX,CAT,CO,0.00020604393261667244
2017,July,Alameda (SF),UBUS,Gas,STREX,CAT,NOx,2.465264039604794e-05
2017,July,Alameda (SF),UBUS,Gas,STREX,CAT,SOx,2.5509597483768096e-08
2017,July,Alameda (SF),UBUS,Gas,STREX,CAT,PM,1.5815285926531176e-08
2017,July,Alameda (SF),UBUS,Gas,STREX,CAT,TOG,1.2379556923419695e-05
2017,July,Alameda (SF),UBUS,Gas,STREX,CAT,PM10,1.413886561831887e-08
2017,July,Alameda (SF),UBUS,Gas,STREX,CAT,PM2_5,1.300016503160863e-08
2017,July,Alameda (SF),UBUS,Gas,HOTSOAK,CAT,TOG,8.168515096386968e-07
2017,July,Alameda (SF),UBUS,Gas,RUNLOSS,CAT,TOG,3.92780206016877e-06
2017,July,Alameda (SF),UBUS,Gas,RESTLOSS,CAT,TOG,5.052183296106337e-08
2017,July,Alameda (SF),UBUS,Gas,DIURN,CAT,TOG,1.0103244022377861e-07
2017,July,Alameda (SF),UBUS,Gas,PMTW,CAT,PM,5.931114494206343e-06
2017,July,Alameda (SF),UBUS,Gas,PMTW,CAT,PM10,5.931114494206343e-06
2017,July,Alameda (SF),UBUS,Gas,PMTW,CAT,PM2_5,1.4827786235515858e-06
2017,July,Alameda (SF),UBUS,Gas,PMBW,CAT,PM,6.619177159452122e-05
2017,July,Alameda (SF),UBUS,Gas,PMBW,CAT,PM10,6.486793616263072e-05
2017,July,Alameda (SF),UBUS,Gas,PMBW,CAT,PM2_5,2.7800544069698905e-05
2017,July,Alameda (SF),UBUS,Dsl,RUNEX,DSL,CO,0.043519106037981016
2017,July,Alameda (SF),UBUS,Dsl,RUNEX,DSL,NOx,0.4061246659732351
2017,July,Alameda (SF),UBUS,Dsl,RUNEX,DSL,SOx,0.0013840192351560778
2017,July,Alameda (SF),UBUS,Dsl,RUNEX,DSL,PM,0.0007065305256655154
2017,July,Alameda (SF),UBUS,Dsl,RUNEX,DSL,TOG,0.010010133239882587
2017,July,Alameda (SF),UBUS,Dsl,RUNEX,DSL,PM10,0.0007022913425115221
2017,July,Alameda (SF),UBUS,Dsl,RUNEX,DSL,PM2_5,0.0006719105299079057
2017,July,Alameda (SF),UBUS,Dsl,PMTW,DSL,PM,0.002620188032629811
2017,July,Alameda (SF),UBUS,Dsl,PMTW,DSL,PM10,0.002620188032629811
2017,July,Alameda (SF),UBUS,Dsl,PMTW,DSL,PM2_5,0.0006550470081574528
2017,July,Alameda (SF),UBUS,Dsl,PMBW,DSL,PM,0.006268395346010983
2017,July,Alameda (SF),UBUS,Dsl,PMBW,DSL,PM10,0.006143027439090769
2017,July,Alameda (SF),UBUS,Dsl,PMBW,DSL,PM2_5,0.0026327260453246192
2017,July,Alameda (SF),UBUS,Elec,PMTW,CAT,PM,4.292068786168225e-05
2017,July,Alameda (SF),UBUS,Elec,PMTW,CAT,PM10,4.292068786168225e-05
2017,July,Alameda (SF),UBUS,Elec,PMTW,CAT,PM2_5,1.0730171965420562e-05
2017,July,Alameda (SF),UBUS,Elec,PMBW,CAT,PM,7.516563150247633e-05
2017,July,Alameda (SF),UBUS,Elec,PMBW,CAT,PM10,7.366231887242681e-05
2017,July,Alameda (SF),UBUS,Elec,PMBW,CAT,PM2_5,3.1569565231040055e-05
2017,July,Alameda (SF),UBUS,NG,RUNEX,DSL,CO,0.12743758234372454
2017,July,Alameda (SF),UBUS,NG,RUNEX,DSL,NOx,0.0012728637309934593
2017,July,Alameda (SF),UBUS,NG,RUNEX,DSL,PM,8.81089458545324e-06
2017,July,Alameda (SF),UBUS,NG,RUNEX,DSL,TOG,0.016787187941654548
2017,July,Alameda (SF),UBUS,NG,RUNEX,DSL,PM10,8.758029217940516e-06
2017,July,Alameda (SF),UBUS,NG,RUNEX,DSL,PM2_5,8.379160750766033e-06
2017,July,Alameda (SF),UBUS,NG,PMTW,DSL,PM,8.644353328068709e-05
2017,July,Alameda (SF),UBUS,NG,PMTW,DSL,PM10,8.644353328068709e-05
2017,July,Alameda (SF),UBUS,NG,PMTW,DSL,PM2_5,2.1610883320171773e-05
2017,July,Alameda (SF),UBUS,NG,PMBW,DSL,PM,0.00018878016229719063
2017,July,Alameda (SF),UBUS,NG,PMBW,DSL,PM10,0.00018500455905124663
2017,July,Alameda (SF),UBUS,NG,PMBW,DSL,PM2_5,7.928766816481994e-05
2017,July,Alameda (SF),SBUS,Dsl,RUNEX,DSL,CO,0.0020951919580877386
2017,July,Alameda (SF),SBUS,Dsl,RUNEX,DSL,NOx,0.05577090476928949
2017,July,Alameda (SF),SBUS,Dsl,RUNEX,DSL,PM,0.00033594780456045435
2017,July,Alameda (SF),SBUS,Dsl,RUNEX,DSL,PM10,0.0003339321177330914
2017,July,Alameda (SF),SBUS,Dsl,RUNEX,DSL,PM2_5,0.00031948636213699195
2017,July,Alameda (SF),SBUS,Dsl,IDLEX,DSL,CO,0.001801066238431835
2017,July,Alameda (SF),SBUS,Dsl,IDLEX,DSL,NOx,0.012206844805028831
2017,July,Alameda (SF),SBUS,Dsl,IDLEX,DSL,PM,1.2844330365797025e-05
2017,July,Alameda (SF),SBUS,Dsl,IDLEX,DSL,PM10,1.2767264383602237e-05
2017,July,Alameda (SF),SBUS,Dsl,IDLEX,DSL,PM2_5,1.2214958177872959e-05
2017,July,Alameda (SF),SBUS,Dsl,STREX,DSL,NOx,0.003277134777363275
2017,July,Alameda (SF),SBUS,Dsl,PMTW,DSL,PM,0.00011434751389083111
2017,July,Alameda (SF),SBUS,Dsl,PMTW,DSL,PM10,0.00011434751389083111
2017,July,Alameda (SF),SBUS,Dsl,PMTW,DSL,PM2_5,2.858687847270778e-05
2017,July,Alameda (SF),SBUS,Dsl,PMBW,DSL,PM,0.007242009213085969
2017,July,Alameda (SF),SBUS,Dsl,PMBW,DSL,PM10,0.007097169028824247
2017,July,Alameda (SF),SBUS,Dsl,PMBW,DSL,PM2_5,0.0030416438694961063
2017,July,Alameda (SF),SBUS,Dsl,RUNEX,DSL,SOx,0.00010140041521262597
2017,July,Alameda (SF),SBUS,Dsl,IDLEX,DSL,SOx,1.0328065673713345e-05
2017,July,Alameda (SF),SBUS,Dsl,RUNEX,DSL,TOG,0.0008506499346937983
2017,July,Alameda (SF),SBUS,Dsl,IDLEX,DSL,TOG,9.479770266275e-05
2017,     ,Alameda (SF),LDA,Dsl,RUNEX,DSL,NH3,0.000732329
2017,     ,Alameda (SF),LDA,Gas,RUNEX,CAT,NH3,0.692073091
2017,     ,Alameda (SF),LDT1,Dsl,RUNEX,DSL,NH3,2.48196e-05
2017,     ,Alameda (SF),LDT1,Gas,RUNEX,CAT,NH3,0.081680821
2017,     ,Alameda (SF),LDT2,Dsl,RUNEX,DSL,NH3,0.00011099
2017,     ,Alameda (SF),LDT2,Gas,RUNEX,CAT,NH3,0.239226996
2017,     ,Alameda (SF),LHD1,Dsl,RUNEX,DSL,NH3,0.035872981
2017,     ,Alameda (SF),LHD1,Gas,RUNEX,CAT,NH3,0.028580259
2017,     ,Alameda (SF),LHD2,Dsl,RUNEX,DSL,NH3,0.014530279
2017,     ,Alameda (SF),LHD2,Gas,RUNEX,CAT,NH3,0.00420111
2017,     ,Alameda (SF),MCY,Gas,RUNEX,CAT,NH3,0.003678202
2017,     ,Alameda (SF),MDV,Dsl,RUNEX,DSL,NH3,0.000245063
2017,     ,Alameda (SF),MDV,Gas,RUNEX,CAT,NH3,0.145727195
2017,     ,Alameda (SF),MH,Dsl,RUNEX,DSL,NH3,0.000167906
2017,     ,Alameda (SF),MH,Gas,RUNEX,CAT,NH3,0.000989447
2017,     ,Alameda (SF),OBUS,Gas,RUNEX,CAT,NH3,0.001753209
2017,     ,Alameda (SF),SBUS,Gas,RUNEX,CAT,NH3,8.2038e-05
2017,     ,Alameda (SF),T6TS,Gas,RUNEX,CAT,NH3,0.00397278
2017,     ,Alameda (SF),T7IS,Gas,RUNEX,CAT,NH3,5.40906e-05
2017,     ,Alameda (SF),UBUS,Dsl,RUNEX,DSL,NH3,0.009499688
2017,     ,Alameda (SF),UBUS,Gas,RUNEX,CAT,NH3,2.51608e-05
2017,     ,Alameda (SF),UBUS,NG,RUNEX,DSL,NH3,7.08265e-05
