calendar_year,season_month,sub_area,vehicle_class,fuel,process,cat_ncat,pollutant,emission
2017,July,Alpine (GBV),LDA,Gas,RUNEX,CAT,CO,0.14517267397907835
2017,July,Alpine (GBV),LDA,Gas,RUNEX,CAT,NOx,0.010752571846441695
2017,July,Alpine (GBV),LDA,Gas,RUNEX,CAT,SOx,0.0003503821755636216
2017,July,Alpine (GBV),LDA,Gas,RUNEX,CAT,PM,0.00021879030386804697
2017,July,Alpine (GBV),LDA,Gas,RUNEX,CAT,TOG,0.004366900581925061
2017,July,Alpine (GBV),LDA,Gas,RUNEX,CAT,PM10,0.00019563311873018366
2017,July,Alpine (GBV),LDA,Gas,RUNEX,CAT,PM2_5,0.0001798946711504929
2017,July,Alpine (GBV),LDA,Gas,RUNEX,NCAT,CO,0.003104081550098339
2017,July,Alpine (GBV),LDA,Gas,RUNEX,NCAT,NOx,0.000315456362891303
2017,July,Alpine (GBV),LDA,Gas,RUNEX,NCAT,SOx,3.221970718483888e-07
2017,July,Alpine (GBV),LDA,Gas,RUNEX,NCAT,PM,3.1795859557761486e-06
2017,July,Alpine (GBV),LDA,Gas,RUNEX,NCAT,TOG,0.0003163321178097497
2017,July,Alpine (GBV),LDA,Gas,RUNEX,NCAT,PM10,3.0209950313513453e-06
2017,July,Alpine (GBV),LDA,Gas,RUNEX,NCAT,PM2_5,2.8666389504884363e-06
2017,July,Alpine (GBV),LDA,Gas,STREX,CAT,CO,0.036673282514892706
2017,July,Alpine (GBV),LDA,Gas,STREX,CAT,NOx,0.003828290516601298
2017,July,Alpine (GBV),LDA,Gas,STREX,CAT,SOx,8.494988412513896e-06
2017,July,Alpine (GBV),LDA,Gas,STREX,CAT,PM,3.3860223021531626e-05
2017,July,Alpine (GBV),LDA,Gas,STREX,CAT,TOG,0.0063624202976077324
2017,July,Alpine (GBV),LDA,Gas,STREX,CAT,PM10,3.028106778089976e-05
2017,July,Alpine (GBV),LDA,Gas,STREX,CAT,PM2_5,2.7847322696337723e-05
2017,July,Alpine (GBV),LDA,Gas,STREX,NCAT,CO,0.00043842018532158156
2017,July,Alpine (GBV),LDA,Gas,STREX,NCAT,NOx,2.4581470374729642e-05
2017,July,Alpine (GBV),LDA,Gas,STREX,NCAT,SOx,3.756539420772719e-08
2017,July,Alpine (GBV),LDA,Gas,STREX,NCAT,PM,1.00830861380256e-06
2017,July,Alpine (GBV),LDA,Gas,STREX,NCAT,TOG,7.941129155731291e-05
2017,July,Alpine (GBV),LDA,Gas,STREX,NCAT,PM10,9.58956178213779e-07
2017,July,Alpine (GBV),LDA,Gas,STREX,NCAT,PM2_5,9.103996262182048e-07
2017,July,Alpine (GBV),LDA,Gas,HOTSOAK,CAT,TOG,0.0023664854265385725
2017,July,Alpine (GBV),LDA,Gas,HOTSOAK,NCAT,TOG,5.374751867400479e-05
2017,July,Alpine (GBV),LDA,Gas,RUNLOSS,CAT,TOG,0.004245668395631157
2017,July,Alpine (GBV),LDA,Gas,RUNLOSS,NCAT,TOG,0.0002822253793053824
2017,July,Alpine (GBV),LDA,Gas,RESTLOSS,CAT,TOG,0.0005996986776292442
2017,July,Alpine (GBV),LDA,Gas,RESTLOSS,NCAT,TOG,1.5755310637332725e-05
2017,July,Alpine (GBV),LDA,Gas,DIURN,CAT,TOG,0.00131748942964988
2017,July,Alpine (GBV),LDA,Gas,DIURN,NCAT,TOG,4.072210767531905e-05
2017,July,Alpine (GBV),LDA,Gas,PMTW,CAT,PM,0.00096486541338367
2017,July,Alpine (GBV),LDA,Gas,PMTW,CAT,PM10,0.00096486541338367
2017,July,Alpine (GBV),LDA,Gas,PMTW,CAT,PM2_5,0.0002412163533459175
2017,July,Alpine (GBV),LDA,Gas,PMTW,NCAT,PM,4.4507203460021567e-07
2017,July,Alpine (GBV),LDA,Gas,PMTW,NCAT,PM10,4.4507203460021567e-07
2017,July,Alpine (GBV),LDA,Gas,PMTW,NCAT,PM2_5,1.1126800865005392e-07
2017,July,Alpine (GBV),LDA,Gas,PMBW,CAT,PM,0.004522806625235952
2017,July,Alpine (GBV),LDA,Gas,PMBW,CAT,PM10,0.004432350492731231
2017,July,Alpine (GBV),LDA,Gas,PMBW,CAT,PM2_5,0.0018995787825990971
2017,July,Alpine (GBV),LDA,Gas,PMBW,NCAT,PM,2.086275162188509e-06
2017,July,Alpine (GBV),LDA,Gas,PMBW,NCAT,PM10,2.044549658944739e-06
2017,July,Alpine (GBV),LDA,Gas,PMBW,NCAT,PM2_5,8.762355681191743e-07
2017,July,Alpine (GBV),LDA,Dsl,RUNEX,DSL,CO,0.00019878635581585102
2017,July,Alpine (GBV),LDA,Dsl,RUNEX,DSL,NOx,0.000154894445495912
2017,July,Alpine (GBV),LDA,Dsl,RUNEX,DSL,SOx,1.3878814912284882e-06
2017,July,Alpine (GBV),LDA,Dsl,RUNEX,DSL,PM,6.2471581385299306e-06
2017,July,Alpine (GBV),LDA,Dsl,RUNEX,DSL,TOG,1.5598779159467416e-05
2017,July,Alpine (GBV),LDA,Dsl,RUNEX,DSL,PM10,6.209675189698749e-06
2017,July,Alpine (GBV),LDA,Dsl,RUNEX,DSL,PM2_5,5.941047389741958e-06
2017,July,Alpine (GBV),LDA,Dsl,PMTW,DSL,PM,5.380874611566451e-06
2017,July,Alpine (GBV),LDA,Dsl,PMTW,DSL,PM10,5.380874611566451e-06
2017,July,Alpine (GBV),LDA,Dsl,PMTW,DSL,PM2_5,1.3452186528916127e-06
2017,July,Alpine (GBV),LDA,Dsl,PMBW,DSL,PM,2.5222849741717755e-05
2017,July,Alpine (GBV),LDA,Dsl,PMBW,DSL,PM10,2.471839274688339e-05
2017,July,Alpine (GBV),LDA,Dsl,PMBW,DSL,PM2_5,1.0593596891521452e-05
2017,July,Alpine (GBV),LDA,Elec,HOTSOAK,CAT,TOG,1.4094280466187e-07
2017,July,Alpine (GBV),LDA,Elec,RESTLOSS,CAT,TOG,2.335684880678347e-08
2017,July,Alpine (GBV),LDA,Elec,DIURN,CAT,TOG,1.4766011805186443e-07
2017,July,Alpine (GBV),LDA,Elec,PMTW,CAT,PM,1.8635232615188848e-06
2017,July,Alpine (GBV),LDA,Elec,PMTW,CAT,PM10,1.8635232615188848e-06
2017,July,Alpine (GBV),LDA,Elec,PMTW,CAT,PM2_5,4.658808153797212e-07
2017,July,Alpine (GBV),LDA,Elec,PMBW,CAT,PM,8.735265288369768e-06
2017,July,Alpine (GBV),LDA,Elec,PMBW,CAT,PM10,8.560559982602375e-06
2017,July,Alpine (GBV),LDA,Elec,PMBW,CAT,PM2_5,3.6688114211153042e-06
2017,July,Alpine (GBV),LDT1,Gas,RUNEX,CAT,CO,0.03629384263698152
2017,July,Alpine (GBV),LDT1,Gas,RUNEX,CAT,NOx,0.003500201121231786
2017,July,Alpine (GBV),LDT1,Gas,RUNEX,CAT,SOx,4.180799569508104e-05
2017,July,Alpine (GBV),LDT1,Gas,RUNEX,CAT,PM,4.69305406018672e-05
2017,July,Alpine (GBV),LDT1,Gas,RUNEX,CAT,TOG,0.00129960746423963
2017,July,Alpine (GBV),LDT1,Gas,RUNEX,CAT,PM10,4.196008884842329e-05
2017,July,Alpine (GBV),LDT1,Gas,RUNEX,CAT,PM2_5,3.858283911031142e-05
2017,July,Alpine (GBV),LDT1,Gas,RUNEX,NCAT,CO,0.0011253792332498937
2017,July,Alpine (GBV),LDT1,Gas,RUNEX,NCAT,NOx,0.00010810114741781714
2017,July,Alpine (GBV),LDT1,Gas,RUNEX,NCAT,SOx,1.0748823980752836e-07
2017,July,Alpine (GBV),LDT1,Gas,RUNEX,NCAT,PM,1.06468578435541e-06
2017,July,Alpine (GBV),LDT1,Gas,RUNEX,NCAT,TOG,0.00011360402569482456
2017,July,Alpine (GBV),LDT1,Gas,RUNEX,NCAT,PM10,1.0189774884115462e-06
2017,July,Alpine (GBV),LDT1,Gas,RUNEX,NCAT,PM2_5,9.703821286773397e-07
2017,July,Alpine (GBV),LDT1,Gas,STREX,CAT,CO,0.004775841364478511
2017,July,Alpine (GBV),LDT1,Gas,STREX,CAT,NOx,0.0007556088384736266
2017,July,Alpine (GBV),LDT1,Gas,STREX,CAT,SOx,1.1427011106965706e-06
2017,July,Alpine (GBV),LDT1,Gas,STREX,CAT,PM,7.411882114249068e-06
2017,July,Alpine (GBV),LDT1,Gas,STREX,CAT,TOG,0.0014184297896935902
2017,July,Alpine (GBV),LDT1,Gas,STREX,CAT,PM10,6.627726004346424e-06
2017,July,Alpine (GBV),LDT1,Gas,STREX,CAT,PM2_5,6.094698776267005e-06
2017,July,Alpine (GBV),LDT1,Gas,STREX,NCAT,CO,0.00014270732077892697
2017,July,Alpine (GBV),LDT1,Gas,STREX,NCAT,NOx,7.853576497130018e-06
2017,July,Alpine (GBV),LDT1,Gas,STREX,NCAT,SOx,1.1927840117559194e-08
2017,July,Alpine (GBV),LDT1,Gas,STREX,NCAT,PM,3.0814212307312094e-07
2017,July,Alpine (GBV),LDT1,Gas,STREX,NCAT,TOG,2.4670415652864913e-05
2017,July,Alpine (GBV),LDT1,Gas,STREX,NCAT,PM10,2.946211860655218e-07
2017,July,Alpine (GBV),LDT1,Gas,STREX,NCAT,PM2_5,2.8043464850378317e-07
2017,July,Alpine (GBV),LDT1,Gas,HOTSOAK,CAT,TOG,0.000681243286865069
2017,July,Alpine (GBV),LDT1,Gas,HOTSOAK,NCAT,TOG,1.6499029503335334e-05
2017,July,Alpine (GBV),LDT1,Gas,RUNLOSS,CAT,TOG,0.0025709384973076643
2017,July,Alpine (GBV),LDT1,Gas,RUNLOSS,NCAT,TOG,4.076092399283439e-05
2017,July,Alpine (GBV),LDT1,Gas,RESTLOSS,CAT,TOG,0.00018800714205851487
2017,July,Alpine (GBV),LDT1,Gas,RESTLOSS,NCAT,TOG,4.732296277137277e-06
2017,July,Alpine (GBV),LDT1,Gas,DIURN,CAT,TOG,0.00046680342620987106
2017,July,Alpine (GBV),LDT1,Gas,DIURN,NCAT,TOG,1.2233382137505544e-05
2017,July,Alpine (GBV),LDT1,Gas,PMTW,CAT,PM,9.774248949045774e-05
2017,July,Alpine (GBV),LDT1,Gas,PMTW,CAT,PM10,9.774248949045774e-05
2017,July,Alpine (GBV),LDT1,Gas,PMTW,CAT,PM2_5,2.4435622372614436e-05
2017,July,Alpine (GBV),LDT1,Gas,PMTW,NCAT,PM,1.4888509521276475e-07
2017,July,Alpine (GBV),LDT1,Gas,PMTW,NCAT,PM10,1.4888509521276475e-07
2017,July,Alpine (GBV),LDT1,Gas,PMTW,NCAT,PM2_5,3.722127380319119e-08
2017,July,Alpine (GBV),LDT1,Gas,PMBW,CAT,PM,0.0004581679194865204
2017,July,Alpine (GBV),LDT1,Gas,PMBW,CAT,PM10,0.00044900456109679053
2017,July,Alpine (GBV),LDT1,Gas,PMBW,CAT,PM2_5,0.00019243052618433875
2017,July,Alpine (GBV),LDT1,Gas,PMBW,NCAT,PM,6.978988838098345e-07
2017,July,Alpine (GBV),LDT1,Gas,PMBW,NCAT,PM10,6.839409061336385e-07
2017,July,Alpine (GBV),LDT1,Gas,PMBW,NCAT,PM2_5,2.931175312001306e-07
2017,July,Alpine (GBV),LDT2,Gas,RUNEX,CAT,CO,0.08189003764827293
2017,July,Alpine (GBV),LDT2,Gas,RUNEX,CAT,NOx,0.009039315313504766
2017,July,Alpine (GBV),LDT2,Gas,RUNEX,CAT,SOx,0.0001828286359818174
2017,July,Alpine (GBV),LDT2,Gas,RUNEX,CAT,PM,9.359947966590779e-05
2017,July,Alpine (GBV),LDT2,Gas,RUNEX,CAT,TOG,0.0025489271591066635
2017,July,Alpine (GBV),LDT2,Gas,RUNEX,CAT,PM10,8.369161893907651e-05
2017,July,Alpine (GBV),LDT2,Gas,RUNEX,CAT,PM2_5,7.695817513890946e-05
2017,July,Alpine (GBV),LDT2,Gas,RUNEX,NCAT,CO,0.0013569647538443695
2017,July,Alpine (GBV),LDT2,Gas,RUNEX,NCAT,NOx,0.00012557876721466855
2017,July,Alpine (GBV),LDT2,Gas,RUNEX,NCAT,SOx,1.319799729637853e-07
2017,July,Alpine (GBV),LDT2,Gas,RUNEX,NCAT,PM,1.2972043524147933e-06
2017,July,Alpine (GBV),LDT2,Gas,RUNEX,NCAT,TOG,0.00012722789595837476
2017,July,Alpine (GBV),LDT2,Gas,RUNEX,NCAT,PM10,1.2329292649156167e-06
2017,July,Alpine (GBV),LDT2,Gas,RUNEX,NCAT,PM2_5,1.1701335376311573e-06
2017,July,Alpine (GBV),LDT2,Gas,STREX,CAT,CO,0.02013930034152528
2017,July,Alpine (GBV),LDT2,Gas,STREX,CAT,NOx,0.0028798804394680297
2017,July,Alpine (GBV),LDT2,Gas,STREX,CAT,SOx,4.7010017636022964e-06
2017,July,Alpine (GBV),LDT2,Gas,STREX,CAT,PM,1.4759286432456479e-05
2017,July,Alpine (GBV),LDT2,Gas,STREX,CAT,TOG,0.0036733925124135093
2017,July,Alpine (GBV),LDT2,Gas,STREX,CAT,PM10,1.3199650831415814e-05
2017,July,Alpine (GBV),LDT2,Gas,STREX,CAT,PM2_5,1.2139008556075824e-05
2017,July,Alpine (GBV),LDT2,Gas,STREX,NCAT,CO,0.00020319534558937134
2017,July,Alpine (GBV),LDT2,Gas,STREX,NCAT,NOx,8.716325323455406e-06
2017,July,Alpine (GBV),LDT2,Gas,STREX,NCAT,SOx,1.4457859884177603e-08
2017,July,Alpine (GBV),LDT2,Gas,STREX,NCAT,PM,3.778725403746346e-07
2017,July,Alpine (GBV),LDT2,Gas,STREX,NCAT,TOG,2.9196603692729842e-05
2017,July,Alpine (GBV),LDT2,Gas,STREX,NCAT,PM10,3.5828675050030306e-07
2017,July,Alpine (GBV),LDT2,Gas,STREX,NCAT,PM2_5,3.3963401092692093e-07
2017,July,Alpine (GBV),LDT2,Gas,HOTSOAK,CAT,TOG,0.0012518357101587222
2017,July,Alpine (GBV),LDT2,Gas,HOTSOAK,NCAT,TOG,1.9569158115142648e-05
2017,July,Alpine (GBV),LDT2,Gas,RUNLOSS,CAT,TOG,0.004477626873487751
2017,July,Alpine (GBV),LDT2,Gas,RUNLOSS,NCAT,TOG,4.743615255991701e-05
2017,July,Alpine (GBV),LDT2,Gas,RESTLOSS,CAT,TOG,0.00034696551805634546
2017,July,Alpine (GBV),LDT2,Gas,RESTLOSS,NCAT,TOG,5.937107696403847e-06
2017,July,Alpine (GBV),LDT2,Gas,DIURN,CAT,TOG,0.0007389928087589291
2017,July,Alpine (GBV),LDT2,Gas,DIURN,NCAT,TOG,1.499746544362331e-05
2017,July,Alpine (GBV),LDT2,Gas,PMTW,CAT,PM,0.0003840012903510989
2017,July,Alpine (GBV),LDT2,Gas,PMTW,CAT,PM10,0.0003840012903510989
2017,July,Alpine (GBV),LDT2,Gas,PMTW,CAT,PM2_5,9.600032258777472e-05
2017,July,Alpine (GBV),LDT2,Gas,PMTW,NCAT,PM,1.8140036840692686e-07
2017,July,Alpine (GBV),LDT2,Gas,PMTW,NCAT,PM10,1.8140036840692686e-07
2017,July,Alpine (GBV),LDT2,Gas,PMTW,NCAT,PM2_5,4.5350092101731716e-08
2017,July,Alpine (GBV),LDT2,Gas,PMBW,CAT,PM,0.0018000060485207766
2017,July,Alpine (GBV),LDT2,Gas,PMBW,CAT,PM10,0.0017640059275503596
2017,July,Alpine (GBV),LDT2,Gas,PMBW,CAT,PM2_5,0.0007560025403787259
2017,July,Alpine (GBV),LDT2,Gas,PMBW,NCAT,PM,8.503142269074704e-07
2017,July,Alpine (GBV),LDT2,Gas,PMBW,NCAT,PM10,8.333079423693204e-07
2017,July,Alpine (GBV),LDT2,Gas,PMBW,NCAT,PM2_5,3.5713197530113735e-07
2017,July,Alpine (GBV),MDV,Gas,RUNEX,CAT,CO,0.06298310491393892
2017,July,Alpine (GBV),MDV,Gas,RUNEX,CAT,NOx,0.007462990719127884
2017,July,Alpine (GBV),MDV,Gas,RUNEX,CAT,SOx,0.00016820567303910545
2017,July,Alpine (GBV),MDV,Gas,RUNEX,CAT,PM,6.954381096970841e-05
2017,July,Alpine (GBV),MDV,Gas,RUNEX,CAT,TOG,0.0021704955701840906
2017,July,Alpine (GBV),MDV,Gas,RUNEX,CAT,PM10,6.219415436732605e-05
2017,July,Alpine (GBV),MDV,Gas,RUNEX,CAT,PM2_5,5.7196188725139783e-05
2017,July,Alpine (GBV),MDV,Gas,RUNEX,NCAT,CO,0.014952969953641487
2017,July,Alpine (GBV),MDV,Gas,RUNEX,NCAT,NOx,0.001094418170467522
2017,July,Alpine (GBV),MDV,Gas,RUNEX,NCAT,SOx,9.339426647121683e-07
2017,July,Alpine (GBV),MDV,Gas,RUNEX,NCAT,PM,6.8995529526388115e-06
2017,July,Alpine (GBV),MDV,Gas,RUNEX,NCAT,TOG,0.0008854557431717222
2017,July,Alpine (GBV),MDV,Gas,RUNEX,NCAT,PM10,6.60848302707914e-06
2017,July,Alpine (GBV),MDV,Gas,RUNEX,NCAT,PM2_5,6.295713949530354e-06
2017,July,Alpine (GBV),MDV,Gas,STREX,CAT,CO,0.01986326914175163
2017,July,Alpine (GBV),MDV,Gas,STREX,CAT,NOx,0.002666133342372545
2017,July,Alpine (GBV),MDV,Gas,STREX,CAT,SOx,4.510681868968452e-06
2017,July,Alpine (GBV),MDV,Gas,STREX,CAT,PM,1.2444414150659103e-05
2017,July,Alpine (GBV),MDV,Gas,STREX,CAT,TOG,0.003595862368781809
2017,July,Alpine (GBV),MDV,Gas,STREX,CAT,PM10,1.1132844976808008e-05
2017,July,Alpine (GBV),MDV,Gas,STREX,CAT,PM2_5,1.023999767036839e-05
2017,July,Alpine (GBV),MDV,Gas,STREX,NCAT,CO,0.0019300063173361063
2017,July,Alpine (GBV),MDV,Gas,STREX,NCAT,NOx,8.486743840526618e-05
2017,July,Alpine (GBV),MDV,Gas,STREX,NCAT,SOx,1.1115105100396222e-07
2017,July,Alpine (GBV),MDV,Gas,STREX,NCAT,PM,2.1079129855928165e-06
2017,July,Alpine (GBV),MDV,Gas,STREX,NCAT,TOG,0.00022538541553753828
2017,July,Alpine (GBV),MDV,Gas,STREX,NCAT,PM10,2.018165653035931e-06
2017,July,Alpine (GBV),MDV,Gas,STREX,NCAT,PM2_5,1.9222669692620065e-06
2017,July,Alpine (GBV),MDV,Gas,HOTSOAK,CAT,TOG,0.000997548935481836
2017,July,Alpine (GBV),MDV,Gas,HOTSOAK,NCAT,TOG,9.172744155057273e-05
2017,July,Alpine (GBV),MDV,Gas,RUNLOSS,CAT,TOG,0.003378798780032452
2017,July,Alpine (GBV),MDV,Gas,RUNLOSS,NCAT,TOG,0.00020362908892786348
2017,July,Alpine (GBV),MDV,Gas,RESTLOSS,CAT,TOG,0.0002799473817993345
2017,July,Alpine (GBV),MDV,Gas,RESTLOSS,NCAT,TOG,3.9825780669294894e-05
2017,July,Alpine (GBV),MDV,Gas,DIURN,CAT,TOG,0.0005602029805486817
2017,July,Alpine (GBV),MDV,Gas,DIURN,NCAT,TOG,9.073508452397055e-05
2017,July,Alpine (GBV),MDV,Gas,PMTW,CAT,PM,0.00029697183728045535
2017,July,Alpine (GBV),MDV,Gas,PMTW,CAT,PM10,0.00029697183728045535
2017,July,Alpine (GBV),MDV,Gas,PMTW,CAT,PM2_5,7.424295932011384e-05
2017,July,Alpine (GBV),MDV,Gas,PMTW,NCAT,PM,9.710935841215403e-07
2017,July,Alpine (GBV),MDV,Gas,PMTW,NCAT,PM10,9.710935841215403e-07
2017,July,Alpine (GBV),MDV,Gas,PMTW,NCAT,PM2_5,2.4277339603038506e-07
2017,July,Alpine (GBV),MDV,Gas,PMBW,CAT,PM,0.001392055487252135
2017,July,Alpine (GBV),MDV,Gas,PMBW,CAT,PM10,0.0013642143775070925
2017,July,Alpine (GBV),MDV,Gas,PMBW,CAT,PM2_5,0.0005846633046458971
2017,July,Alpine (GBV),MDV,Gas,PMBW,NCAT,PM,4.552001175569721e-06
2017,July,Alpine (GBV),MDV,Gas,PMBW,NCAT,PM10,4.460961152058326e-06
2017,July,Alpine (GBV),MDV,Gas,PMBW,NCAT,PM2_5,1.9118404937392818e-06
2017,July,Alpine (GBV),LHD1,Gas,RUNEX,CAT,CO,0.012171088488953085
2017,July,Alpine (GBV),LHD1,Gas,RUNEX,CAT,NOx,0.0027895460690541157
2017,July,Alpine (GBV),LHD1,Gas,RUNEX,CAT,SOx,5.465890812201852e-05
2017,July,Alpine (GBV),LHD1,Gas,RUNEX,CAT,PM,2.0856057494238786e-05
2017,July,Alpine (GBV),LHD1,Gas,RUNEX,CAT,TOG,0.0009421214646390814
2017,July,Alpine (GBV),LHD1,Gas,RUNEX,CAT,PM10,1.8645315399849516e-05
2017,July,Alpine (GBV),LHD1,Gas,RUNEX,CAT,PM2_5,1.7143679260264293e-05
2017,July,Alpine (GBV),LHD1,Gas,RUNEX,NCAT,CO,0.00478572556927233
2017,July,Alpine (GBV),LHD1,Gas,RUNEX,NCAT,NOx,0.00013820907719446244
2017,July,Alpine (GBV),LHD1,Gas,RUNEX,NCAT,SOx,5.365267696819057e-07
2017,July,Alpine (GBV),LHD1,Gas,RUNEX,NCAT,PM,2.439764007985356e-06
2017,July,Alpine (GBV),LHD1,Gas,RUNEX,NCAT,TOG,0.000290914027229634
2017,July,Alpine (GBV),LHD1,Gas,RUNEX,NCAT,PM10,2.3446132116739267e-06
2017,July,Alpine (GBV),LHD1,Gas,RUNEX,NCAT,PM2_5,2.2372635953225717e-06
2017,July,Alpine (GBV),LHD1,Gas,IDLEX,CAT,CO,0.0005548327799739463
2017,July,Alpine (GBV),LHD1,Gas,IDLEX,CAT,NOx,6.215854958984464e-06
2017,July,Alpine (GBV),LHD1,Gas,IDLEX,CAT,SOx,1.8503633495543978e-07
2017,July,Alpine (GBV),LHD1,Gas,IDLEX,CAT,TOG,0.00010350608846266887
2017,July,Alpine (GBV),LHD1,Gas,IDLEX,NCAT,CO,9.429056074327504e-06
2017,July,Alpine (GBV),LHD1,Gas,IDLEX,NCAT,NOx,1.0662580669520149e-07
2017,July,Alpine (GBV),LHD1,Gas,IDLEX,NCAT,SOx,3.4743382251127456e-09
2017,July,Alpine (GBV),LHD1,Gas,IDLEX,NCAT,TOG,1.6947944674035864e-06
2017,July,Alpine (GBV),LHD1,Gas,STREX,CAT,CO,0.005228783371064412
2017,July,Alpine (GBV),LHD1,Gas,STREX,CAT,NOx,0.001263590268992035
2017,July,Alpine (GBV),LHD1,Gas,STREX,CAT,SOx,4.398991573477563e-07
2017,July,Alpine (GBV),LHD1,Gas,STREX,CAT,PM,1.6635792080319764e-06
2017,July,Alpine (GBV),LHD1,Gas,STREX,CAT,TOG,0.00047511996617610736
2017,July,Alpine (GBV),LHD1,Gas,STREX,CAT,PM10,1.4872398119805874e-06
2017,July,Alpine (GBV),LHD1,Gas,STREX,CAT,PM2_5,1.3674621090022837e-06
2017,July,Alpine (GBV),LHD1,Gas,STREX,NCAT,CO,3.685719074168432e-06
2017,July,Alpine (GBV),LHD1,Gas,STREX,NCAT,NOx,1.5016818673436544e-05
2017,July,Alpine (GBV),LHD1,Gas,STREX,NCAT,SOx,2.7930936629472167e-08
2017,July,Alpine (GBV),LHD1,Gas,STREX,NCAT,PM,6.431727789317437e-07
2017,July,Alpine (GBV),LHD1,Gas,STREX,NCAT,TOG,8.677795308849998e-05
2017,July,Alpine (GBV),LHD1,Gas,STREX,NCAT,PM10,6.180890405534058e-07
2017,July,Alpine (GBV),LHD1,Gas,STREX,NCAT,PM2_5,5.897894382804087e-07
2017,July,Alpine (GBV),LHD1,Gas,HOTSOAK,CAT,TOG,0.0005029655890825721
2017,July,Alpine (GBV),LHD1,Gas,HOTSOAK,NCAT,TOG,5.414710678654916e-05
2017,July,Alpine (GBV),LHD1,Gas,RUNLOSS,CAT,TOG,0.004524124103439568
2017,July,Alpine (GBV),LHD1,Gas,RUNLOSS,NCAT,TOG,0.00018342090858597615
2017,July,Alpine (GBV),LHD1,Gas,RESTLOSS,CAT,TOG,5.044965687215829e-06
2017,July,Alpine (GBV),LHD1,Gas,RESTLOSS,NCAT,TOG,4.365732151449742e-07
2017,July,Alpine (GBV),LHD1,Gas,DIURN,CAT,TOG,1.762212347889122e-05
2017,July,Alpine (GBV),LHD1,Gas,DIURN,NCAT,TOG,1.4849108216643408e-06
2017,July,Alpine (GBV),LHD1,Gas,PMTW,CAT,PM,4.196621219451086e-05
2017,July,Alpine (GBV),LHD1,Gas,PMTW,CAT,PM10,4.196621219451086e-05
2017,July,Alpine (GBV),LHD1,Gas,PMTW,CAT,PM2_5,1.0491553048627715e-05
2017,July,Alpine (GBV),LHD1,Gas,PMTW,NCAT,PM,3.4616853548041746e-07
2017,July,Alpine (GBV),LHD1,Gas,PMTW,NCAT,PM10,3.4616853548041746e-07
2017,July,Alpine (GBV),LHD1,Gas,PMTW,NCAT,PM2_5,8.654213387010437e-08
2017,July,Alpine (GBV),LHD1,Gas,PMBW,CAT,PM,0.0004091705688964812
2017,July,Alpine (GBV),LHD1,Gas,PMBW,CAT,PM10,0.0004009871575185516
2017,July,Alpine (GBV),LHD1,Gas,PMBW,CAT,PM2_5,0.000171851638936522
2017,July,Alpine (GBV),LHD1,Gas,PMBW,NCAT,PM,3.375143220934069e-06
2017,July,Alpine (GBV),LHD1,Gas,PMBW,NCAT,PM10,3.307640356515387e-06
2017,July,Alpine (GBV),LHD1,Gas,PMBW,NCAT,PM2_5,1.4175601527923085e-06
2017,July,Alpine (GBV),LHD2,Gas,RUNEX,CAT,CO,0.0006934757374166108
2017,July,Alpine (GBV),LHD2,Gas,RUNEX,CAT,NOx,0.0001926561074666607
2017,July,Alpine (GBV),LHD2,Gas,RUNEX,CAT,SOx,3.1346679417234626e-06
2017,July,Alpine (GBV),LHD2,Gas,RUNEX,CAT,PM,1.3490524627564856e-06
2017,July,Alpine (GBV),LHD2,Gas,RUNEX,CAT,TOG,5.43609046101548e-05
2017,July,Alpine (GBV),LHD2,Gas,RUNEX,CAT,PM10,1.2060529017042993e-06
2017,July,Alpine (GBV),LHD2,Gas,RUNEX,CAT,PM2_5,1.1089211243858314e-06
2017,July,Alpine (GBV),LHD2,Gas,IDLEX,CAT,CO,2.896899139114637e-05
2017,July,Alpine (GBV),LHD2,Gas,IDLEX,CAT,NOx,3.243861289397773e-07
2017,July,Alpine (GBV),LHD2,Gas,IDLEX,CAT,SOx,1.1273830374259398e-08
2017,July,Alpine (GBV),LHD2,Gas,IDLEX,CAT,TOG,5.382113958113226e-06
2017,July,Alpine (GBV),LHD2,Gas,STREX,CAT,CO,0.0003154930541360622
2017,July,Alpine (GBV),LHD2,Gas,STREX,CAT,NOx,6.330807594864139e-05
2017,July,Alpine (GBV),LHD2,Gas,STREX,CAT,SOx,2.662348852036588e-08
2017,July,Alpine (GBV),LHD2,Gas,STREX,CAT,PM,1.0402912635296222e-07
2017,July,Alpine (GBV),LHD2,Gas,STREX,CAT,TOG,2.563515369162572e-05
2017,July,Alpine (GBV),LHD2,Gas,STREX,CAT,PM10,9.300203895954814e-08
2017,July,Alpine (GBV),LHD2,Gas,STREX,CAT,PM2_5,8.551194186213498e-08
2017,July,Alpine (GBV),LHD2,Gas,HOTSOAK,CAT,TOG,3.0003534283210133e-05
2017,July,Alpine (GBV),LHD2,Gas,RUNLOSS,CAT,TOG,0.0002980296048683476
2017,July,Alpine (GBV),LHD2,Gas,RESTLOSS,CAT,TOG,2.9467976697399206e-07
2017,July,Alpine (GBV),LHD2,Gas,DIURN,CAT,TOG,1.0514567719949355e-06
2017,July,Alpine (GBV),LHD2,Gas,PMTW,CAT,PM,2.1001838205538693e-06
2017,July,Alpine (GBV),LHD2,Gas,PMTW,CAT,PM10,2.1001838205538693e-06
2017,July,Alpine (GBV),LHD2,Gas,PMTW,CAT,PM2_5,5.250459551384673e-07
2017,July,Alpine (GBV),LHD2,Gas,PMBW,CAT,PM,2.388959095880027e-05
2017,July,Alpine (GBV),LHD2,Gas,PMBW,CAT,PM10,2.3411799139624246e-05
2017,July,Alpine (GBV),LHD2,Gas,PMBW,CAT,PM2_5,1.0033628202696112e-05
2017,July,Alpine (GBV),T6TS,Gas,RUNEX,CAT,CO,0.002061756210135549
2017,July,Alpine (GBV),T6TS,Gas,RUNEX,CAT,NOx,0.0004440390470755377
2017,July,Alpine (GBV),T6TS,Gas,RUNEX,CAT,SOx,4.16336966104406e-06
2017,July,Alpine (GBV),T6TS,Gas,RUNEX,CAT,PM,1.1122151846730868e-06
2017,July,Alpine (GBV),T6TS,Gas,RUNEX,CAT,TOG,0.00013031209637560272
2017,July,Alpine (GBV),T6TS,Gas,RUNEX,CAT,PM10,9.943203750977392e-07
2017,July,Alpine (GBV),T6TS,Gas,RUNEX,CAT,PM2_5,9.142408818012771e-07
2017,July,Alpine (GBV),T6TS,Gas,IDLEX,CAT,CO,7.162321532289374e-05
2017,July,Alpine (GBV),T6TS,Gas,IDLEX,CAT,NOx,6.345323308245103e-07
2017,July,Alpine (GBV),T6TS,Gas,IDLEX,CAT,SOx,4.32549910853451e-08
2017,July,Alpine (GBV),T6TS,Gas,IDLEX,CAT,TOG,9.219406102499584e-06
2017,July,Alpine (GBV),T6TS,Gas,STREX,CAT,CO,0.0010248475810119726
2017,July,Alpine (GBV),T6TS,Gas,STREX,CAT,NOx,7.084694467016153e-05
2017,July,Alpine (GBV),T6TS,Gas,STREX,CAT,SOx,6.485165251515309e-08
2017,July,Alpine (GBV),T6TS,Gas,STREX,CAT,PM,2.0999350952240152e-07
2017,July,Alpine (GBV),T6TS,Gas,STREX,CAT,TOG,4.4507689941816473e-05
2017,July,Alpine (GBV),T6TS,Gas,STREX,CAT,PM10,1.8773419751302682e-07
2017,July,Alpine (GBV),T6TS,Gas,STREX,CAT,PM2_5,1.7261466482741393e-07
2017,July,Alpine (GBV),T6TS,Gas,HOTSOAK,CAT,TOG,4.490208686892243e-05
2017,July,Alpine (GBV),T6TS,Gas,RUNLOSS,CAT,TOG,0.0003198996031990276
2017,July,Alpine (GBV),T6TS,Gas,RESTLOSS,CAT,TOG,4.608013863068831e-07
2017,July,Alpine (GBV),T6TS,Gas,DIURN,CAT,TOG,1.588983474072679e-06
2017,July,Alpine (GBV),T6TS,Gas,PMTW,CAT,PM,2.698813424698523e-06
2017,July,Alpine (GBV),T6TS,Gas,PMTW,CAT,PM10,2.698813424698523e-06
2017,July,Alpine (GBV),T6TS,Gas,PMTW,CAT,PM2_5,6.747033561746307e-07
2017,July,Alpine (GBV),T6TS,Gas,PMBW,CAT,PM,2.9911848790408634e-05
2017,July,Alpine (GBV),T6TS,Gas,PMBW,CAT,PM10,2.931361181460045e-05
2017,July,Alpine (GBV),T6TS,Gas,PMBW,CAT,PM2_5,1.2562976491971627e-05
2017,July,Alpine (GBV),T7IS,Gas,RUNEX,CAT,CO,7.003871939621108e-06
2017,July,Alpine (GBV),T7IS,Gas,RUNEX,CAT,NOx,8.285053576934076e-07
2017,July,Alpine (GBV),T7IS,Gas,RUNEX,CAT,SOx,7.404809979728151e-09
2017,July,Alpine (GBV),T7IS,Gas,RUNEX,CAT,PM,4.73814359325464e-10
2017,July,Alpine (GBV),T7IS,Gas,RUNEX,CAT,TOG,1.0174091036236275e-07
2017,July,Alpine (GBV),T7IS,Gas,RUNEX,CAT,PM10,4.235900372369649e-10
2017,July,Alpine (GBV),T7IS,Gas,RUNEX,CAT,PM2_5,3.894754033655313e-10
2017,July,Alpine (GBV),T7IS,Gas,STREX,CAT,CO,3.19328521469878e-07
2017,July,Alpine (GBV),T7IS,Gas,STREX,CAT,NOx,3.882844916505901e-09
2017,July,Alpine (GBV),T7IS,Gas,STREX,CAT,SOx,1.3540976690041766e-11
2017,July,Alpine (GBV),T7IS,Gas,STREX,CAT,PM,1.1247406750463713e-11
2017,July,Alpine (GBV),T7IS,Gas,STREX,CAT,TOG,1.0096242195682354e-09
2017,July,Alpine (GBV),T7IS,Gas,STREX,CAT,PM10,1.005518163491456e-11
2017,July,Alpine (GBV),T7IS,Gas,STREX,CAT,PM2_5,9.245368348881171e-12
2017,July,Alpine (GBV),T7IS,Gas,HOTSOAK,CAT,TOG,9.122705925245147e-11
2017,July,Alpine (GBV),T7IS,Gas,RUNLOSS,CAT,TOG,1.6338176919894993e-10
2017,July,Alpine (GBV),T7IS,Gas,RESTLOSS,CAT,TOG,1.699911644452388e-12
2017,July,Alpine (GBV),T7IS,Gas,DIURN,CAT,TOG,6.8004303025980965e-12
2017,July,Alpine (GBV),T7IS,Gas,PMTW,CAT,PM,7.799625195852199e-09
2017,July,Alpine (GBV),T7IS,Gas,PMTW,CAT,PM10,7.799625195852199e-09
2017,July,Alpine (GBV),T7IS,Gas,PMTW,CAT,PM2_5,1.9499062989630497e-09
2017,July,Alpine (GBV),T7IS,Gas,PMBW,CAT,PM,2.456881936693443e-08
2017,July,Alpine (GBV),T7IS,Gas,PMBW,CAT,PM10,2.4077442979595747e-08
2017,July,Alpine (GBV),T7IS,Gas,PMBW,CAT,PM2_5,1.0318904134112466e-08
2017,July,Alpine (GBV),LDT1,Dsl,RUNEX,DSL,CO,1.5232776023860236e-08
2017,July,Alpine (GBV),LDT1,Dsl,RUNEX,DSL,NOx,4.259639436845954e-09
2017,July,Alpine (GBV),LDT1,Dsl,RUNEX,DSL,SOx,5.509939314848199e-10
2017,July,Alpine (GBV),LDT1,Dsl,RUNEX,DSL,PM,4.521793684142147e-10
2017,July,Alpine (GBV),LDT1,Dsl,RUNEX,DSL,TOG,2.6102821114402256e-09
2017,July,Alpine (GBV),LDT1,Dsl,RUNEX,DSL,PM10,4.4946629220372947e-10
2017,July,Alpine (GBV),LDT1,Dsl,RUNEX,DSL,PM2_5,4.3002257936191814e-10
2017,July,Alpine (GBV),LDT1,Dsl,PMTW,DSL,PM,1.289190472785569e-09
2017,July,Alpine (GBV),LDT1,Dsl,PMTW,DSL,PM10,1.289190472785569e-09
2017,July,Alpine (GBV),LDT1,Dsl,PMTW,DSL,PM2_5,3.2229761819639224e-10
2017,July,Alpine (GBV),LDT1,Dsl,PMBW,DSL,PM,6.043080341182355e-09
2017,July,Alpine (GBV),LDT1,Dsl,PMBW,DSL,PM10,5.922218734358707e-09
2017,July,Alpine (GBV),LDT1,Dsl,PMBW,DSL,PM2_5,2.538093743296589e-09
2017,July,Alpine (GBV),LDT2,Dsl,RUNEX,DSL,CO,2.458345476747214e-05
2017,July,Alpine (GBV),LDT2,Dsl,RUNEX,DSL,NOx,5.8347037040927206e-06
2017,July,Alpine (GBV),LDT2,Dsl,RUNEX,DSL,SOx,5.887037157336692e-07
2017,July,Alpine (GBV),LDT2,Dsl,RUNEX,DSL,PM,6.84811040817548e-07
2017,July,Alpine (GBV),LDT2,Dsl,RUNEX,DSL,TOG,3.6160254769287994e-06
2017,July,Alpine (GBV),LDT2,Dsl,RUNEX,DSL,PM10,6.807021745726426e-07
2017,July,Alpine (GBV),LDT2,Dsl,RUNEX,DSL,PM2_5,6.512552998174881e-07
2017,July,Alpine (GBV),LDT2,Dsl,PMTW,DSL,PM,1.7204811448173962e-06
2017,July,Alpine (GBV),LDT2,Dsl,PMTW,DSL,PM10,1.7204811448173962e-06
2017,July,Alpine (GBV),LDT2,Dsl,PMTW,DSL,PM2_5,4.3012028620434905e-07
2017,July,Alpine (GBV),LDT2,Dsl,PMBW,DSL,PM,8.064755366331544e-06
2017,July,Alpine (GBV),LDT2,Dsl,PMBW,DSL,PM10,7.90346025900491e-06
2017,July,Alpine (GBV),LDT2,Dsl,PMBW,DSL,PM2_5,3.387197253859247e-06
2017,July,Alpine (GBV),MDV,Dsl,RUNEX,DSL,CO,0.0001486109500006105
2017,July,Alpine (GBV),MDV,Dsl,RUNEX,DSL,NOx,0.00011693817260508192
2017,July,Alpine (GBV),MDV,Dsl,RUNEX,DSL,SOx,1.8270970548911896e-06
2017,July,Alpine (GBV),MDV,Dsl,RUNEX,DSL,PM,4.6951818649910106e-06
2017,July,Alpine (GBV),MDV,Dsl,RUNEX,DSL,TOG,1.1601152333324069e-05
2017,July,Alpine (GBV),MDV,Dsl,RUNEX,DSL,PM10,4.667010773801063e-06
2017,July,Alpine (GBV),MDV,Dsl,RUNEX,DSL,PM2_5,4.4651179536064545e-06
2017,July,Alpine (GBV),MDV,Dsl,PMTW,DSL,PM,3.835677414927915e-06
2017,July,Alpine (GBV),MDV,Dsl,PMTW,DSL,PM10,3.835677414927915e-06
2017,July,Alpine (GBV),MDV,Dsl,PMTW,DSL,PM2_5,9.589193537319788e-07
2017,July,Alpine (GBV),MDV,Dsl,PMBW,DSL,PM,1.7979737882474603e-05
2017,July,Alpine (GBV),MDV,Dsl,PMBW,DSL,PM10,1.7620143124825126e-05
2017,July,Alpine (GBV),MDV,Dsl,PMBW,DSL,PM2_5,7.551489910639336e-06
2017,July,Alpine (GBV),LHD1,Dsl,RUNEX,DSL,CO,0.004563889710167544
2017,July,Alpine (GBV),LHD1,Dsl,RUNEX,DSL,NOx,0.01959200790473906
2017,July,Alpine (GBV),LHD1,Dsl,RUNEX,DSL,SOx,2.4884591987170155e-05
2017,July,Alpine (GBV),LHD1,Dsl,RUNEX,DSL,PM,0.00018078599457892243
2017,July,Alpine (GBV),LHD1,Dsl,RUNEX,DSL,TOG,0.0011285096175103172
2017,July,Alpine (GBV),LHD1,Dsl,RUNEX,DSL,PM10,0.00017970127861144904
2017,July,Alpine (GBV),LHD1,Dsl,RUNEX,DSL,PM2_5,0.00017192748084455514
2017,July,Alpine (GBV),LHD1,Dsl,IDLEX,DSL,CO,0.00010474775959686164
2017,July,Alpine (GBV),LHD1,Dsl,IDLEX,DSL,NOx,0.000294135244372971
2017,July,Alpine (GBV),LHD1,Dsl,IDLEX,DSL,SOx,1.5465182399817387e-07
2017,July,Alpine (GBV),LHD1,Dsl,IDLEX,DSL,PM,2.991809660132851e-06
2017,July,Alpine (GBV),LHD1,Dsl,IDLEX,DSL,TOG,1.4387178542169159e-05
2017,July,Alpine (GBV),LHD1,Dsl,IDLEX,DSL,PM10,2.973858802172052e-06
2017,July,Alpine (GBV),LHD1,Dsl,IDLEX,DSL,PM2_5,2.845210986786341e-06
2017,July,Alpine (GBV),LHD1,Dsl,PMTW,DSL,PM,5.343881379302719e-05
2017,July,Alpine (GBV),LHD1,Dsl,PMTW,DSL,PM10,5.343881379302719e-05
2017,July,Alpine (GBV),LHD1,Dsl,PMTW,DSL,PM2_5,1.3359703448256798e-05
2017,July,Alpine (GBV),LHD1,Dsl,PMBW,DSL,PM,0.00034735228965467713
2017,July,Alpine (GBV),LHD1,Dsl,PMBW,DSL,PM10,0.0003404052438615833
2017,July,Alpine (GBV),LHD1,Dsl,PMBW,DSL,PM2_5,0.0001458879616549644
2017,July,Alpine (GBV),LHD2,Dsl,RUNEX,DSL,CO,0.0013732435472101469
2017,July,Alpine (GBV),LHD2,Dsl,RUNEX,DSL,NOx,0.00452590748989169
2017,July,Alpine (GBV),LHD2,Dsl,RUNEX,DSL,SOx,1.1269694377193418e-05
2017,July,Alpine (GBV),LHD2,Dsl,RUNEX,DSL,PM,5.149833575597737e-05
2017,July,Alpine (GBV),LHD2,Dsl,RUNEX,DSL,TOG,0.0003430035464613674
2017,July,Alpine (GBV),LHD2,Dsl,RUNEX,DSL,PM10,5.118934574144147e-05
2017,July,Alpine (GBV),LHD2,Dsl,RUNEX,DSL,PM2_5,4.897491730393453e-05
2017,July,Alpine (GBV),LHD2,Dsl,IDLEX,DSL,CO,3.771945688844354e-05
2017,July,Alpine (GBV),LHD2,Dsl,IDLEX,DSL,NOx,0.00010608075440829162
2017,July,Alpine (GBV),LHD2,Dsl,IDLEX,DSL,SOx,8.953644430799861e-08
2017,July,Alpine (GBV),LHD2,Dsl,IDLEX,DSL,PM,1.096118654975392e-06
2017,July,Alpine (GBV),LHD2,Dsl,IDLEX,DSL,TOG,5.180793965009528e-06
2017,July,Alpine (GBV),LHD2,Dsl,IDLEX,DSL,PM10,1.08954194304554e-06
2017,July,Alpine (GBV),LHD2,Dsl,IDLEX,DSL,PM2_5,1.0424088408815985e-06
2017,July,Alpine (GBV),LHD2,Dsl,PMTW,DSL,PM,2.164312514576756e-05
2017,July,Alpine (GBV),LHD2,Dsl,PMTW,DSL,PM10,2.164312514576756e-05
2017,July,Alpine (GBV),LHD2,Dsl,PMTW,DSL,PM2_5,5.41078128644189e-06
2017,July,Alpine (GBV),LHD2,Dsl,PMBW,DSL,PM,0.00016412703235540402
2017,July,Alpine (GBV),LHD2,Dsl,PMBW,DSL,PM10,0.00016084449170829576
2017,July,Alpine (GBV),LHD2,Dsl,PMBW,DSL,PM2_5,6.893335358926969e-05
2017,July,Alpine (GBV),LDT1,Elec,HOTSOAK,CAT,TOG,1.4484290344746717e-09
2017,July,Alpine (GBV),LDT1,Elec,RESTLOSS,CAT,TOG,2.400316784297161e-10
2017,July,Alpine (GBV),LDT1,Elec,DIURN,CAT,TOG,1.517460949733313e-09
2017,July,Alpine (GBV),LDT1,Elec,PMTW,CAT,PM,1.9147515470906294e-08
2017,July,Alpine (GBV),LDT1,Elec,PMTW,CAT,PM10,1.9147515470906294e-08
2017,July,Alpine (GBV),LDT1,Elec,PMTW,CAT,PM2_5,4.7868788677265735e-09
2017,July,Alpine (GBV),LDT1,Elec,PMBW,CAT,PM,8.975397876987325e-08
2017,July,Alpine (GBV),LDT1,Elec,PMBW,CAT,PM10,8.795889919447578e-08
2017,July,Alpine (GBV),LDT1,Elec,PMBW,CAT,PM2_5,3.7696671083346766e-08
2017,July,Alpine (GBV),LDT2,Elec,HOTSOAK,CAT,TOG,2.6458673620622576e-08
2017,July,Alpine (GBV),LDT2,Elec,RESTLOSS,CAT,TOG,4.384695202195732e-09
2017,July,Alpine (GBV),LDT2,Elec,DIURN,CAT,TOG,2.771969012316549e-08
2017,July,Alpine (GBV),LDT2,Elec,PMTW,CAT,PM,3.3032891982383093e-07
2017,July,Alpine (GBV),LDT2,Elec,PMTW,CAT,PM10,3.3032891982383093e-07
2017,July,Alpine (GBV),LDT2,Elec,PMTW,CAT,PM2_5,8.258222995595773e-08
2017,July,Alpine (GBV),LDT2,Elec,PMBW,CAT,PM,1.548416811674207e-06
2017,July,Alpine (GBV),LDT2,Elec,PMBW,CAT,PM10,1.517448475440723e-06
2017,July,Alpine (GBV),LDT2,Elec,PMBW,CAT,PM2_5,6.503350609031672e-07
2017,July,Alpine (GBV),MDV,Elec,HOTSOAK,CAT,TOG,3.738490336099564e-09
2017,July,Alpine (GBV),MDV,Elec,RESTLOSS,CAT,TOG,6.195375049856773e-10
2017,July,Alpine (GBV),MDV,Elec,DIURN,CAT,TOG,3.916666236978598e-09
2017,July,Alpine (GBV),MDV,Elec,PMTW,CAT,PM,4.667397512825669e-08
2017,July,Alpine (GBV),MDV,Elec,PMTW,CAT,PM10,4.667397512825669e-08
2017,July,Alpine (GBV),MDV,Elec,PMTW,CAT,PM2_5,1.1668493782064173e-08
2017,July,Alpine (GBV),MDV,Elec,PMBW,CAT,PM,2.1878425841370322e-07
2017,July,Alpine (GBV),MDV,Elec,PMBW,CAT,PM10,2.1440857324542916e-07
2017,July,Alpine (GBV),MDV,Elec,PMBW,CAT,PM2_5,9.188938853375536e-08
2017,July,Alpine (GBV),SBUS,Gas,RUNEX,CAT,CO,0.00016308854642579934
2017,July,Alpine (GBV),SBUS,Gas,RUNEX,CAT,NOx,3.5102714192673666e-05
2017,July,Alpine (GBV),SBUS,Gas,RUNEX,CAT,SOx,3.556555672339526e-07
2017,July,Alpine (GBV),SBUS,Gas,RUNEX,CAT,PM,8.908965907098491e-08
2017,July,Alpine (GBV),SBUS,Gas,RUNEX,CAT,TOG,1.0344153198260147e-05
2017,July,Alpine (GBV),SBUS,Gas,RUNEX,CAT,PM10,7.964615520946049e-08
2017,July,Alpine (GBV),SBUS,Gas,RUNEX,CAT,PM2_5,7.323169975634964e-08
2017,July,Alpine (GBV),SBUS,Gas,IDLEX,CAT,CO,6.115736918766897e-05
2017,July,Alpine (GBV),SBUS,Gas,IDLEX,CAT,NOx,6.891158612517005e-07
2017,July,Alpine (GBV),SBUS,Gas,IDLEX,CAT,SOx,2.0001011853256593e-08
2017,July,Alpine (GBV),SBUS,Gas,IDLEX,CAT,TOG,1.150299672778307e-05
2017,July,Alpine (GBV),SBUS,Gas,STREX,CAT,CO,4.822813635689523e-05
2017,July,Alpine (GBV),SBUS,Gas,STREX,CAT,NOx,1.7121555800807592e-06
2017,July,Alpine (GBV),SBUS,Gas,STREX,CAT,SOx,1.8605869336511397e-09
2017,July,Alpine (GBV),SBUS,Gas,STREX,CAT,PM,2.140681213066708e-09
2017,July,Alpine (GBV),SBUS,Gas,STREX,CAT,TOG,1.669193463500933e-06
2017,July,Alpine (GBV),SBUS,Gas,STREX,CAT,PM10,1.9137690044816375e-09
2017,July,Alpine (GBV),SBUS,Gas,STREX,CAT,PM2_5,1.7596399571408338e-09
2017,July,Alpine (GBV),SBUS,Gas,HOTSOAK,CAT,TOG,3.5801967493434633e-07
2017,July,Alpine (GBV),SBUS,Gas,RUNLOSS,CAT,TOG,4.045723083666928e-06
2017,July,Alpine (GBV),SBUS,Gas,RESTLOSS,CAT,TOG,1.488716981325718e-08
2017,July,Alpine (GBV),SBUS,Gas,DIURN,CAT,TOG,5.960494734711718e-08
2017,July,Alpine (GBV),SBUS,Gas,PMTW,CAT,PM,3.170816664763425e-07
2017,July,Alpine (GBV),SBUS,Gas,PMTW,CAT,PM10,3.170816664763425e-07
2017,July,Alpine (GBV),SBUS,Gas,PMTW,CAT,PM2_5,7.927041661908563e-08
2017,July,Alpine (GBV),SBUS,Gas,PMBW,CAT,PM,3.0122757918900465e-05
2017,July,Alpine (GBV),SBUS,Gas,PMBW,CAT,PM10,2.9520302760522448e-05
2017,July,Alpine (GBV),SBUS,Gas,PMBW,CAT,PM2_5,1.26515583259382e-05
2017,July,Alpine (GBV),OBUS,Gas,RUNEX,CAT,CO,0.0006748770344800521
2017,July,Alpine (GBV),OBUS,Gas,RUNEX,CAT,NOx,0.00010415285678555071
2017,July,Alpine (GBV),OBUS,Gas,RUNEX,CAT,SOx,3.472628548769463e-07
2017,July,Alpine (GBV),OBUS,Gas,RUNEX,CAT,PM,1.7349632036320805e-07
2017,July,Alpine (GBV),OBUS,Gas,RUNEX,CAT,TOG,4.5192183112732046e-05
2017,July,Alpine (GBV),OBUS,Gas,RUNEX,CAT,PM10,1.5510571040470802e-07
2017,July,Alpine (GBV),OBUS,Gas,RUNEX,CAT,PM2_5,1.4261397533855703e-07
2017,July,Alpine (GBV),OBUS,Gas,RUNEX,NCAT,CO,0.0014180493638779213
2017,July,Alpine (GBV),OBUS,Gas,RUNEX,NCAT,NOx,4.619955551426923e-05
2017,July,Alpine (GBV),OBUS,Gas,RUNEX,NCAT,SOx,2.1342655548315347e-07
2017,July,Alpine (GBV),OBUS,Gas,RUNEX,NCAT,PM,4.216713335729963e-07
2017,July,Alpine (GBV),OBUS,Gas,RUNEX,NCAT,TOG,7.016890697541766e-05
2017,July,Alpine (GBV),OBUS,Gas,RUNEX,NCAT,PM10,4.052261515636494e-07
2017,July,Alpine (GBV),OBUS,Gas,RUNEX,NCAT,PM2_5,3.866726128864375e-07
2017,July,Alpine (GBV),OBUS,Gas,IDLEX,CAT,CO,6.127876259509736e-06
2017,July,Alpine (GBV),OBUS,Gas,IDLEX,CAT,NOx,6.927106851315996e-08
2017,July,Alpine (GBV),OBUS,Gas,IDLEX,CAT,SOx,4.549008167643453e-09
2017,July,Alpine (GBV),OBUS,Gas,IDLEX,CAT,TOG,1.1166995716238652e-06
2017,July,Alpine (GBV),OBUS,Gas,IDLEX,NCAT,CO,5.7099989941065e-06
2017,July,Alpine (GBV),OBUS,Gas,IDLEX,NCAT,NOx,6.456990436540785e-08
2017,July,Alpine (GBV),OBUS,Gas,IDLEX,NCAT,SOx,4.315425551643598e-09
2017,July,Alpine (GBV),OBUS,Gas,IDLEX,NCAT,TOG,1.0263248651622796e-06
2017,July,Alpine (GBV),OBUS,Gas,STREX,CAT,CO,0.00010417112524570274
2017,July,Alpine (GBV),OBUS,Gas,STREX,CAT,NOx,3.439785139432134e-06
2017,July,Alpine (GBV),OBUS,Gas,STREX,CAT,SOx,6.6485506822225e-09
2017,July,Alpine (GBV),OBUS,Gas,STREX,CAT,PM,5.154545346218857e-08
2017,July,Alpine (GBV),OBUS,Gas,STREX,CAT,TOG,2.467003896805481e-07
2017,July,Alpine (GBV),OBUS,Gas,STREX,CAT,PM10,4.608163539519659e-08
2017,July,Alpine (GBV),OBUS,Gas,STREX,CAT,PM2_5,4.2370362745919016e-08
2017,July,Alpine (GBV),OBUS,Gas,STREX,NCAT,CO,3.04662620776767e-06
2017,July,Alpine (GBV),OBUS,Gas,STREX,NCAT,NOx,1.157200375594423e-05
2017,July,Alpine (GBV),OBUS,Gas,STREX,NCAT,SOx,2.8194486843796802e-08
2017,July,Alpine (GBV),OBUS,Gas,STREX,NCAT,PM,3.371343001636148e-07
2017,July,Alpine (GBV),OBUS,Gas,STREX,NCAT,TOG,6.612892823334033e-05
2017,July,Alpine (GBV),OBUS,Gas,STREX,NCAT,PM10,3.2398606245723377e-07
2017,July,Alpine (GBV),OBUS,Gas,STREX,NCAT,PM2_5,3.091521532500349e-07
2017,July,Alpine (GBV),OBUS,Gas,HOTSOAK,CAT,TOG,5.307355532252877e-06
2017,July,Alpine (GBV),OBUS,Gas,HOTSOAK,NCAT,TOG,1.0099902176672902e-05
2017,July,Alpine (GBV),OBUS,Gas,RUNLOSS,CAT,TOG,4.2631642457870465e-05
2017,July,Alpine (GBV),OBUS,Gas,RUNLOSS,NCAT,TOG,7.19903334016574e-05
2017,July,Alpine (GBV),OBUS,Gas,RESTLOSS,CAT,TOG,2.4168546553422146e-07
2017,July,Alpine (GBV),OBUS,Gas,RESTLOSS,NCAT,TOG,2.309951234688688e-07
2017,July,Alpine (GBV),OBUS,Gas,DIURN,CAT,TOG,8.575660479026678e-07
2017,July,Alpine (GBV),OBUS,Gas,DIURN,NCAT,TOG,8.437240335061598e-07
2017,July,Alpine (GBV),OBUS,Gas,PMTW,CAT,PM,2.248653139693305e-07
2017,July,Alpine (GBV),OBUS,Gas,PMTW,CAT,PM10,2.248653139693305e-07
2017,July,Alpine (GBV),OBUS,Gas,PMTW,CAT,PM2_5,5.6216328492332624e-08
2017,July,Alpine (GBV),OBUS,Gas,PMTW,NCAT,PM,1.2145270882255425e-07
2017,July,Alpine (GBV),OBUS,Gas,PMTW,NCAT,PM10,1.2145270882255425e-07
2017,July,Alpine (GBV),OBUS,Gas,PMTW,NCAT,PM2_5,3.036317720563856e-08
2017,July,Alpine (GBV),OBUS,Gas,PMBW,CAT,PM,2.492257229826747e-06
2017,July,Alpine (GBV),OBUS,Gas,PMBW,CAT,PM10,2.4424120852302106e-06
2017,July,Alpine (GBV),OBUS,Gas,PMBW,CAT,PM2_5,1.0467480365272332e-06
2017,July,Alpine (GBV),OBUS,Gas,PMBW,NCAT,PM,1.346100856116643e-06
2017,July,Alpine (GBV),OBUS,Gas,PMBW,NCAT,PM10,1.31917883899431e-06
2017,July,Alpine (GBV),OBUS,Gas,PMBW,NCAT,PM2_5,5.653623595689899e-07
2017,July,Alpine (GBV),MCY,Gas,RUNEX,CAT,CO,0.006401969632591285
2017,July,Alpine (GBV),MCY,Gas,RUNEX,CAT,NOx,0.0005556209328531165
2017,July,Alpine (GBV),MCY,Gas,RUNEX,CAT,SOx,1.1387130870643558e-06
2017,July,Alpine (GBV),MCY,Gas,RUNEX,CAT,PM,8.820991080558556e-07
2017,July,Alpine (GBV),MCY,Gas,RUNEX,CAT,TOG,0.00123241842921101
2017,July,Alpine (GBV),MCY,Gas,RUNEX,CAT,PM10,8.134931922662702e-07
2017,July,Alpine (GBV),MCY,Gas,RUNEX,CAT,PM2_5,7.603866014205979e-07
2017,July,Alpine (GBV),MCY,Gas,RUNEX,NCAT,CO,0.01765967781914604
2017,July,Alpine (GBV),MCY,Gas,RUNEX,NCAT,NOx,0.0007517767846182624
2017,July,Alpine (GBV),MCY,Gas,RUNEX,NCAT,SOx,1.22835190487199e-06
2017,July,Alpine (GBV),MCY,Gas,RUNEX,NCAT,PM,1.4660262201938463e-06
2017,July,Alpine (GBV),MCY,Gas,RUNEX,NCAT,TOG,0.0020819616603128363
2017,July,Alpine (GBV),MCY,Gas,RUNEX,NCAT,PM10,1.38395460794195e-06
2017,July,Alpine (GBV),MCY,Gas,RUNEX,NCAT,PM2_5,1.3090449093190731e-06
2017,July,Alpine (GBV),MCY,Gas,STREX,CAT,CO,0.0006417539404078587
2017,July,Alpine (GBV),MCY,Gas,STREX,CAT,NOx,2.515403693762481e-05
2017,July,Alpine (GBV),MCY,Gas,STREX,CAT,SOx,5.8058706410036165e-08
2017,July,Alpine (GBV),MCY,Gas,STREX,CAT,PM,2.235504633873725e-07
2017,July,Alpine (GBV),MCY,Gas,STREX,CAT,TOG,0.00017748236837163627
2017,July,Alpine (GBV),MCY,Gas,STREX,CAT,PM10,2.0729188231932525e-07
2017,July,Alpine (GBV),MCY,Gas,STREX,CAT,PM2_5,1.9430456993197774e-07
2017,July,Alpine (GBV),MCY,Gas,STREX,NCAT,CO,0.0018694738483047246
2017,July,Alpine (GBV),MCY,Gas,STREX,NCAT,NOx,4.965171897243324e-05
2017,July,Alpine (GBV),MCY,Gas,STREX,NCAT,SOx,1.244601816386917e-07
2017,July,Alpine (GBV),MCY,Gas,STREX,NCAT,PM,9.629907528775738e-07
2017,July,Alpine (GBV),MCY,Gas,STREX,NCAT,TOG,0.00045730757057182444
2017,July,Alpine (GBV),MCY,Gas,STREX,NCAT,PM10,9.179963454643332e-07
2017,July,Alpine (GBV),MCY,Gas,STREX,NCAT,PM2_5,8.725164313611767e-07
2017,July,Alpine (GBV),MCY,Gas,HOTSOAK,CAT,TOG,3.2481159865682605e-05
2017,July,Alpine (GBV),MCY,Gas,HOTSOAK,NCAT,TOG,0.00019437158380684587
2017,July,Alpine (GBV),MCY,Gas,RUNLOSS,CAT,TOG,8.787534910502448e-05
2017,July,Alpine (GBV),MCY,Gas,RUNLOSS,NCAT,TOG,0.0006647501611787142
2017,July,Alpine (GBV),MCY,Gas,RESTLOSS,CAT,TOG,2.3825391020413415e-05
2017,July,Alpine (GBV),MCY,Gas,RESTLOSS,NCAT,TOG,9.623020745972918e-05
2017,July,Alpine (GBV),MCY,Gas,DIURN,CAT,TOG,7.751804852860935e-05
2017,July,Alpine (GBV),MCY,Gas,DIURN,NCAT,TOG,0.0002815271548811387
2017,July,Alpine (GBV),MCY,Gas,PMTW,CAT,PM,2.238109202282947e-06
2017,July,Alpine (GBV),MCY,Gas,PMTW,CAT,PM10,2.238109202282947e-06
2017,July,Alpine (GBV),MCY,Gas,PMTW,CAT,PM2_5,5.595273005707368e-07
2017,July,Alpine (GBV),MCY,Gas,PMTW,NCAT,PM,2.4150380002838403e-06
2017,July,Alpine (GBV),MCY,Gas,PMTW,NCAT,PM10,2.4150380002838403e-06
2017,July,Alpine (GBV),MCY,Gas,PMTW,NCAT,PM2_5,6.037595000709601e-07
2017,July,Alpine (GBV),MCY,Gas,PMBW,CAT,PM,6.714327606848843e-06
2017,July,Alpine (GBV),MCY,Gas,PMBW,CAT,PM10,6.580041054711863e-06
2017,July,Alpine (GBV),MCY,Gas,PMBW,CAT,PM2_5,2.8200175948765137e-06
2017,July,Alpine (GBV),MCY,Gas,PMBW,NCAT,PM,7.245114000851521e-06
2017,July,Alpine (GBV),MCY,Gas,PMBW,NCAT,PM10,7.1002117208345015e-06
2017,July,Alpine (GBV),MCY,Gas,PMBW,NCAT,PM2_5,3.042947880357639e-06
2017,July,Alpine (GBV),MH,Gas,RUNEX,CAT,CO,0.001187994811464236
2017,July,Alpine (GBV),MH,Gas,RUNEX,CAT,NOx,0.00018422978293458387
2017,July,Alpine (GBV),MH,Gas,RUNEX,CAT,SOx,2.7017188269926496e-06
2017,July,Alpine (GBV),MH,Gas,RUNEX,CAT,PM,5.339501330274746e-07
2017,July,Alpine (GBV),MH,Gas,RUNEX,CAT,TOG,5.7462491124053616e-05
2017,July,Alpine (GBV),MH,Gas,RUNEX,CAT,PM10,4.773514189265622e-07
2017,July,Alpine (GBV),MH,Gas,RUNEX,CAT,PM2_5,4.3890700934858435e-07
2017,July,Alpine (GBV),MH,Gas,RUNEX,NCAT,CO,0.0006741958448858984
2017,July,Alpine (GBV),MH,Gas,RUNEX,NCAT,NOx,1.5924025567959298e-05
2017,July,Alpine (GBV),MH,Gas,RUNEX,NCAT,SOx,1.0283451244292256e-07
2017,July,Alpine (GBV),MH,Gas,RUNEX,NCAT,PM,2.0378995970257046e-07
2017,July,Alpine (GBV),MH,Gas,RUNEX,NCAT,TOG,2.9241308473096266e-05
2017,July,Alpine (GBV),MH,Gas,RUNEX,NCAT,PM10,1.958421512741702e-07
2017,July,Alpine (GBV),MH,Gas,RUNEX,NCAT,PM2_5,1.8687539304725706e-07
2017,July,Alpine (GBV),MH,Gas,STREX,CAT,CO,8.296937421648703e-06
2017,July,Alpine (GBV),MH,Gas,STREX,CAT,NOx,4.789460272097205e-07
2017,July,Alpine (GBV),MH,Gas,STREX,CAT,SOx,5.157494542281682e-10
2017,July,Alpine (GBV),MH,Gas,STREX,CAT,PM,1.2800662906015974e-09
2017,July,Alpine (GBV),MH,Gas,STREX,CAT,TOG,3.7377912870452507e-07
2017,July,Alpine (GBV),MH,Gas,STREX,CAT,PM10,1.1443792637978291e-09
2017,July,Alpine (GBV),MH,Gas,STREX,CAT,PM2_5,1.052214490874513e-09
2017,July,Alpine (GBV),MH,Gas,STREX,NCAT,CO,1.245897544919349e-08
2017,July,Alpine (GBV),MH,Gas,STREX,NCAT,NOx,5.243539859057459e-08
2017,July,Alpine (GBV),MH,Gas,STREX,NCAT,SOx,1.2155609459209115e-10
2017,July,Alpine (GBV),MH,Gas,STREX,NCAT,PM,1.4568656920736065e-09
2017,July,Alpine (GBV),MH,Gas,STREX,NCAT,TOG,2.768056925927674e-07
2017,July,Alpine (GBV),MH,Gas,STREX,NCAT,PM10,1.4000479300827359e-09
2017,July,Alpine (GBV),MH,Gas,STREX,NCAT,PM2_5,1.335945839631497e-09
2017,July,Alpine (GBV),MH,Gas,HOTSOAK,CAT,TOG,2.452183139061142e-07
2017,July,Alpine (GBV),MH,Gas,HOTSOAK,NCAT,TOG,4.3361357898839333e-08
2017,July,Alpine (GBV),MH,Gas,RUNLOSS,CAT,TOG,7.338104137843879e-06
2017,July,Alpine (GBV),MH,Gas,RUNLOSS,NCAT,TOG,3.141993198190371e-07
2017,July,Alpine (GBV),MH,Gas,RESTLOSS,CAT,TOG,1.1209953858642193e-06
2017,July,Alpine (GBV),MH,Gas,RESTLOSS,NCAT,TOG,1.9945588431408115e-07
2017,July,Alpine (GBV),MH,Gas,DIURN,CAT,TOG,5.02147911942354e-06
2017,July,Alpine (GBV),MH,Gas,DIURN,NCAT,TOG,7.288019841742247e-07
2017,July,Alpine (GBV),MH,Gas,PMTW,CAT,PM,1.7361434854235572e-06
2017,July,Alpine (GBV),MH,Gas,PMTW,CAT,PM10,1.7361434854235572e-06
2017,July,Alpine (GBV),MH,Gas,PMTW,CAT,PM2_5,4.340358713558893e-07
2017,July,Alpine (GBV),MH,Gas,PMTW,NCAT,PM,5.869700087741841e-08
2017,July,Alpine (GBV),MH,Gas,PMTW,NCAT,PM10,5.869700087741841e-08
2017,July,Alpine (GBV),MH,Gas,PMTW,NCAT,PM2_5,1.4674250219354602e-08
2017,July,Alpine (GBV),MH,Gas,PMBW,CAT,PM,1.924225696344443e-05
2017,July,Alpine (GBV),MH,Gas,PMBW,CAT,PM10,1.8857411824175553e-05
2017,July,Alpine (GBV),MH,Gas,PMBW,CAT,PM2_5,8.081747924646665e-06
2017,July,Alpine (GBV),MH,Gas,PMBW,NCAT,PM,6.505584263913873e-07
2017,July,Alpine (GBV),MH,Gas,PMBW,NCAT,PM10,6.375472578635598e-07
2017,July,Alpine (GBV),MH,Gas,PMBW,NCAT,PM2_5,2.7323453908438266e-07
2017,July,Alpine (GBV),MH,Dsl,RUNEX,DSL,CO,2.4206643642307195e-05
2017,July,Alpine (GBV),MH,Dsl,RUNEX,DSL,NOx,0.00027617057323271136
2017,July,Alpine (GBV),MH,Dsl,RUNEX,DSL,SOx,6.9609061991963e-07
2017,July,Alpine (GBV),MH,Dsl,RUNEX,DSL,PM,6.4194631040352875e-06
2017,July,Alpine (GBV),MH,Dsl,RUNEX,DSL,TOG,7.883825701355504e-06
2017,July,Alpine (GBV),MH,Dsl,RUNEX,DSL,PM10,6.38094632541108e-06
2017,July,Alpine (GBV),MH,Dsl,RUNEX,DSL,PM2_5,6.104909411937559e-06
2017,July,Alpine (GBV),MH,Dsl,PMTW,DSL,PM,1.1184884315286828e-06
2017,July,Alpine (GBV),MH,Dsl,PMTW,DSL,PM10,1.1184884315286828e-06
2017,July,Alpine (GBV),MH,Dsl,PMTW,DSL,PM2_5,2.796221078821707e-07
2017,July,Alpine (GBV),MH,Dsl,PMBW,DSL,PM,9.297435087082174e-06
2017,July,Alpine (GBV),MH,Dsl,PMBW,DSL,PM10,9.111486385340532e-06
2017,July,Alpine (GBV),MH,Dsl,PMBW,DSL,PM2_5,3.904922736574515e-06
2017,July,Alpine (GBV),UBUS,Gas,RUNEX,CAT,CO,1.564766435906788e-05
2017,July,Alpine (GBV),UBUS,Gas,RUNEX,CAT,NOx,1.181484835846637e-05
2017,July,Alpine (GBV),UBUS,Gas,RUNEX,CAT,SOx,1.2789755565466852e-06
2017,July,Alpine (GBV),UBUS,Gas,RUNEX,CAT,PM,1.6143927444863233e-07
2017,July,Alpine (GBV),UBUS,Gas,RUNEX,CAT,TOG,1.9804334546053674e-06
2017,July,Alpine (GBV),UBUS,Gas,RUNEX,CAT,PM10,1.4432671135707746e-07
2017,July,Alpine (GBV),UBUS,Gas,RUNEX,CAT,PM2_5,1.3270308359677588e-07
2017,July,Alpine (GBV),UBUS,Gas,STREX,CAT,CO,1.1782755098970305e-05
2017,July,Alpine (GBV),UBUS,Gas,STREX,CAT,NOx,1.8892041833565127e-06
2017,July,Alpine (GBV),UBUS,Gas,STREX,CAT,SOx,1.3655955643662485e-09
2017,July,Alpine (GBV),UBUS,Gas,STREX,CAT,PM,1.3336774078129855e-09
2017,July,Alpine (GBV),UBUS,Gas,STREX,CAT,TOG,4.802309676403302e-07
2017,July,Alpine (GBV),UBUS,Gas,STREX,CAT,PM10,1.1923076025848082e-09
2017,July,Alpine (GBV),UBUS,Gas,STREX,CAT,PM2_5,1.0962828292222739e-09
2017,July,Alpine (GBV),UBUS,Gas,HOTSOAK,CAT,TOG,3.643431342812807e-08
2017,July,Alpine (GBV),UBUS,Gas,RUNLOSS,CAT,TOG,9.928650362525151e-08
2017,July,Alpine (GBV),UBUS,Gas,RESTLOSS,CAT,TOG,2.254355576972813e-09
2017,July,Alpine (GBV),UBUS,Gas,DIURN,CAT,TOG,7.531893364416978e-09
2017,July,Alpine (GBV),UBUS,Gas,PMTW,CAT,PM,8.721188968960526e-07
2017,July,Alpine (GBV),UBUS,Gas,PMTW,CAT,PM10,8.721188968960526e-07
2017,July,Alpine (GBV),UBUS,Gas,PMTW,CAT,PM2_5,2.1802972422401314e-07
2017,July,Alpine (GBV),UBUS,Gas,PMBW,CAT,PM,9.920352452192597e-06
2017,July,Alpine (GBV),UBUS,Gas,PMBW,CAT,PM10,9.72194540314875e-06
2017,July,Alpine (GBV),UBUS,Gas,PMBW,CAT,PM2_5,4.166548029920894e-06
2017,July,Alpine (GBV),UBUS,Dsl,RUNEX,DSL,CO,2.231245442612739e-08
2017,July,Alpine (GBV),UBUS,Dsl,RUNEX,DSL,NOx,1.114734226005865e-08
2017,July,Alpine (GBV),UBUS,Dsl,RUNEX,DSL,SOx,3.8212234268490274e-10
2017,July,Alpine (GBV),UBUS,Dsl,RUNEX,DSL,PM,5.25854210426745e-10
2017,July,Alpine (GBV),UBUS,Dsl,RUNEX,DSL,TOG,1.0272422162342118e-08
2017,July,Alpine (GBV),UBUS,Dsl,RUNEX,DSL,PM10,5.226990851641844e-10
2017,July,Alpine (GBV),UBUS,Dsl,RUNEX,DSL,PM2_5,5.000873541158344e-10
2017,July,Alpine (GBV),UBUS,Dsl,PMTW,DSL,PM,8.465121392540452e-10
2017,July,Alpine (GBV),UBUS,Dsl,PMTW,DSL,PM10,8.465121392540452e-10
2017,July,Alpine (GBV),UBUS,Dsl,PMTW,DSL,PM2_5,2.116280348135113e-10
2017,July,Alpine (GBV),UBUS,Dsl,PMBW,DSL,PM,6.41938372267651e-09
2017,July,Alpine (GBV),UBUS,Dsl,PMBW,DSL,PM10,6.29099604822298e-09
2017,July,Alpine (GBV),UBUS,Dsl,PMBW,DSL,PM2_5,2.6961411635241326e-09
2017,July,Alpine (GBV),UBUS,NG,RUNEX,DSL,CO,2.4036881160501076e-06
2017,July,Alpine (GBV),UBUS,NG,RUNEX,DSL,NOx,1.148391909678371e-06
2017,July,Alpine (GBV),UBUS,NG,RUNEX,DSL,PM,5.935821418453551e-08
2017,July,Alpine (GBV),UBUS,NG,RUNEX,DSL,TOG,7.868709136324295e-07
2017,July,Alpine (GBV),UBUS,NG,RUNEX,DSL,PM10,5.9002064899428296e-08
2017,July,Alpine (GBV),UBUS,NG,RUNEX,DSL,PM2_5,5.644966168949326e-08
2017,July,Alpine (GBV),UBUS,NG,PMTW,DSL,PM,6.021779536053807e-08
2017,July,Alpine (GBV),UBUS,NG,PMTW,DSL,PM10,6.021779536053807e-08
2017,July,Alpine (GBV),UBUS,NG,PMTW,DSL,PM2_5,1.5054448840134517e-08
2017,July,Alpine (GBV),UBUS,NG,PMBW,DSL,PM,4.566516148174136e-07
2017,July,Alpine (GBV),UBUS,NG,PMBW,DSL,PM10,4.4751858252106546e-07
2017,July,Alpine (GBV),UBUS,NG,PMBW,DSL,PM2_5,1.9179367822331372e-07
2017,July,Alpine (GBV),SBUS,Dsl,RUNEX,DSL,CO,8.768722514360248e-05
2017,July,Alpine (GBV),SBUS,Dsl,RUNEX,DSL,NOx,0.002319223250018658
2017,July,Alpine (GBV),SBUS,Dsl,RUNEX,DSL,PM,1.4188023047767884e-05
2017,July,Alpine (GBV),SBUS,Dsl,RUNEX,DSL,PM10,1.4102894909481278e-05
2017,July,Alpine (GBV),SBUS,Dsl,RUNEX,DSL,PM2_5,1.3492809918427266e-05
2017,July,Alpine (GBV),SBUS,Dsl,IDLEX,DSL,CO,3.792793810186763e-05
2017,July,Alpine (GBV),SBUS,Dsl,IDLEX,DSL,NOx,0.0005503273809198131
2017,July,Alpine (GBV),SBUS,Dsl,IDLEX,DSL,PM,4.506043462340691e-07
2017,July,Alpine (GBV),SBUS,Dsl,IDLEX,DSL,PM10,4.4790072015666504e-07
2017,July,Alpine (GBV),SBUS,Dsl,IDLEX,DSL,PM2_5,4.285247332685996e-07
2017,July,Alpine (GBV),SBUS,Dsl,STREX,DSL,NOx,5.2548471841777034e-05
2017,July,Alpine (GBV),SBUS,Dsl,PMTW,DSL,PM,3.879900418540188e-06
2017,July,Alpine (GBV),SBUS,Dsl,PMTW,DSL,PM10,3.879900418540188e-06
2017,July,Alpine (GBV),SBUS,Dsl,PMTW,DSL,PM2_5,9.69975104635047e-07
2017,July,Alpine (GBV),SBUS,Dsl,PMBW,DSL,PM,0.0002457270265075454
2017,July,Alpine (GBV),SBUS,Dsl,PMBW,DSL,PM10,0.00024081248597739453
2017,July,Alpine (GBV),SBUS,Dsl,PMBW,DSL,PM2_5,0.000103205351133169
2017,July,Alpine (GBV),SBUS,Dsl,RUNEX,DSL,SOx,3.5885299725921086e-06
2017,July,Alpine (GBV),SBUS,Dsl,IDLEX,DSL,SOx,3.88503079158372e-07
2017,July,Alpine (GBV),SBUS,Dsl,RUNEX,DSL,TOG,3.65775552577641e-05
2017,July,Alpine (GBV),SBUS,Dsl,IDLEX,DSL,TOG,2.7765122369322215e-06
2017,     ,Alpine (GBV),LDA,Dsl,RUNEX,DSL,NH3,2.08322e-06
2017,     ,Alpine (GBV),LDA,Gas,RUNEX,CAT,NH3,0.003611629
2017,     ,Alpine (GBV),LDT1,Dsl,RUNEX,DSL,NH3,4.99113e-10
2017,     ,Alpine (GBV),LDT1,Gas,RUNEX,CAT,NH3,0.000486565
2017,     ,Alpine (GBV),LDT2,Dsl,RUNEX,DSL,NH3,6.66088e-07
2017,     ,Alpine (GBV),LDT2,Gas,RUNEX,CAT,NH3,0.001488882
2017,     ,Alpine (GBV),LHD1,Dsl,RUNEX,DSL,NH3,0.000361249
2017,     ,Alpine (GBV),LHD1,Gas,RUNEX,CAT,NH3,0.000235382
2017,     ,Alpine (GBV),LHD2,Dsl,RUNEX,DSL,NH3,0.000231736
2017,     ,Alpine (GBV),LHD2,Gas,RUNEX,CAT,NH3,1.18029e-05
2017,     ,Alpine (GBV),MCY,Gas,RUNEX,CAT,NH3,1.85086e-05
2017,     ,Alpine (GBV),MDV,Dsl,RUNEX,DSL,NH3,1.48499e-06
2017,     ,Alpine (GBV),MDV,Gas,RUNEX,CAT,NH3,0.001175734
2017,     ,Alpine (GBV),MH,Dsl,RUNEX,DSL,NH3,1.88834e-06
2017,     ,Alpine (GBV),MH,Gas,RUNEX,CAT,NH3,6.1431e-06
2017,     ,Alpine (GBV),OBUS,Gas,RUNEX,CAT,NH3,5.99771e-07
2017,     ,Alpine (GBV),SBUS,Gas,RUNEX,CAT,NH3,1.78444e-06
2017,     ,Alpine (GBV),T6TS,Gas,RUNEX,CAT,NH3,9.83944e-06
2017,     ,Alpine (GBV),T7IS,Gas,RUNEX,CAT,NH3,1.75334e-08
2017,     ,Alpine (GBV),UBUS,Dsl,RUNEX,DSL,NH3,1.55054e-08
2017,     ,Alpine (GBV),UBUS,Gas,RUNEX,CAT,NH3,4.90126e-06
2017,     ,Alpine (GBV),UBUS,NG,RUNEX,DSL,NH3,1.35368e-07
