calendar_year,season_month,sub_area,vehicle_class,fuel,process,cat_ncat,pollutant,emission
2017,July,Amador (MC),LDA,Gas,RUNEX,CAT,CO,0.8437020623906497
2017,July,Amador (MC),LDA,Gas,RUNEX,CAT,NOx,0.05949588049852127
2017,July,Amador (MC),LDA,Gas,RUNEX,CAT,SOx,0.0013990599845179266
2017,July,Amador (MC),LDA,Gas,RUNEX,CAT,PM,0.0008546653167230203
2017,July,Amador (MC),LDA,Gas,RUNEX,CAT,TOG,0.025113582815135607
2017,July,Amador (MC),LDA,Gas,RUNEX,CAT,PM10,0.0007644188374441843
2017,July,Amador (MC),LDA,Gas,RUNEX,CAT,PM2_5,0.0007030283859867895
2017,July,Amador (MC),LDA,Gas,RUNEX,NCAT,CO,0.034900187655415395
2017,July,Amador (MC),LDA,Gas,RUNEX,NCAT,NOx,0.003207679450776266
2017,July,Amador (MC),LDA,Gas,RUNEX,NCAT,SOx,3.37638947024176e-06
2017,July,Amador (MC),LDA,Gas,RUNEX,NCAT,PM,3.0051339736233914e-05
2017,July,Amador (MC),LDA,Gas,RUNEX,NCAT,TOG,0.002944143216694627
2017,July,Amador (MC),LDA,Gas,RUNEX,NCAT,PM10,2.8531293192718034e-05
2017,July,Amador (MC),LDA,Gas,RUNEX,NCAT,PM2_5,2.70635828976599e-05
2017,July,Amador (MC),LDA,Gas,STREX,CAT,CO,0.12645089562064318
2017,July,Amador (MC),LDA,Gas,STREX,CAT,NOx,0.016540691739166846
2017,July,Amador (MC),LDA,Gas,STREX,CAT,SOx,3.289798210884138e-05
2017,July,Amador (MC),LDA,Gas,STREX,CAT,PM,0.00016350213490726921
2017,July,Amador (MC),LDA,Gas,STREX,CAT,TOG,0.02679888958530499
2017,July,Amador (MC),LDA,Gas,STREX,CAT,PM10,0.00014627145879662356
2017,July,Amador (MC),LDA,Gas,STREX,CAT,PM2_5,0.00013454132605802694
2017,July,Amador (MC),LDA,Gas,STREX,NCAT,CO,0.003624133816638107
2017,July,Amador (MC),LDA,Gas,STREX,NCAT,NOx,0.00018494938922902535
2017,July,Amador (MC),LDA,Gas,STREX,NCAT,SOx,3.0361636250250764e-07
2017,July,Amador (MC),LDA,Gas,STREX,NCAT,PM,8.331628438780632e-06
2017,July,Amador (MC),LDA,Gas,STREX,NCAT,TOG,0.0005436512052600072
2017,July,Amador (MC),LDA,Gas,STREX,NCAT,PM10,7.906144740143287e-06
2017,July,Amador (MC),LDA,Gas,STREX,NCAT,PM2_5,7.4975321141101075e-06
2017,July,Amador (MC),LDA,Gas,HOTSOAK,CAT,TOG,0.016898568064523473
2017,July,Amador (MC),LDA,Gas,HOTSOAK,NCAT,TOG,0.0005942284151804686
2017,July,Amador (MC),LDA,Gas,RUNLOSS,CAT,TOG,0.024231853368149092
2017,July,Amador (MC),LDA,Gas,RUNLOSS,NCAT,TOG,0.002346524282520398
2017,July,Amador (MC),LDA,Gas,RESTLOSS,CAT,TOG,0.010741893367842726
2017,July,Amador (MC),LDA,Gas,RESTLOSS,NCAT,TOG,0.0004861393276413428
2017,July,Amador (MC),LDA,Gas,DIURN,CAT,TOG,0.017901683005301882
2017,July,Amador (MC),LDA,Gas,DIURN,NCAT,TOG,0.0008121969494650771
2017,July,Amador (MC),LDA,Gas,PMTW,CAT,PM,0.003606187056621622
2017,July,Amador (MC),LDA,Gas,PMTW,CAT,PM10,0.003606187056621622
2017,July,Amador (MC),LDA,Gas,PMTW,CAT,PM2_5,0.0009015467641554055
2017,July,Amador (MC),LDA,Gas,PMTW,NCAT,PM,4.6278198900686325e-06
2017,July,Amador (MC),LDA,Gas,PMTW,NCAT,PM10,4.6278198900686325e-06
2017,July,Amador (MC),LDA,Gas,PMTW,NCAT,PM2_5,1.1569549725171581e-06
2017,July,Amador (MC),LDA,Gas,PMBW,CAT,PM,0.016904001827913857
2017,July,Amador (MC),LDA,Gas,PMBW,CAT,PM10,0.016565921791355565
2017,July,Amador (MC),LDA,Gas,PMBW,CAT,PM2_5,0.0070996807677238165
2017,July,Amador (MC),LDA,Gas,PMBW,NCAT,PM,2.1692905734696684e-05
2017,July,Amador (MC),LDA,Gas,PMBW,NCAT,PM10,2.1259047620002757e-05
2017,July,Amador (MC),LDA,Gas,PMBW,NCAT,PM2_5,9.111020408572611e-06
2017,July,Amador (MC),LDA,Dsl,RUNEX,DSL,CO,0.0021356169341047062
2017,July,Amador (MC),LDA,Dsl,RUNEX,DSL,NOx,0.002343244374010752
2017,July,Amador (MC),LDA,Dsl,RUNEX,DSL,SOx,1.2631210279991487e-05
2017,July,Amador (MC),LDA,Dsl,RUNEX,DSL,PM,0.00013788540742518574
2017,July,Amador (MC),LDA,Dsl,RUNEX,DSL,TOG,0.00024105652296627393
2017,July,Amador (MC),LDA,Dsl,RUNEX,DSL,PM10,0.00013705809498063427
2017,July,Amador (MC),LDA,Dsl,RUNEX,DSL,PM2_5,0.00013112902246135158
2017,July,Amador (MC),LDA,Dsl,PMTW,DSL,PM,5.0096747343653484e-05
2017,July,Amador (MC),LDA,Dsl,PMTW,DSL,PM10,5.0096747343653484e-05
2017,July,Amador (MC),LDA,Dsl,PMTW,DSL,PM2_5,1.2524186835913371e-05
2017,July,Amador (MC),LDA,Dsl,PMBW,DSL,PM,0.0002348285031733758
2017,July,Amador (MC),LDA,Dsl,PMBW,DSL,PM10,0.00023013193310990823
2017,July,Amador (MC),LDA,Dsl,PMBW,DSL,PM2_5,9.862797133281782e-05
2017,July,Amador (MC),LDA,Elec,HOTSOAK,CAT,TOG,7.870669273708115e-07
2017,July,Amador (MC),LDA,Elec,RESTLOSS,CAT,TOG,7.1028387099351e-07
2017,July,Amador (MC),LDA,Elec,DIURN,CAT,TOG,1.8117279502434296e-06
2017,July,Amador (MC),LDA,Elec,PMTW,CAT,PM,9.911591721339303e-06
2017,July,Amador (MC),LDA,Elec,PMTW,CAT,PM10,9.911591721339303e-06
2017,July,Amador (MC),LDA,Elec,PMTW,CAT,PM2_5,2.4778979303348257e-06
2017,July,Amador (MC),LDA,Elec,PMBW,CAT,PM,4.646058619377798e-05
2017,July,Amador (MC),LDA,Elec,PMBW,CAT,PM10,4.553137446990241e-05
2017,July,Amador (MC),LDA,Elec,PMBW,CAT,PM2_5,1.9513446201386753e-05
2017,July,Amador (MC),LDT1,Gas,RUNEX,CAT,CO,0.4381146535388066
2017,July,Amador (MC),LDT1,Gas,RUNEX,CAT,NOx,0.038755750281834124
2017,July,Amador (MC),LDT1,Gas,RUNEX,CAT,SOx,0.0003189520115015191
2017,July,Amador (MC),LDT1,Gas,RUNEX,CAT,PM,0.0004177746853685657
2017,July,Amador (MC),LDT1,Gas,RUNEX,CAT,TOG,0.01455774054615649
2017,July,Amador (MC),LDT1,Gas,RUNEX,CAT,PM10,0.00037385792304872053
2017,July,Amador (MC),LDT1,Gas,RUNEX,CAT,PM2_5,0.0003439316669143958
2017,July,Amador (MC),LDT1,Gas,RUNEX,NCAT,CO,0.036150146640233
2017,July,Amador (MC),LDT1,Gas,RUNEX,NCAT,NOx,0.0033240625819971133
2017,July,Amador (MC),LDT1,Gas,RUNEX,NCAT,SOx,3.4584461680375587e-06
2017,July,Amador (MC),LDT1,Gas,RUNEX,NCAT,PM,3.172499480164261e-05
2017,July,Amador (MC),LDT1,Gas,RUNEX,NCAT,TOG,0.003162316402479676
2017,July,Amador (MC),LDT1,Gas,RUNEX,NCAT,PM10,3.0120365675155805e-05
2017,July,Amador (MC),LDT1,Gas,RUNEX,NCAT,PM2_5,2.857094469167104e-05
2017,July,Amador (MC),LDT1,Gas,STREX,CAT,CO,0.03485833671028261
2017,July,Amador (MC),LDT1,Gas,STREX,CAT,NOx,0.006432405432171166
2017,July,Amador (MC),LDT1,Gas,STREX,CAT,SOx,8.768726204088566e-06
2017,July,Amador (MC),LDT1,Gas,STREX,CAT,PM,7.31272912468213e-05
2017,July,Amador (MC),LDT1,Gas,STREX,CAT,TOG,0.011269033625058265
2017,July,Amador (MC),LDT1,Gas,STREX,CAT,PM10,6.5455793739931e-05
2017,July,Amador (MC),LDT1,Gas,STREX,CAT,PM2_5,6.022405966907967e-05
2017,July,Amador (MC),LDT1,Gas,STREX,NCAT,CO,0.003137757774505875
2017,July,Amador (MC),LDT1,Gas,STREX,NCAT,NOx,0.00014546770333938696
2017,July,Amador (MC),LDT1,Gas,STREX,NCAT,SOx,2.4317417683072717e-07
2017,July,Amador (MC),LDT1,Gas,STREX,NCAT,PM,6.591950318715336e-06
2017,July,Amador (MC),LDT1,Gas,STREX,NCAT,TOG,0.00043829848391065444
2017,July,Amador (MC),LDT1,Gas,STREX,NCAT,PM10,6.2548688910127884e-06
2017,July,Amador (MC),LDT1,Gas,STREX,NCAT,PM2_5,5.931392178069403e-06
2017,July,Amador (MC),LDT1,Gas,HOTSOAK,CAT,TOG,0.00943799687908088
2017,July,Amador (MC),LDT1,Gas,HOTSOAK,NCAT,TOG,0.0004494886129928795
2017,July,Amador (MC),LDT1,Gas,RUNLOSS,CAT,TOG,0.029375040567342543
2017,July,Amador (MC),LDT1,Gas,RUNLOSS,NCAT,TOG,0.0008414256820402995
2017,July,Amador (MC),LDT1,Gas,RESTLOSS,CAT,TOG,0.00627057534610718
2017,July,Amador (MC),LDT1,Gas,RESTLOSS,NCAT,TOG,0.0003883539618431373
2017,July,Amador (MC),LDT1,Gas,DIURN,CAT,TOG,0.011350007945525287
2017,July,Amador (MC),LDT1,Gas,DIURN,NCAT,TOG,0.0006275723167073584
2017,July,Amador (MC),LDT1,Gas,PMTW,CAT,PM,0.0006934514537886926
2017,July,Amador (MC),LDT1,Gas,PMTW,CAT,PM10,0.0006934514537886926
2017,July,Amador (MC),LDT1,Gas,PMTW,CAT,PM2_5,0.00017336286344717315
2017,July,Amador (MC),LDT1,Gas,PMTW,NCAT,PM,4.881985911872567e-06
2017,July,Amador (MC),LDT1,Gas,PMTW,NCAT,PM10,4.881985911872567e-06
2017,July,Amador (MC),LDT1,Gas,PMTW,NCAT,PM2_5,1.2204964779681418e-06
2017,July,Amador (MC),LDT1,Gas,PMBW,CAT,PM,0.0032505536896345042
2017,July,Amador (MC),LDT1,Gas,PMBW,CAT,PM10,0.0031855426158418085
2017,July,Amador (MC),LDT1,Gas,PMBW,CAT,PM2_5,0.0013652325496464881
2017,July,Amador (MC),LDT1,Gas,PMBW,NCAT,PM,2.2884308961902645e-05
2017,July,Amador (MC),LDT1,Gas,PMBW,NCAT,PM10,2.242662278266459e-05
2017,July,Amador (MC),LDT1,Gas,PMBW,NCAT,PM2_5,9.611409763999102e-06
2017,July,Amador (MC),LDT2,Gas,RUNEX,CAT,CO,0.6304284505098984
2017,July,Amador (MC),LDT2,Gas,RUNEX,CAT,NOx,0.0676172505561779
2017,July,Amador (MC),LDT2,Gas,RUNEX,CAT,SOx,0.0009250626489719947
2017,July,Amador (MC),LDT2,Gas,RUNEX,CAT,PM,0.0005204850053888439
2017,July,Amador (MC),LDT2,Gas,RUNEX,CAT,TOG,0.019704551456397514
2017,July,Amador (MC),LDT2,Gas,RUNEX,CAT,PM10,0.00046565234707500756
2017,July,Amador (MC),LDT2,Gas,RUNEX,CAT,PM2_5,0.00042831899479457415
2017,July,Amador (MC),LDT2,Gas,RUNEX,NCAT,CO,0.02862176764191512
2017,July,Amador (MC),LDT2,Gas,RUNEX,NCAT,NOx,0.0026026084389627856
2017,July,Amador (MC),LDT2,Gas,RUNEX,NCAT,SOx,2.740034083747358e-06
2017,July,Amador (MC),LDT2,Gas,RUNEX,NCAT,PM,2.4970879372915245e-05
2017,July,Amador (MC),LDT2,Gas,RUNEX,NCAT,TOG,0.002409495269456923
2017,July,Amador (MC),LDT2,Gas,RUNEX,NCAT,PM10,2.365826281998864e-05
2017,July,Amador (MC),LDT2,Gas,RUNEX,NCAT,PM2_5,2.241797602001735e-05
2017,July,Amador (MC),LDT2,Gas,STREX,CAT,CO,0.08809416768144514
2017,July,Amador (MC),LDT2,Gas,STREX,CAT,NOx,0.01638492681927683
2017,July,Amador (MC),LDT2,Gas,STREX,CAT,SOx,2.380629653448244e-05
2017,July,Amador (MC),LDT2,Gas,STREX,CAT,PM,9.432129843431123e-05
2017,July,Amador (MC),LDT2,Gas,STREX,CAT,TOG,0.019730757713694442
2017,July,Amador (MC),LDT2,Gas,STREX,CAT,PM10,8.439727296029979e-05
2017,July,Amador (MC),LDT2,Gas,STREX,CAT,PM2_5,7.76370782861742e-05
2017,July,Amador (MC),LDT2,Gas,STREX,NCAT,CO,0.002533097971835874
2017,July,Amador (MC),LDT2,Gas,STREX,NCAT,NOx,0.00011276640706283729
2017,July,Amador (MC),LDT2,Gas,STREX,NCAT,SOx,1.911472813866278e-07
2017,July,Amador (MC),LDT2,Gas,STREX,NCAT,PM,5.2097929245721824e-06
2017,July,Amador (MC),LDT2,Gas,STREX,NCAT,TOG,0.00034286868150659017
2017,July,Amador (MC),LDT2,Gas,STREX,NCAT,PM10,4.932578840488459e-06
2017,July,Amador (MC),LDT2,Gas,STREX,NCAT,PM2_5,4.67240913866233e-06
2017,July,Amador (MC),LDT2,Gas,HOTSOAK,CAT,TOG,0.011124188607118257
2017,July,Amador (MC),LDT2,Gas,HOTSOAK,NCAT,TOG,0.0003519770199912364
2017,July,Amador (MC),LDT2,Gas,RUNLOSS,CAT,TOG,0.03486353814178113
2017,July,Amador (MC),LDT2,Gas,RUNLOSS,NCAT,TOG,0.0006643058496761849
2017,July,Amador (MC),LDT2,Gas,RESTLOSS,CAT,TOG,0.0075092975068881684
2017,July,Amador (MC),LDT2,Gas,RESTLOSS,NCAT,TOG,0.0002960765593530647
2017,July,Amador (MC),LDT2,Gas,DIURN,CAT,TOG,0.012441869570973341
2017,July,Amador (MC),LDT2,Gas,DIURN,NCAT,TOG,0.00048422926638543766
2017,July,Amador (MC),LDT2,Gas,PMTW,CAT,PM,0.0018314104625052276
2017,July,Amador (MC),LDT2,Gas,PMTW,CAT,PM10,0.0018314104625052276
2017,July,Amador (MC),LDT2,Gas,PMTW,CAT,PM2_5,0.0004578526156263069
2017,July,Amador (MC),LDT2,Gas,PMTW,NCAT,PM,3.843153613744547e-06
2017,July,Amador (MC),LDT2,Gas,PMTW,NCAT,PM10,3.843153613744547e-06
2017,July,Amador (MC),LDT2,Gas,PMTW,NCAT,PM2_5,9.607884034361368e-07
2017,July,Amador (MC),LDT2,Gas,PMBW,CAT,PM,0.008584736542993247
2017,July,Amador (MC),LDT2,Gas,PMBW,CAT,PM10,0.008413041812133384
2017,July,Amador (MC),LDT2,Gas,PMBW,CAT,PM2_5,0.0036055893480571666
2017,July,Amador (MC),LDT2,Gas,PMBW,NCAT,PM,1.8014782564427543e-05
2017,July,Amador (MC),LDT2,Gas,PMBW,NCAT,PM10,1.7654486913139024e-05
2017,July,Amador (MC),LDT2,Gas,PMBW,NCAT,PM2_5,7.566208677059577e-06
2017,July,Amador (MC),MDV,Gas,RUNEX,CAT,CO,0.48253994561426305
2017,July,Amador (MC),MDV,Gas,RUNEX,CAT,NOx,0.05291932787540492
2017,July,Amador (MC),MDV,Gas,RUNEX,CAT,SOx,0.0009361444013661879
2017,July,Amador (MC),MDV,Gas,RUNEX,CAT,PM,0.00037901404937177745
2017,July,Amador (MC),MDV,Gas,RUNEX,CAT,TOG,0.015829280164831087
2017,July,Amador (MC),MDV,Gas,RUNEX,CAT,PM10,0.00033899800221303094
2017,July,Amador (MC),MDV,Gas,RUNEX,CAT,PM2_5,0.0003117756231670757
2017,July,Amador (MC),MDV,Gas,RUNEX,NCAT,CO,0.06846449211444423
2017,July,Amador (MC),MDV,Gas,RUNEX,NCAT,NOx,0.004564186250109827
2017,July,Amador (MC),MDV,Gas,RUNEX,NCAT,SOx,4.00225197611756e-06
2017,July,Amador (MC),MDV,Gas,RUNEX,NCAT,PM,2.6099965796596206e-05
2017,July,Amador (MC),MDV,Gas,RUNEX,NCAT,TOG,0.003178006613622289
2017,July,Amador (MC),MDV,Gas,RUNEX,NCAT,PM10,2.492262505586768e-05
2017,July,Amador (MC),MDV,Gas,RUNEX,NCAT,PM2_5,2.3707594052003798e-05
2017,July,Amador (MC),MDV,Gas,STREX,CAT,CO,0.10803422706456908
2017,July,Amador (MC),MDV,Gas,STREX,CAT,NOx,0.017833108000274208
2017,July,Amador (MC),MDV,Gas,STREX,CAT,SOx,2.6328357356373428e-05
2017,July,Amador (MC),MDV,Gas,STREX,CAT,PM,0.0001073206370021554
2017,July,Amador (MC),MDV,Gas,STREX,CAT,TOG,0.023467398587620352
2017,July,Amador (MC),MDV,Gas,STREX,CAT,PM10,9.604999440996037e-05
2017,July,Amador (MC),MDV,Gas,STREX,CAT,PM2_5,8.836693329268463e-05
2017,July,Amador (MC),MDV,Gas,STREX,NCAT,CO,0.017510308114429957
2017,July,Amador (MC),MDV,Gas,STREX,NCAT,NOx,0.0006757992354734625
2017,July,Amador (MC),MDV,Gas,STREX,NCAT,SOx,9.528568213146858e-07
2017,July,Amador (MC),MDV,Gas,STREX,NCAT,PM,1.8003737738225036e-05
2017,July,Amador (MC),MDV,Gas,STREX,NCAT,TOG,0.0016226812240176158
2017,July,Amador (MC),MDV,Gas,STREX,NCAT,PM10,1.719624703640088e-05
2017,July,Amador (MC),MDV,Gas,STREX,NCAT,PM2_5,1.6360057829039367e-05
2017,July,Amador (MC),MDV,Gas,HOTSOAK,CAT,TOG,0.011140273256082392
2017,July,Amador (MC),MDV,Gas,HOTSOAK,NCAT,TOG,0.0010489677230313215
2017,July,Amador (MC),MDV,Gas,RUNLOSS,CAT,TOG,0.03417713928823803
2017,July,Amador (MC),MDV,Gas,RUNLOSS,NCAT,TOG,0.0017798458315920484
2017,July,Amador (MC),MDV,Gas,RESTLOSS,CAT,TOG,0.007703973676420598
2017,July,Amador (MC),MDV,Gas,RESTLOSS,NCAT,TOG,0.0011252110083857633
2017,July,Amador (MC),MDV,Gas,DIURN,CAT,TOG,0.012394167641181026
2017,July,Amador (MC),MDV,Gas,DIURN,NCAT,TOG,0.0017791933665584352
2017,July,Amador (MC),MDV,Gas,PMTW,CAT,PM,0.0015853553972568874
2017,July,Amador (MC),MDV,Gas,PMTW,CAT,PM10,0.0015853553972568874
2017,July,Amador (MC),MDV,Gas,PMTW,CAT,PM2_5,0.00039633884931422186
2017,July,Amador (MC),MDV,Gas,PMTW,NCAT,PM,4.0532126486489794e-06
2017,July,Amador (MC),MDV,Gas,PMTW,NCAT,PM10,4.0532126486489794e-06
2017,July,Amador (MC),MDV,Gas,PMTW,NCAT,PM2_5,1.0133031621622449e-06
2017,July,Amador (MC),MDV,Gas,PMBW,CAT,PM,0.007431353424641665
2017,July,Amador (MC),MDV,Gas,PMBW,CAT,PM10,0.007282726356148822
2017,July,Amador (MC),MDV,Gas,PMBW,CAT,PM2_5,0.0031211684383494983
2017,July,Amador (MC),MDV,Gas,PMBW,NCAT,PM,1.8999434290542123e-05
2017,July,Amador (MC),MDV,Gas,PMBW,NCAT,PM10,1.8619445604731258e-05
2017,July,Amador (MC),MDV,Gas,PMBW,NCAT,PM2_5,7.979762402027675e-06
2017,July,Amador (MC),LHD1,Gas,RUNEX,CAT,CO,0.16175250112107709
2017,July,Amador (MC),LHD1,Gas,RUNEX,CAT,NOx,0.02428112814650938
2017,July,Amador (MC),LHD1,Gas,RUNEX,CAT,SOx,0.0003397355152378657
2017,July,Amador (MC),LHD1,Gas,RUNEX,CAT,PM,0.0001770458469670993
2017,July,Amador (MC),LHD1,Gas,RUNEX,CAT,TOG,0.012434995067555037
2017,July,Amador (MC),LHD1,Gas,RUNEX,CAT,PM10,0.00015827898718858658
2017,July,Amador (MC),LHD1,Gas,RUNEX,CAT,PM2_5,0.00014553168620695542
2017,July,Amador (MC),LHD1,Gas,RUNEX,NCAT,CO,0.04591152450909578
2017,July,Amador (MC),LHD1,Gas,RUNEX,NCAT,NOx,0.0011152043634671152
2017,July,Amador (MC),LHD1,Gas,RUNEX,NCAT,SOx,4.999550020812381e-06
2017,July,Amador (MC),LHD1,Gas,RUNEX,NCAT,PM,2.2653877987482876e-05
2017,July,Amador (MC),LHD1,Gas,RUNEX,NCAT,TOG,0.0025190639283157994
2017,July,Amador (MC),LHD1,Gas,RUNEX,NCAT,PM10,2.1770376745971046e-05
2017,July,Amador (MC),LHD1,Gas,RUNEX,NCAT,PM2_5,2.0773606114521792e-05
2017,July,Amador (MC),LHD1,Gas,IDLEX,CAT,CO,0.003747445779093012
2017,July,Amador (MC),LHD1,Gas,IDLEX,CAT,NOx,4.212917744507219e-05
2017,July,Amador (MC),LHD1,Gas,IDLEX,CAT,SOx,1.2664171247819947e-06
2017,July,Amador (MC),LHD1,Gas,IDLEX,CAT,TOG,0.0006987918525059474
2017,July,Amador (MC),LHD1,Gas,IDLEX,NCAT,CO,8.598666826338763e-05
2017,July,Amador (MC),LHD1,Gas,IDLEX,NCAT,NOx,9.723558536871138e-07
2017,July,Amador (MC),LHD1,Gas,IDLEX,NCAT,SOx,3.168363471832291e-08
2017,July,Amador (MC),LHD1,Gas,IDLEX,NCAT,TOG,1.5455389011847688e-05
2017,July,Amador (MC),LHD1,Gas,STREX,CAT,CO,0.03934009648867297
2017,July,Amador (MC),LHD1,Gas,STREX,CAT,NOx,0.007668038796200611
2017,July,Amador (MC),LHD1,Gas,STREX,CAT,SOx,3.03842345696606e-06
2017,July,Amador (MC),LHD1,Gas,STREX,CAT,PM,1.5324846370551817e-05
2017,July,Amador (MC),LHD1,Gas,STREX,CAT,TOG,0.00341757742260235
2017,July,Amador (MC),LHD1,Gas,STREX,CAT,PM10,1.3700412655273314e-05
2017,July,Amador (MC),LHD1,Gas,STREX,CAT,PM2_5,1.2597023716593588e-05
2017,July,Amador (MC),LHD1,Gas,STREX,NCAT,CO,3.703606376797819e-05
2017,July,Amador (MC),LHD1,Gas,STREX,NCAT,NOx,0.00013658140366583355
2017,July,Amador (MC),LHD1,Gas,STREX,NCAT,SOx,2.5458606409510906e-07
2017,July,Amador (MC),LHD1,Gas,STREX,NCAT,PM,5.865304431545594e-06
2017,July,Amador (MC),LHD1,Gas,STREX,NCAT,TOG,0.0007854210801037146
2017,July,Amador (MC),LHD1,Gas,STREX,NCAT,PM10,5.636557558715314e-06
2017,July,Amador (MC),LHD1,Gas,STREX,NCAT,PM2_5,5.37848416372731e-06
2017,July,Amador (MC),LHD1,Gas,HOTSOAK,CAT,TOG,0.006044360006912686
2017,July,Amador (MC),LHD1,Gas,HOTSOAK,NCAT,TOG,0.0006588527903297616
2017,July,Amador (MC),LHD1,Gas,RUNLOSS,CAT,TOG,0.045598613958963544
2017,July,Amador (MC),LHD1,Gas,RUNLOSS,NCAT,TOG,0.00152906340895228
2017,July,Amador (MC),LHD1,Gas,RESTLOSS,CAT,TOG,0.00011869187116529232
2017,July,Amador (MC),LHD1,Gas,RESTLOSS,NCAT,TOG,1.1446005158832141e-05
2017,July,Amador (MC),LHD1,Gas,DIURN,CAT,TOG,0.0003482013641395714
2017,July,Amador (MC),LHD1,Gas,DIURN,NCAT,TOG,3.0255798716052567e-05
2017,July,Amador (MC),LHD1,Gas,PMTW,CAT,PM,0.0002587508943440823
2017,July,Amador (MC),LHD1,Gas,PMTW,CAT,PM10,0.0002587508943440823
2017,July,Amador (MC),LHD1,Gas,PMTW,CAT,PM2_5,6.468772358602058e-05
2017,July,Amador (MC),LHD1,Gas,PMTW,NCAT,PM,3.214269798313249e-06
2017,July,Amador (MC),LHD1,Gas,PMTW,NCAT,PM10,3.214269798313249e-06
2017,July,Amador (MC),LHD1,Gas,PMTW,NCAT,PM2_5,8.035674495783123e-07
2017,July,Amador (MC),LHD1,Gas,PMBW,CAT,PM,0.0025228212198548034
2017,July,Amador (MC),LHD1,Gas,PMBW,CAT,PM10,0.002472364795457708
2017,July,Amador (MC),LHD1,Gas,PMBW,CAT,PM2_5,0.001059584912339017
2017,July,Amador (MC),LHD1,Gas,PMBW,NCAT,PM,3.133913053355419e-05
2017,July,Amador (MC),LHD1,Gas,PMBW,NCAT,PM10,3.0712347922883077e-05
2017,July,Amador (MC),LHD1,Gas,PMBW,NCAT,PM2_5,1.3162434824092748e-05
2017,July,Amador (MC),LHD2,Gas,RUNEX,CAT,CO,0.007833795460517136
2017,July,Amador (MC),LHD2,Gas,RUNEX,CAT,NOx,0.0015495375532592916
2017,July,Amador (MC),LHD2,Gas,RUNEX,CAT,SOx,4.21942704538456e-05
2017,July,Amador (MC),LHD2,Gas,RUNEX,CAT,PM,1.1837752222111945e-05
2017,July,Amador (MC),LHD2,Gas,RUNEX,CAT,TOG,0.0006002513469217542
2017,July,Amador (MC),LHD2,Gas,RUNEX,CAT,PM10,1.058295048656809e-05
2017,July,Amador (MC),LHD2,Gas,RUNEX,CAT,PM2_5,9.730632326576025e-06
2017,July,Amador (MC),LHD2,Gas,IDLEX,CAT,CO,0.0003519850666189024
2017,July,Amador (MC),LHD2,Gas,IDLEX,CAT,NOx,3.958365494779019e-06
2017,July,Amador (MC),LHD2,Gas,IDLEX,CAT,SOx,1.350025426095843e-07
2017,July,Amador (MC),LHD2,Gas,IDLEX,CAT,TOG,6.596289501606395e-05
2017,July,Amador (MC),LHD2,Gas,STREX,CAT,CO,0.0029444981309460832
2017,July,Amador (MC),LHD2,Gas,STREX,CAT,NOx,0.000749528574272553
2017,July,Amador (MC),LHD2,Gas,STREX,CAT,SOx,3.1237822680088936e-07
2017,July,Amador (MC),LHD2,Gas,STREX,CAT,PM,9.093137568691095e-07
2017,July,Amador (MC),LHD2,Gas,STREX,CAT,TOG,0.0002481273874370973
2017,July,Amador (MC),LHD2,Gas,STREX,CAT,PM10,8.12926498640984e-07
2017,July,Amador (MC),LHD2,Gas,STREX,CAT,PM2_5,7.474559081464089e-07
2017,July,Amador (MC),LHD2,Gas,HOTSOAK,CAT,TOG,0.00035733673491380297
2017,July,Amador (MC),LHD2,Gas,RUNLOSS,CAT,TOG,0.002750464235044918
2017,July,Amador (MC),LHD2,Gas,RESTLOSS,CAT,TOG,7.026727674447713e-06
2017,July,Amador (MC),LHD2,Gas,DIURN,CAT,TOG,2.063601210580144e-05
2017,July,Amador (MC),LHD2,Gas,PMTW,CAT,PM,2.826949220531493e-05
2017,July,Amador (MC),LHD2,Gas,PMTW,CAT,PM10,2.826949220531493e-05
2017,July,Amador (MC),LHD2,Gas,PMTW,CAT,PM2_5,7.067373051328733e-06
2017,July,Amador (MC),LHD2,Gas,PMBW,CAT,PM,0.00032156547383545736
2017,July,Amador (MC),LHD2,Gas,PMBW,CAT,PM10,0.000315134164358748
2017,July,Amador (MC),LHD2,Gas,PMBW,CAT,PM2_5,0.00013505749901089226
2017,July,Amador (MC),T6TS,Gas,RUNEX,CAT,CO,0.014755873431047437
2017,July,Amador (MC),T6TS,Gas,RUNEX,CAT,NOx,0.0026815618059595823
2017,July,Amador (MC),T6TS,Gas,RUNEX,CAT,SOx,3.467088928361835e-05
2017,July,Amador (MC),T6TS,Gas,RUNEX,CAT,PM,5.302618184023441e-06
2017,July,Amador (MC),T6TS,Gas,RUNEX,CAT,TOG,0.0009141896697605477
2017,July,Amador (MC),T6TS,Gas,RUNEX,CAT,PM10,4.740540656516951e-06
2017,July,Amador (MC),T6TS,Gas,RUNEX,CAT,PM2_5,4.358752147267262e-06
2017,July,Amador (MC),T6TS,Gas,RUNEX,NCAT,CO,0.0057439347219576204
2017,July,Amador (MC),T6TS,Gas,RUNEX,NCAT,NOx,0.00014817576435451982
2017,July,Amador (MC),T6TS,Gas,RUNEX,NCAT,SOx,8.387757847997618e-07
2017,July,Amador (MC),T6TS,Gas,RUNEX,NCAT,PM,1.6528782417969416e-06
2017,July,Amador (MC),T6TS,Gas,RUNEX,NCAT,TOG,0.0002504137234601637
2017,July,Amador (MC),T6TS,Gas,RUNEX,NCAT,PM10,1.5884159903668609e-06
2017,July,Amador (MC),T6TS,Gas,RUNEX,NCAT,PM2_5,1.5156893477277948e-06
2017,July,Amador (MC),T6TS,Gas,IDLEX,CAT,CO,0.0004377908942672518
2017,July,Amador (MC),T6TS,Gas,IDLEX,CAT,NOx,3.8781589070583365e-06
2017,July,Amador (MC),T6TS,Gas,IDLEX,CAT,SOx,2.542908745211489e-07
2017,July,Amador (MC),T6TS,Gas,IDLEX,CAT,TOG,5.700975524702837e-05
2017,July,Amador (MC),T6TS,Gas,IDLEX,NCAT,CO,3.6049202444885705e-05
2017,July,Amador (MC),T6TS,Gas,IDLEX,NCAT,NOx,3.2025012059752466e-07
2017,July,Amador (MC),T6TS,Gas,IDLEX,NCAT,SOx,2.2644042647809892e-08
2017,July,Amador (MC),T6TS,Gas,IDLEX,NCAT,TOG,4.534612538059129e-06
2017,July,Amador (MC),T6TS,Gas,STREX,CAT,CO,0.005743552090019396
2017,July,Amador (MC),T6TS,Gas,STREX,CAT,NOx,0.0003279856913772226
2017,July,Amador (MC),T6TS,Gas,STREX,CAT,SOx,3.772975094879354e-07
2017,July,Amador (MC),T6TS,Gas,STREX,CAT,PM,1.0440413164437604e-06
2017,July,Amador (MC),T6TS,Gas,STREX,CAT,TOG,0.0002895678685713718
2017,July,Amador (MC),T6TS,Gas,STREX,CAT,PM10,9.333729369007234e-07
2017,July,Amador (MC),T6TS,Gas,STREX,CAT,PM2_5,8.582019621167721e-07
2017,July,Amador (MC),T6TS,Gas,STREX,NCAT,CO,1.1761361011289344e-05
2017,July,Amador (MC),T6TS,Gas,STREX,NCAT,NOx,4.318141913750347e-05
2017,July,Amador (MC),T6TS,Gas,STREX,NCAT,SOx,1.0647473364294133e-07
2017,July,Amador (MC),T6TS,Gas,STREX,NCAT,PM,1.183892412704284e-06
2017,July,Amador (MC),T6TS,Gas,STREX,NCAT,TOG,0.00023918151715304637
2017,July,Amador (MC),T6TS,Gas,STREX,NCAT,PM10,1.1377206086088167e-06
2017,July,Amador (MC),T6TS,Gas,STREX,NCAT,PM2_5,1.0856293424498289e-06
2017,July,Amador (MC),T6TS,Gas,HOTSOAK,CAT,TOG,0.00026462386181652935
2017,July,Amador (MC),T6TS,Gas,HOTSOAK,NCAT,TOG,0.0001443867854264773
2017,July,Amador (MC),T6TS,Gas,RUNLOSS,CAT,TOG,0.0015308876550466615
2017,July,Amador (MC),T6TS,Gas,RUNLOSS,NCAT,TOG,0.00028664115462855385
2017,July,Amador (MC),T6TS,Gas,RESTLOSS,CAT,TOG,5.265853470272192e-06
2017,July,Amador (MC),T6TS,Gas,RESTLOSS,NCAT,TOG,1.8396136848126136e-06
2017,July,Amador (MC),T6TS,Gas,DIURN,CAT,TOG,1.4539866576449739e-05
2017,July,Amador (MC),T6TS,Gas,DIURN,NCAT,TOG,4.755311196681665e-06
2017,July,Amador (MC),T6TS,Gas,PMTW,CAT,PM,2.2445331017782947e-05
2017,July,Amador (MC),T6TS,Gas,PMTW,CAT,PM10,2.2445331017782947e-05
2017,July,Amador (MC),T6TS,Gas,PMTW,CAT,PM2_5,5.611332754445737e-06
2017,July,Amador (MC),T6TS,Gas,PMTW,NCAT,PM,4.7607348149349063e-07
2017,July,Amador (MC),T6TS,Gas,PMTW,NCAT,PM10,4.7607348149349063e-07
2017,July,Amador (MC),T6TS,Gas,PMTW,NCAT,PM2_5,1.1901837037337266e-07
2017,July,Amador (MC),T6TS,Gas,PMBW,CAT,PM,0.00024876908544709404
2017,July,Amador (MC),T6TS,Gas,PMBW,CAT,PM10,0.0002437937037381524
2017,July,Amador (MC),T6TS,Gas,PMBW,CAT,PM2_5,0.00010448301588777967
2017,July,Amador (MC),T6TS,Gas,PMBW,NCAT,PM,5.2764810865528554e-06
2017,July,Amador (MC),T6TS,Gas,PMBW,NCAT,PM10,5.170951464821798e-06
2017,July,Amador (MC),T6TS,Gas,PMBW,NCAT,PM2_5,2.2161220563521986e-06
2017,July,Amador (MC),T7IS,Gas,RUNEX,CAT,CO,0.006783430093568831
2017,July,Amador (MC),T7IS,Gas,RUNEX,CAT,NOx,0.0011983328226471352
2017,July,Amador (MC),T7IS,Gas,RUNEX,CAT,SOx,6.144430899233471e-07
2017,July,Amador (MC),T7IS,Gas,RUNEX,CAT,PM,3.09758959178144e-07
2017,July,Amador (MC),T7IS,Gas,RUNEX,CAT,TOG,0.00021594359226477015
2017,July,Amador (MC),T7IS,Gas,RUNEX,CAT,PM10,2.769245095052609e-07
2017,July,Amador (MC),T7IS,Gas,RUNEX,CAT,PM2_5,2.546218644444343e-07
2017,July,Amador (MC),T7IS,Gas,STREX,CAT,CO,7.999784544564185e-07
2017,July,Amador (MC),T7IS,Gas,STREX,CAT,NOx,0.0001335828034864044
2017,July,Amador (MC),T7IS,Gas,STREX,CAT,SOx,6.21419337156623e-09
2017,July,Amador (MC),T7IS,Gas,STREX,CAT,PM,4.8086976723400314e-08
2017,July,Amador (MC),T7IS,Gas,STREX,CAT,TOG,2.572778001202535e-09
2017,July,Amador (MC),T7IS,Gas,STREX,CAT,PM10,4.2989757190719886e-08
2017,July,Amador (MC),T7IS,Gas,STREX,CAT,PM2_5,3.952749486663505e-08
2017,July,Amador (MC),T7IS,Gas,HOTSOAK,CAT,TOG,1.1091908170719104e-05
2017,July,Amador (MC),T7IS,Gas,RUNLOSS,CAT,TOG,8.32293439498615e-05
2017,July,Amador (MC),T7IS,Gas,RESTLOSS,CAT,TOG,2.0557278817246171e-07
2017,July,Amador (MC),T7IS,Gas,DIURN,CAT,TOG,5.289207507825871e-07
2017,July,Amador (MC),T7IS,Gas,PMTW,CAT,PM,4.5733100027401675e-07
2017,July,Amador (MC),T7IS,Gas,PMTW,CAT,PM10,4.5733100027401675e-07
2017,July,Amador (MC),T7IS,Gas,PMTW,CAT,PM2_5,1.1433275006850419e-07
2017,July,Amador (MC),T7IS,Gas,PMBW,CAT,PM,1.4405926508631535e-06
2017,July,Amador (MC),T7IS,Gas,PMBW,CAT,PM10,1.4117807978458895e-06
2017,July,Amador (MC),T7IS,Gas,PMBW,CAT,PM2_5,6.050489133625243e-07
2017,July,Amador (MC),LDT1,Dsl,RUNEX,DSL,CO,8.2806325252171e-05
2017,July,Amador (MC),LDT1,Dsl,RUNEX,DSL,NOx,6.70700825456321e-05
2017,July,Amador (MC),LDT1,Dsl,RUNEX,DSL,SOx,1.5760660785015569e-07
2017,July,Amador (MC),LDT1,Dsl,RUNEX,DSL,PM,9.291960517343066e-06
2017,July,Amador (MC),LDT1,Dsl,RUNEX,DSL,TOG,1.4879826615950608e-05
2017,July,Amador (MC),LDT1,Dsl,RUNEX,DSL,PM10,9.236208754239007e-06
2017,July,Amador (MC),LDT1,Dsl,RUNEX,DSL,PM2_5,8.836654451993261e-06
2017,July,Amador (MC),LDT1,Dsl,PMTW,DSL,PM,3.695552555413613e-07
2017,July,Amador (MC),LDT1,Dsl,PMTW,DSL,PM10,3.695552555413613e-07
2017,July,Amador (MC),LDT1,Dsl,PMTW,DSL,PM2_5,9.238881388534032e-08
2017,July,Amador (MC),LDT1,Dsl,PMBW,DSL,PM,1.7322902603501314e-06
2017,July,Amador (MC),LDT1,Dsl,PMBW,DSL,PM10,1.6976444551431294e-06
2017,July,Amador (MC),LDT1,Dsl,PMBW,DSL,PM2_5,7.275619093470548e-07
2017,July,Amador (MC),LDT2,Dsl,RUNEX,DSL,CO,0.00020933190505951428
2017,July,Amador (MC),LDT2,Dsl,RUNEX,DSL,NOx,0.00029192198314859465
2017,July,Amador (MC),LDT2,Dsl,RUNEX,DSL,SOx,2.106952177602854e-06
2017,July,Amador (MC),LDT2,Dsl,RUNEX,DSL,PM,1.7495768725155662e-05
2017,July,Amador (MC),LDT2,Dsl,RUNEX,DSL,TOG,2.6416147561097387e-05
2017,July,Amador (MC),LDT2,Dsl,RUNEX,DSL,PM10,1.7390794112804724e-05
2017,July,Amador (MC),LDT2,Dsl,RUNEX,DSL,PM2_5,1.6638476057623026e-05
2017,July,Amador (MC),LDT2,Dsl,PMTW,DSL,PM,5.96310031260713e-06
2017,July,Amador (MC),LDT2,Dsl,PMTW,DSL,PM10,5.96310031260713e-06
2017,July,Amador (MC),LDT2,Dsl,PMTW,DSL,PM2_5,1.4907750781517826e-06
2017,July,Amador (MC),LDT2,Dsl,PMBW,DSL,PM,2.7952032715345938e-05
2017,July,Amador (MC),LDT2,Dsl,PMBW,DSL,PM10,2.739299206103901e-05
2017,July,Amador (MC),LDT2,Dsl,PMBW,DSL,PM2_5,1.1739853740445281e-05
2017,July,Amador (MC),MDV,Dsl,RUNEX,DSL,CO,0.0011497308637339163
2017,July,Amador (MC),MDV,Dsl,RUNEX,DSL,NOx,0.0010075351716609725
2017,July,Amador (MC),MDV,Dsl,RUNEX,DSL,SOx,1.8966318446794316e-05
2017,July,Amador (MC),MDV,Dsl,RUNEX,DSL,PM,5.278868088192076e-05
2017,July,Amador (MC),MDV,Dsl,RUNEX,DSL,TOG,0.00010123754029610292
2017,July,Amador (MC),MDV,Dsl,RUNEX,DSL,PM10,5.2471948796629235e-05
2017,July,Amador (MC),MDV,Dsl,RUNEX,DSL,PM2_5,5.020203551870665e-05
2017,July,Amador (MC),MDV,Dsl,PMTW,DSL,PM,4.223542795737504e-05
2017,July,Amador (MC),MDV,Dsl,PMTW,DSL,PM10,4.223542795737504e-05
2017,July,Amador (MC),MDV,Dsl,PMTW,DSL,PM2_5,1.055885698934376e-05
2017,July,Amador (MC),MDV,Dsl,PMBW,DSL,PM,0.00019797856855019544
2017,July,Amador (MC),MDV,Dsl,PMBW,DSL,PM10,0.00019401899717919147
2017,July,Amador (MC),MDV,Dsl,PMBW,DSL,PM2_5,8.315099879108211e-05
2017,July,Amador (MC),LHD1,Dsl,RUNEX,DSL,CO,0.07129353081058212
2017,July,Amador (MC),LHD1,Dsl,RUNEX,DSL,NOx,0.3068099975839919
2017,July,Amador (MC),LHD1,Dsl,RUNEX,DSL,SOx,0.00037237565618051876
2017,July,Amador (MC),LHD1,Dsl,RUNEX,DSL,PM,0.0030491919956676513
2017,July,Amador (MC),LHD1,Dsl,RUNEX,DSL,TOG,0.017780178902718994
2017,July,Amador (MC),LHD1,Dsl,RUNEX,DSL,PM10,0.0030308968436936496
2017,July,Amador (MC),LHD1,Dsl,RUNEX,DSL,PM2_5,0.0028997815878799345
2017,July,Amador (MC),LHD1,Dsl,IDLEX,DSL,CO,0.0016522584878526775
2017,July,Amador (MC),LHD1,Dsl,IDLEX,DSL,NOx,0.004683586967810125
2017,July,Amador (MC),LHD1,Dsl,IDLEX,DSL,SOx,2.4460131488934226e-06
2017,July,Amador (MC),LHD1,Dsl,IDLEX,DSL,PM,5.26564763167768e-05
2017,July,Amador (MC),LHD1,Dsl,IDLEX,DSL,TOG,0.0002269388667980935
2017,July,Amador (MC),LHD1,Dsl,IDLEX,DSL,PM10,5.234053745887616e-05
2017,July,Amador (MC),LHD1,Dsl,IDLEX,DSL,PM2_5,5.007630897725474e-05
2017,July,Amador (MC),LHD1,Dsl,PMTW,DSL,PM,0.0007955726995953475
2017,July,Amador (MC),LHD1,Dsl,PMTW,DSL,PM10,0.0007955726995953475
2017,July,Amador (MC),LHD1,Dsl,PMTW,DSL,PM2_5,0.00019889317489883688
2017,July,Amador (MC),LHD1,Dsl,PMBW,DSL,PM,0.005171222547369761
2017,July,Amador (MC),LHD1,Dsl,PMBW,DSL,PM10,0.0050677980964223684
2017,July,Amador (MC),LHD1,Dsl,PMBW,DSL,PM2_5,0.0021719134698953
2017,July,Amador (MC),LHD2,Dsl,RUNEX,DSL,CO,0.01380735797634859
2017,July,Amador (MC),LHD2,Dsl,RUNEX,DSL,NOx,0.05187674284168391
2017,July,Amador (MC),LHD2,Dsl,RUNEX,DSL,SOx,9.682713611634394e-05
2017,July,Amador (MC),LHD2,Dsl,RUNEX,DSL,PM,0.0005567022879738514
2017,July,Amador (MC),LHD2,Dsl,RUNEX,DSL,TOG,0.0034608291024339367
2017,July,Amador (MC),LHD2,Dsl,RUNEX,DSL,PM10,0.0005533620742460099
2017,July,Amador (MC),LHD2,Dsl,RUNEX,DSL,PM2_5,0.000529423875863134
2017,July,Amador (MC),LHD2,Dsl,IDLEX,DSL,CO,0.00035488021255295046
2017,July,Amador (MC),LHD2,Dsl,IDLEX,DSL,NOx,0.001002714786171523
2017,July,Amador (MC),LHD2,Dsl,IDLEX,DSL,SOx,8.388985490571818e-07
2017,July,Amador (MC),LHD2,Dsl,IDLEX,DSL,PM,1.085351146499168e-05
2017,July,Amador (MC),LHD2,Dsl,IDLEX,DSL,TOG,4.874304709458646e-05
2017,July,Amador (MC),LHD2,Dsl,IDLEX,DSL,PM10,1.0788390396201739e-05
2017,July,Amador (MC),LHD2,Dsl,IDLEX,DSL,PM2_5,1.0321689403207088e-05
2017,July,Amador (MC),LHD2,Dsl,PMTW,DSL,PM,0.00018525248706882904
2017,July,Amador (MC),LHD2,Dsl,PMTW,DSL,PM10,0.00018525248706882904
2017,July,Amador (MC),LHD2,Dsl,PMTW,DSL,PM2_5,4.631312176720726e-05
2017,July,Amador (MC),LHD2,Dsl,PMBW,DSL,PM,0.001404831360271955
2017,July,Amador (MC),LHD2,Dsl,PMBW,DSL,PM10,0.0013767347330665158
2017,July,Amador (MC),LHD2,Dsl,PMBW,DSL,PM2_5,0.000590029171314221
2017,July,Amador (MC),LDT1,Elec,HOTSOAK,CAT,TOG,3.827317834896693e-09
2017,July,Amador (MC),LDT1,Elec,RESTLOSS,CAT,TOG,3.378301487090697e-09
2017,July,Amador (MC),LDT1,Elec,DIURN,CAT,TOG,8.617066328635644e-09
2017,July,Amador (MC),LDT1,Elec,PMTW,CAT,PM,5.043402716298088e-08
2017,July,Amador (MC),LDT1,Elec,PMTW,CAT,PM10,5.043402716298088e-08
2017,July,Amador (MC),LDT1,Elec,PMTW,CAT,PM2_5,1.260850679074522e-08
2017,July,Amador (MC),LDT1,Elec,PMBW,CAT,PM,2.364095023264728e-07
2017,July,Amador (MC),LDT1,Elec,PMBW,CAT,PM10,2.3168131227994337e-07
2017,July,Amador (MC),LDT1,Elec,PMBW,CAT,PM2_5,9.929199097711858e-08
2017,July,Amador (MC),LDT2,Elec,HOTSOAK,CAT,TOG,8.684782052837835e-08
2017,July,Amador (MC),LDT2,Elec,RESTLOSS,CAT,TOG,7.962493552836033e-08
2017,July,Amador (MC),LDT2,Elec,DIURN,CAT,TOG,2.0310009437674483e-07
2017,July,Amador (MC),LDT2,Elec,PMTW,CAT,PM,1.0112223386381975e-06
2017,July,Amador (MC),LDT2,Elec,PMTW,CAT,PM10,1.0112223386381975e-06
2017,July,Amador (MC),LDT2,Elec,PMTW,CAT,PM2_5,2.5280558465954937e-07
2017,July,Amador (MC),LDT2,Elec,PMBW,CAT,PM,4.740104712366549e-06
2017,July,Amador (MC),LDT2,Elec,PMBW,CAT,PM10,4.645302618119219e-06
2017,July,Amador (MC),LDT2,Elec,PMBW,CAT,PM2_5,1.9908439791939507e-06
2017,July,Amador (MC),MDV,Elec,HOTSOAK,CAT,TOG,2.704940541348193e-08
2017,July,Amador (MC),MDV,Elec,RESTLOSS,CAT,TOG,2.6883549705173166e-08
2017,July,Amador (MC),MDV,Elec,DIURN,CAT,TOG,6.85721306531903e-08
2017,July,Amador (MC),MDV,Elec,PMTW,CAT,PM,2.660603530752037e-07
2017,July,Amador (MC),MDV,Elec,PMTW,CAT,PM10,2.660603530752037e-07
2017,July,Amador (MC),MDV,Elec,PMTW,CAT,PM2_5,6.651508826880093e-08
2017,July,Amador (MC),MDV,Elec,PMBW,CAT,PM,1.247157905040017e-06
2017,July,Amador (MC),MDV,Elec,PMBW,CAT,PM10,1.2222147469392164e-06
2017,July,Amador (MC),MDV,Elec,PMBW,CAT,PM2_5,5.238063201168072e-07
2017,July,Amador (MC),SBUS,Gas,RUNEX,CAT,CO,2.087053518343864e-06
2017,July,Amador (MC),SBUS,Gas,RUNEX,CAT,NOx,1.0018969973340384e-06
2017,July,Amador (MC),SBUS,Gas,RUNEX,CAT,SOx,7.951516783204502e-08
2017,July,Amador (MC),SBUS,Gas,RUNEX,CAT,PM,1.6338061952432576e-08
2017,July,Amador (MC),SBUS,Gas,RUNEX,CAT,TOG,2.2904049386238018e-07
2017,July,Amador (MC),SBUS,Gas,RUNEX,CAT,PM10,1.4606227385474725e-08
2017,July,Amador (MC),SBUS,Gas,RUNEX,CAT,PM2_5,1.342988692489958e-08
2017,July,Amador (MC),SBUS,Gas,IDLEX,CAT,CO,1.443054940450671e-05
2017,July,Amador (MC),SBUS,Gas,IDLEX,CAT,NOx,1.6257538951931632e-07
2017,July,Amador (MC),SBUS,Gas,IDLEX,CAT,SOx,4.3445057271282755e-09
2017,July,Amador (MC),SBUS,Gas,IDLEX,CAT,TOG,2.7246633026119927e-06
2017,July,Amador (MC),SBUS,Gas,STREX,CAT,CO,4.865471692685422e-06
2017,July,Amador (MC),SBUS,Gas,STREX,CAT,NOx,3.3223712504676767e-07
2017,July,Amador (MC),SBUS,Gas,STREX,CAT,SOx,3.102655280041708e-10
2017,July,Amador (MC),SBUS,Gas,STREX,CAT,PM,5.405454229152429e-10
2017,July,Amador (MC),SBUS,Gas,STREX,CAT,TOG,2.1445616507447734e-07
2017,July,Amador (MC),SBUS,Gas,STREX,CAT,PM10,4.832476080862271e-10
2017,July,Amador (MC),SBUS,Gas,STREX,CAT,PM2_5,4.4432833763632965e-10
2017,July,Amador (MC),SBUS,Gas,HOTSOAK,CAT,TOG,3.783839945978002e-09
2017,July,Amador (MC),SBUS,Gas,RUNLOSS,CAT,TOG,2.015259602337017e-08
2017,July,Amador (MC),SBUS,Gas,RESTLOSS,CAT,TOG,8.447048713089195e-10
2017,July,Amador (MC),SBUS,Gas,DIURN,CAT,TOG,2.8374425975768733e-09
2017,July,Amador (MC),SBUS,Gas,PMTW,CAT,PM,7.701389936316815e-08
2017,July,Amador (MC),SBUS,Gas,PMTW,CAT,PM10,7.701389936316815e-08
2017,July,Amador (MC),SBUS,Gas,PMTW,CAT,PM2_5,1.9253474840792038e-08
2017,July,Amador (MC),SBUS,Gas,PMBW,CAT,PM,7.316320343233601e-06
2017,July,Amador (MC),SBUS,Gas,PMBW,CAT,PM10,7.1699939363689286e-06
2017,July,Amador (MC),SBUS,Gas,PMBW,CAT,PM2_5,3.072854544158112e-06
2017,July,Amador (MC),OBUS,Gas,RUNEX,CAT,CO,0.003380446790571277
2017,July,Amador (MC),OBUS,Gas,RUNEX,CAT,NOx,0.0009953046227625178
2017,July,Amador (MC),OBUS,Gas,RUNEX,CAT,SOx,2.1689655987009127e-05
2017,July,Amador (MC),OBUS,Gas,RUNEX,CAT,PM,1.4861459307857732e-06
2017,July,Amador (MC),OBUS,Gas,RUNEX,CAT,TOG,0.00021242979670383494
2017,July,Amador (MC),OBUS,Gas,RUNEX,CAT,PM10,1.328614462122481e-06
2017,July,Amador (MC),OBUS,Gas,RUNEX,CAT,PM2_5,1.2216119551059053e-06
2017,July,Amador (MC),OBUS,Gas,IDLEX,CAT,CO,0.00011184594584678478
2017,July,Amador (MC),OBUS,Gas,IDLEX,CAT,NOx,1.260236905223118e-06
2017,July,Amador (MC),OBUS,Gas,IDLEX,CAT,SOx,7.451393675982656e-08
2017,July,Amador (MC),OBUS,Gas,IDLEX,CAT,TOG,2.1061631457289785e-05
2017,July,Amador (MC),OBUS,Gas,STREX,CAT,CO,0.0014511690759982474
2017,July,Amador (MC),OBUS,Gas,STREX,CAT,NOx,0.00012707341753665204
2017,July,Amador (MC),OBUS,Gas,STREX,CAT,SOx,1.0690709399436494e-07
2017,July,Amador (MC),OBUS,Gas,STREX,CAT,PM,1.3082240349678033e-07
2017,July,Amador (MC),OBUS,Gas,STREX,CAT,TOG,7.986595100538373e-05
2017,July,Amador (MC),OBUS,Gas,STREX,CAT,PM10,1.1695522872612165e-07
2017,July,Amador (MC),OBUS,Gas,STREX,CAT,PM2_5,1.0753601567435357e-07
2017,July,Amador (MC),OBUS,Gas,HOTSOAK,CAT,TOG,1.5234819252333709e-05
2017,July,Amador (MC),OBUS,Gas,RUNLOSS,CAT,TOG,0.00021899142617346062
2017,July,Amador (MC),OBUS,Gas,RESTLOSS,CAT,TOG,7.142169928905532e-07
2017,July,Amador (MC),OBUS,Gas,DIURN,CAT,TOG,2.575277262947532e-06
2017,July,Amador (MC),OBUS,Gas,PMTW,CAT,PM,1.4234308423536329e-05
2017,July,Amador (MC),OBUS,Gas,PMTW,CAT,PM10,1.4234308423536329e-05
2017,July,Amador (MC),OBUS,Gas,PMTW,CAT,PM2_5,3.558577105884082e-06
2017,July,Amador (MC),OBUS,Gas,PMBW,CAT,PM,0.0001577635850275277
2017,July,Amador (MC),OBUS,Gas,PMBW,CAT,PM10,0.00015460831332697716
2017,July,Amador (MC),OBUS,Gas,PMBW,CAT,PM2_5,6.626070571156158e-05
2017,July,Amador (MC),MCY,Gas,RUNEX,CAT,CO,0.053012562724165276
2017,July,Amador (MC),MCY,Gas,RUNEX,CAT,NOx,0.004005580263962152
2017,July,Amador (MC),MCY,Gas,RUNEX,CAT,SOx,8.257255636198317e-06
2017,July,Amador (MC),MCY,Gas,RUNEX,CAT,PM,4.920547450691778e-06
2017,July,Amador (MC),MCY,Gas,RUNEX,CAT,TOG,0.008069044095560298
2017,July,Amador (MC),MCY,Gas,RUNEX,CAT,PM10,4.558925996878066e-06
2017,July,Amador (MC),MCY,Gas,RUNEX,CAT,PM2_5,4.27149410470989e-06
2017,July,Amador (MC),MCY,Gas,RUNEX,NCAT,CO,0.17566539955979185
2017,July,Amador (MC),MCY,Gas,RUNEX,NCAT,NOx,0.007056513734618175
2017,July,Amador (MC),MCY,Gas,RUNEX,NCAT,SOx,1.1893538748263684e-05
2017,July,Amador (MC),MCY,Gas,RUNEX,NCAT,PM,1.3240808201657017e-05
2017,July,Amador (MC),MCY,Gas,RUNEX,NCAT,TOG,0.01762462851130646
2017,July,Amador (MC),MCY,Gas,RUNEX,NCAT,PM10,1.2564460105832788e-05
2017,July,Amador (MC),MCY,Gas,RUNEX,NCAT,PM2_5,1.1915017020678246e-05
2017,July,Amador (MC),MCY,Gas,STREX,CAT,CO,0.004911194580694017
2017,July,Amador (MC),MCY,Gas,STREX,CAT,NOx,0.00020020852870263715
2017,July,Amador (MC),MCY,Gas,STREX,CAT,SOx,4.742330154601294e-07
2017,July,Amador (MC),MCY,Gas,STREX,CAT,PM,1.6680311817033079e-06
2017,July,Amador (MC),MCY,Gas,STREX,CAT,TOG,0.0012881299992408258
2017,July,Amador (MC),MCY,Gas,STREX,CAT,PM10,1.5549450872920802e-06
2017,July,Amador (MC),MCY,Gas,STREX,CAT,PM2_5,1.4614782736091577e-06
2017,July,Amador (MC),MCY,Gas,STREX,NCAT,CO,0.017707978729742332
2017,July,Amador (MC),MCY,Gas,STREX,NCAT,NOx,0.0005021088512886274
2017,July,Amador (MC),MCY,Gas,STREX,NCAT,SOx,1.3034492950088567e-06
2017,July,Amador (MC),MCY,Gas,STREX,NCAT,PM,1.1374156389293083e-05
2017,July,Amador (MC),MCY,Gas,STREX,NCAT,TOG,0.004162158249513054
2017,July,Amador (MC),MCY,Gas,STREX,NCAT,PM10,1.0866839079261326e-05
2017,July,Amador (MC),MCY,Gas,STREX,NCAT,PM2_5,1.0339744766732724e-05
2017,July,Amador (MC),MCY,Gas,HOTSOAK,CAT,TOG,0.0005501726130401804
2017,July,Amador (MC),MCY,Gas,HOTSOAK,NCAT,TOG,0.003354981687125775
2017,July,Amador (MC),MCY,Gas,RUNLOSS,CAT,TOG,0.0008183141224789188
2017,July,Amador (MC),MCY,Gas,RUNLOSS,NCAT,TOG,0.008077518300358473
2017,July,Amador (MC),MCY,Gas,RESTLOSS,CAT,TOG,0.0008544432977776926
2017,July,Amador (MC),MCY,Gas,RESTLOSS,NCAT,TOG,0.0038432455414483912
2017,July,Amador (MC),MCY,Gas,DIURN,CAT,TOG,0.0016440746039827125
2017,July,Amador (MC),MCY,Gas,DIURN,NCAT,TOG,0.007306613348342306
2017,July,Amador (MC),MCY,Gas,PMTW,CAT,PM,1.709546268928365e-05
2017,July,Amador (MC),MCY,Gas,PMTW,CAT,PM10,1.709546268928365e-05
2017,July,Amador (MC),MCY,Gas,PMTW,CAT,PM2_5,4.273865672320913e-06
2017,July,Amador (MC),MCY,Gas,PMTW,NCAT,PM,2.39240113111235e-05
2017,July,Amador (MC),MCY,Gas,PMTW,NCAT,PM10,2.39240113111235e-05
2017,July,Amador (MC),MCY,Gas,PMTW,NCAT,PM2_5,5.981002827780875e-06
2017,July,Amador (MC),MCY,Gas,PMBW,CAT,PM,5.128638806785094e-05
2017,July,Amador (MC),MCY,Gas,PMBW,CAT,PM10,5.026066030649391e-05
2017,July,Amador (MC),MCY,Gas,PMBW,CAT,PM2_5,2.1540282988497382e-05
2017,July,Amador (MC),MCY,Gas,PMBW,NCAT,PM,7.177203393337039e-05
2017,July,Amador (MC),MCY,Gas,PMBW,NCAT,PM10,7.033659325470303e-05
2017,July,Amador (MC),MCY,Gas,PMBW,NCAT,PM2_5,3.014425425201556e-05
2017,July,Amador (MC),MH,Gas,RUNEX,CAT,CO,0.015933193171195483
2017,July,Amador (MC),MH,Gas,RUNEX,CAT,NOx,0.002747338632353656
2017,July,Amador (MC),MH,Gas,RUNEX,CAT,SOx,6.0300886221456214e-05
2017,July,Amador (MC),MH,Gas,RUNEX,CAT,PM,9.772567380958093e-06
2017,July,Amador (MC),MH,Gas,RUNEX,CAT,TOG,0.0008179396515796387
2017,July,Amador (MC),MH,Gas,RUNEX,CAT,PM10,8.736675238576537e-06
2017,July,Amador (MC),MH,Gas,RUNEX,CAT,PM2_5,8.03305038714757e-06
2017,July,Amador (MC),MH,Gas,RUNEX,NCAT,CO,0.0025271247075550037
2017,July,Amador (MC),MH,Gas,RUNEX,NCAT,NOx,5.9063060809339254e-05
2017,July,Amador (MC),MH,Gas,RUNEX,NCAT,SOx,3.782867464606256e-07
2017,July,Amador (MC),MH,Gas,RUNEX,NCAT,PM,7.480563871467575e-07
2017,July,Amador (MC),MH,Gas,RUNEX,NCAT,TOG,0.0001069582998066562
2017,July,Amador (MC),MH,Gas,RUNEX,NCAT,PM10,7.188821880480342e-07
2017,July,Amador (MC),MH,Gas,RUNEX,NCAT,PM2_5,6.859677070135766e-07
2017,July,Amador (MC),MH,Gas,STREX,CAT,CO,0.0001361552437168574
2017,July,Amador (MC),MH,Gas,STREX,CAT,NOx,1.1322378817439995e-05
2017,July,Amador (MC),MH,Gas,STREX,CAT,SOx,1.0575206407461606e-08
2017,July,Amador (MC),MH,Gas,STREX,CAT,PM,2.243576497050011e-08
2017,July,Amador (MC),MH,Gas,STREX,CAT,TOG,6.922179845575891e-06
2017,July,Amador (MC),MH,Gas,STREX,CAT,PM10,2.0057573883627096e-08
2017,July,Amador (MC),MH,Gas,STREX,CAT,PM2_5,1.8442198805751054e-08
2017,July,Amador (MC),MH,Gas,STREX,NCAT,CO,5.162855762377221e-08
2017,July,Amador (MC),MH,Gas,STREX,NCAT,NOx,1.8478282349036335e-07
2017,July,Amador (MC),MH,Gas,STREX,NCAT,SOx,4.4996113971264565e-10
2017,July,Amador (MC),MH,Gas,STREX,NCAT,PM,5.392876585732143e-09
2017,July,Amador (MC),MH,Gas,STREX,NCAT,TOG,1.0216939894780874e-06
2017,July,Amador (MC),MH,Gas,STREX,NCAT,PM10,5.1825543988885904e-09
2017,July,Amador (MC),MH,Gas,STREX,NCAT,PM2_5,4.945267829116378e-09
2017,July,Amador (MC),MH,Gas,HOTSOAK,CAT,TOG,6.1896908681947885e-06
2017,July,Amador (MC),MH,Gas,HOTSOAK,NCAT,TOG,2.2078615726977922e-07
2017,July,Amador (MC),MH,Gas,RUNLOSS,CAT,TOG,0.0001345373765879734
2017,July,Amador (MC),MH,Gas,RUNLOSS,NCAT,TOG,1.2018284491295082e-06
2017,July,Amador (MC),MH,Gas,RESTLOSS,CAT,TOG,4.1293583963853476e-05
2017,July,Amador (MC),MH,Gas,RESTLOSS,NCAT,TOG,1.5315931272238747e-06
2017,July,Amador (MC),MH,Gas,DIURN,CAT,TOG,0.00018024717067395484
2017,July,Amador (MC),MH,Gas,DIURN,NCAT,TOG,5.691161572898339e-06
2017,July,Amador (MC),MH,Gas,PMTW,CAT,PM,3.8760109476262015e-05
2017,July,Amador (MC),MH,Gas,PMTW,CAT,PM10,3.8760109476262015e-05
2017,July,Amador (MC),MH,Gas,PMTW,CAT,PM2_5,9.690027369065504e-06
2017,July,Amador (MC),MH,Gas,PMTW,NCAT,PM,2.154604008793955e-07
2017,July,Amador (MC),MH,Gas,PMTW,NCAT,PM10,2.154604008793955e-07
2017,July,Amador (MC),MH,Gas,PMTW,NCAT,PM2_5,5.3865100219848876e-08
2017,July,Amador (MC),MH,Gas,PMBW,CAT,PM,0.00042959121336190356
2017,July,Amador (MC),MH,Gas,PMBW,CAT,PM10,0.0004209993890946663
2017,July,Amador (MC),MH,Gas,PMBW,CAT,PM2_5,0.0001804283096119996
2017,July,Amador (MC),MH,Gas,PMBW,NCAT,PM,2.388019443079967e-06
2017,July,Amador (MC),MH,Gas,PMBW,NCAT,PM10,2.340259054218368e-06
2017,July,Amador (MC),MH,Gas,PMBW,NCAT,PM2_5,1.0029681660935858e-06
2017,July,Amador (MC),MH,Dsl,RUNEX,DSL,CO,0.0006423561722232421
2017,July,Amador (MC),MH,Dsl,RUNEX,DSL,NOx,0.006885163343673826
2017,July,Amador (MC),MH,Dsl,RUNEX,DSL,SOx,1.0664500241700102e-05
2017,July,Amador (MC),MH,Dsl,RUNEX,DSL,PM,0.00018319917725038624
2017,July,Amador (MC),MH,Dsl,RUNEX,DSL,TOG,0.00019041327181565888
2017,July,Amador (MC),MH,Dsl,RUNEX,DSL,PM10,0.00018209998218688414
2017,July,Amador (MC),MH,Dsl,RUNEX,DSL,PM2_5,0.00017422241756511738
2017,July,Amador (MC),MH,Dsl,PMTW,DSL,PM,1.6761810588907978e-05
2017,July,Amador (MC),MH,Dsl,PMTW,DSL,PM10,1.6761810588907978e-05
2017,July,Amador (MC),MH,Dsl,PMTW,DSL,PM2_5,4.1904526472269945e-06
2017,July,Amador (MC),MH,Dsl,PMBW,DSL,PM,0.0001393325505202974
2017,July,Amador (MC),MH,Dsl,PMBW,DSL,PM10,0.0001365458995098913
2017,July,Amador (MC),MH,Dsl,PMBW,DSL,PM2_5,5.851967121852492e-05
2017,July,Amador (MC),UBUS,Gas,RUNEX,CAT,CO,0.00012947210615918184
2017,July,Amador (MC),UBUS,Gas,RUNEX,CAT,NOx,8.968992150798696e-05
2017,July,Amador (MC),UBUS,Gas,RUNEX,CAT,SOx,7.999594820840572e-06
2017,July,Amador (MC),UBUS,Gas,RUNEX,CAT,PM,3.5003679392756343e-07
2017,July,Amador (MC),UBUS,Gas,RUNEX,CAT,TOG,1.1824522369583394e-05
2017,July,Amador (MC),UBUS,Gas,RUNEX,CAT,PM10,3.1293289377124165e-07
2017,July,Amador (MC),UBUS,Gas,RUNEX,CAT,PM2_5,2.877302446084572e-07
2017,July,Amador (MC),UBUS,Gas,STREX,CAT,CO,0.00011229307082599644
2017,July,Amador (MC),UBUS,Gas,STREX,CAT,NOx,1.2553964587895994e-05
2017,July,Amador (MC),UBUS,Gas,STREX,CAT,SOx,1.5312141294090938e-08
2017,July,Amador (MC),UBUS,Gas,STREX,CAT,PM,5.761129876905594e-09
2017,July,Amador (MC),UBUS,Gas,STREX,CAT,TOG,7.941113819755708e-06
2017,July,Amador (MC),UBUS,Gas,STREX,CAT,PM10,5.150450109953603e-09
2017,July,Amador (MC),UBUS,Gas,STREX,CAT,PM2_5,4.735648758816401e-09
2017,July,Amador (MC),UBUS,Gas,HOTSOAK,CAT,TOG,6.112079613710726e-07
2017,July,Amador (MC),UBUS,Gas,RUNLOSS,CAT,TOG,2.7606484214968095e-06
2017,July,Amador (MC),UBUS,Gas,RESTLOSS,CAT,TOG,5.25551662861408e-08
2017,July,Amador (MC),UBUS,Gas,DIURN,CAT,TOG,1.1731388408892131e-07
2017,July,Amador (MC),UBUS,Gas,PMTW,CAT,PM,4.153866280567484e-06
2017,July,Amador (MC),UBUS,Gas,PMTW,CAT,PM10,4.153866280567484e-06
2017,July,Amador (MC),UBUS,Gas,PMTW,CAT,PM2_5,1.038466570141871e-06
2017,July,Amador (MC),UBUS,Gas,PMBW,CAT,PM,4.603868460962299e-05
2017,July,Amador (MC),UBUS,Gas,PMBW,CAT,PM10,4.511791091743054e-05
2017,July,Amador (MC),UBUS,Gas,PMBW,CAT,PM2_5,1.9336247536041655e-05
2017,July,Amador (MC),UBUS,Dsl,RUNEX,DSL,CO,1.855893044942331e-05
2017,July,Amador (MC),UBUS,Dsl,RUNEX,DSL,NOx,0.0001980965477945767
2017,July,Amador (MC),UBUS,Dsl,RUNEX,DSL,SOx,2.2216323070352662e-06
2017,July,Amador (MC),UBUS,Dsl,RUNEX,DSL,PM,9.432709134331073e-07
2017,July,Amador (MC),UBUS,Dsl,RUNEX,DSL,TOG,1.2565604503048991e-05
2017,July,Amador (MC),UBUS,Dsl,RUNEX,DSL,PM10,9.376112879525087e-07
2017,July,Amador (MC),UBUS,Dsl,RUNEX,DSL,PM2_5,8.970506386748849e-07
2017,July,Amador (MC),UBUS,Dsl,PMTW,DSL,PM,2.491925246981201e-06
2017,July,Amador (MC),UBUS,Dsl,PMTW,DSL,PM10,2.491925246981201e-06
2017,July,Amador (MC),UBUS,Dsl,PMTW,DSL,PM2_5,6.229813117453002e-07
2017,July,Amador (MC),UBUS,Dsl,PMBW,DSL,PM,2.7618838154041647e-05
2017,July,Amador (MC),UBUS,Dsl,PMBW,DSL,PM10,2.706646139096081e-05
2017,July,Amador (MC),UBUS,Dsl,PMBW,DSL,PM2_5,1.1599912024697495e-05
2017,July,Amador (MC),UBUS,NG,RUNEX,DSL,CO,0.0036359886802445804
2017,July,Amador (MC),UBUS,NG,RUNEX,DSL,NOx,4.879753208671601e-05
2017,July,Amador (MC),UBUS,NG,RUNEX,DSL,PM,3.5155372106647784e-07
2017,July,Amador (MC),UBUS,NG,RUNEX,DSL,TOG,0.0005332171130594929
2017,July,Amador (MC),UBUS,NG,RUNEX,DSL,PM10,3.494443987400789e-07
2017,July,Amador (MC),UBUS,NG,RUNEX,DSL,PM2_5,3.3432758873422043e-07
2017,July,Amador (MC),UBUS,NG,PMTW,DSL,PM,1.9703376095214546e-06
2017,July,Amador (MC),UBUS,NG,PMTW,DSL,PM10,1.9703376095214546e-06
2017,July,Amador (MC),UBUS,NG,PMTW,DSL,PM2_5,4.925844023803637e-07
2017,July,Amador (MC),UBUS,NG,PMBW,DSL,PM,2.183790850552946e-05
2017,July,Amador (MC),UBUS,NG,PMBW,DSL,PM10,2.1401150335418868e-05
2017,July,Amador (MC),UBUS,NG,PMBW,DSL,PM2_5,9.17192157232237e-06
2017,July,Amador (MC),SBUS,Dsl,RUNEX,DSL,CO,0.00039996505983693034
2017,July,Amador (MC),SBUS,Dsl,RUNEX,DSL,NOx,0.009777651047387164
2017,July,Amador (MC),SBUS,Dsl,RUNEX,DSL,PM,6.749877402368168e-05
2017,July,Amador (MC),SBUS,Dsl,RUNEX,DSL,PM10,6.70937813795396e-05
2017,July,Amador (MC),SBUS,Dsl,RUNEX,DSL,PM2_5,6.419133409652132e-05
2017,July,Amador (MC),SBUS,Dsl,IDLEX,DSL,CO,0.0002864577206750327
2017,July,Amador (MC),SBUS,Dsl,IDLEX,DSL,NOx,0.0027202711379315336
2017,July,Amador (MC),SBUS,Dsl,IDLEX,DSL,PM,2.2147574257052964e-06
2017,July,Amador (MC),SBUS,Dsl,IDLEX,DSL,PM10,2.2014688811510663e-06
2017,July,Amador (MC),SBUS,Dsl,IDLEX,DSL,PM2_5,2.1062343118457386e-06
2017,July,Amador (MC),SBUS,Dsl,STREX,DSL,NOx,0.0005010862404892486
2017,July,Amador (MC),SBUS,Dsl,PMTW,DSL,PM,2.1083360466105025e-05
2017,July,Amador (MC),SBUS,Dsl,PMTW,DSL,PM10,2.1083360466105025e-05
2017,July,Amador (MC),SBUS,Dsl,PMTW,DSL,PM2_5,5.270840116526256e-06
2017,July,Amador (MC),SBUS,Dsl,PMBW,DSL,PM,0.0013352794961866508
2017,July,Amador (MC),SBUS,Dsl,PMBW,DSL,PM10,0.0013085739062629193
2017,July,Amador (MC),SBUS,Dsl,PMBW,DSL,PM2_5,0.000560817388398393
2017,July,Amador (MC),SBUS,Dsl,RUNEX,DSL,SOx,1.8892262278719733e-05
2017,July,Amador (MC),SBUS,Dsl,IDLEX,DSL,SOx,1.989386143493382e-06
2017,July,Amador (MC),SBUS,Dsl,RUNEX,DSL,TOG,0.00015169669487426522
2017,July,Amador (MC),SBUS,Dsl,IDLEX,DSL,TOG,1.5255880859952818e-05
2017,     ,Amador (MC),LDA,Dsl,RUNEX,DSL,NH3,1.93951e-05
2017,     ,Amador (MC),LDA,Gas,RUNEX,CAT,NH3,0.014317283
2017,     ,Amador (MC),LDT1,Dsl,RUNEX,DSL,NH3,1.43074e-07
2017,     ,Amador (MC),LDT1,Gas,RUNEX,CAT,NH3,0.003737726
2017,     ,Amador (MC),LDT2,Dsl,RUNEX,DSL,NH3,2.30863e-06
2017,     ,Amador (MC),LDT2,Gas,RUNEX,CAT,NH3,0.007660201
2017,     ,Amador (MC),LHD1,Dsl,RUNEX,DSL,NH3,0.005094516
2017,     ,Amador (MC),LHD1,Gas,RUNEX,CAT,NH3,0.001433365
2017,     ,Amador (MC),LHD2,Dsl,RUNEX,DSL,NH3,0.001621212
2017,     ,Amador (MC),LHD2,Gas,RUNEX,CAT,NH3,0.000158453
2017,     ,Amador (MC),MCY,Gas,RUNEX,CAT,NH3,0.000154137
2017,     ,Amador (MC),MDV,Dsl,RUNEX,DSL,NH3,1.63515e-05
2017,     ,Amador (MC),MDV,Gas,RUNEX,CAT,NH3,0.006596188
2017,     ,Amador (MC),MH,Dsl,RUNEX,DSL,NH3,2.82989e-05
2017,     ,Amador (MC),MH,Gas,RUNEX,CAT,NH3,0.000142208
2017,     ,Amador (MC),OBUS,Gas,RUNEX,CAT,NH3,5.34042e-05
2017,     ,Amador (MC),SBUS,Gas,RUNEX,CAT,NH3,4.33411e-07
2017,     ,Amador (MC),T6TS,Gas,RUNEX,CAT,NH3,8.31898e-05
2017,     ,Amador (MC),T7IS,Gas,RUNEX,CAT,NH3,3.78381e-07
2017,     ,Amador (MC),UBUS,Dsl,RUNEX,DSL,NH3,4.07108e-05
2017,     ,Amador (MC),UBUS,Gas,RUNEX,CAT,NH3,1.557e-05
2017,     ,Amador (MC),UBUS,NG,RUNEX,DSL,NH3,4.42928e-06
