calendar_year,season_month,sub_area,vehicle_class,fuel,process,cat_ncat,pollutant,emission
2017,July,Butte (SV),LDA,Gas,RUNEX,CAT,CO,4.079539239760827
2017,July,Butte (SV),LDA,Gas,RUNEX,CAT,NOx,0.2738478278137093
2017,July,Butte (SV),LDA,Gas,RUNEX,CAT,SOx,0.007490189795139642
2017,July,Butte (SV),LDA,Gas,RUNEX,CAT,PM,0.004502246809866238
2017,July,Butte (SV),LDA,Gas,RUNEX,CAT,TOG,0.1274590662069824
2017,July,Butte (SV),LDA,Gas,RUNEX,CAT,PM10,0.004025637925284296
2017,July,Butte (SV),LDA,Gas,RUNEX,CAT,PM2_5,0.0037017391365170354
2017,July,Butte (SV),LDA,Gas,RUNEX,NCAT,CO,0.1492774674689687
2017,July,Butte (SV),LDA,Gas,RUNEX,NCAT,NOx,0.011610508459720274
2017,July,Butte (SV),LDA,Gas,RUNEX,NCAT,SOx,1.2790738963256989e-05
2017,July,Butte (SV),LDA,Gas,RUNEX,NCAT,PM,0.00012151825263729854
2017,July,Butte (SV),LDA,Gas,RUNEX,NCAT,TOG,0.012879553081445198
2017,July,Butte (SV),LDA,Gas,RUNEX,NCAT,PM10,0.00011614976352056833
2017,July,Butte (SV),LDA,Gas,RUNEX,NCAT,PM2_5,0.0001105399788614151
2017,July,Butte (SV),LDA,Gas,STREX,CAT,CO,0.6840709046723511
2017,July,Butte (SV),LDA,Gas,STREX,CAT,NOx,0.09097239211926965
2017,July,Butte (SV),LDA,Gas,STREX,CAT,SOx,0.0001845876538895422
2017,July,Butte (SV),LDA,Gas,STREX,CAT,PM,0.0007974341047084955
2017,July,Butte (SV),LDA,Gas,STREX,CAT,TOG,0.13927475881791773
2017,July,Butte (SV),LDA,Gas,STREX,CAT,PM10,0.0007131289044478753
2017,July,Butte (SV),LDA,Gas,STREX,CAT,PM2_5,0.0006558067655577783
2017,July,Butte (SV),LDA,Gas,STREX,NCAT,CO,0.01801829468394424
2017,July,Butte (SV),LDA,Gas,STREX,NCAT,NOx,0.000970569535380871
2017,July,Butte (SV),LDA,Gas,STREX,NCAT,SOx,1.546209111153053e-06
2017,July,Butte (SV),LDA,Gas,STREX,NCAT,PM,4.078486322527508e-05
2017,July,Butte (SV),LDA,Gas,STREX,NCAT,TOG,0.002735720840889176
2017,July,Butte (SV),LDA,Gas,STREX,NCAT,PM10,3.897143872101173e-05
2017,July,Butte (SV),LDA,Gas,STREX,NCAT,PM2_5,3.708378809018358e-05
2017,July,Butte (SV),LDA,Gas,HOTSOAK,CAT,TOG,0.07634604343627732
2017,July,Butte (SV),LDA,Gas,HOTSOAK,NCAT,TOG,0.0029733523897128348
2017,July,Butte (SV),LDA,Gas,RUNLOSS,CAT,TOG,0.10353041687764554
2017,July,Butte (SV),LDA,Gas,RUNLOSS,NCAT,TOG,0.009861296866232374
2017,July,Butte (SV),LDA,Gas,RESTLOSS,CAT,TOG,0.05036395628457936
2017,July,Butte (SV),LDA,Gas,RESTLOSS,NCAT,TOG,0.002571078172690802
2017,July,Butte (SV),LDA,Gas,DIURN,CAT,TOG,0.0941993241488889
2017,July,Butte (SV),LDA,Gas,DIURN,NCAT,TOG,0.004876250643621273
2017,July,Butte (SV),LDA,Gas,PMTW,CAT,PM,0.01825742838706421
2017,July,Butte (SV),LDA,Gas,PMTW,CAT,PM10,0.01825742838706421
2017,July,Butte (SV),LDA,Gas,PMTW,CAT,PM2_5,0.004564357096766052
2017,July,Butte (SV),LDA,Gas,PMTW,NCAT,PM,1.6291383540811477e-05
2017,July,Butte (SV),LDA,Gas,PMTW,NCAT,PM10,1.6291383540811477e-05
2017,July,Butte (SV),LDA,Gas,PMTW,NCAT,PM2_5,4.072845885202869e-06
2017,July,Butte (SV),LDA,Gas,PMBW,CAT,PM,0.0855816955643634
2017,July,Butte (SV),LDA,Gas,PMBW,CAT,PM10,0.08387006165307612
2017,July,Butte (SV),LDA,Gas,PMBW,CAT,PM2_5,0.03594431213703264
2017,July,Butte (SV),LDA,Gas,PMBW,NCAT,PM,7.636586034755372e-05
2017,July,Butte (SV),LDA,Gas,PMBW,NCAT,PM10,7.483854314060269e-05
2017,July,Butte (SV),LDA,Gas,PMBW,NCAT,PM2_5,3.2073661345972556e-05
2017,July,Butte (SV),LDA,Dsl,RUNEX,DSL,CO,0.011465371501548602
2017,July,Butte (SV),LDA,Dsl,RUNEX,DSL,NOx,0.00973151375875917
2017,July,Butte (SV),LDA,Dsl,RUNEX,DSL,SOx,6.587382135872868e-05
2017,July,Butte (SV),LDA,Dsl,RUNEX,DSL,PM,0.0007411643150880176
2017,July,Butte (SV),LDA,Dsl,RUNEX,DSL,TOG,0.0013210529878090772
2017,July,Butte (SV),LDA,Dsl,RUNEX,DSL,PM10,0.0007367173291974899
2017,July,Butte (SV),LDA,Dsl,RUNEX,DSL,PM2_5,0.0007048472636487039
2017,July,Butte (SV),LDA,Dsl,PMTW,DSL,PM,0.00023565939419659498
2017,July,Butte (SV),LDA,Dsl,PMTW,DSL,PM10,0.00023565939419659498
2017,July,Butte (SV),LDA,Dsl,PMTW,DSL,PM2_5,5.8914848549148744e-05
2017,July,Butte (SV),LDA,Dsl,PMBW,DSL,PM,0.0011046534102965397
2017,July,Butte (SV),LDA,Dsl,PMBW,DSL,PM10,0.0010825603420906084
2017,July,Butte (SV),LDA,Dsl,PMBW,DSL,PM2_5,0.0004639544323245464
2017,July,Butte (SV),LDA,Elec,HOTSOAK,CAT,TOG,5.5490150424868736e-06
2017,July,Butte (SV),LDA,Elec,RESTLOSS,CAT,TOG,5.502945885732878e-06
2017,July,Butte (SV),LDA,Elec,DIURN,CAT,TOG,1.5109562162065332e-05
2017,July,Butte (SV),LDA,Elec,PMTW,CAT,PM,6.915330926326755e-05
2017,July,Butte (SV),LDA,Elec,PMTW,CAT,PM10,6.915330926326755e-05
2017,July,Butte (SV),LDA,Elec,PMTW,CAT,PM2_5,1.7288327315816887e-05
2017,July,Butte (SV),LDA,Elec,PMBW,CAT,PM,0.00032415613717156683
2017,July,Butte (SV),LDA,Elec,PMBW,CAT,PM10,0.00031767301442813526
2017,July,Butte (SV),LDA,Elec,PMBW,CAT,PM2_5,0.00013614557761205802
2017,July,Butte (SV),LDT1,Gas,RUNEX,CAT,CO,0.9063900750961664
2017,July,Butte (SV),LDT1,Gas,RUNEX,CAT,NOx,0.07369272715195788
2017,July,Butte (SV),LDT1,Gas,RUNEX,CAT,SOx,0.0011339611606754627
2017,July,Butte (SV),LDT1,Gas,RUNEX,CAT,PM,0.001010800606353576
2017,July,Butte (SV),LDT1,Gas,RUNEX,CAT,TOG,0.03093767667326591
2017,July,Butte (SV),LDT1,Gas,RUNEX,CAT,PM10,0.0009042964151106242
2017,July,Butte (SV),LDT1,Gas,RUNEX,CAT,PM2_5,0.0008317865154062238
2017,July,Butte (SV),LDT1,Gas,RUNEX,NCAT,CO,0.14425869826359533
2017,July,Butte (SV),LDT1,Gas,RUNEX,NCAT,NOx,0.01156533707057284
2017,July,Butte (SV),LDT1,Gas,RUNEX,NCAT,SOx,1.2500473072103977e-05
2017,July,Butte (SV),LDT1,Gas,RUNEX,NCAT,PM,0.00012255331095646014
2017,July,Butte (SV),LDT1,Gas,RUNEX,NCAT,TOG,0.013070028816878874
2017,July,Butte (SV),LDT1,Gas,RUNEX,NCAT,PM10,0.00011713305879863057
2017,July,Butte (SV),LDT1,Gas,RUNEX,NCAT,PM2_5,0.0001114729691634899
2017,July,Butte (SV),LDT1,Gas,STREX,CAT,CO,0.10203707823857414
2017,July,Butte (SV),LDT1,Gas,STREX,CAT,NOx,0.01635788495018014
2017,July,Butte (SV),LDT1,Gas,STREX,CAT,SOx,2.922694801872341e-05
2017,July,Butte (SV),LDT1,Gas,STREX,CAT,PM,0.0001692823031104805
2017,July,Butte (SV),LDT1,Gas,STREX,CAT,TOG,0.0261791153291318
2017,July,Butte (SV),LDT1,Gas,STREX,CAT,PM10,0.0001514921876603742
2017,July,Butte (SV),LDT1,Gas,STREX,CAT,PM2_5,0.0001393681400905826
2017,July,Butte (SV),LDT1,Gas,STREX,NCAT,CO,0.013106262122994324
2017,July,Butte (SV),LDT1,Gas,STREX,NCAT,NOx,0.0006782961444778396
2017,July,Butte (SV),LDT1,Gas,STREX,NCAT,SOx,1.0832188482000699e-06
2017,July,Butte (SV),LDT1,Gas,STREX,NCAT,PM,2.8379974728808752e-05
2017,July,Butte (SV),LDT1,Gas,STREX,NCAT,TOG,0.0019607605347754698
2017,July,Butte (SV),LDT1,Gas,STREX,NCAT,PM10,2.711934703478078e-05
2017,July,Butte (SV),LDT1,Gas,STREX,NCAT,PM2_5,2.5806349892550134e-05
2017,July,Butte (SV),LDT1,Gas,HOTSOAK,CAT,TOG,0.018734047710175727
2017,July,Butte (SV),LDT1,Gas,HOTSOAK,NCAT,TOG,0.002049330110492155
2017,July,Butte (SV),LDT1,Gas,RUNLOSS,CAT,TOG,0.05196336419468283
2017,July,Butte (SV),LDT1,Gas,RUNLOSS,NCAT,TOG,0.0029771007079915195
2017,July,Butte (SV),LDT1,Gas,RESTLOSS,CAT,TOG,0.012847260062864654
2017,July,Butte (SV),LDT1,Gas,RESTLOSS,NCAT,TOG,0.001773109318949279
2017,July,Butte (SV),LDT1,Gas,DIURN,CAT,TOG,0.02615579618072284
2017,July,Butte (SV),LDT1,Gas,DIURN,NCAT,TOG,0.003335330322000004
2017,July,Butte (SV),LDT1,Gas,PMTW,CAT,PM,0.002424041479473271
2017,July,Butte (SV),LDT1,Gas,PMTW,CAT,PM10,0.002424041479473271
2017,July,Butte (SV),LDT1,Gas,PMTW,CAT,PM2_5,0.0006060103698683178
2017,July,Butte (SV),LDT1,Gas,PMTW,NCAT,PM,1.6425480927673322e-05
2017,July,Butte (SV),LDT1,Gas,PMTW,NCAT,PM10,1.6425480927673322e-05
2017,July,Butte (SV),LDT1,Gas,PMTW,NCAT,PM2_5,4.1063702319183306e-06
2017,July,Butte (SV),LDT1,Gas,PMBW,CAT,PM,0.011362694435030954
2017,July,Butte (SV),LDT1,Gas,PMBW,CAT,PM10,0.011135440546330328
2017,July,Butte (SV),LDT1,Gas,PMBW,CAT,PM2_5,0.004772331662713001
2017,July,Butte (SV),LDT1,Gas,PMBW,NCAT,PM,7.699444184846872e-05
2017,July,Butte (SV),LDT1,Gas,PMBW,NCAT,PM10,7.545455301149932e-05
2017,July,Butte (SV),LDT1,Gas,PMBW,NCAT,PM2_5,3.233766557635687e-05
2017,July,Butte (SV),LDT2,Gas,RUNEX,CAT,CO,3.2986196338776006
2017,July,Butte (SV),LDT2,Gas,RUNEX,CAT,NOx,0.35030401311718484
2017,July,Butte (SV),LDT2,Gas,RUNEX,CAT,SOx,0.004848920768966583
2017,July,Butte (SV),LDT2,Gas,RUNEX,CAT,PM,0.002921771709248155
2017,July,Butte (SV),LDT2,Gas,RUNEX,CAT,TOG,0.1132291481808239
2017,July,Butte (SV),LDT2,Gas,RUNEX,CAT,PM10,0.0026131667728576244
2017,July,Butte (SV),LDT2,Gas,RUNEX,CAT,PM2_5,0.0024032601085098707
2017,July,Butte (SV),LDT2,Gas,RUNEX,NCAT,CO,0.1269638147892459
2017,July,Butte (SV),LDT2,Gas,RUNEX,NCAT,NOx,0.010086000602833519
2017,July,Butte (SV),LDT2,Gas,RUNEX,NCAT,SOx,1.1239183657106762e-05
2017,July,Butte (SV),LDT2,Gas,RUNEX,NCAT,PM,0.00010989747376977768
2017,July,Butte (SV),LDT2,Gas,RUNEX,NCAT,TOG,0.011226032032619853
2017,July,Butte (SV),LDT2,Gas,RUNEX,NCAT,PM10,0.0001045086075029851
2017,July,Butte (SV),LDT2,Gas,RUNEX,NCAT,PM2_5,9.92122199390015e-05
2017,July,Butte (SV),LDT2,Gas,STREX,CAT,CO,0.4645834950839688
2017,July,Butte (SV),LDT2,Gas,STREX,CAT,NOx,0.09193038689887092
2017,July,Butte (SV),LDT2,Gas,STREX,CAT,SOx,0.00012750034129582343
2017,July,Butte (SV),LDT2,Gas,STREX,CAT,PM,0.0004998374308678833
2017,July,Butte (SV),LDT2,Gas,STREX,CAT,TOG,0.10893854328278237
2017,July,Butte (SV),LDT2,Gas,STREX,CAT,PM10,0.0004471207493828315
2017,July,Butte (SV),LDT2,Gas,STREX,CAT,PM2_5,0.00041124365455787225
2017,July,Butte (SV),LDT2,Gas,STREX,NCAT,CO,0.012232234181964882
2017,July,Butte (SV),LDT2,Gas,STREX,NCAT,NOx,0.0005761415878673189
2017,July,Butte (SV),LDT2,Gas,STREX,NCAT,SOx,9.538952809105853e-07
2017,July,Butte (SV),LDT2,Gas,STREX,NCAT,PM,2.551442938470338e-05
2017,July,Butte (SV),LDT2,Gas,STREX,NCAT,TOG,0.0017241344117275995
2017,July,Butte (SV),LDT2,Gas,STREX,NCAT,PM10,2.425328045175645e-05
2017,July,Butte (SV),LDT2,Gas,STREX,NCAT,PM2_5,2.30194453613009e-05
2017,July,Butte (SV),LDT2,Gas,HOTSOAK,CAT,TOG,0.05659661664028528
2017,July,Butte (SV),LDT2,Gas,HOTSOAK,NCAT,TOG,0.001726888004131083
2017,July,Butte (SV),LDT2,Gas,RUNLOSS,CAT,TOG,0.15528951239230707
2017,July,Butte (SV),LDT2,Gas,RUNLOSS,NCAT,TOG,0.0024242929488344526
2017,July,Butte (SV),LDT2,Gas,RESTLOSS,CAT,TOG,0.039657010214379625
2017,July,Butte (SV),LDT2,Gas,RESTLOSS,NCAT,TOG,0.0015857698344657776
2017,July,Butte (SV),LDT2,Gas,DIURN,CAT,TOG,0.07599143188677898
2017,July,Butte (SV),LDT2,Gas,DIURN,NCAT,TOG,0.0029562619581154624
2017,July,Butte (SV),LDT2,Gas,PMTW,CAT,PM,0.00905211910672757
2017,July,Butte (SV),LDT2,Gas,PMTW,CAT,PM10,0.00905211910672757
2017,July,Butte (SV),LDT2,Gas,PMTW,CAT,PM2_5,0.0022630297766818926
2017,July,Butte (SV),LDT2,Gas,PMTW,NCAT,PM,1.4732367701698839e-05
2017,July,Butte (SV),LDT2,Gas,PMTW,NCAT,PM10,1.4732367701698839e-05
2017,July,Butte (SV),LDT2,Gas,PMTW,NCAT,PM2_5,3.6830919254247097e-06
2017,July,Butte (SV),LDT2,Gas,PMBW,CAT,PM,0.04243180831278548
2017,July,Butte (SV),LDT2,Gas,PMBW,CAT,PM10,0.04158317214652979
2017,July,Butte (SV),LDT2,Gas,PMBW,CAT,PM2_5,0.017821359491369898
2017,July,Butte (SV),LDT2,Gas,PMBW,NCAT,PM,6.905797360171329e-05
2017,July,Butte (SV),LDT2,Gas,PMBW,NCAT,PM10,6.767681412967896e-05
2017,July,Butte (SV),LDT2,Gas,PMBW,NCAT,PM2_5,2.900434891271958e-05
2017,July,Butte (SV),MDV,Gas,RUNEX,CAT,CO,2.1595968101797824
2017,July,Butte (SV),MDV,Gas,RUNEX,CAT,NOx,0.22508757207294344
2017,July,Butte (SV),MDV,Gas,RUNEX,CAT,SOx,0.004606464068777593
2017,July,Butte (SV),MDV,Gas,RUNEX,CAT,PM,0.0019496506579220715
2017,July,Butte (SV),MDV,Gas,RUNEX,CAT,TOG,0.07583753721351001
2017,July,Butte (SV),MDV,Gas,RUNEX,CAT,PM10,0.0017437323175217667
2017,July,Butte (SV),MDV,Gas,RUNEX,CAT,PM2_5,0.0016036686585320346
2017,July,Butte (SV),MDV,Gas,RUNEX,NCAT,CO,0.3706896343314201
2017,July,Butte (SV),MDV,Gas,RUNEX,NCAT,NOx,0.022248526530503507
2017,July,Butte (SV),MDV,Gas,RUNEX,NCAT,SOx,2.176450197768443e-05
2017,July,Butte (SV),MDV,Gas,RUNEX,NCAT,PM,0.00016281753254885153
2017,July,Butte (SV),MDV,Gas,RUNEX,NCAT,TOG,0.01944349370223527
2017,July,Butte (SV),MDV,Gas,RUNEX,NCAT,PM10,0.00015572301944001345
2017,July,Butte (SV),MDV,Gas,RUNEX,NCAT,PM2_5,0.00014824785962720555
2017,July,Butte (SV),MDV,Gas,STREX,CAT,CO,0.4705823447480466
2017,July,Butte (SV),MDV,Gas,STREX,CAT,NOx,0.07806717601551348
2017,July,Butte (SV),MDV,Gas,STREX,CAT,SOx,0.00012524128068696074
2017,July,Butte (SV),MDV,Gas,STREX,CAT,PM,0.0004120110159943634
2017,July,Butte (SV),MDV,Gas,STREX,CAT,TOG,0.09687130951166867
2017,July,Butte (SV),MDV,Gas,STREX,CAT,PM10,0.00036856841975508735
2017,July,Butte (SV),MDV,Gas,STREX,CAT,PM2_5,0.0003389999848239634
2017,July,Butte (SV),MDV,Gas,STREX,NCAT,CO,0.04162272709188661
2017,July,Butte (SV),MDV,Gas,STREX,NCAT,NOx,0.0016597608723349477
2017,July,Butte (SV),MDV,Gas,STREX,NCAT,SOx,2.409789288728211e-06
2017,July,Butte (SV),MDV,Gas,STREX,NCAT,PM,4.841197638937943e-05
2017,July,Butte (SV),MDV,Gas,STREX,NCAT,TOG,0.004205286920148998
2017,July,Butte (SV),MDV,Gas,STREX,NCAT,PM10,4.6293337854067604e-05
2017,July,Butte (SV),MDV,Gas,STREX,NCAT,PM2_5,4.406685267246427e-05
2017,July,Butte (SV),MDV,Gas,HOTSOAK,CAT,TOG,0.03837521419477622
2017,July,Butte (SV),MDV,Gas,HOTSOAK,NCAT,TOG,0.00225143138056372
2017,July,Butte (SV),MDV,Gas,RUNLOSS,CAT,TOG,0.10232650740258009
2017,July,Butte (SV),MDV,Gas,RUNLOSS,NCAT,TOG,0.0038428216548631105
2017,July,Butte (SV),MDV,Gas,RESTLOSS,CAT,TOG,0.028553394889291633
2017,July,Butte (SV),MDV,Gas,RESTLOSS,NCAT,TOG,0.00309211285578512
2017,July,Butte (SV),MDV,Gas,DIURN,CAT,TOG,0.051037512634966246
2017,July,Butte (SV),MDV,Gas,DIURN,NCAT,TOG,0.005665792041143555
2017,July,Butte (SV),MDV,Gas,PMTW,CAT,PM,0.007459276141657351
2017,July,Butte (SV),MDV,Gas,PMTW,CAT,PM10,0.007459276141657351
2017,July,Butte (SV),MDV,Gas,PMTW,CAT,PM2_5,0.0018648190354143377
2017,July,Butte (SV),MDV,Gas,PMTW,NCAT,PM,2.1924759417231135e-05
2017,July,Butte (SV),MDV,Gas,PMTW,NCAT,PM10,2.1924759417231135e-05
2017,July,Butte (SV),MDV,Gas,PMTW,NCAT,PM2_5,5.481189854307784e-06
2017,July,Butte (SV),MDV,Gas,PMBW,CAT,PM,0.0349653569140188
2017,July,Butte (SV),MDV,Gas,PMBW,CAT,PM10,0.034266049775738404
2017,July,Butte (SV),MDV,Gas,PMBW,CAT,PM2_5,0.014685449903887916
2017,July,Butte (SV),MDV,Gas,PMBW,NCAT,PM,0.00010277230976827104
2017,July,Butte (SV),MDV,Gas,PMBW,NCAT,PM10,0.00010071686357290557
2017,July,Butte (SV),MDV,Gas,PMBW,NCAT,PM2_5,4.3164370102673845e-05
2017,July,Butte (SV),LHD1,Gas,RUNEX,CAT,CO,0.4019739339635809
2017,July,Butte (SV),LHD1,Gas,RUNEX,CAT,NOx,0.07338718762525451
2017,July,Butte (SV),LHD1,Gas,RUNEX,CAT,SOx,0.0013531684823491102
2017,July,Butte (SV),LHD1,Gas,RUNEX,CAT,PM,0.0005370655387544147
2017,July,Butte (SV),LHD1,Gas,RUNEX,CAT,TOG,0.0311917510354798
2017,July,Butte (SV),LHD1,Gas,RUNEX,CAT,PM10,0.00048013659164644596
2017,July,Butte (SV),LHD1,Gas,RUNEX,CAT,PM2_5,0.00044146787285612816
2017,July,Butte (SV),LHD1,Gas,RUNEX,NCAT,CO,0.18958990618763152
2017,July,Butte (SV),LHD1,Gas,RUNEX,NCAT,NOx,0.004821611403235744
2017,July,Butte (SV),LHD1,Gas,RUNEX,NCAT,SOx,2.052639640432855e-05
2017,July,Butte (SV),LHD1,Gas,RUNEX,NCAT,PM,9.288265978132351e-05
2017,July,Butte (SV),LHD1,Gas,RUNEX,NCAT,TOG,0.010554893348153923
2017,July,Butte (SV),LHD1,Gas,RUNEX,NCAT,PM10,8.926023604985186e-05
2017,July,Butte (SV),LHD1,Gas,RUNEX,NCAT,PM2_5,8.517339901947362e-05
2017,July,Butte (SV),LHD1,Gas,IDLEX,CAT,CO,0.014094250973520942
2017,July,Butte (SV),LHD1,Gas,IDLEX,CAT,NOx,0.00015826364684281608
2017,July,Butte (SV),LHD1,Gas,IDLEX,CAT,SOx,4.71722804545527e-06
2017,July,Butte (SV),LHD1,Gas,IDLEX,CAT,TOG,0.002633161988916466
2017,July,Butte (SV),LHD1,Gas,IDLEX,NCAT,CO,0.0003571103825699363
2017,July,Butte (SV),LHD1,Gas,IDLEX,NCAT,NOx,4.038281490808422e-06
2017,July,Butte (SV),LHD1,Gas,IDLEX,NCAT,SOx,1.3158499037093228e-07
2017,July,Butte (SV),LHD1,Gas,IDLEX,NCAT,TOG,6.418762343345934e-05
2017,July,Butte (SV),LHD1,Gas,STREX,CAT,CO,0.12964318313921314
2017,July,Butte (SV),LHD1,Gas,STREX,CAT,NOx,0.03046234686366765
2017,July,Butte (SV),LHD1,Gas,STREX,CAT,SOx,1.1143548471212218e-05
2017,July,Butte (SV),LHD1,Gas,STREX,CAT,PM,4.408108083903028e-05
2017,July,Butte (SV),LHD1,Gas,STREX,CAT,TOG,0.011527139962071012
2017,July,Butte (SV),LHD1,Gas,STREX,CAT,PM10,3.9408486270093025e-05
2017,July,Butte (SV),LHD1,Gas,STREX,CAT,PM2_5,3.623464844968294e-05
2017,July,Butte (SV),LHD1,Gas,STREX,NCAT,CO,0.00015200237187287653
2017,July,Butte (SV),LHD1,Gas,STREX,NCAT,NOx,0.0005531059572293972
2017,July,Butte (SV),LHD1,Gas,STREX,NCAT,SOx,1.0571721595796864e-06
2017,July,Butte (SV),LHD1,Gas,STREX,NCAT,PM,2.4359137895917705e-05
2017,July,Butte (SV),LHD1,Gas,STREX,NCAT,TOG,0.003258003489802722
2017,July,Butte (SV),LHD1,Gas,STREX,NCAT,PM10,2.340913151797689e-05
2017,July,Butte (SV),LHD1,Gas,STREX,NCAT,PM2_5,2.233732945055652e-05
2017,July,Butte (SV),LHD1,Gas,HOTSOAK,CAT,TOG,0.014998386185133574
2017,July,Butte (SV),LHD1,Gas,HOTSOAK,NCAT,TOG,0.0028380241421518612
2017,July,Butte (SV),LHD1,Gas,RUNLOSS,CAT,TOG,0.0960380090364255
2017,July,Butte (SV),LHD1,Gas,RUNLOSS,NCAT,TOG,0.005002455130644351
2017,July,Butte (SV),LHD1,Gas,RESTLOSS,CAT,TOG,0.0002993516828286465
2017,July,Butte (SV),LHD1,Gas,RESTLOSS,NCAT,TOG,4.4275295342537324e-05
2017,July,Butte (SV),LHD1,Gas,DIURN,CAT,TOG,0.0010844903664954091
2017,July,Butte (SV),LHD1,Gas,DIURN,NCAT,TOG,0.00014980283579439887
2017,July,Butte (SV),LHD1,Gas,PMTW,CAT,PM,0.0010354444874727453
2017,July,Butte (SV),LHD1,Gas,PMTW,CAT,PM10,0.0010354444874727453
2017,July,Butte (SV),LHD1,Gas,PMTW,CAT,PM2_5,0.0002588611218681863
2017,July,Butte (SV),LHD1,Gas,PMTW,NCAT,PM,1.3178755902059758e-05
2017,July,Butte (SV),LHD1,Gas,PMTW,NCAT,PM10,1.3178755902059758e-05
2017,July,Butte (SV),LHD1,Gas,PMTW,NCAT,PM2_5,3.2946889755149396e-06
2017,July,Butte (SV),LHD1,Gas,PMBW,CAT,PM,0.010095583752859258
2017,July,Butte (SV),LHD1,Gas,PMBW,CAT,PM10,0.00989367207780208
2017,July,Butte (SV),LHD1,Gas,PMBW,CAT,PM2_5,0.004240145176200893
2017,July,Butte (SV),LHD1,Gas,PMBW,NCAT,PM,0.00012849287004508254
2017,July,Butte (SV),LHD1,Gas,PMBW,NCAT,PM10,0.00012592301264418088
2017,July,Butte (SV),LHD1,Gas,PMBW,NCAT,PM2_5,5.396700541893469e-05
2017,July,Butte (SV),LHD2,Gas,RUNEX,CAT,CO,0.02710983799143326
2017,July,Butte (SV),LHD2,Gas,RUNEX,CAT,NOx,0.0059365709502132965
2017,July,Butte (SV),LHD2,Gas,RUNEX,CAT,SOx,0.00016039483567978826
2017,July,Butte (SV),LHD2,Gas,RUNEX,CAT,PM,4.268060279666057e-05
2017,July,Butte (SV),LHD2,Gas,RUNEX,CAT,TOG,0.0020691602091710624
2017,July,Butte (SV),LHD2,Gas,RUNEX,CAT,PM10,3.8156458900214526e-05
2017,July,Butte (SV),LHD2,Gas,RUNEX,CAT,PM2_5,3.508345549885501e-05
2017,July,Butte (SV),LHD2,Gas,IDLEX,CAT,CO,0.001342917362521459
2017,July,Butte (SV),LHD2,Gas,IDLEX,CAT,NOx,1.5084374121887751e-05
2017,July,Butte (SV),LHD2,Gas,IDLEX,CAT,SOx,5.145061519396397e-07
2017,July,Butte (SV),LHD2,Gas,IDLEX,CAT,TOG,0.00025148954917490735
2017,July,Butte (SV),LHD2,Gas,STREX,CAT,CO,0.01139229223167603
2017,July,Butte (SV),LHD2,Gas,STREX,CAT,NOx,0.0027816332850249944
2017,July,Butte (SV),LHD2,Gas,STREX,CAT,SOx,1.1914207528794079e-06
2017,July,Butte (SV),LHD2,Gas,STREX,CAT,PM,3.1548856821846316e-06
2017,July,Butte (SV),LHD2,Gas,STREX,CAT,TOG,0.0009493365543217986
2017,July,Butte (SV),LHD2,Gas,STREX,CAT,PM10,2.8204677998730565e-06
2017,July,Butte (SV),LHD2,Gas,STREX,CAT,PM2_5,2.5933160307557644e-06
2017,July,Butte (SV),LHD2,Gas,HOTSOAK,CAT,TOG,0.0011121140678116755
2017,July,Butte (SV),LHD2,Gas,RUNLOSS,CAT,TOG,0.00710080889663754
2017,July,Butte (SV),LHD2,Gas,RESTLOSS,CAT,TOG,2.1081739423988086e-05
2017,July,Butte (SV),LHD2,Gas,DIURN,CAT,TOG,7.59479238965957e-05
2017,July,Butte (SV),LHD2,Gas,PMTW,CAT,PM,0.00010752087537771305
2017,July,Butte (SV),LHD2,Gas,PMTW,CAT,PM10,0.00010752087537771305
2017,July,Butte (SV),LHD2,Gas,PMTW,CAT,PM2_5,2.6880218844428263e-05
2017,July,Butte (SV),LHD2,Gas,PMBW,CAT,PM,0.001223049957421487
2017,July,Butte (SV),LHD2,Gas,PMBW,CAT,PM10,0.0011985889582730564
2017,July,Butte (SV),LHD2,Gas,PMBW,CAT,PM2_5,0.0005136809821170246
2017,July,Butte (SV),T6TS,Gas,RUNEX,CAT,CO,0.07343943968495195
2017,July,Butte (SV),T6TS,Gas,RUNEX,CAT,NOx,0.013881417484191798
2017,July,Butte (SV),T6TS,Gas,RUNEX,CAT,SOx,0.00015769118326379363
2017,July,Butte (SV),T6TS,Gas,RUNEX,CAT,PM,2.5595368949503607e-05
2017,July,Butte (SV),T6TS,Gas,RUNEX,CAT,TOG,0.004727209432428928
2017,July,Butte (SV),T6TS,Gas,RUNEX,CAT,PM10,2.2882259840856207e-05
2017,July,Butte (SV),T6TS,Gas,RUNEX,CAT,PM2_5,2.1039393276491962e-05
2017,July,Butte (SV),T6TS,Gas,RUNEX,NCAT,CO,0.03971461865432478
2017,July,Butte (SV),T6TS,Gas,RUNEX,NCAT,NOx,0.001098881799337405
2017,July,Butte (SV),T6TS,Gas,RUNEX,NCAT,SOx,5.775561429836131e-06
2017,July,Butte (SV),T6TS,Gas,RUNEX,NCAT,PM,1.1372975760546897e-05
2017,July,Butte (SV),T6TS,Gas,RUNEX,NCAT,TOG,0.0017627235158286718
2017,July,Butte (SV),T6TS,Gas,RUNEX,NCAT,PM10,1.0929429705885564e-05
2017,July,Butte (SV),T6TS,Gas,RUNEX,NCAT,PM2_5,1.0429018772421502e-05
2017,July,Butte (SV),T6TS,Gas,IDLEX,CAT,CO,0.002098256329913323
2017,July,Butte (SV),T6TS,Gas,IDLEX,CAT,NOx,1.8587870064248818e-05
2017,July,Butte (SV),T6TS,Gas,IDLEX,CAT,SOx,1.2202905102475283e-06
2017,July,Butte (SV),T6TS,Gas,IDLEX,CAT,TOG,0.00027311830673090867
2017,July,Butte (SV),T6TS,Gas,IDLEX,NCAT,CO,0.000254773348166838
2017,July,Butte (SV),T6TS,Gas,IDLEX,NCAT,NOx,2.2633287269033693e-06
2017,July,Butte (SV),T6TS,Gas,IDLEX,NCAT,SOx,1.6003401379643176e-07
2017,July,Butte (SV),T6TS,Gas,IDLEX,NCAT,TOG,3.204782188252127e-05
2017,July,Butte (SV),T6TS,Gas,STREX,CAT,CO,0.026644315210903498
2017,July,Butte (SV),T6TS,Gas,STREX,CAT,NOx,0.001640106656968482
2017,July,Butte (SV),T6TS,Gas,STREX,CAT,SOx,1.7908856819927687e-06
2017,July,Butte (SV),T6TS,Gas,STREX,CAT,PM,5.211013400618685e-06
2017,July,Butte (SV),T6TS,Gas,STREX,CAT,TOG,0.0012131040317212263
2017,July,Butte (SV),T6TS,Gas,STREX,CAT,PM10,4.658645980153108e-06
2017,July,Butte (SV),T6TS,Gas,STREX,CAT,PM2_5,4.283453015308547e-06
2017,July,Butte (SV),T6TS,Gas,STREX,NCAT,CO,8.253856851607951e-05
2017,July,Butte (SV),T6TS,Gas,STREX,NCAT,NOx,0.0002959817786284429
2017,July,Butte (SV),T6TS,Gas,STREX,NCAT,SOx,7.521815356626673e-07
2017,July,Butte (SV),T6TS,Gas,STREX,NCAT,PM,8.36701545103886e-06
2017,July,Butte (SV),T6TS,Gas,STREX,NCAT,TOG,0.0016802256112610357
2017,July,Butte (SV),T6TS,Gas,STREX,NCAT,PM10,8.040701848448343e-06
2017,July,Butte (SV),T6TS,Gas,STREX,NCAT,PM2_5,7.672553168602635e-06
2017,July,Butte (SV),T6TS,Gas,HOTSOAK,CAT,TOG,0.0009945788838908612
2017,July,Butte (SV),T6TS,Gas,HOTSOAK,NCAT,TOG,0.0010704683633441228
2017,July,Butte (SV),T6TS,Gas,RUNLOSS,CAT,TOG,0.0046712728729731735
2017,July,Butte (SV),T6TS,Gas,RUNLOSS,NCAT,TOG,0.0015371071845634114
2017,July,Butte (SV),T6TS,Gas,RESTLOSS,CAT,TOG,2.3527242025715045e-05
2017,July,Butte (SV),T6TS,Gas,RESTLOSS,NCAT,TOG,1.1844374793089456e-05
2017,July,Butte (SV),T6TS,Gas,DIURN,CAT,TOG,8.073184723626346e-05
2017,July,Butte (SV),T6TS,Gas,DIURN,NCAT,TOG,3.8094571284717684e-05
2017,July,Butte (SV),T6TS,Gas,PMTW,CAT,PM,0.00010207906114806767
2017,July,Butte (SV),T6TS,Gas,PMTW,CAT,PM10,0.00010207906114806767
2017,July,Butte (SV),T6TS,Gas,PMTW,CAT,PM2_5,2.5519765287016918e-05
2017,July,Butte (SV),T6TS,Gas,PMTW,NCAT,PM,3.275723539803195e-06
2017,July,Butte (SV),T6TS,Gas,PMTW,NCAT,PM10,3.275723539803195e-06
2017,July,Butte (SV),T6TS,Gas,PMTW,NCAT,PM2_5,8.189308849507987e-07
2017,July,Butte (SV),T6TS,Gas,PMBW,CAT,PM,0.001131376261057749
2017,July,Butte (SV),T6TS,Gas,PMBW,CAT,PM10,0.0011087487358365951
2017,July,Butte (SV),T6TS,Gas,PMBW,CAT,PM2_5,0.00047517802964425416
2017,July,Butte (SV),T6TS,Gas,PMBW,NCAT,PM,3.630593589948541e-05
2017,July,Butte (SV),T6TS,Gas,PMBW,NCAT,PM10,3.5579817181495716e-05
2017,July,Butte (SV),T6TS,Gas,PMBW,NCAT,PM2_5,1.524849307778387e-05
2017,July,Butte (SV),T7IS,Gas,RUNEX,CAT,CO,0.0011987866826612236
2017,July,Butte (SV),T7IS,Gas,RUNEX,CAT,NOx,0.0007320735464178616
2017,July,Butte (SV),T7IS,Gas,RUNEX,CAT,SOx,3.981166841672527e-07
2017,July,Butte (SV),T7IS,Gas,RUNEX,CAT,PM,1.8254444638012536e-07
2017,July,Butte (SV),T7IS,Gas,RUNEX,CAT,TOG,5.3420872950745876e-05
2017,July,Butte (SV),T7IS,Gas,RUNEX,CAT,PM10,1.6319473506383213e-07
2017,July,Butte (SV),T7IS,Gas,RUNEX,CAT,PM2_5,1.5005153492446306e-07
2017,July,Butte (SV),T7IS,Gas,RUNEX,NCAT,CO,0.0038586952448742555
2017,July,Butte (SV),T7IS,Gas,RUNEX,NCAT,NOx,0.00017675480882909858
2017,July,Butte (SV),T7IS,Gas,RUNEX,NCAT,SOx,3.05259471694287e-07
2017,July,Butte (SV),T7IS,Gas,RUNEX,NCAT,PM,3.962435843612988e-07
2017,July,Butte (SV),T7IS,Gas,RUNEX,NCAT,TOG,0.00013639450344406014
2017,July,Butte (SV),T7IS,Gas,RUNEX,NCAT,PM10,3.807900845712081e-07
2017,July,Butte (SV),T7IS,Gas,RUNEX,NCAT,PM2_5,3.6335536685931097e-07
2017,July,Butte (SV),T7IS,Gas,STREX,CAT,CO,0.00023039288123386672
2017,July,Butte (SV),T7IS,Gas,STREX,CAT,NOx,5.750088504598487e-08
2017,July,Butte (SV),T7IS,Gas,STREX,CAT,SOx,1.0264328517154782e-08
2017,July,Butte (SV),T7IS,Gas,STREX,CAT,PM,5.0882922173290184e-08
2017,July,Butte (SV),T7IS,Gas,STREX,CAT,TOG,1.4834460682301024e-08
2017,July,Butte (SV),T7IS,Gas,STREX,CAT,PM10,4.5489332422921444e-08
2017,July,Butte (SV),T7IS,Gas,STREX,CAT,PM2_5,4.182576202644454e-08
2017,July,Butte (SV),T7IS,Gas,STREX,NCAT,CO,0.0
2017,July,Butte (SV),T7IS,Gas,STREX,NCAT,NOx,0.0
2017,July,Butte (SV),T7IS,Gas,STREX,NCAT,SOx,2.2865821530726337e-08
2017,July,Butte (SV),T7IS,Gas,STREX,NCAT,PM,2.146139750009536e-07
2017,July,Butte (SV),T7IS,Gas,STREX,NCAT,TOG,0.0
2017,July,Butte (SV),T7IS,Gas,STREX,NCAT,PM10,2.062440299759164e-07
2017,July,Butte (SV),T7IS,Gas,STREX,NCAT,PM2_5,1.9680101507587448e-07
2017,July,Butte (SV),T7IS,Gas,HOTSOAK,CAT,TOG,6.912577177962451e-06
2017,July,Butte (SV),T7IS,Gas,HOTSOAK,NCAT,TOG,2.7565116687861946e-05
2017,July,Butte (SV),T7IS,Gas,RUNLOSS,CAT,TOG,3.171616472572603e-05
2017,July,Butte (SV),T7IS,Gas,RUNLOSS,NCAT,TOG,8.328815966859363e-05
2017,July,Butte (SV),T7IS,Gas,RESTLOSS,CAT,TOG,1.7012094672950017e-07
2017,July,Butte (SV),T7IS,Gas,RESTLOSS,NCAT,TOG,2.5546069321586885e-07
2017,July,Butte (SV),T7IS,Gas,DIURN,CAT,TOG,4.766689410125129e-07
2017,July,Butte (SV),T7IS,Gas,DIURN,NCAT,TOG,9.144411724775887e-07
2017,July,Butte (SV),T7IS,Gas,PMTW,CAT,PM,3.588289612442585e-07
2017,July,Butte (SV),T7IS,Gas,PMTW,CAT,PM10,3.588289612442585e-07
2017,July,Butte (SV),T7IS,Gas,PMTW,CAT,PM2_5,8.970724031106463e-08
2017,July,Butte (SV),T7IS,Gas,PMTW,NCAT,PM,2.1763881129364084e-07
2017,July,Butte (SV),T7IS,Gas,PMTW,NCAT,PM10,2.1763881129364084e-07
2017,July,Butte (SV),T7IS,Gas,PMTW,NCAT,PM2_5,5.440970282341021e-08
2017,July,Butte (SV),T7IS,Gas,PMBW,CAT,PM,1.1303112279194144e-06
2017,July,Butte (SV),T7IS,Gas,PMBW,CAT,PM10,1.1077050033610258e-06
2017,July,Butte (SV),T7IS,Gas,PMBW,CAT,PM2_5,4.747307157261539e-07
2017,July,Butte (SV),T7IS,Gas,PMBW,NCAT,PM,6.855622555749686e-07
2017,July,Butte (SV),T7IS,Gas,PMBW,NCAT,PM10,6.718510104634695e-07
2017,July,Butte (SV),T7IS,Gas,PMBW,NCAT,PM2_5,2.879361473414868e-07
2017,July,Butte (SV),LDT1,Dsl,RUNEX,DSL,CO,0.0005940995772128659
2017,July,Butte (SV),LDT1,Dsl,RUNEX,DSL,NOx,0.0006359285826015111
2017,July,Butte (SV),LDT1,Dsl,RUNEX,DSL,SOx,1.6222170501830647e-06
2017,July,Butte (SV),LDT1,Dsl,RUNEX,DSL,PM,8.961422781875076e-05
2017,July,Butte (SV),LDT1,Dsl,RUNEX,DSL,TOG,0.00011393280813389054
2017,July,Butte (SV),LDT1,Dsl,RUNEX,DSL,PM10,8.907654245183828e-05
2017,July,Butte (SV),LDT1,Dsl,RUNEX,DSL,PM2_5,8.522313065563202e-05
2017,July,Butte (SV),LDT1,Dsl,PMTW,DSL,PM,3.1395214764769945e-06
2017,July,Butte (SV),LDT1,Dsl,PMTW,DSL,PM10,3.1395214764769945e-06
2017,July,Butte (SV),LDT1,Dsl,PMTW,DSL,PM2_5,7.848803691192486e-07
2017,July,Butte (SV),LDT1,Dsl,PMBW,DSL,PM,1.4716506920985903e-05
2017,July,Butte (SV),LDT1,Dsl,PMBW,DSL,PM10,1.4422176782566181e-05
2017,July,Butte (SV),LDT1,Dsl,PMBW,DSL,PM2_5,6.180932906814075e-06
2017,July,Butte (SV),LDT2,Dsl,RUNEX,DSL,CO,0.0007696808304618202
2017,July,Butte (SV),LDT2,Dsl,RUNEX,DSL,NOx,0.0007250599302288887
2017,July,Butte (SV),LDT2,Dsl,RUNEX,DSL,SOx,1.0101999484879575e-05
2017,July,Butte (SV),LDT2,Dsl,RUNEX,DSL,PM,6.318920597035626e-05
2017,July,Butte (SV),LDT2,Dsl,RUNEX,DSL,TOG,0.0001204672760901232
2017,July,Butte (SV),LDT2,Dsl,RUNEX,DSL,PM10,6.281007073453416e-05
2017,July,Butte (SV),LDT2,Dsl,RUNEX,DSL,PM2_5,6.009293487780884e-05
2017,July,Butte (SV),LDT2,Dsl,PMTW,DSL,PM,2.6432474515252226e-05
2017,July,Butte (SV),LDT2,Dsl,PMTW,DSL,PM10,2.6432474515252226e-05
2017,July,Butte (SV),LDT2,Dsl,PMTW,DSL,PM2_5,6.6081186288130565e-06
2017,July,Butte (SV),LDT2,Dsl,PMBW,DSL,PM,0.00012390222429024483
2017,July,Butte (SV),LDT2,Dsl,PMBW,DSL,PM10,0.00012142417980443993
2017,July,Butte (SV),LDT2,Dsl,PMBW,DSL,PM2_5,5.2038934201902846e-05
2017,July,Butte (SV),MDV,Dsl,RUNEX,DSL,CO,0.005765692540234191
2017,July,Butte (SV),MDV,Dsl,RUNEX,DSL,NOx,0.0033780762341598255
2017,July,Butte (SV),MDV,Dsl,RUNEX,DSL,SOx,8.904515998068512e-05
2017,July,Butte (SV),MDV,Dsl,RUNEX,DSL,PM,0.0002528801994440725
2017,July,Butte (SV),MDV,Dsl,RUNEX,DSL,TOG,0.0005104848402886345
2017,July,Butte (SV),MDV,Dsl,RUNEX,DSL,PM10,0.0002513629182474082
2017,July,Butte (SV),MDV,Dsl,RUNEX,DSL,PM2_5,0.0002404890696713129
2017,July,Butte (SV),MDV,Dsl,PMTW,DSL,PM,0.00018043449022134847
2017,July,Butte (SV),MDV,Dsl,PMTW,DSL,PM10,0.00018043449022134847
2017,July,Butte (SV),MDV,Dsl,PMTW,DSL,PM2_5,4.510862255533712e-05
2017,July,Butte (SV),MDV,Dsl,PMBW,DSL,PM,0.0008457866729125706
2017,July,Butte (SV),MDV,Dsl,PMBW,DSL,PM10,0.0008288709394543186
2017,July,Butte (SV),MDV,Dsl,PMBW,DSL,PM2_5,0.0003552304026232797
2017,July,Butte (SV),LHD1,Dsl,RUNEX,DSL,CO,0.23865965406730405
2017,July,Butte (SV),LHD1,Dsl,RUNEX,DSL,NOx,1.004234074025968
2017,July,Butte (SV),LHD1,Dsl,RUNEX,DSL,SOx,0.0013156852444935266
2017,July,Butte (SV),LHD1,Dsl,RUNEX,DSL,PM,0.010280200037396891
2017,July,Butte (SV),LHD1,Dsl,RUNEX,DSL,TOG,0.060321281423239004
2017,July,Butte (SV),LHD1,Dsl,RUNEX,DSL,PM10,0.010218518837172494
2017,July,Butte (SV),LHD1,Dsl,RUNEX,DSL,PM2_5,0.009776470235564438
2017,July,Butte (SV),LHD1,Dsl,IDLEX,DSL,CO,0.005740728144022625
2017,July,Butte (SV),LHD1,Dsl,IDLEX,DSL,NOx,0.016236943763737587
2017,July,Butte (SV),LHD1,Dsl,IDLEX,DSL,SOx,8.48663449474714e-06
2017,July,Butte (SV),LHD1,Dsl,IDLEX,DSL,PM,0.000187690304502364
2017,July,Butte (SV),LHD1,Dsl,IDLEX,DSL,TOG,0.000788493053101858
2017,July,Butte (SV),LHD1,Dsl,IDLEX,DSL,PM10,0.00018656416267535004
2017,July,Butte (SV),LHD1,Dsl,IDLEX,DSL,PM2_5,0.0001784934795817484
2017,July,Butte (SV),LHD1,Dsl,PMTW,DSL,PM,0.0028174593025197
2017,July,Butte (SV),LHD1,Dsl,PMTW,DSL,PM10,0.0028174593025197
2017,July,Butte (SV),LHD1,Dsl,PMTW,DSL,PM2_5,0.000704364825629925
2017,July,Butte (SV),LHD1,Dsl,PMBW,DSL,PM,0.01831348546637802
2017,July,Butte (SV),LHD1,Dsl,PMBW,DSL,PM10,0.017947215757050453
2017,July,Butte (SV),LHD1,Dsl,PMBW,DSL,PM2_5,0.007691663895878773
2017,July,Butte (SV),LHD2,Dsl,RUNEX,DSL,CO,0.042535342157887346
2017,July,Butte (SV),LHD2,Dsl,RUNEX,DSL,NOx,0.15046296226920503
2017,July,Butte (SV),LHD2,Dsl,RUNEX,DSL,SOx,0.00031477839366432123
2017,July,Butte (SV),LHD2,Dsl,RUNEX,DSL,PM,0.0017019395419216377
2017,July,Butte (SV),LHD2,Dsl,RUNEX,DSL,TOG,0.010627726364237504
2017,July,Butte (SV),LHD2,Dsl,RUNEX,DSL,PM10,0.0016917279046701067
2017,July,Butte (SV),LHD2,Dsl,RUNEX,DSL,PM2_5,0.0016185445043674757
2017,July,Butte (SV),LHD2,Dsl,IDLEX,DSL,CO,0.0011369669226349768
2017,July,Butte (SV),LHD2,Dsl,IDLEX,DSL,NOx,0.0032158695548305458
2017,July,Butte (SV),LHD2,Dsl,IDLEX,DSL,SOx,2.690622983204171e-06
2017,July,Butte (SV),LHD2,Dsl,IDLEX,DSL,PM,3.502355266961396e-05
2017,July,Butte (SV),LHD2,Dsl,IDLEX,DSL,TOG,0.00015616320745613491
2017,July,Butte (SV),LHD2,Dsl,IDLEX,DSL,PM10,3.481341135359623e-05
2017,July,Butte (SV),LHD2,Dsl,IDLEX,DSL,PM2_5,3.3307398588802885e-05
2017,July,Butte (SV),LHD2,Dsl,PMTW,DSL,PM,0.0006014806043578725
2017,July,Butte (SV),LHD2,Dsl,PMTW,DSL,PM10,0.0006014806043578725
2017,July,Butte (SV),LHD2,Dsl,PMTW,DSL,PM2_5,0.00015037015108946812
2017,July,Butte (SV),LHD2,Dsl,PMBW,DSL,PM,0.0045612279163805315
2017,July,Butte (SV),LHD2,Dsl,PMBW,DSL,PM10,0.004470003358052923
2017,July,Butte (SV),LHD2,Dsl,PMBW,DSL,PM2_5,0.0019157157248798217
2017,July,Butte (SV),LDT1,Elec,HOTSOAK,CAT,TOG,2.0970983833602132e-07
2017,July,Butte (SV),LDT1,Elec,RESTLOSS,CAT,TOG,2.2725317393920675e-07
2017,July,Butte (SV),LDT1,Elec,DIURN,CAT,TOG,6.239741457504437e-07
2017,July,Butte (SV),LDT1,Elec,PMTW,CAT,PM,2.1763699000060903e-06
2017,July,Butte (SV),LDT1,Elec,PMTW,CAT,PM10,2.1763699000060903e-06
2017,July,Butte (SV),LDT1,Elec,PMTW,CAT,PM2_5,5.440924750015226e-07
2017,July,Butte (SV),LDT1,Elec,PMBW,CAT,PM,1.020173390627855e-05
2017,July,Butte (SV),LDT1,Elec,PMBW,CAT,PM10,9.997699228152974e-06
2017,July,Butte (SV),LDT1,Elec,PMBW,CAT,PM2_5,4.284728240636991e-06
2017,July,Butte (SV),LDT2,Elec,HOTSOAK,CAT,TOG,7.346694596509208e-07
2017,July,Butte (SV),LDT2,Elec,RESTLOSS,CAT,TOG,7.426804737344612e-07
2017,July,Butte (SV),LDT2,Elec,DIURN,CAT,TOG,2.0391944637392144e-06
2017,July,Butte (SV),LDT2,Elec,PMTW,CAT,PM,8.405285660296751e-06
2017,July,Butte (SV),LDT2,Elec,PMTW,CAT,PM10,8.405285660296751e-06
2017,July,Butte (SV),LDT2,Elec,PMTW,CAT,PM2_5,2.1013214150741878e-06
2017,July,Butte (SV),LDT2,Elec,PMBW,CAT,PM,3.9399776532641005e-05
2017,July,Butte (SV),LDT2,Elec,PMBW,CAT,PM10,3.86117810019882e-05
2017,July,Butte (SV),LDT2,Elec,PMBW,CAT,PM2_5,1.654790614370922e-05
2017,July,Butte (SV),MDV,Elec,HOTSOAK,CAT,TOG,5.701579988652515e-08
2017,July,Butte (SV),MDV,Elec,RESTLOSS,CAT,TOG,5.526956638889587e-08
2017,July,Butte (SV),MDV,Elec,DIURN,CAT,TOG,1.5175489026496238e-07
2017,July,Butte (SV),MDV,Elec,PMTW,CAT,PM,7.051912450240215e-07
2017,July,Butte (SV),MDV,Elec,PMTW,CAT,PM10,7.051912450240215e-07
2017,July,Butte (SV),MDV,Elec,PMTW,CAT,PM2_5,1.7629781125600537e-07
2017,July,Butte (SV),MDV,Elec,PMBW,CAT,PM,3.3055839610500998e-06
2017,July,Butte (SV),MDV,Elec,PMBW,CAT,PM10,3.2394722818290972e-06
2017,July,Butte (SV),MDV,Elec,PMBW,CAT,PM2_5,1.3883452636410418e-06
2017,July,Butte (SV),SBUS,Gas,RUNEX,CAT,CO,0.01843485135178707
2017,July,Butte (SV),SBUS,Gas,RUNEX,CAT,NOx,0.0039293368767074136
2017,July,Butte (SV),SBUS,Gas,RUNEX,CAT,SOx,1.3637427617977557e-05
2017,July,Butte (SV),SBUS,Gas,RUNEX,CAT,PM,1.1377098964339959e-05
2017,July,Butte (SV),SBUS,Gas,RUNEX,CAT,TOG,0.0011587226996927196
2017,July,Butte (SV),SBUS,Gas,RUNEX,CAT,PM10,1.0171126474119917e-05
2017,July,Butte (SV),SBUS,Gas,RUNEX,CAT,PM2_5,9.351975348687445e-06
2017,July,Butte (SV),SBUS,Gas,IDLEX,CAT,CO,0.0021118214501980865
2017,July,Butte (SV),SBUS,Gas,IDLEX,CAT,NOx,2.3809738764619973e-05
2017,July,Butte (SV),SBUS,Gas,IDLEX,CAT,SOx,7.404811906137662e-07
2017,July,Butte (SV),SBUS,Gas,IDLEX,CAT,TOG,0.0003899004208996251
2017,July,Butte (SV),SBUS,Gas,STREX,CAT,CO,0.0017127408605014005
2017,July,Butte (SV),SBUS,Gas,STREX,CAT,NOx,6.818339102976038e-05
2017,July,Butte (SV),SBUS,Gas,STREX,CAT,SOx,6.828330132513186e-08
2017,July,Butte (SV),SBUS,Gas,STREX,CAT,PM,2.3455598547028953e-07
2017,July,Butte (SV),SBUS,Gas,STREX,CAT,TOG,7.326563890222675e-05
2017,July,Butte (SV),SBUS,Gas,STREX,CAT,PM10,2.0969305101043888e-07
2017,July,Butte (SV),SBUS,Gas,STREX,CAT,PM2_5,1.9280502005657802e-07
2017,July,Butte (SV),SBUS,Gas,HOTSOAK,CAT,TOG,5.744063977191625e-05
2017,July,Butte (SV),SBUS,Gas,RUNLOSS,CAT,TOG,0.0005042634770592948
2017,July,Butte (SV),SBUS,Gas,RESTLOSS,CAT,TOG,3.194765872103532e-06
2017,July,Butte (SV),SBUS,Gas,DIURN,CAT,TOG,1.8320989571592527e-05
2017,July,Butte (SV),SBUS,Gas,PMTW,CAT,PM,1.1824729122796455e-05
2017,July,Butte (SV),SBUS,Gas,PMTW,CAT,PM10,1.1824729122796455e-05
2017,July,Butte (SV),SBUS,Gas,PMTW,CAT,PM2_5,2.9561822806991137e-06
2017,July,Butte (SV),SBUS,Gas,PMBW,CAT,PM,0.0011233492518847523
2017,July,Butte (SV),SBUS,Gas,PMBW,CAT,PM10,0.0011008822668470567
2017,July,Butte (SV),SBUS,Gas,PMBW,CAT,PM2_5,0.00047180668579159535
2017,July,Butte (SV),OBUS,Gas,RUNEX,CAT,CO,0.024412773021333628
2017,July,Butte (SV),OBUS,Gas,RUNEX,CAT,NOx,0.006538017033382936
2017,July,Butte (SV),OBUS,Gas,RUNEX,CAT,SOx,9.868510432418821e-05
2017,July,Butte (SV),OBUS,Gas,RUNEX,CAT,PM,7.080244480645344e-06
2017,July,Butte (SV),OBUS,Gas,RUNEX,CAT,TOG,0.0015198400197404377
2017,July,Butte (SV),OBUS,Gas,RUNEX,CAT,PM10,6.329738565696933e-06
2017,July,Butte (SV),OBUS,Gas,RUNEX,CAT,PM2_5,5.819960963090467e-06
2017,July,Butte (SV),OBUS,Gas,RUNEX,NCAT,CO,0.0025541887840126393
2017,July,Butte (SV),OBUS,Gas,RUNEX,NCAT,NOx,7.506013471887385e-05
2017,July,Butte (SV),OBUS,Gas,RUNEX,NCAT,SOx,3.6821589553256305e-07
2017,July,Butte (SV),OBUS,Gas,RUNEX,NCAT,PM,7.238979967494163e-07
2017,July,Butte (SV),OBUS,Gas,RUNEX,NCAT,TOG,0.00011844047505184184
2017,July,Butte (SV),OBUS,Gas,RUNEX,NCAT,PM10,6.956659748761892e-07
2017,July,Butte (SV),OBUS,Gas,RUNEX,NCAT,PM2_5,6.638144630192149e-07
2017,July,Butte (SV),OBUS,Gas,IDLEX,CAT,CO,0.0005919313151029492
2017,July,Butte (SV),OBUS,Gas,IDLEX,CAT,NOx,6.669086608387574e-06
2017,July,Butte (SV),OBUS,Gas,IDLEX,CAT,SOx,4.007730175336561e-07
2017,July,Butte (SV),OBUS,Gas,IDLEX,CAT,TOG,0.00011135694762356216
2017,July,Butte (SV),OBUS,Gas,IDLEX,NCAT,CO,8.921581401681425e-06
2017,July,Butte (SV),OBUS,Gas,IDLEX,NCAT,NOx,1.0088717327084458e-07
2017,July,Butte (SV),OBUS,Gas,IDLEX,NCAT,SOx,6.742631720534807e-09
2017,July,Butte (SV),OBUS,Gas,IDLEX,NCAT,TOG,1.6035801124598602e-06
2017,July,Butte (SV),OBUS,Gas,STREX,CAT,CO,0.009108229846425085
2017,July,Butte (SV),OBUS,Gas,STREX,CAT,NOx,0.000726255230470599
2017,July,Butte (SV),OBUS,Gas,STREX,CAT,SOx,5.964557870089634e-07
2017,July,Butte (SV),OBUS,Gas,STREX,CAT,PM,6.786330337062456e-07
2017,July,Butte (SV),OBUS,Gas,STREX,CAT,TOG,0.0004553075716176946
2017,July,Butte (SV),OBUS,Gas,STREX,CAT,PM10,6.066979321333839e-07
2017,July,Butte (SV),OBUS,Gas,STREX,CAT,PM2_5,5.578363537065339e-07
2017,July,Butte (SV),OBUS,Gas,STREX,NCAT,CO,4.916331493624058e-06
2017,July,Butte (SV),OBUS,Gas,STREX,NCAT,NOx,1.7475180324506013e-05
2017,July,Butte (SV),OBUS,Gas,STREX,NCAT,SOx,4.4082650301602405e-08
2017,July,Butte (SV),OBUS,Gas,STREX,NCAT,PM,5.26755101938375e-07
2017,July,Butte (SV),OBUS,Gas,STREX,NCAT,TOG,0.00010424316442014652
2017,July,Butte (SV),OBUS,Gas,STREX,NCAT,PM10,5.062116529627785e-07
2017,July,Butte (SV),OBUS,Gas,STREX,NCAT,PM2_5,4.830344284774899e-07
2017,July,Butte (SV),OBUS,Gas,HOTSOAK,CAT,TOG,8.98644469646963e-05
2017,July,Butte (SV),OBUS,Gas,HOTSOAK,NCAT,TOG,2.2825993161033823e-05
2017,July,Butte (SV),OBUS,Gas,RUNLOSS,CAT,TOG,0.001028883835955312
2017,July,Butte (SV),OBUS,Gas,RUNLOSS,NCAT,TOG,0.00013413518927221516
2017,July,Butte (SV),OBUS,Gas,RESTLOSS,CAT,TOG,3.5694923705145365e-06
2017,July,Butte (SV),OBUS,Gas,RESTLOSS,NCAT,TOG,5.726211638540165e-07
2017,July,Butte (SV),OBUS,Gas,DIURN,CAT,TOG,1.5904591555788124e-05
2017,July,Butte (SV),OBUS,Gas,DIURN,NCAT,TOG,2.8830709028623504e-06
2017,July,Butte (SV),OBUS,Gas,PMTW,CAT,PM,6.347404878202335e-05
2017,July,Butte (SV),OBUS,Gas,PMTW,CAT,PM10,6.347404878202335e-05
2017,July,Butte (SV),OBUS,Gas,PMTW,CAT,PM2_5,1.5868512195505838e-05
2017,July,Butte (SV),OBUS,Gas,PMTW,NCAT,PM,2.0850213332859608e-07
2017,July,Butte (SV),OBUS,Gas,PMTW,NCAT,PM10,2.0850213332859608e-07
2017,July,Butte (SV),OBUS,Gas,PMTW,NCAT,PM2_5,5.212553333214902e-08
2017,July,Butte (SV),OBUS,Gas,PMBW,CAT,PM,0.0007035040406674257
2017,July,Butte (SV),OBUS,Gas,PMBW,CAT,PM10,0.0006894339598540771
2017,July,Butte (SV),OBUS,Gas,PMBW,CAT,PM2_5,0.0002954716970803189
2017,July,Butte (SV),OBUS,Gas,PMBW,NCAT,PM,2.3108986443919403e-06
2017,July,Butte (SV),OBUS,Gas,PMBW,NCAT,PM10,2.264680671504102e-06
2017,July,Butte (SV),OBUS,Gas,PMBW,NCAT,PM2_5,9.705774306446147e-07
2017,July,Butte (SV),MCY,Gas,RUNEX,CAT,CO,0.2441937881797208
2017,July,Butte (SV),MCY,Gas,RUNEX,CAT,NOx,0.01750512365749309
2017,July,Butte (SV),MCY,Gas,RUNEX,CAT,SOx,3.774703653919934e-05
2017,July,Butte (SV),MCY,Gas,RUNEX,CAT,PM,2.5334320821502223e-05
2017,July,Butte (SV),MCY,Gas,RUNEX,CAT,TOG,0.04071139883969727
2017,July,Butte (SV),MCY,Gas,RUNEX,CAT,PM10,2.3422903478621392e-05
2017,July,Butte (SV),MCY,Gas,RUNEX,CAT,PM2_5,2.19223037018248e-05
2017,July,Butte (SV),MCY,Gas,RUNEX,NCAT,CO,0.7811627358603774
2017,July,Butte (SV),MCY,Gas,RUNEX,NCAT,NOx,0.028082796873597233
2017,July,Butte (SV),MCY,Gas,RUNEX,NCAT,SOx,5.027220072285469e-05
2017,July,Butte (SV),MCY,Gas,RUNEX,NCAT,PM,6.581784732741416e-05
2017,July,Butte (SV),MCY,Gas,RUNEX,NCAT,TOG,0.08132010434780679
2017,July,Butte (SV),MCY,Gas,RUNEX,NCAT,PM10,6.247693061744663e-05
2017,July,Butte (SV),MCY,Gas,RUNEX,NCAT,PM2_5,5.925747401268877e-05
2017,July,Butte (SV),MCY,Gas,STREX,CAT,CO,0.020374397783445297
2017,July,Butte (SV),MCY,Gas,STREX,CAT,NOx,0.0008431538877251283
2017,July,Butte (SV),MCY,Gas,STREX,CAT,SOx,1.992057784865801e-06
2017,July,Butte (SV),MCY,Gas,STREX,CAT,PM,6.996651626360492e-06
2017,July,Butte (SV),MCY,Gas,STREX,CAT,TOG,0.005389967669352529
2017,July,Butte (SV),MCY,Gas,STREX,CAT,PM10,6.507998620172448e-06
2017,July,Butte (SV),MCY,Gas,STREX,CAT,PM2_5,6.109967730742739e-06
2017,July,Butte (SV),MCY,Gas,STREX,NCAT,CO,0.07259055289996039
2017,July,Butte (SV),MCY,Gas,STREX,NCAT,NOx,0.0020292572449517655
2017,July,Butte (SV),MCY,Gas,STREX,NCAT,SOx,5.252233432524268e-06
2017,July,Butte (SV),MCY,Gas,STREX,NCAT,PM,5.357709276382034e-05
2017,July,Butte (SV),MCY,Gas,STREX,NCAT,TOG,0.016890119788607195
2017,July,Butte (SV),MCY,Gas,STREX,NCAT,PM10,5.123459407982519e-05
2017,July,Butte (SV),MCY,Gas,STREX,NCAT,PM2_5,4.877147397054895e-05
2017,July,Butte (SV),MCY,Gas,HOTSOAK,CAT,TOG,0.002364839154003741
2017,July,Butte (SV),MCY,Gas,HOTSOAK,NCAT,TOG,0.014836401659534438
2017,July,Butte (SV),MCY,Gas,RUNLOSS,CAT,TOG,0.00349106138222675
2017,July,Butte (SV),MCY,Gas,RUNLOSS,NCAT,TOG,0.03683619195113778
2017,July,Butte (SV),MCY,Gas,RESTLOSS,CAT,TOG,0.0037424094217041073
2017,July,Butte (SV),MCY,Gas,RESTLOSS,NCAT,TOG,0.016808714462797546
2017,July,Butte (SV),MCY,Gas,DIURN,CAT,TOG,0.008063596464981525
2017,July,Butte (SV),MCY,Gas,DIURN,NCAT,TOG,0.03625661423100593
2017,July,Butte (SV),MCY,Gas,PMTW,CAT,PM,7.310923148088692e-05
2017,July,Butte (SV),MCY,Gas,PMTW,CAT,PM10,7.310923148088692e-05
2017,July,Butte (SV),MCY,Gas,PMTW,CAT,PM2_5,1.827730787022173e-05
2017,July,Butte (SV),MCY,Gas,PMTW,NCAT,PM,9.438331447436276e-05
2017,July,Butte (SV),MCY,Gas,PMTW,NCAT,PM10,9.438331447436276e-05
2017,July,Butte (SV),MCY,Gas,PMTW,NCAT,PM2_5,2.359582861859069e-05
2017,July,Butte (SV),MCY,Gas,PMBW,CAT,PM,0.00021932769444266067
2017,July,Butte (SV),MCY,Gas,PMBW,CAT,PM10,0.0002149411405538077
2017,July,Butte (SV),MCY,Gas,PMBW,CAT,PM2_5,9.211763166591754e-05
2017,July,Butte (SV),MCY,Gas,PMBW,NCAT,PM,0.0002831499434230883
2017,July,Butte (SV),MCY,Gas,PMBW,NCAT,PM10,0.0002774869445546268
2017,July,Butte (SV),MCY,Gas,PMBW,NCAT,PM2_5,0.00011892297623769715
2017,July,Butte (SV),MH,Gas,RUNEX,CAT,CO,0.045603239104969336
2017,July,Butte (SV),MH,Gas,RUNEX,CAT,NOx,0.008162962610448509
2017,July,Butte (SV),MH,Gas,RUNEX,CAT,SOx,0.00014781214872341405
2017,July,Butte (SV),MH,Gas,RUNEX,CAT,PM,2.7983617717697065e-05
2017,July,Butte (SV),MH,Gas,RUNEX,CAT,TOG,0.002372639310751658
2017,July,Butte (SV),MH,Gas,RUNEX,CAT,PM10,2.501735423962118e-05
2017,July,Butte (SV),MH,Gas,RUNEX,CAT,PM2_5,2.3002533763947027e-05
2017,July,Butte (SV),MH,Gas,RUNEX,NCAT,CO,0.006338786051682418
2017,July,Butte (SV),MH,Gas,RUNEX,NCAT,NOx,0.0001754976374924774
2017,July,Butte (SV),MH,Gas,RUNEX,NCAT,SOx,9.290759414256023e-07
2017,July,Butte (SV),MH,Gas,RUNEX,NCAT,PM,1.8312442139457679e-06
2017,July,Butte (SV),MH,Gas,RUNEX,NCAT,TOG,0.00028345831220250614
2017,July,Butte (SV),MH,Gas,RUNEX,NCAT,PM10,1.759825689601882e-06
2017,July,Butte (SV),MH,Gas,RUNEX,NCAT,PM2_5,1.6792509441882693e-06
2017,July,Butte (SV),MH,Gas,STREX,CAT,CO,0.0003752699213513763
2017,July,Butte (SV),MH,Gas,STREX,CAT,NOx,2.9013762008473785e-05
2017,July,Butte (SV),MH,Gas,STREX,CAT,SOx,2.755792025319664e-08
2017,July,Butte (SV),MH,Gas,STREX,CAT,PM,6.3838013764375e-08
2017,July,Butte (SV),MH,Gas,STREX,CAT,TOG,1.895942360244844e-05
2017,July,Butte (SV),MH,Gas,STREX,CAT,PM10,5.707118430535129e-08
2017,July,Butte (SV),MH,Gas,STREX,CAT,PM2_5,5.247484731431617e-08
2017,July,Butte (SV),MH,Gas,STREX,NCAT,CO,1.288821388612556e-07
2017,July,Butte (SV),MH,Gas,STREX,NCAT,NOx,4.527805830676252e-07
2017,July,Butte (SV),MH,Gas,STREX,NCAT,SOx,1.1232401621451763e-09
2017,July,Butte (SV),MH,Gas,STREX,NCAT,PM,1.3447229584795641e-08
2017,July,Butte (SV),MH,Gas,STREX,NCAT,TOG,2.5891161263681326e-06
2017,July,Butte (SV),MH,Gas,STREX,NCAT,PM10,1.2922787630988604e-08
2017,July,Butte (SV),MH,Gas,STREX,NCAT,PM2_5,1.2331109529257605e-08
2017,July,Butte (SV),MH,Gas,HOTSOAK,CAT,TOG,1.8711606063839083e-05
2017,July,Butte (SV),MH,Gas,HOTSOAK,NCAT,TOG,5.761962963489975e-07
2017,July,Butte (SV),MH,Gas,RUNLOSS,CAT,TOG,0.00039444955296374045
2017,July,Butte (SV),MH,Gas,RUNLOSS,NCAT,TOG,3.0505459505466055e-06
2017,July,Butte (SV),MH,Gas,RESTLOSS,CAT,TOG,0.000110390102378358
2017,July,Butte (SV),MH,Gas,RESTLOSS,NCAT,TOG,3.310381408771374e-06
2017,July,Butte (SV),MH,Gas,DIURN,CAT,TOG,0.0006163633444769061
2017,July,Butte (SV),MH,Gas,DIURN,NCAT,TOG,1.6054360403411822e-05
2017,July,Butte (SV),MH,Gas,PMTW,CAT,PM,9.50036522491054e-05
2017,July,Butte (SV),MH,Gas,PMTW,CAT,PM10,9.50036522491054e-05
2017,July,Butte (SV),MH,Gas,PMTW,CAT,PM2_5,2.375091306227635e-05
2017,July,Butte (SV),MH,Gas,PMTW,NCAT,PM,5.27447688718374e-07
2017,July,Butte (SV),MH,Gas,PMTW,NCAT,PM10,5.27447688718374e-07
2017,July,Butte (SV),MH,Gas,PMTW,NCAT,PM2_5,1.318619221795935e-07
2017,July,Butte (SV),MH,Gas,PMBW,CAT,PM,0.0010529571457609161
2017,July,Butte (SV),MH,Gas,PMBW,CAT,PM10,0.0010318980028456983
2017,July,Butte (SV),MH,Gas,PMBW,CAT,PM2_5,0.0004422420012195844
2017,July,Butte (SV),MH,Gas,PMBW,NCAT,PM,5.845878549961983e-06
2017,July,Butte (SV),MH,Gas,PMBW,NCAT,PM10,5.728960978962737e-06
2017,July,Butte (SV),MH,Gas,PMBW,NCAT,PM2_5,2.4552689909840295e-06
2017,July,Butte (SV),MH,Dsl,RUNEX,DSL,CO,0.0017393542749991686
2017,July,Butte (SV),MH,Dsl,RUNEX,DSL,NOx,0.017709083818211586
2017,July,Butte (SV),MH,Dsl,RUNEX,DSL,SOx,2.751156187903492e-05
2017,July,Butte (SV),MH,Dsl,RUNEX,DSL,PM,0.0004920577187086349
2017,July,Butte (SV),MH,Dsl,RUNEX,DSL,TOG,0.000519558289419675
2017,July,Butte (SV),MH,Dsl,RUNEX,DSL,PM10,0.0004891053723963826
2017,July,Butte (SV),MH,Dsl,RUNEX,DSL,PM2_5,0.00046794689049191134
2017,July,Butte (SV),MH,Dsl,PMTW,DSL,PM,4.321330961194846e-05
2017,July,Butte (SV),MH,Dsl,PMTW,DSL,PM10,4.321330961194846e-05
2017,July,Butte (SV),MH,Dsl,PMTW,DSL,PM2_5,1.0803327402987115e-05
2017,July,Butte (SV),MH,Dsl,PMBW,DSL,PM,0.00035921063614932175
2017,July,Butte (SV),MH,Dsl,PMBW,DSL,PM10,0.00035202642342633536
2017,July,Butte (SV),MH,Dsl,PMBW,DSL,PM2_5,0.00015086846718271514
2017,July,Butte (SV),UBUS,Gas,RUNEX,CAT,CO,0.0008669261149146033
2017,July,Butte (SV),UBUS,Gas,RUNEX,CAT,NOx,0.0006181249390040917
2017,July,Butte (SV),UBUS,Gas,RUNEX,CAT,SOx,5.1928522811864305e-05
2017,July,Butte (SV),UBUS,Gas,RUNEX,CAT,PM,1.8808939240235565e-06
2017,July,Butte (SV),UBUS,Gas,RUNEX,CAT,TOG,7.638527092323416e-05
2017,July,Butte (SV),UBUS,Gas,RUNEX,CAT,PM10,1.6815191680770592e-06
2017,July,Butte (SV),UBUS,Gas,RUNEX,CAT,PM2_5,1.5460948055473629e-06
2017,July,Butte (SV),UBUS,Gas,STREX,CAT,CO,0.0009067553091198217
2017,July,Butte (SV),UBUS,Gas,STREX,CAT,NOx,0.0001108478979296768
2017,July,Butte (SV),UBUS,Gas,STREX,CAT,SOx,1.2600772125150612e-07
2017,July,Butte (SV),UBUS,Gas,STREX,CAT,PM,4.1544391493237066e-08
2017,July,Butte (SV),UBUS,Gas,STREX,CAT,TOG,6.618657169339714e-05
2017,July,Butte (SV),UBUS,Gas,STREX,CAT,PM10,3.7140685994953934e-08
2017,July,Butte (SV),UBUS,Gas,STREX,CAT,PM2_5,3.414948980744089e-08
2017,July,Butte (SV),UBUS,Gas,HOTSOAK,CAT,TOG,6.436303504600644e-06
2017,July,Butte (SV),UBUS,Gas,RUNLOSS,CAT,TOG,2.9078466683878318e-05
2017,July,Butte (SV),UBUS,Gas,RESTLOSS,CAT,TOG,4.5973912059686245e-07
2017,July,Butte (SV),UBUS,Gas,DIURN,CAT,TOG,1.4008820211059766e-06
2017,July,Butte (SV),UBUS,Gas,PMTW,CAT,PM,2.680600776289441e-05
2017,July,Butte (SV),UBUS,Gas,PMTW,CAT,PM10,2.680600776289441e-05
2017,July,Butte (SV),UBUS,Gas,PMTW,CAT,PM2_5,6.7015019407236024e-06
2017,July,Butte (SV),UBUS,Gas,PMBW,CAT,PM,0.00029723519276704996
2017,July,Butte (SV),UBUS,Gas,PMBW,CAT,PM10,0.00029129048891170863
2017,July,Butte (SV),UBUS,Gas,PMBW,CAT,PM2_5,0.00012483878096216093
2017,July,Butte (SV),UBUS,Dsl,RUNEX,DSL,CO,0.0005434488832520724
2017,July,Butte (SV),UBUS,Dsl,RUNEX,DSL,NOx,0.006529376799352749
2017,July,Butte (SV),UBUS,Dsl,RUNEX,DSL,SOx,4.0426609178728426e-05
2017,July,Butte (SV),UBUS,Dsl,RUNEX,DSL,PM,1.664723395389794e-05
2017,July,Butte (SV),UBUS,Dsl,RUNEX,DSL,TOG,0.00018747032712033298
2017,July,Butte (SV),UBUS,Dsl,RUNEX,DSL,PM10,1.6547350550174544e-05
2017,July,Butte (SV),UBUS,Dsl,RUNEX,DSL,PM2_5,1.5831519490156938e-05
2017,July,Butte (SV),UBUS,Dsl,PMTW,DSL,PM,6.740017466842103e-05
2017,July,Butte (SV),UBUS,Dsl,PMTW,DSL,PM10,6.740017466842103e-05
2017,July,Butte (SV),UBUS,Dsl,PMTW,DSL,PM2_5,1.6850043667105257e-05
2017,July,Butte (SV),UBUS,Dsl,PMBW,DSL,PM,0.00028669117485136786
2017,July,Butte (SV),UBUS,Dsl,PMBW,DSL,PM10,0.00028095735135434045
2017,July,Butte (SV),UBUS,Dsl,PMBW,DSL,PM2_5,0.00012041029343757446
2017,July,Butte (SV),UBUS,NG,RUNEX,DSL,CO,0.055863187666125254
2017,July,Butte (SV),UBUS,NG,RUNEX,DSL,NOx,0.0010835228047733725
2017,July,Butte (SV),UBUS,NG,RUNEX,DSL,PM,4.3355051239782285e-06
2017,July,Butte (SV),UBUS,NG,RUNEX,DSL,TOG,0.007843594065923604
2017,July,Butte (SV),UBUS,NG,RUNEX,DSL,PM10,4.30949209323436e-06
2017,July,Butte (SV),UBUS,NG,RUNEX,DSL,PM2_5,4.1230653729032934e-06
2017,July,Butte (SV),UBUS,NG,PMTW,DSL,PM,3.861221162531329e-05
2017,July,Butte (SV),UBUS,NG,PMTW,DSL,PM10,3.861221162531329e-05
2017,July,Butte (SV),UBUS,NG,PMTW,DSL,PM2_5,9.653052906328323e-06
2017,July,Butte (SV),UBUS,NG,PMBW,DSL,PM,9.186739752929206e-05
2017,July,Butte (SV),UBUS,NG,PMBW,DSL,PM10,9.003004957870619e-05
2017,July,Butte (SV),UBUS,NG,PMBW,DSL,PM2_5,3.858430696230266e-05
2017,July,Butte (SV),SBUS,Dsl,RUNEX,DSL,CO,0.002436868481948182
2017,July,Butte (SV),SBUS,Dsl,RUNEX,DSL,NOx,0.06611177755356912
2017,July,Butte (SV),SBUS,Dsl,RUNEX,DSL,PM,0.00048506121475767227
2017,July,Butte (SV),SBUS,Dsl,RUNEX,DSL,PM10,0.000482150847469126
2017,July,Butte (SV),SBUS,Dsl,RUNEX,DSL,PM2_5,0.0004612932152345462
2017,July,Butte (SV),SBUS,Dsl,IDLEX,DSL,CO,0.000671592262842589
2017,July,Butte (SV),SBUS,Dsl,IDLEX,DSL,NOx,0.01025408929456882
2017,July,Butte (SV),SBUS,Dsl,IDLEX,DSL,PM,2.0771495127276342e-05
2017,July,Butte (SV),SBUS,Dsl,IDLEX,DSL,PM10,2.0646866156512672e-05
2017,July,Butte (SV),SBUS,Dsl,IDLEX,DSL,PM2_5,1.9753691866039807e-05
2017,July,Butte (SV),SBUS,Dsl,STREX,DSL,NOx,0.0005561230674370259
2017,July,Butte (SV),SBUS,Dsl,PMTW,DSL,PM,7.23066329393567e-05
2017,July,Butte (SV),SBUS,Dsl,PMTW,DSL,PM10,7.23066329393567e-05
2017,July,Butte (SV),SBUS,Dsl,PMTW,DSL,PM2_5,1.8076658234839174e-05
2017,July,Butte (SV),SBUS,Dsl,PMBW,DSL,PM,0.004579420086159261
2017,July,Butte (SV),SBUS,Dsl,PMBW,DSL,PM10,0.004487831684436072
2017,July,Butte (SV),SBUS,Dsl,PMBW,DSL,PM2_5,0.0019233564361868898
2017,July,Butte (SV),SBUS,Dsl,RUNEX,DSL,SOx,6.914638774514512e-05
2017,July,Butte (SV),SBUS,Dsl,IDLEX,DSL,SOx,7.022876198477287e-06
2017,July,Butte (SV),SBUS,Dsl,RUNEX,DSL,TOG,0.0011820577484705477
2017,July,Butte (SV),SBUS,Dsl,IDLEX,DSL,TOG,9.133347298673553e-05
2017,     ,Butte (SV),LDA,Dsl,RUNEX,DSL,NH3,9.1236e-05
2017,     ,Butte (SV),LDA,Gas,RUNEX,CAT,NH3,0.070834319
2017,     ,Butte (SV),LDT1,Dsl,RUNEX,DSL,NH3,1.21547e-06
2017,     ,Butte (SV),LDT1,Gas,RUNEX,CAT,NH3,0.010680627
2017,     ,Butte (SV),LDT2,Dsl,RUNEX,DSL,NH3,1.02334e-05
2017,     ,Butte (SV),LDT2,Gas,RUNEX,CAT,NH3,0.038060824
2017,     ,Butte (SV),LHD1,Dsl,RUNEX,DSL,NH3,0.020325527
2017,     ,Butte (SV),LHD1,Gas,RUNEX,CAT,NH3,0.00578053
2017,     ,Butte (SV),LHD2,Dsl,RUNEX,DSL,NH3,0.005864571
2017,     ,Butte (SV),LHD2,Gas,RUNEX,CAT,NH3,0.000603365
2017,     ,Butte (SV),MCY,Gas,RUNEX,CAT,NH3,0.00063949
2017,     ,Butte (SV),MDV,Dsl,RUNEX,DSL,NH3,6.98556e-05
2017,     ,Butte (SV),MDV,Gas,RUNEX,CAT,NH3,0.029734945
2017,     ,Butte (SV),MH,Dsl,RUNEX,DSL,NH3,7.29568e-05
2017,     ,Butte (SV),MH,Gas,RUNEX,CAT,NH3,0.000347531
2017,     ,Butte (SV),OBUS,Gas,RUNEX,CAT,NH3,0.000238228
2017,     ,Butte (SV),SBUS,Gas,RUNEX,CAT,NH3,6.65459e-05
2017,     ,Butte (SV),T6TS,Gas,RUNEX,CAT,NH3,0.000374629
2017,     ,Butte (SV),T7IS,Gas,RUNEX,CAT,NH3,8.61001e-07
2017,     ,Butte (SV),UBUS,Dsl,RUNEX,DSL,NH3,0.000489942
2017,     ,Butte (SV),UBUS,Gas,RUNEX,CAT,NH3,0.000101361
2017,     ,Butte (SV),UBUS,NG,RUNEX,DSL,NH3,3.28344e-05
