calendar_year,season_month,sub_area,vehicle_class,fuel,process,cat_ncat,pollutant,emission
2017,July,Calaveras (MC),LDA,Gas,RUNEX,CAT,CO,1.0886908822414532
2017,July,Calaveras (MC),LDA,Gas,RUNEX,CAT,NOx,0.07038388150083708
2017,July,Calaveras (MC),LDA,Gas,RUNEX,CAT,SOx,0.001771935693430029
2017,July,Calaveras (MC),LDA,Gas,RUNEX,CAT,PM,0.0012656849045958357
2017,July,Calaveras (MC),LDA,Gas,RUNEX,CAT,TOG,0.03629820333225319
2017,July,Calaveras (MC),LDA,Gas,RUNEX,CAT,PM10,0.0011318111697118849
2017,July,Calaveras (MC),LDA,Gas,RUNEX,CAT,PM2_5,0.001040802576283817
2017,July,Calaveras (MC),LDA,Gas,RUNEX,NCAT,CO,0.03017273792795761
2017,July,Calaveras (MC),LDA,Gas,RUNEX,NCAT,NOx,0.0025478303016063515
2017,July,Calaveras (MC),LDA,Gas,RUNEX,NCAT,SOx,2.9781433237196384e-06
2017,July,Calaveras (MC),LDA,Gas,RUNEX,NCAT,PM,2.895933255783321e-05
2017,July,Calaveras (MC),LDA,Gas,RUNEX,NCAT,TOG,0.0028992297255053838
2017,July,Calaveras (MC),LDA,Gas,RUNEX,NCAT,PM10,2.7541053584871003e-05
2017,July,Calaveras (MC),LDA,Gas,RUNEX,NCAT,PM2_5,2.6146123249493697e-05
2017,July,Calaveras (MC),LDA,Gas,STREX,CAT,CO,0.15642038641467929
2017,July,Calaveras (MC),LDA,Gas,STREX,CAT,NOx,0.02088889041649389
2017,July,Calaveras (MC),LDA,Gas,STREX,CAT,SOx,4.087937598051406e-05
2017,July,Calaveras (MC),LDA,Gas,STREX,CAT,PM,0.00020385067449753594
2017,July,Calaveras (MC),LDA,Gas,STREX,CAT,TOG,0.03430193865472895
2017,July,Calaveras (MC),LDA,Gas,STREX,CAT,PM10,0.0001823397783879876
2017,July,Calaveras (MC),LDA,Gas,STREX,CAT,PM2_5,0.000167703182224782
2017,July,Calaveras (MC),LDA,Gas,STREX,NCAT,CO,0.004255548777999086
2017,July,Calaveras (MC),LDA,Gas,STREX,NCAT,NOx,0.00022058831200038098
2017,July,Calaveras (MC),LDA,Gas,STREX,NCAT,SOx,3.582253521225986e-07
2017,July,Calaveras (MC),LDA,Gas,STREX,NCAT,PM,9.698580579046538e-06
2017,July,Calaveras (MC),LDA,Gas,STREX,NCAT,TOG,0.0006443115442896372
2017,July,Calaveras (MC),LDA,Gas,STREX,NCAT,PM10,9.223060549273464e-06
2017,July,Calaveras (MC),LDA,Gas,STREX,NCAT,PM2_5,8.755670603178583e-06
2017,July,Calaveras (MC),LDA,Gas,HOTSOAK,CAT,TOG,0.022095553700312194
2017,July,Calaveras (MC),LDA,Gas,HOTSOAK,NCAT,TOG,0.0006998671699411583
2017,July,Calaveras (MC),LDA,Gas,RUNLOSS,CAT,TOG,0.03047142972337811
2017,July,Calaveras (MC),LDA,Gas,RUNLOSS,NCAT,TOG,0.00275778671399498
2017,July,Calaveras (MC),LDA,Gas,RESTLOSS,CAT,TOG,0.013208763031805347
2017,July,Calaveras (MC),LDA,Gas,RESTLOSS,NCAT,TOG,0.0005280893914454072
2017,July,Calaveras (MC),LDA,Gas,DIURN,CAT,TOG,0.02416199401475316
2017,July,Calaveras (MC),LDA,Gas,DIURN,NCAT,TOG,0.0009808930073015294
2017,July,Calaveras (MC),LDA,Gas,PMTW,CAT,PM,0.004314484974865215
2017,July,Calaveras (MC),LDA,Gas,PMTW,CAT,PM10,0.004314484974865215
2017,July,Calaveras (MC),LDA,Gas,PMTW,CAT,PM2_5,0.0010786212437163037
2017,July,Calaveras (MC),LDA,Gas,PMTW,NCAT,PM,3.8662562353628286e-06
2017,July,Calaveras (MC),LDA,Gas,PMTW,NCAT,PM10,3.8662562353628286e-06
2017,July,Calaveras (MC),LDA,Gas,PMTW,NCAT,PM2_5,9.665640588407071e-07
2017,July,Calaveras (MC),LDA,Gas,PMBW,CAT,PM,0.02022414831968071
2017,July,Calaveras (MC),LDA,Gas,PMBW,CAT,PM10,0.019819665353287087
2017,July,Calaveras (MC),LDA,Gas,PMBW,CAT,PM2_5,0.008494142294265894
2017,July,Calaveras (MC),LDA,Gas,PMBW,NCAT,PM,1.8123076103263264e-05
2017,July,Calaveras (MC),LDA,Gas,PMBW,NCAT,PM10,1.7760614581197995e-05
2017,July,Calaveras (MC),LDA,Gas,PMBW,NCAT,PM2_5,7.611691963370566e-06
2017,July,Calaveras (MC),LDA,Dsl,RUNEX,DSL,CO,0.0043990497598386255
2017,July,Calaveras (MC),LDA,Dsl,RUNEX,DSL,NOx,0.0036536729322086624
2017,July,Calaveras (MC),LDA,Dsl,RUNEX,DSL,SOx,2.231998639594117e-05
2017,July,Calaveras (MC),LDA,Dsl,RUNEX,DSL,PM,0.00025538105646008953
2017,July,Calaveras (MC),LDA,Dsl,RUNEX,DSL,TOG,0.0004970928267236411
2017,July,Calaveras (MC),LDA,Dsl,RUNEX,DSL,PM10,0.0002538487701213287
2017,July,Calaveras (MC),LDA,Dsl,RUNEX,DSL,PM2_5,0.00024286738469354494
2017,July,Calaveras (MC),LDA,Dsl,PMTW,DSL,PM,8.048494845567702e-05
2017,July,Calaveras (MC),LDA,Dsl,PMTW,DSL,PM10,8.048494845567702e-05
2017,July,Calaveras (MC),LDA,Dsl,PMTW,DSL,PM2_5,2.0121237113919254e-05
2017,July,Calaveras (MC),LDA,Dsl,PMBW,DSL,PM,0.0003772731958859863
2017,July,Calaveras (MC),LDA,Dsl,PMBW,DSL,PM10,0.00036972773196826674
2017,July,Calaveras (MC),LDA,Dsl,PMBW,DSL,PM2_5,0.00015845474227211423
2017,July,Calaveras (MC),LDA,Elec,HOTSOAK,CAT,TOG,1.0154880760818556e-06
2017,July,Calaveras (MC),LDA,Elec,RESTLOSS,CAT,TOG,8.584655783410987e-07
2017,July,Calaveras (MC),LDA,Elec,DIURN,CAT,TOG,2.4003803561649264e-06
2017,July,Calaveras (MC),LDA,Elec,PMTW,CAT,PM,1.2874028222541153e-05
2017,July,Calaveras (MC),LDA,Elec,PMTW,CAT,PM10,1.2874028222541153e-05
2017,July,Calaveras (MC),LDA,Elec,PMTW,CAT,PM2_5,3.2185070556352883e-06
2017,July,Calaveras (MC),LDA,Elec,PMBW,CAT,PM,6.034700729316167e-05
2017,July,Calaveras (MC),LDA,Elec,PMBW,CAT,PM10,5.914006714729841e-05
2017,July,Calaveras (MC),LDA,Elec,PMBW,CAT,PM2_5,2.53457430631279e-05
2017,July,Calaveras (MC),LDT1,Gas,RUNEX,CAT,CO,0.6661238005276107
2017,July,Calaveras (MC),LDT1,Gas,RUNEX,CAT,NOx,0.05480541665868118
2017,July,Calaveras (MC),LDT1,Gas,RUNEX,CAT,SOx,0.00044177694313287074
2017,July,Calaveras (MC),LDT1,Gas,RUNEX,CAT,PM,0.0007352242177657945
2017,July,Calaveras (MC),LDT1,Gas,RUNEX,CAT,TOG,0.02516177221928279
2017,July,Calaveras (MC),LDT1,Gas,RUNEX,CAT,PM10,0.0006579517164826482
2017,July,Calaveras (MC),LDT1,Gas,RUNEX,CAT,PM2_5,0.0006052919226900902
2017,July,Calaveras (MC),LDT1,Gas,RUNEX,NCAT,CO,0.05405611074222997
2017,July,Calaveras (MC),LDT1,Gas,RUNEX,NCAT,NOx,0.004534016622209583
2017,July,Calaveras (MC),LDT1,Gas,RUNEX,NCAT,SOx,5.358718950040871e-06
2017,July,Calaveras (MC),LDT1,Gas,RUNEX,NCAT,PM,5.3679560902423255e-05
2017,July,Calaveras (MC),LDT1,Gas,RUNEX,NCAT,TOG,0.0052270242225366465
2017,July,Calaveras (MC),LDT1,Gas,RUNEX,NCAT,PM10,5.0924792227199975e-05
2017,July,Calaveras (MC),LDT1,Gas,RUNEX,NCAT,PM2_5,4.8286541660914165e-05
2017,July,Calaveras (MC),LDT1,Gas,STREX,CAT,CO,0.047380041504615264
2017,July,Calaveras (MC),LDT1,Gas,STREX,CAT,NOx,0.008388704176300348
2017,July,Calaveras (MC),LDT1,Gas,STREX,CAT,SOx,1.1361597356450024e-05
2017,July,Calaveras (MC),LDT1,Gas,STREX,CAT,PM,9.965246190316197e-05
2017,July,Calaveras (MC),LDT1,Gas,STREX,CAT,TOG,0.014742054132024998
2017,July,Calaveras (MC),LDT1,Gas,STREX,CAT,PM10,8.921273617805294e-05
2017,July,Calaveras (MC),LDT1,Gas,STREX,CAT,PM2_5,8.208934379603329e-05
2017,July,Calaveras (MC),LDT1,Gas,STREX,NCAT,CO,0.0045925314805579705
2017,July,Calaveras (MC),LDT1,Gas,STREX,NCAT,NOx,0.0002085886216935748
2017,July,Calaveras (MC),LDT1,Gas,STREX,NCAT,SOx,3.5202056876796946e-07
2017,July,Calaveras (MC),LDT1,Gas,STREX,NCAT,PM,9.569277887504389e-06
2017,July,Calaveras (MC),LDT1,Gas,STREX,NCAT,TOG,0.0006282541016613554
2017,July,Calaveras (MC),LDT1,Gas,STREX,NCAT,PM10,9.07264081326542e-06
2017,July,Calaveras (MC),LDT1,Gas,STREX,NCAT,PM2_5,8.600007711207233e-06
2017,July,Calaveras (MC),LDT1,Gas,HOTSOAK,CAT,TOG,0.012750415118860539
2017,July,Calaveras (MC),LDT1,Gas,HOTSOAK,NCAT,TOG,0.0006551027738491661
2017,July,Calaveras (MC),LDT1,Gas,RUNLOSS,CAT,TOG,0.0396224891907871
2017,July,Calaveras (MC),LDT1,Gas,RUNLOSS,NCAT,TOG,0.0012332347340778692
2017,July,Calaveras (MC),LDT1,Gas,RESTLOSS,CAT,TOG,0.008034444764537229
2017,July,Calaveras (MC),LDT1,Gas,RESTLOSS,NCAT,TOG,0.0005148635373102664
2017,July,Calaveras (MC),LDT1,Gas,DIURN,CAT,TOG,0.01584601042189308
2017,July,Calaveras (MC),LDT1,Gas,DIURN,NCAT,TOG,0.0009308547515741894
2017,July,Calaveras (MC),LDT1,Gas,PMTW,CAT,PM,0.0009030572165217859
2017,July,Calaveras (MC),LDT1,Gas,PMTW,CAT,PM10,0.0009030572165217859
2017,July,Calaveras (MC),LDT1,Gas,PMTW,CAT,PM2_5,0.00022576430413044648
2017,July,Calaveras (MC),LDT1,Gas,PMTW,NCAT,PM,7.166021147445866e-06
2017,July,Calaveras (MC),LDT1,Gas,PMTW,NCAT,PM10,7.166021147445866e-06
2017,July,Calaveras (MC),LDT1,Gas,PMTW,NCAT,PM2_5,1.7915052868614664e-06
2017,July,Calaveras (MC),LDT1,Gas,PMBW,CAT,PM,0.004233080702445863
2017,July,Calaveras (MC),LDT1,Gas,PMBW,CAT,PM10,0.004148419088396946
2017,July,Calaveras (MC),LDT1,Gas,PMBW,CAT,PM2_5,0.0017778938950272635
2017,July,Calaveras (MC),LDT1,Gas,PMBW,NCAT,PM,3.359072412865251e-05
2017,July,Calaveras (MC),LDT1,Gas,PMBW,NCAT,PM10,3.291890964607947e-05
2017,July,Calaveras (MC),LDT1,Gas,PMBW,NCAT,PM2_5,1.4108104134034054e-05
2017,July,Calaveras (MC),LDT2,Gas,RUNEX,CAT,CO,0.9497938461281252
2017,July,Calaveras (MC),LDT2,Gas,RUNEX,CAT,NOx,0.09435555076193412
2017,July,Calaveras (MC),LDT2,Gas,RUNEX,CAT,SOx,0.001265252432372772
2017,July,Calaveras (MC),LDT2,Gas,RUNEX,CAT,PM,0.0008882789227823604
2017,July,Calaveras (MC),LDT2,Gas,RUNEX,CAT,TOG,0.03407827096185546
2017,July,Calaveras (MC),LDT2,Gas,RUNEX,CAT,PM10,0.0007946683268143189
2017,July,Calaveras (MC),LDT2,Gas,RUNEX,CAT,PM2_5,0.0007309408287876146
2017,July,Calaveras (MC),LDT2,Gas,RUNEX,NCAT,CO,0.035310541529965926
2017,July,Calaveras (MC),LDT2,Gas,RUNEX,NCAT,NOx,0.0029465338865575356
2017,July,Calaveras (MC),LDT2,Gas,RUNEX,NCAT,SOx,3.5457968991598545e-06
2017,July,Calaveras (MC),LDT2,Gas,RUNEX,NCAT,PM,3.5291996254916506e-05
2017,July,Calaveras (MC),LDT2,Gas,RUNEX,NCAT,TOG,0.0033295556246054976
2017,July,Calaveras (MC),LDT2,Gas,RUNEX,NCAT,PM10,3.336863855408582e-05
2017,July,Calaveras (MC),LDT2,Gas,RUNEX,NCAT,PM2_5,3.158720630524422e-05
2017,July,Calaveras (MC),LDT2,Gas,STREX,CAT,CO,0.11484224322665129
2017,July,Calaveras (MC),LDT2,Gas,STREX,CAT,NOx,0.02120839163786495
2017,July,Calaveras (MC),LDT2,Gas,STREX,CAT,SOx,3.0443966123741504e-05
2017,July,Calaveras (MC),LDT2,Gas,STREX,CAT,PM,0.00012324342383906813
2017,July,Calaveras (MC),LDT2,Gas,STREX,CAT,TOG,0.025764698951333785
2017,July,Calaveras (MC),LDT2,Gas,STREX,CAT,PM10,0.00011028208059433161
2017,July,Calaveras (MC),LDT2,Gas,STREX,CAT,PM2_5,0.00010145137304958622
2017,July,Calaveras (MC),LDT2,Gas,STREX,NCAT,CO,0.0031357872255473097
2017,July,Calaveras (MC),LDT2,Gas,STREX,NCAT,NOx,0.00013287455602301165
2017,July,Calaveras (MC),LDT2,Gas,STREX,NCAT,SOx,2.3019415492225017e-07
2017,July,Calaveras (MC),LDT2,Gas,STREX,NCAT,PM,6.31908041144556e-06
2017,July,Calaveras (MC),LDT2,Gas,STREX,NCAT,TOG,0.0004103994161701942
2017,July,Calaveras (MC),LDT2,Gas,STREX,NCAT,PM10,5.97017659319456e-06
2017,July,Calaveras (MC),LDT2,Gas,STREX,NCAT,PM2_5,5.649318083423355e-06
2017,July,Calaveras (MC),LDT2,Gas,HOTSOAK,CAT,TOG,0.014713821021528215
2017,July,Calaveras (MC),LDT2,Gas,HOTSOAK,NCAT,TOG,0.00042549417979483966
2017,July,Calaveras (MC),LDT2,Gas,RUNLOSS,CAT,TOG,0.04571279456363421
2017,July,Calaveras (MC),LDT2,Gas,RUNLOSS,NCAT,TOG,0.0007890428563628628
2017,July,Calaveras (MC),LDT2,Gas,RESTLOSS,CAT,TOG,0.009365554730716312
2017,July,Calaveras (MC),LDT2,Gas,RESTLOSS,NCAT,TOG,0.0003410012248534034
2017,July,Calaveras (MC),LDT2,Gas,DIURN,CAT,TOG,0.016930878727999872
2017,July,Calaveras (MC),LDT2,Gas,DIURN,NCAT,TOG,0.0006127384698924359
2017,July,Calaveras (MC),LDT2,Gas,PMTW,CAT,PM,0.0023509776829134382
2017,July,Calaveras (MC),LDT2,Gas,PMTW,CAT,PM10,0.0023509776829134382
2017,July,Calaveras (MC),LDT2,Gas,PMTW,CAT,PM2_5,0.0005877444207283596
2017,July,Calaveras (MC),LDT2,Gas,PMTW,NCAT,PM,4.711430680030746e-06
2017,July,Calaveras (MC),LDT2,Gas,PMTW,NCAT,PM10,4.711430680030746e-06
2017,July,Calaveras (MC),LDT2,Gas,PMTW,NCAT,PM2_5,1.1778576700076866e-06
2017,July,Calaveras (MC),LDT2,Gas,PMBW,CAT,PM,0.011020207888656762
2017,July,Calaveras (MC),LDT2,Gas,PMBW,CAT,PM10,0.01079980373088361
2017,July,Calaveras (MC),LDT2,Gas,PMBW,CAT,PM2_5,0.004628487313235833
2017,July,Calaveras (MC),LDT2,Gas,PMBW,NCAT,PM,2.208483131264411e-05
2017,July,Calaveras (MC),LDT2,Gas,PMBW,NCAT,PM10,2.164313468639125e-05
2017,July,Calaveras (MC),LDT2,Gas,PMBW,NCAT,PM2_5,9.275629151310526e-06
2017,July,Calaveras (MC),MDV,Gas,RUNEX,CAT,CO,0.7282343508987668
2017,July,Calaveras (MC),MDV,Gas,RUNEX,CAT,NOx,0.07384257086162033
2017,July,Calaveras (MC),MDV,Gas,RUNEX,CAT,SOx,0.0013512938010251567
2017,July,Calaveras (MC),MDV,Gas,RUNEX,CAT,PM,0.0006648834713906801
2017,July,Calaveras (MC),MDV,Gas,RUNEX,CAT,TOG,0.026879377427261538
2017,July,Calaveras (MC),MDV,Gas,RUNEX,CAT,PM10,0.000594678000938574
2017,July,Calaveras (MC),MDV,Gas,RUNEX,CAT,PM2_5,0.0005469201368257386
2017,July,Calaveras (MC),MDV,Gas,RUNEX,NCAT,CO,0.07997969965129839
2017,July,Calaveras (MC),MDV,Gas,RUNEX,NCAT,NOx,0.00487530676186115
2017,July,Calaveras (MC),MDV,Gas,RUNEX,NCAT,SOx,4.797961178738333e-06
2017,July,Calaveras (MC),MDV,Gas,RUNEX,NCAT,PM,3.397221315641895e-05
2017,July,Calaveras (MC),MDV,Gas,RUNEX,NCAT,TOG,0.004106015529302979
2017,July,Calaveras (MC),MDV,Gas,RUNEX,NCAT,PM10,3.2375119328011645e-05
2017,July,Calaveras (MC),MDV,Gas,RUNEX,NCAT,PM2_5,3.0766596121836786e-05
2017,July,Calaveras (MC),MDV,Gas,STREX,CAT,CO,0.14578009191238192
2017,July,Calaveras (MC),MDV,Gas,STREX,CAT,NOx,0.023708255797365005
2017,July,Calaveras (MC),MDV,Gas,STREX,CAT,SOx,3.517111456878287e-05
2017,July,Calaveras (MC),MDV,Gas,STREX,CAT,PM,0.00014208804296999655
2017,July,Calaveras (MC),MDV,Gas,STREX,CAT,TOG,0.030851414645278404
2017,July,Calaveras (MC),MDV,Gas,STREX,CAT,PM10,0.00012718060484196074
2017,July,Calaveras (MC),MDV,Gas,STREX,CAT,PM2_5,0.00011701457983692636
2017,July,Calaveras (MC),MDV,Gas,STREX,NCAT,CO,0.02032159889553714
2017,July,Calaveras (MC),MDV,Gas,STREX,NCAT,NOx,0.0007601686453458088
2017,July,Calaveras (MC),MDV,Gas,STREX,NCAT,SOx,1.077634226024507e-06
2017,July,Calaveras (MC),MDV,Gas,STREX,NCAT,PM,2.017454600703145e-05
2017,July,Calaveras (MC),MDV,Gas,STREX,NCAT,TOG,0.0018391068228034153
2017,July,Calaveras (MC),MDV,Gas,STREX,NCAT,PM10,1.9233844285973254e-05
2017,July,Calaveras (MC),MDV,Gas,STREX,NCAT,PM2_5,1.8281850172858623e-05
2017,July,Calaveras (MC),MDV,Gas,HOTSOAK,CAT,TOG,0.014578451863400694
2017,July,Calaveras (MC),MDV,Gas,HOTSOAK,NCAT,TOG,0.001171323333473776
2017,July,Calaveras (MC),MDV,Gas,RUNLOSS,CAT,TOG,0.044191697413308896
2017,July,Calaveras (MC),MDV,Gas,RUNLOSS,NCAT,TOG,0.0019677302350396457
2017,July,Calaveras (MC),MDV,Gas,RESTLOSS,CAT,TOG,0.009529886098565834
2017,July,Calaveras (MC),MDV,Gas,RESTLOSS,NCAT,TOG,0.001166437705521025
2017,July,Calaveras (MC),MDV,Gas,DIURN,CAT,TOG,0.01655671292590955
2017,July,Calaveras (MC),MDV,Gas,DIURN,NCAT,TOG,0.002049850513090693
2017,July,Calaveras (MC),MDV,Gas,PMTW,CAT,PM,0.002160910150252042
2017,July,Calaveras (MC),MDV,Gas,PMTW,CAT,PM10,0.002160910150252042
2017,July,Calaveras (MC),MDV,Gas,PMTW,CAT,PM2_5,0.0005402275375630105
2017,July,Calaveras (MC),MDV,Gas,PMTW,NCAT,PM,4.549046069300294e-06
2017,July,Calaveras (MC),MDV,Gas,PMTW,NCAT,PM10,4.549046069300294e-06
2017,July,Calaveras (MC),MDV,Gas,PMTW,NCAT,PM2_5,1.1372615173250734e-06
2017,July,Calaveras (MC),MDV,Gas,PMBW,CAT,PM,0.010129266329306438
2017,July,Calaveras (MC),MDV,Gas,PMBW,CAT,PM10,0.009926681002720312
2017,July,Calaveras (MC),MDV,Gas,PMBW,CAT,PM2_5,0.0042542918583087065
2017,July,Calaveras (MC),MDV,Gas,PMBW,NCAT,PM,2.1323653449845136e-05
2017,July,Calaveras (MC),MDV,Gas,PMBW,NCAT,PM10,2.089718038084825e-05
2017,July,Calaveras (MC),MDV,Gas,PMBW,NCAT,PM2_5,8.955934448934955e-06
2017,July,Calaveras (MC),LHD1,Gas,RUNEX,CAT,CO,0.2324713038581801
2017,July,Calaveras (MC),LHD1,Gas,RUNEX,CAT,NOx,0.03568962637136721
2017,July,Calaveras (MC),LHD1,Gas,RUNEX,CAT,SOx,0.00046267416890063127
2017,July,Calaveras (MC),LHD1,Gas,RUNEX,CAT,PM,0.0002499128168737581
2017,July,Calaveras (MC),LHD1,Gas,RUNEX,CAT,TOG,0.0180989676025629
2017,July,Calaveras (MC),LHD1,Gas,RUNEX,CAT,PM10,0.00022342205828513914
2017,July,Calaveras (MC),LHD1,Gas,RUNEX,CAT,PM2_5,0.00020542833547022887
2017,July,Calaveras (MC),LHD1,Gas,RUNEX,NCAT,CO,0.06771773586080347
2017,July,Calaveras (MC),LHD1,Gas,RUNEX,NCAT,NOx,0.0015792582169870436
2017,July,Calaveras (MC),LHD1,Gas,RUNEX,NCAT,SOx,7.2927075675155116e-06
2017,July,Calaveras (MC),LHD1,Gas,RUNEX,NCAT,PM,3.298729743420004e-05
2017,July,Calaveras (MC),LHD1,Gas,RUNEX,NCAT,TOG,0.003637425979768853
2017,July,Calaveras (MC),LHD1,Gas,RUNEX,NCAT,PM10,3.170079283426625e-05
2017,July,Calaveras (MC),LHD1,Gas,RUNEX,NCAT,PM2_5,3.0249351747161442e-05
2017,July,Calaveras (MC),LHD1,Gas,IDLEX,CAT,CO,0.005133905484498006
2017,July,Calaveras (MC),LHD1,Gas,IDLEX,CAT,NOx,5.774398297014853e-05
2017,July,Calaveras (MC),LHD1,Gas,IDLEX,CAT,SOx,1.7392396404873106e-06
2017,July,Calaveras (MC),LHD1,Gas,IDLEX,CAT,TOG,0.0009572387882004833
2017,July,Calaveras (MC),LHD1,Gas,IDLEX,NCAT,CO,0.00012334250154421054
2017,July,Calaveras (MC),LHD1,Gas,IDLEX,NCAT,NOx,1.3947837008587924e-06
2017,July,Calaveras (MC),LHD1,Gas,IDLEX,NCAT,SOx,4.544819380837569e-08
2017,July,Calaveras (MC),LHD1,Gas,IDLEX,NCAT,TOG,2.2169789591346317e-05
2017,July,Calaveras (MC),LHD1,Gas,STREX,CAT,CO,0.05534615815043024
2017,July,Calaveras (MC),LHD1,Gas,STREX,CAT,NOx,0.010423119532085199
2017,July,Calaveras (MC),LHD1,Gas,STREX,CAT,SOx,4.183384655926916e-06
2017,July,Calaveras (MC),LHD1,Gas,STREX,CAT,PM,2.1205985851225556e-05
2017,July,Calaveras (MC),LHD1,Gas,STREX,CAT,TOG,0.0046722950119239895
2017,July,Calaveras (MC),LHD1,Gas,STREX,CAT,PM10,1.8958151350995617e-05
2017,July,Calaveras (MC),LHD1,Gas,STREX,CAT,PM2_5,1.7431320369707413e-05
2017,July,Calaveras (MC),LHD1,Gas,STREX,NCAT,CO,5.444213762798547e-05
2017,July,Calaveras (MC),LHD1,Gas,STREX,NCAT,NOx,0.00019859229811496705
2017,July,Calaveras (MC),LHD1,Gas,STREX,NCAT,SOx,3.655360477425505e-07
2017,July,Calaveras (MC),LHD1,Gas,STREX,NCAT,PM,8.413412631469665e-06
2017,July,Calaveras (MC),LHD1,Gas,STREX,NCAT,TOG,0.001137496770553718
2017,July,Calaveras (MC),LHD1,Gas,STREX,NCAT,PM10,8.085289538842347e-06
2017,July,Calaveras (MC),LHD1,Gas,STREX,NCAT,PM2_5,7.715099383057681e-06
2017,July,Calaveras (MC),LHD1,Gas,HOTSOAK,CAT,TOG,0.008599652154309896
2017,July,Calaveras (MC),LHD1,Gas,HOTSOAK,NCAT,TOG,0.0009578124002303668
2017,July,Calaveras (MC),LHD1,Gas,RUNLOSS,CAT,TOG,0.06192625918757039
2017,July,Calaveras (MC),LHD1,Gas,RUNLOSS,NCAT,TOG,0.002128928816915949
2017,July,Calaveras (MC),LHD1,Gas,RESTLOSS,CAT,TOG,0.0001606772447821932
2017,July,Calaveras (MC),LHD1,Gas,RESTLOSS,NCAT,TOG,1.5688257241865317e-05
2017,July,Calaveras (MC),LHD1,Gas,DIURN,CAT,TOG,0.0005126105335831847
2017,July,Calaveras (MC),LHD1,Gas,DIURN,NCAT,TOG,4.551295076812875e-05
2017,July,Calaveras (MC),LHD1,Gas,PMTW,CAT,PM,0.00035186917637248773
2017,July,Calaveras (MC),LHD1,Gas,PMTW,CAT,PM10,0.00035186917637248773
2017,July,Calaveras (MC),LHD1,Gas,PMTW,CAT,PM2_5,8.796729409312193e-05
2017,July,Calaveras (MC),LHD1,Gas,PMTW,NCAT,PM,4.680438109947927e-06
2017,July,Calaveras (MC),LHD1,Gas,PMTW,NCAT,PM10,4.680438109947927e-06
2017,July,Calaveras (MC),LHD1,Gas,PMTW,NCAT,PM2_5,1.1701095274869817e-06
2017,July,Calaveras (MC),LHD1,Gas,PMBW,CAT,PM,0.0034307244696317562
2017,July,Calaveras (MC),LHD1,Gas,PMBW,CAT,PM10,0.0033621099802391254
2017,July,Calaveras (MC),LHD1,Gas,PMBW,CAT,PM2_5,0.0014409042772453382
2017,July,Calaveras (MC),LHD1,Gas,PMBW,NCAT,PM,4.563427157199227e-05
2017,July,Calaveras (MC),LHD1,Gas,PMBW,NCAT,PM10,4.472158614055244e-05
2017,July,Calaveras (MC),LHD1,Gas,PMBW,NCAT,PM2_5,1.9166394060236762e-05
2017,July,Calaveras (MC),LHD2,Gas,RUNEX,CAT,CO,0.01141810381150818
2017,July,Calaveras (MC),LHD2,Gas,RUNEX,CAT,NOx,0.001958291127056348
2017,July,Calaveras (MC),LHD2,Gas,RUNEX,CAT,SOx,3.5373649309802284e-05
2017,July,Calaveras (MC),LHD2,Gas,RUNEX,CAT,PM,1.4227864556355409e-05
2017,July,Calaveras (MC),LHD2,Gas,RUNEX,CAT,TOG,0.0008595338612065336
2017,July,Calaveras (MC),LHD2,Gas,RUNEX,CAT,PM10,1.2719710913381733e-05
2017,July,Calaveras (MC),LHD2,Gas,RUNEX,CAT,PM2_5,1.1695304665324164e-05
2017,July,Calaveras (MC),LHD2,Gas,IDLEX,CAT,CO,0.0003318908281058889
2017,July,Calaveras (MC),LHD2,Gas,IDLEX,CAT,NOx,3.733871012796952e-06
2017,July,Calaveras (MC),LHD2,Gas,IDLEX,CAT,SOx,1.286388353318526e-07
2017,July,Calaveras (MC),LHD2,Gas,IDLEX,CAT,TOG,6.204912578710255e-05
2017,July,Calaveras (MC),LHD2,Gas,STREX,CAT,CO,0.0032578621338246764
2017,July,Calaveras (MC),LHD2,Gas,STREX,CAT,NOx,0.0007181280085944617
2017,July,Calaveras (MC),LHD2,Gas,STREX,CAT,SOx,2.99671172218383e-07
2017,July,Calaveras (MC),LHD2,Gas,STREX,CAT,PM,1.172062574276289e-06
2017,July,Calaveras (MC),LHD2,Gas,STREX,CAT,TOG,0.0002956631933976914
2017,July,Calaveras (MC),LHD2,Gas,STREX,CAT,PM10,1.0478239414030004e-06
2017,July,Calaveras (MC),LHD2,Gas,STREX,CAT,PM2_5,9.63435436055108e-07
2017,July,Calaveras (MC),LHD2,Gas,HOTSOAK,CAT,TOG,0.0004742966303156487
2017,July,Calaveras (MC),LHD2,Gas,RUNLOSS,CAT,TOG,0.0036963612077469585
2017,July,Calaveras (MC),LHD2,Gas,RESTLOSS,CAT,TOG,8.53392872241066e-06
2017,July,Calaveras (MC),LHD2,Gas,DIURN,CAT,TOG,2.732952699247951e-05
2017,July,Calaveras (MC),LHD2,Gas,PMTW,CAT,PM,2.3575961133837168e-05
2017,July,Calaveras (MC),LHD2,Gas,PMTW,CAT,PM10,2.3575961133837168e-05
2017,July,Calaveras (MC),LHD2,Gas,PMTW,CAT,PM2_5,5.893990283459292e-06
2017,July,Calaveras (MC),LHD2,Gas,PMBW,CAT,PM,0.00026817655789739773
2017,July,Calaveras (MC),LHD2,Gas,PMBW,CAT,PM10,0.0002628130267394497
2017,July,Calaveras (MC),LHD2,Gas,PMBW,CAT,PM2_5,0.00011263415431690694
2017,July,Calaveras (MC),T6TS,Gas,RUNEX,CAT,CO,0.02191927898576345
2017,July,Calaveras (MC),T6TS,Gas,RUNEX,CAT,NOx,0.004362390609305549
2017,July,Calaveras (MC),T6TS,Gas,RUNEX,CAT,SOx,4.301977094282698e-05
2017,July,Calaveras (MC),T6TS,Gas,RUNEX,CAT,PM,7.52386657392171e-06
2017,July,Calaveras (MC),T6TS,Gas,RUNEX,CAT,TOG,0.0013348186615530114
2017,July,Calaveras (MC),T6TS,Gas,RUNEX,CAT,PM10,6.72633671708601e-06
2017,July,Calaveras (MC),T6TS,Gas,RUNEX,CAT,PM2_5,6.1846183237636406e-06
2017,July,Calaveras (MC),T6TS,Gas,RUNEX,NCAT,CO,0.0017783087282916249
2017,July,Calaveras (MC),T6TS,Gas,RUNEX,NCAT,NOx,4.5627962147000075e-05
2017,July,Calaveras (MC),T6TS,Gas,RUNEX,NCAT,SOx,2.581528257002587e-07
2017,July,Calaveras (MC),T6TS,Gas,RUNEX,NCAT,PM,5.083427224050817e-07
2017,July,Calaveras (MC),T6TS,Gas,RUNEX,NCAT,TOG,7.711076242651617e-05
2017,July,Calaveras (MC),T6TS,Gas,RUNEX,NCAT,PM10,4.885173562312833e-07
2017,July,Calaveras (MC),T6TS,Gas,RUNEX,NCAT,PM2_5,4.6615027644545973e-07
2017,July,Calaveras (MC),T6TS,Gas,IDLEX,CAT,CO,0.0006481471676139788
2017,July,Calaveras (MC),T6TS,Gas,IDLEX,CAT,NOx,5.74096384597424e-06
2017,July,Calaveras (MC),T6TS,Gas,IDLEX,CAT,SOx,3.7763593780782667e-07
2017,July,Calaveras (MC),T6TS,Gas,IDLEX,CAT,TOG,8.432668961526647e-05
2017,July,Calaveras (MC),T6TS,Gas,IDLEX,NCAT,CO,1.2311982825850374e-05
2017,July,Calaveras (MC),T6TS,Gas,IDLEX,NCAT,NOx,1.093759006402822e-07
2017,July,Calaveras (MC),T6TS,Gas,IDLEX,NCAT,SOx,7.73368189251608e-09
2017,July,Calaveras (MC),T6TS,Gas,IDLEX,NCAT,TOG,1.5487186374185764e-06
2017,July,Calaveras (MC),T6TS,Gas,STREX,CAT,CO,0.009828362386096004
2017,July,Calaveras (MC),T6TS,Gas,STREX,CAT,NOx,0.0005236267125360874
2017,July,Calaveras (MC),T6TS,Gas,STREX,CAT,SOx,5.825491139231862e-07
2017,July,Calaveras (MC),T6TS,Gas,STREX,CAT,PM,1.551494115095118e-06
2017,July,Calaveras (MC),T6TS,Gas,STREX,CAT,TOG,0.0004900602132129674
2017,July,Calaveras (MC),T6TS,Gas,STREX,CAT,PM10,1.3870357388950344e-06
2017,July,Calaveras (MC),T6TS,Gas,STREX,CAT,PM2_5,1.275328162608185e-06
2017,July,Calaveras (MC),T6TS,Gas,STREX,NCAT,CO,4.063891146119279e-06
2017,July,Calaveras (MC),T6TS,Gas,STREX,NCAT,NOx,1.4751296931217122e-05
2017,July,Calaveras (MC),T6TS,Gas,STREX,NCAT,SOx,3.637941371703777e-08
2017,July,Calaveras (MC),T6TS,Gas,STREX,NCAT,PM,4.0433801760675616e-07
2017,July,Calaveras (MC),T6TS,Gas,STREX,NCAT,TOG,8.215467708207629e-05
2017,July,Calaveras (MC),T6TS,Gas,STREX,NCAT,PM10,3.885688349200927e-07
2017,July,Calaveras (MC),T6TS,Gas,STREX,NCAT,PM2_5,3.707779621453955e-07
2017,July,Calaveras (MC),T6TS,Gas,HOTSOAK,CAT,TOG,0.000406689686356835
2017,July,Calaveras (MC),T6TS,Gas,HOTSOAK,NCAT,TOG,4.9826327675209815e-05
2017,July,Calaveras (MC),T6TS,Gas,RUNLOSS,CAT,TOG,0.002524929720976607
2017,July,Calaveras (MC),T6TS,Gas,RUNLOSS,NCAT,TOG,9.813804251274552e-05
2017,July,Calaveras (MC),T6TS,Gas,RESTLOSS,CAT,TOG,7.380293392211608e-06
2017,July,Calaveras (MC),T6TS,Gas,RESTLOSS,NCAT,TOG,6.005981119034955e-07
2017,July,Calaveras (MC),T6TS,Gas,DIURN,CAT,TOG,2.2265250888210615e-05
2017,July,Calaveras (MC),T6TS,Gas,DIURN,NCAT,TOG,1.7013220942254662e-06
2017,July,Calaveras (MC),T6TS,Gas,PMTW,CAT,PM,2.784163299236461e-05
2017,July,Calaveras (MC),T6TS,Gas,PMTW,CAT,PM10,2.784163299236461e-05
2017,July,Calaveras (MC),T6TS,Gas,PMTW,CAT,PM2_5,6.960408248091152e-06
2017,July,Calaveras (MC),T6TS,Gas,PMTW,NCAT,PM,1.464164047462834e-07
2017,July,Calaveras (MC),T6TS,Gas,PMTW,NCAT,PM10,1.464164047462834e-07
2017,July,Calaveras (MC),T6TS,Gas,PMTW,NCAT,PM2_5,3.660410118657085e-08
2017,July,Calaveras (MC),T6TS,Gas,PMBW,CAT,PM,0.00030857809899870783
2017,July,Calaveras (MC),T6TS,Gas,PMBW,CAT,PM10,0.0003024065370187339
2017,July,Calaveras (MC),T6TS,Gas,PMBW,CAT,PM2_5,0.00012960280157945723
2017,July,Calaveras (MC),T6TS,Gas,PMBW,NCAT,PM,1.6227818192713076e-06
2017,July,Calaveras (MC),T6TS,Gas,PMBW,NCAT,PM10,1.5903261828858812e-06
2017,July,Calaveras (MC),T6TS,Gas,PMBW,NCAT,PM2_5,6.81568364093949e-07
2017,July,Calaveras (MC),T7IS,Gas,RUNEX,CAT,CO,0.0035156771699777103
2017,July,Calaveras (MC),T7IS,Gas,RUNEX,CAT,NOx,0.0002540263631022839
2017,July,Calaveras (MC),T7IS,Gas,RUNEX,CAT,SOx,3.2847656355785967e-07
2017,July,Calaveras (MC),T7IS,Gas,RUNEX,CAT,PM,1.6154708301452055e-07
2017,July,Calaveras (MC),T7IS,Gas,RUNEX,CAT,TOG,0.00011176960130651937
2017,July,Calaveras (MC),T7IS,Gas,RUNEX,CAT,PM10,1.4442309221498134e-07
2017,July,Calaveras (MC),T7IS,Gas,RUNEX,CAT,PM2_5,1.3279170223793586e-07
2017,July,Calaveras (MC),T7IS,Gas,STREX,CAT,CO,1.0073888237117485e-06
2017,July,Calaveras (MC),T7IS,Gas,STREX,CAT,NOx,1.2551131880593471e-08
2017,July,Calaveras (MC),T7IS,Gas,STREX,CAT,SOx,6.469057591711787e-09
2017,July,Calaveras (MC),T7IS,Gas,STREX,CAT,PM,5.000622013089216e-08
2017,July,Calaveras (MC),T7IS,Gas,STREX,CAT,TOG,3.2381827096841017e-09
2017,July,Calaveras (MC),T7IS,Gas,STREX,CAT,PM10,4.470556079701757e-08
2017,July,Calaveras (MC),T7IS,Gas,STREX,CAT,PM2_5,4.110511294759333e-08
2017,July,Calaveras (MC),T7IS,Gas,HOTSOAK,CAT,TOG,1.1101855587272843e-05
2017,July,Calaveras (MC),T7IS,Gas,RUNLOSS,CAT,TOG,8.217501897489e-05
2017,July,Calaveras (MC),T7IS,Gas,RESTLOSS,CAT,TOG,1.9386632479359656e-07
2017,July,Calaveras (MC),T7IS,Gas,DIURN,CAT,TOG,5.380199779363291e-07
2017,July,Calaveras (MC),T7IS,Gas,PMTW,CAT,PM,2.4765041697632734e-07
2017,July,Calaveras (MC),T7IS,Gas,PMTW,CAT,PM10,2.4765041697632734e-07
2017,July,Calaveras (MC),T7IS,Gas,PMTW,CAT,PM2_5,6.191260424408183e-08
2017,July,Calaveras (MC),T7IS,Gas,PMBW,CAT,PM,7.800988134754309e-07
2017,July,Calaveras (MC),T7IS,Gas,PMBW,CAT,PM10,7.644968372059223e-07
2017,July,Calaveras (MC),T7IS,Gas,PMBW,CAT,PM2_5,3.2764150165968094e-07
2017,July,Calaveras (MC),LDT1,Dsl,RUNEX,DSL,CO,0.0004185031178118049
2017,July,Calaveras (MC),LDT1,Dsl,RUNEX,DSL,NOx,0.0003347043901339932
2017,July,Calaveras (MC),LDT1,Dsl,RUNEX,DSL,SOx,9.13755342628883e-07
2017,July,Calaveras (MC),LDT1,Dsl,RUNEX,DSL,PM,5.730350722120773e-05
2017,July,Calaveras (MC),LDT1,Dsl,RUNEX,DSL,TOG,8.345761723954941e-05
2017,July,Calaveras (MC),LDT1,Dsl,RUNEX,DSL,PM10,5.6959686177880495e-05
2017,July,Calaveras (MC),LDT1,Dsl,RUNEX,DSL,PM2_5,5.449563536736854e-05
2017,July,Calaveras (MC),LDT1,Dsl,PMTW,DSL,PM,1.9374693221034617e-06
2017,July,Calaveras (MC),LDT1,Dsl,PMTW,DSL,PM10,1.9374693221034617e-06
2017,July,Calaveras (MC),LDT1,Dsl,PMTW,DSL,PM2_5,4.843673305258654e-07
2017,July,Calaveras (MC),LDT1,Dsl,PMBW,DSL,PM,9.081887447359965e-06
2017,July,Calaveras (MC),LDT1,Dsl,PMBW,DSL,PM10,8.90024969841278e-06
2017,July,Calaveras (MC),LDT1,Dsl,PMBW,DSL,PM2_5,3.8143927278911878e-06
2017,July,Calaveras (MC),LDT2,Dsl,RUNEX,DSL,CO,0.0003108853485201001
2017,July,Calaveras (MC),LDT2,Dsl,RUNEX,DSL,NOx,0.000247893604497629
2017,July,Calaveras (MC),LDT2,Dsl,RUNEX,DSL,SOx,3.04230408563591e-06
2017,July,Calaveras (MC),LDT2,Dsl,RUNEX,DSL,PM,3.359356151041518e-05
2017,July,Calaveras (MC),LDT2,Dsl,RUNEX,DSL,TOG,6.232666081868124e-05
2017,July,Calaveras (MC),LDT2,Dsl,RUNEX,DSL,PM10,3.3392000141352684e-05
2017,July,Calaveras (MC),LDT2,Dsl,RUNEX,DSL,PM2_5,3.1947476996404876e-05
2017,July,Calaveras (MC),LDT2,Dsl,PMTW,DSL,PM,7.86238353858622e-06
2017,July,Calaveras (MC),LDT2,Dsl,PMTW,DSL,PM10,7.86238353858622e-06
2017,July,Calaveras (MC),LDT2,Dsl,PMTW,DSL,PM2_5,1.965595884646555e-06
2017,July,Calaveras (MC),LDT2,Dsl,PMBW,DSL,PM,3.6854922837122884e-05
2017,July,Calaveras (MC),LDT2,Dsl,PMBW,DSL,PM10,3.611782438038042e-05
2017,July,Calaveras (MC),LDT2,Dsl,PMBW,DSL,PM2_5,1.547906759159162e-05
2017,July,Calaveras (MC),MDV,Dsl,RUNEX,DSL,CO,0.002595465346075484
2017,July,Calaveras (MC),MDV,Dsl,RUNEX,DSL,NOx,0.0015586303959080523
2017,July,Calaveras (MC),MDV,Dsl,RUNEX,DSL,SOx,3.04003954744508e-05
2017,July,Calaveras (MC),MDV,Dsl,RUNEX,DSL,PM,8.631460330240527e-05
2017,July,Calaveras (MC),MDV,Dsl,RUNEX,DSL,TOG,0.00021350304035117542
2017,July,Calaveras (MC),MDV,Dsl,RUNEX,DSL,PM10,8.579671568259083e-05
2017,July,Calaveras (MC),MDV,Dsl,RUNEX,DSL,PM2_5,8.20851877405874e-05
2017,July,Calaveras (MC),MDV,Dsl,PMTW,DSL,PM,6.202410367812841e-05
2017,July,Calaveras (MC),MDV,Dsl,PMTW,DSL,PM10,6.202410367812841e-05
2017,July,Calaveras (MC),MDV,Dsl,PMTW,DSL,PM2_5,1.5506025919532102e-05
2017,July,Calaveras (MC),MDV,Dsl,PMBW,DSL,PM,0.0002907379859912268
2017,July,Calaveras (MC),MDV,Dsl,PMBW,DSL,PM10,0.0002849232262714023
2017,July,Calaveras (MC),MDV,Dsl,PMBW,DSL,PM2_5,0.00012210995411631524
2017,July,Calaveras (MC),LHD1,Dsl,RUNEX,DSL,CO,0.10156431320943507
2017,July,Calaveras (MC),LHD1,Dsl,RUNEX,DSL,NOx,0.43859984945404146
2017,July,Calaveras (MC),LHD1,Dsl,RUNEX,DSL,SOx,0.0005245464532069486
2017,July,Calaveras (MC),LHD1,Dsl,RUNEX,DSL,PM,0.004507380456583427
2017,July,Calaveras (MC),LHD1,Dsl,RUNEX,DSL,TOG,0.025237642510831805
2017,July,Calaveras (MC),LHD1,Dsl,RUNEX,DSL,PM10,0.0044803361738439285
2017,July,Calaveras (MC),LHD1,Dsl,RUNEX,DSL,PM2_5,0.004286518814210839
2017,July,Calaveras (MC),LHD1,Dsl,IDLEX,DSL,CO,0.002328544925488809
2017,July,Calaveras (MC),LHD1,Dsl,IDLEX,DSL,NOx,0.0065965760492244655
2017,July,Calaveras (MC),LHD1,Dsl,IDLEX,DSL,SOx,3.4466834205800155e-06
2017,July,Calaveras (MC),LHD1,Dsl,IDLEX,DSL,PM,7.864512862414336e-05
2017,July,Calaveras (MC),LHD1,Dsl,IDLEX,DSL,TOG,0.0003198272852364967
2017,July,Calaveras (MC),LHD1,Dsl,IDLEX,DSL,PM10,7.817325785239853e-05
2017,July,Calaveras (MC),LHD1,Dsl,IDLEX,DSL,PM2_5,7.479151732156035e-05
2017,July,Calaveras (MC),LHD1,Dsl,PMTW,DSL,PM,0.0011211510727388919
2017,July,Calaveras (MC),LHD1,Dsl,PMTW,DSL,PM10,0.0011211510727388919
2017,July,Calaveras (MC),LHD1,Dsl,PMTW,DSL,PM2_5,0.00028028776818472297
2017,July,Calaveras (MC),LHD1,Dsl,PMBW,DSL,PM,0.007287481972802798
2017,July,Calaveras (MC),LHD1,Dsl,PMBW,DSL,PM10,0.007141732333346743
2017,July,Calaveras (MC),LHD1,Dsl,PMBW,DSL,PM2_5,0.0030607424285771776
2017,July,Calaveras (MC),LHD2,Dsl,RUNEX,DSL,CO,0.021102058160249584
2017,July,Calaveras (MC),LHD2,Dsl,RUNEX,DSL,NOx,0.08070975005839955
2017,July,Calaveras (MC),LHD2,Dsl,RUNEX,DSL,SOx,0.0001420202883927836
2017,July,Calaveras (MC),LHD2,Dsl,RUNEX,DSL,PM,0.0008594538106582119
2017,July,Calaveras (MC),LHD2,Dsl,RUNEX,DSL,TOG,0.005234153341707534
2017,July,Calaveras (MC),LHD2,Dsl,RUNEX,DSL,PM10,0.000854297087794263
2017,July,Calaveras (MC),LHD2,Dsl,RUNEX,DSL,PM2_5,0.0008173405739359593
2017,July,Calaveras (MC),LHD2,Dsl,IDLEX,DSL,CO,0.0005273350531751071
2017,July,Calaveras (MC),LHD2,Dsl,IDLEX,DSL,NOx,0.0014948372036557192
2017,July,Calaveras (MC),LHD2,Dsl,IDLEX,DSL,SOx,1.2489147797382203e-06
2017,July,Calaveras (MC),LHD2,Dsl,IDLEX,DSL,PM,1.6216453039153344e-05
2017,July,Calaveras (MC),LHD2,Dsl,IDLEX,DSL,TOG,7.242984089372207e-05
2017,July,Calaveras (MC),LHD2,Dsl,IDLEX,DSL,PM10,1.6119154320918416e-05
2017,July,Calaveras (MC),LHD2,Dsl,IDLEX,DSL,PM2_5,1.5421846840234825e-05
2017,July,Calaveras (MC),LHD2,Dsl,PMTW,DSL,PM,0.0002707958201791799
2017,July,Calaveras (MC),LHD2,Dsl,PMTW,DSL,PM10,0.0002707958201791799
2017,July,Calaveras (MC),LHD2,Dsl,PMTW,DSL,PM2_5,6.769895504479497e-05
2017,July,Calaveras (MC),LHD2,Dsl,PMBW,DSL,PM,0.0020535349696921127
2017,July,Calaveras (MC),LHD2,Dsl,PMBW,DSL,PM10,0.0020124642702982706
2017,July,Calaveras (MC),LHD2,Dsl,PMBW,DSL,PM2_5,0.0008624846872706879
2017,July,Calaveras (MC),LDT1,Elec,HOTSOAK,CAT,TOG,4.654311652292911e-08
2017,July,Calaveras (MC),LDT1,Elec,RESTLOSS,CAT,TOG,4.0410902847954584e-08
2017,July,Calaveras (MC),LDT1,Elec,DIURN,CAT,TOG,1.129940906408449e-07
2017,July,Calaveras (MC),LDT1,Elec,PMTW,CAT,PM,5.527116925770553e-07
2017,July,Calaveras (MC),LDT1,Elec,PMTW,CAT,PM10,5.527116925770553e-07
2017,July,Calaveras (MC),LDT1,Elec,PMTW,CAT,PM2_5,1.381779231442638e-07
2017,July,Calaveras (MC),LDT1,Elec,PMBW,CAT,PM,2.5908360589549475e-06
2017,July,Calaveras (MC),LDT1,Elec,PMBW,CAT,PM10,2.539019337775847e-06
2017,July,Calaveras (MC),LDT1,Elec,PMBW,CAT,PM2_5,1.0881511447610778e-06
2017,July,Calaveras (MC),LDT2,Elec,HOTSOAK,CAT,TOG,1.4443539830568003e-07
2017,July,Calaveras (MC),LDT2,Elec,RESTLOSS,CAT,TOG,1.1968455261755896e-07
2017,July,Calaveras (MC),LDT2,Elec,DIURN,CAT,TOG,3.346534284982435e-07
2017,July,Calaveras (MC),LDT2,Elec,PMTW,CAT,PM,1.802629964784461e-06
2017,July,Calaveras (MC),LDT2,Elec,PMTW,CAT,PM10,1.802629964784461e-06
2017,July,Calaveras (MC),LDT2,Elec,PMTW,CAT,PM2_5,4.506574911961153e-07
2017,July,Calaveras (MC),LDT2,Elec,PMBW,CAT,PM,8.44982795992716e-06
2017,July,Calaveras (MC),LDT2,Elec,PMBW,CAT,PM10,8.28083140072862e-06
2017,July,Calaveras (MC),LDT2,Elec,PMBW,CAT,PM2_5,3.548927743169408e-06
2017,July,Calaveras (MC),MDV,Elec,HOTSOAK,CAT,TOG,1.2431701813918175e-08
2017,July,Calaveras (MC),MDV,Elec,RESTLOSS,CAT,TOG,1.0256626811591612e-08
2017,July,Calaveras (MC),MDV,Elec,DIURN,CAT,TOG,2.8678849962318108e-08
2017,July,Calaveras (MC),MDV,Elec,PMTW,CAT,PM,1.5659384413421867e-07
2017,July,Calaveras (MC),MDV,Elec,PMTW,CAT,PM10,1.5659384413421867e-07
2017,July,Calaveras (MC),MDV,Elec,PMTW,CAT,PM2_5,3.9148461033554667e-08
2017,July,Calaveras (MC),MDV,Elec,PMBW,CAT,PM,7.3403364437915e-07
2017,July,Calaveras (MC),MDV,Elec,PMBW,CAT,PM10,7.193529714915669e-07
2017,July,Calaveras (MC),MDV,Elec,PMBW,CAT,PM2_5,3.0829413063924297e-07
2017,July,Calaveras (MC),SBUS,Gas,RUNEX,CAT,CO,0.004629416880808043
2017,July,Calaveras (MC),SBUS,Gas,RUNEX,CAT,NOx,0.00043504357873409236
2017,July,Calaveras (MC),SBUS,Gas,RUNEX,CAT,SOx,1.280403718543762e-06
2017,July,Calaveras (MC),SBUS,Gas,RUNEX,CAT,PM,1.0977165522242194e-06
2017,July,Calaveras (MC),SBUS,Gas,RUNEX,CAT,TOG,0.00026623659421152785
2017,July,Calaveras (MC),SBUS,Gas,RUNEX,CAT,PM10,9.81358597688452e-07
2017,July,Calaveras (MC),SBUS,Gas,RUNEX,CAT,PM2_5,9.023230059283079e-07
2017,July,Calaveras (MC),SBUS,Gas,IDLEX,CAT,CO,0.00021086514064657048
2017,July,Calaveras (MC),SBUS,Gas,IDLEX,CAT,NOx,2.3792316402989506e-06
2017,July,Calaveras (MC),SBUS,Gas,IDLEX,CAT,SOx,7.218320024985198e-08
2017,July,Calaveras (MC),SBUS,Gas,IDLEX,CAT,TOG,3.9191566180509985e-05
2017,July,Calaveras (MC),SBUS,Gas,STREX,CAT,CO,0.00024017789706875915
2017,July,Calaveras (MC),SBUS,Gas,STREX,CAT,NOx,3.0493677444568725e-06
2017,July,Calaveras (MC),SBUS,Gas,STREX,CAT,SOx,7.950106116584112e-09
2017,July,Calaveras (MC),SBUS,Gas,STREX,CAT,PM,3.198193181226888e-08
2017,July,Calaveras (MC),SBUS,Gas,STREX,CAT,TOG,1.2141027142495767e-05
2017,July,Calaveras (MC),SBUS,Gas,STREX,CAT,PM10,2.859184704016838e-08
2017,July,Calaveras (MC),SBUS,Gas,STREX,CAT,PM2_5,2.6289147949685018e-08
2017,July,Calaveras (MC),SBUS,Gas,HOTSOAK,CAT,TOG,6.6668923203796035e-06
2017,July,Calaveras (MC),SBUS,Gas,RUNLOSS,CAT,TOG,8.052506608210857e-05
2017,July,Calaveras (MC),SBUS,Gas,RESTLOSS,CAT,TOG,3.501394562898956e-07
2017,July,Calaveras (MC),SBUS,Gas,DIURN,CAT,TOG,1.7249901741733283e-06
2017,July,Calaveras (MC),SBUS,Gas,PMTW,CAT,PM,1.0671910543938486e-06
2017,July,Calaveras (MC),SBUS,Gas,PMTW,CAT,PM10,1.0671910543938486e-06
2017,July,Calaveras (MC),SBUS,Gas,PMTW,CAT,PM2_5,2.6679776359846215e-07
2017,July,Calaveras (MC),SBUS,Gas,PMBW,CAT,PM,0.00010138314883342681
2017,July,Calaveras (MC),SBUS,Gas,PMBW,CAT,PM10,9.935548585675825e-05
2017,July,Calaveras (MC),SBUS,Gas,PMBW,CAT,PM2_5,4.258092251003924e-05
2017,July,Calaveras (MC),OBUS,Gas,RUNEX,CAT,CO,0.006521085424707353
2017,July,Calaveras (MC),OBUS,Gas,RUNEX,CAT,NOx,0.0019387301907793464
2017,July,Calaveras (MC),OBUS,Gas,RUNEX,CAT,SOx,1.4679229313865957e-05
2017,July,Calaveras (MC),OBUS,Gas,RUNEX,CAT,PM,1.8825920794569907e-06
2017,July,Calaveras (MC),OBUS,Gas,RUNEX,CAT,TOG,0.00041322725545953027
2017,July,Calaveras (MC),OBUS,Gas,RUNEX,CAT,PM10,1.6830373190345496e-06
2017,July,Calaveras (MC),OBUS,Gas,RUNEX,CAT,PM2_5,1.5474906893136457e-06
2017,July,Calaveras (MC),OBUS,Gas,IDLEX,CAT,CO,0.00012214658191178453
2017,July,Calaveras (MC),OBUS,Gas,IDLEX,CAT,NOx,1.3771804932452014e-06
2017,July,Calaveras (MC),OBUS,Gas,IDLEX,CAT,SOx,8.432539639930343e-08
2017,July,Calaveras (MC),OBUS,Gas,IDLEX,CAT,TOG,2.285070209874089e-05
2017,July,Calaveras (MC),OBUS,Gas,STREX,CAT,CO,0.0020890661632995853
2017,July,Calaveras (MC),OBUS,Gas,STREX,CAT,NOx,0.0002411806196501171
2017,July,Calaveras (MC),OBUS,Gas,STREX,CAT,SOx,1.283715400935554e-07
2017,July,Calaveras (MC),OBUS,Gas,STREX,CAT,PM,3.4338737098050305e-07
2017,July,Calaveras (MC),OBUS,Gas,STREX,CAT,TOG,9.921026292436026e-05
2017,July,Calaveras (MC),OBUS,Gas,STREX,CAT,PM10,3.0698830965656963e-07
2017,July,Calaveras (MC),OBUS,Gas,STREX,CAT,PM2_5,2.822644189459738e-07
2017,July,Calaveras (MC),OBUS,Gas,HOTSOAK,CAT,TOG,4.0689235650128605e-05
2017,July,Calaveras (MC),OBUS,Gas,RUNLOSS,CAT,TOG,0.0005883759192782007
2017,July,Calaveras (MC),OBUS,Gas,RESTLOSS,CAT,TOG,2.0004862428267427e-06
2017,July,Calaveras (MC),OBUS,Gas,DIURN,CAT,TOG,8.409918797435177e-06
2017,July,Calaveras (MC),OBUS,Gas,PMTW,CAT,PM,9.383773860309588e-06
2017,July,Calaveras (MC),OBUS,Gas,PMTW,CAT,PM10,9.383773860309588e-06
2017,July,Calaveras (MC),OBUS,Gas,PMTW,CAT,PM2_5,2.345943465077397e-06
2017,July,Calaveras (MC),OBUS,Gas,PMBW,CAT,PM,0.00010400349361843122
2017,July,Calaveras (MC),OBUS,Gas,PMBW,CAT,PM10,0.00010192342374606267
2017,July,Calaveras (MC),OBUS,Gas,PMBW,CAT,PM2_5,4.368146731974115e-05
2017,July,Calaveras (MC),MCY,Gas,RUNEX,CAT,CO,0.07039121384773922
2017,July,Calaveras (MC),MCY,Gas,RUNEX,CAT,NOx,0.005149894267641349
2017,July,Calaveras (MC),MCY,Gas,RUNEX,CAT,SOx,1.1218727139434949e-05
2017,July,Calaveras (MC),MCY,Gas,RUNEX,CAT,PM,7.938478657963642e-06
2017,July,Calaveras (MC),MCY,Gas,RUNEX,CAT,TOG,0.012739992128851223
2017,July,Calaveras (MC),MCY,Gas,RUNEX,CAT,PM10,7.345556266253633e-06
2017,July,Calaveras (MC),MCY,Gas,RUNEX,CAT,PM2_5,6.877860096745264e-06
2017,July,Calaveras (MC),MCY,Gas,RUNEX,NCAT,CO,0.22846488626658734
2017,July,Calaveras (MC),MCY,Gas,RUNEX,NCAT,NOx,0.00865609591325106
2017,July,Calaveras (MC),MCY,Gas,RUNEX,NCAT,SOx,1.5775968486669965e-05
2017,July,Calaveras (MC),MCY,Gas,RUNEX,NCAT,PM,1.957439633460873e-05
2017,July,Calaveras (MC),MCY,Gas,RUNEX,NCAT,TOG,0.02654218176079902
2017,July,Calaveras (MC),MCY,Gas,RUNEX,NCAT,PM10,1.8562438531524824e-05
2017,July,Calaveras (MC),MCY,Gas,RUNEX,NCAT,PM2_5,1.759729079893702e-05
2017,July,Calaveras (MC),MCY,Gas,STREX,CAT,CO,0.006854293277898197
2017,July,Calaveras (MC),MCY,Gas,STREX,CAT,NOx,0.0002794883394147255
2017,July,Calaveras (MC),MCY,Gas,STREX,CAT,SOx,6.620825961246602e-07
2017,July,Calaveras (MC),MCY,Gas,STREX,CAT,PM,2.3552132962222063e-06
2017,July,Calaveras (MC),MCY,Gas,STREX,CAT,TOG,0.00180350977109272
2017,July,Calaveras (MC),MCY,Gas,STREX,CAT,PM10,2.1936933937904964e-06
2017,July,Calaveras (MC),MCY,Gas,STREX,CAT,PM2_5,2.0609496154938373e-06
2017,July,Calaveras (MC),MCY,Gas,STREX,NCAT,CO,0.02463630677639674
2017,July,Calaveras (MC),MCY,Gas,STREX,NCAT,NOx,0.0006932945019370081
2017,July,Calaveras (MC),MCY,Gas,STREX,NCAT,SOx,1.8029703854428944e-06
2017,July,Calaveras (MC),MCY,Gas,STREX,NCAT,PM,1.6019023113771175e-05
2017,July,Calaveras (MC),MCY,Gas,STREX,NCAT,TOG,0.005785645333885819
2017,July,Calaveras (MC),MCY,Gas,STREX,NCAT,PM10,1.5306148505366223e-05
2017,July,Calaveras (MC),MCY,Gas,STREX,NCAT,PM2_5,1.4564479909328985e-05
2017,July,Calaveras (MC),MCY,Gas,HOTSOAK,CAT,TOG,0.0007680679880778972
2017,July,Calaveras (MC),MCY,Gas,HOTSOAK,NCAT,TOG,0.0046868608514694845
2017,July,Calaveras (MC),MCY,Gas,RUNLOSS,CAT,TOG,0.001143829311467936
2017,July,Calaveras (MC),MCY,Gas,RUNLOSS,NCAT,TOG,0.011153709637003963
2017,July,Calaveras (MC),MCY,Gas,RESTLOSS,CAT,TOG,0.001115197744373225
2017,July,Calaveras (MC),MCY,Gas,RESTLOSS,NCAT,TOG,0.0049921149679067935
2017,July,Calaveras (MC),MCY,Gas,DIURN,CAT,TOG,0.0023527717739341763
2017,July,Calaveras (MC),MCY,Gas,DIURN,NCAT,TOG,0.010436315655772691
2017,July,Calaveras (MC),MCY,Gas,PMTW,CAT,PM,2.1815909200507322e-05
2017,July,Calaveras (MC),MCY,Gas,PMTW,CAT,PM10,2.1815909200507322e-05
2017,July,Calaveras (MC),MCY,Gas,PMTW,CAT,PM2_5,5.4539773001268305e-06
2017,July,Calaveras (MC),MCY,Gas,PMTW,NCAT,PM,2.9958985110931173e-05
2017,July,Calaveras (MC),MCY,Gas,PMTW,NCAT,PM10,2.9958985110931173e-05
2017,July,Calaveras (MC),MCY,Gas,PMTW,NCAT,PM2_5,7.489746277732793e-06
2017,July,Calaveras (MC),MCY,Gas,PMBW,CAT,PM,6.544772760152199e-05
2017,July,Calaveras (MC),MCY,Gas,PMBW,CAT,PM10,6.413877304949142e-05
2017,July,Calaveras (MC),MCY,Gas,PMBW,CAT,PM2_5,2.748804559263921e-05
2017,July,Calaveras (MC),MCY,Gas,PMBW,NCAT,PM,8.987695533279341e-05
2017,July,Calaveras (MC),MCY,Gas,PMBW,NCAT,PM10,8.807941622613759e-05
2017,July,Calaveras (MC),MCY,Gas,PMBW,NCAT,PM2_5,3.7748321239773326e-05
2017,July,Calaveras (MC),MH,Gas,RUNEX,CAT,CO,0.027500927882199176
2017,July,Calaveras (MC),MH,Gas,RUNEX,CAT,NOx,0.004505315294315512
2017,July,Calaveras (MC),MH,Gas,RUNEX,CAT,SOx,8.281143896505834e-05
2017,July,Calaveras (MC),MH,Gas,RUNEX,CAT,PM,1.5517437666267537e-05
2017,July,Calaveras (MC),MH,Gas,RUNEX,CAT,TOG,0.0013898487178333157
2017,July,Calaveras (MC),MH,Gas,RUNEX,CAT,PM10,1.3872589273643182e-05
2017,July,Calaveras (MC),MH,Gas,RUNEX,CAT,PM2_5,1.2755333761671925e-05
2017,July,Calaveras (MC),MH,Gas,RUNEX,NCAT,CO,0.0026404255139263443
2017,July,Calaveras (MC),MH,Gas,RUNEX,NCAT,NOx,6.53962491777635e-05
2017,July,Calaveras (MC),MH,Gas,RUNEX,NCAT,SOx,3.8997786339402647e-07
2017,July,Calaveras (MC),MH,Gas,RUNEX,NCAT,PM,7.696850650277566e-07
2017,July,Calaveras (MC),MH,Gas,RUNEX,NCAT,TOG,0.00011419992252980691
2017,July,Calaveras (MC),MH,Gas,RUNEX,NCAT,PM10,7.396673474916741e-07
2017,July,Calaveras (MC),MH,Gas,RUNEX,NCAT,PM2_5,7.058012046304529e-07
2017,July,Calaveras (MC),MH,Gas,STREX,CAT,CO,0.00020551417921405734
2017,July,Calaveras (MC),MH,Gas,STREX,CAT,NOx,1.557299652627113e-05
2017,July,Calaveras (MC),MH,Gas,STREX,CAT,SOx,1.494304074182666e-08
2017,July,Calaveras (MC),MH,Gas,STREX,CAT,PM,3.526909675843173e-08
2017,July,Calaveras (MC),MH,Gas,STREX,CAT,TOG,1.0354594032248827e-05
2017,July,Calaveras (MC),MH,Gas,STREX,CAT,PM10,3.153057250203792e-08
2017,July,Calaveras (MC),MH,Gas,STREX,CAT,PM2_5,2.8991197535430852e-08
2017,July,Calaveras (MC),MH,Gas,STREX,NCAT,CO,5.245672018611966e-08
2017,July,Calaveras (MC),MH,Gas,STREX,NCAT,NOx,1.8849683472295845e-07
2017,July,Calaveras (MC),MH,Gas,STREX,NCAT,SOx,4.6264216616701194e-10
2017,July,Calaveras (MC),MH,Gas,STREX,NCAT,PM,5.537729191778025e-09
2017,July,Calaveras (MC),MH,Gas,STREX,NCAT,TOG,1.069152453905367e-06
2017,July,Calaveras (MC),MH,Gas,STREX,NCAT,PM10,5.321757753298682e-09
2017,July,Calaveras (MC),MH,Gas,STREX,NCAT,PM2_5,5.078097668860449e-09
2017,July,Calaveras (MC),MH,Gas,HOTSOAK,CAT,TOG,9.86305254223614e-06
2017,July,Calaveras (MC),MH,Gas,HOTSOAK,NCAT,TOG,2.3009295990180888e-07
2017,July,Calaveras (MC),MH,Gas,RUNLOSS,CAT,TOG,0.0002190973898018693
2017,July,Calaveras (MC),MH,Gas,RUNLOSS,NCAT,TOG,1.2668018889177644e-06
2017,July,Calaveras (MC),MH,Gas,RESTLOSS,CAT,TOG,6.287178203216715e-05
2017,July,Calaveras (MC),MH,Gas,RESTLOSS,NCAT,TOG,1.429553680480209e-06
2017,July,Calaveras (MC),MH,Gas,DIURN,CAT,TOG,0.00030101433423116775
2017,July,Calaveras (MC),MH,Gas,DIURN,NCAT,TOG,5.8792473709271174e-06
2017,July,Calaveras (MC),MH,Gas,PMTW,CAT,PM,5.3176651050193954e-05
2017,July,Calaveras (MC),MH,Gas,PMTW,CAT,PM10,5.3176651050193954e-05
2017,July,Calaveras (MC),MH,Gas,PMTW,CAT,PM2_5,1.3294162762548488e-05
2017,July,Calaveras (MC),MH,Gas,PMTW,NCAT,PM,2.2169004303846588e-07
2017,July,Calaveras (MC),MH,Gas,PMTW,NCAT,PM10,2.2169004303846588e-07
2017,July,Calaveras (MC),MH,Gas,PMTW,NCAT,PM2_5,5.542251075961647e-08
2017,July,Calaveras (MC),MH,Gas,PMBW,CAT,PM,0.00058937454913965
2017,July,Calaveras (MC),MH,Gas,PMBW,CAT,PM10,0.0005775870581568568
2017,July,Calaveras (MC),MH,Gas,PMBW,CAT,PM2_5,0.0002475373106386528
2017,July,Calaveras (MC),MH,Gas,PMBW,NCAT,PM,2.4570646436763303e-06
2017,July,Calaveras (MC),MH,Gas,PMBW,NCAT,PM10,2.407923350802804e-06
2017,July,Calaveras (MC),MH,Gas,PMBW,NCAT,PM2_5,1.0319671503440585e-06
2017,July,Calaveras (MC),MH,Dsl,RUNEX,DSL,CO,0.0008138170726368554
2017,July,Calaveras (MC),MH,Dsl,RUNEX,DSL,NOx,0.008828550018772644
2017,July,Calaveras (MC),MH,Dsl,RUNEX,DSL,SOx,1.348939112405647e-05
2017,July,Calaveras (MC),MH,Dsl,RUNEX,DSL,PM,0.00023892669547776046
2017,July,Calaveras (MC),MH,Dsl,RUNEX,DSL,TOG,0.0002399322328713544
2017,July,Calaveras (MC),MH,Dsl,RUNEX,DSL,PM10,0.00023749313530489391
2017,July,Calaveras (MC),MH,Dsl,RUNEX,DSL,PM2_5,0.00022721928739935046
2017,July,Calaveras (MC),MH,Dsl,PMTW,DSL,PM,2.1209161621352643e-05
2017,July,Calaveras (MC),MH,Dsl,PMTW,DSL,PM10,2.1209161621352643e-05
2017,July,Calaveras (MC),MH,Dsl,PMTW,DSL,PM2_5,5.302290405338161e-06
2017,July,Calaveras (MC),MH,Dsl,PMBW,DSL,PM,0.00017630115597749377
2017,July,Calaveras (MC),MH,Dsl,PMBW,DSL,PM10,0.00017277513285794368
2017,July,Calaveras (MC),MH,Dsl,PMBW,DSL,PM2_5,7.404648551054732e-05
2017,July,Calaveras (MC),UBUS,Gas,RUNEX,CAT,CO,0.00015730047398274376
2017,July,Calaveras (MC),UBUS,Gas,RUNEX,CAT,NOx,0.00011643677183720586
2017,July,Calaveras (MC),UBUS,Gas,RUNEX,CAT,SOx,8.902824923354993e-06
2017,July,Calaveras (MC),UBUS,Gas,RUNEX,CAT,PM,1.6424165886409492e-07
2017,July,Calaveras (MC),UBUS,Gas,RUNEX,CAT,TOG,1.2998468219544711e-05
2017,July,Calaveras (MC),UBUS,Gas,RUNEX,CAT,PM10,1.4683204302450077e-07
2017,July,Calaveras (MC),UBUS,Gas,RUNEX,CAT,PM2_5,1.350066435862859e-07
2017,July,Calaveras (MC),UBUS,Gas,STREX,CAT,CO,0.00011609368134365135
2017,July,Calaveras (MC),UBUS,Gas,STREX,CAT,NOx,1.5358470752633727e-05
2017,July,Calaveras (MC),UBUS,Gas,STREX,CAT,SOx,1.6078690132538255e-08
2017,July,Calaveras (MC),UBUS,Gas,STREX,CAT,PM,1.8657490239363415e-09
2017,July,Calaveras (MC),UBUS,Gas,STREX,CAT,TOG,9.159576986159356e-06
2017,July,Calaveras (MC),UBUS,Gas,STREX,CAT,PM10,1.667979627399089e-09
2017,July,Calaveras (MC),UBUS,Gas,STREX,CAT,PM2_5,1.5336456976756728e-09
2017,July,Calaveras (MC),UBUS,Gas,HOTSOAK,CAT,TOG,1.2164876675078729e-06
2017,July,Calaveras (MC),UBUS,Gas,RUNLOSS,CAT,TOG,5.9361699172163365e-06
2017,July,Calaveras (MC),UBUS,Gas,RESTLOSS,CAT,TOG,9.413088681172052e-08
2017,July,Calaveras (MC),UBUS,Gas,DIURN,CAT,TOG,2.2284681942070026e-07
2017,July,Calaveras (MC),UBUS,Gas,PMTW,CAT,PM,4.77261243327511e-06
2017,July,Calaveras (MC),UBUS,Gas,PMTW,CAT,PM10,4.77261243327511e-06
2017,July,Calaveras (MC),UBUS,Gas,PMTW,CAT,PM2_5,1.1931531083187775e-06
2017,July,Calaveras (MC),UBUS,Gas,PMBW,CAT,PM,5.3135862278464185e-05
2017,July,Calaveras (MC),UBUS,Gas,PMBW,CAT,PM10,5.207314503289486e-05
2017,July,Calaveras (MC),UBUS,Gas,PMBW,CAT,PM2_5,2.2317062156954927e-05
2017,July,Calaveras (MC),UBUS,Dsl,RUNEX,DSL,CO,0.00011075348112466198
2017,July,Calaveras (MC),UBUS,Dsl,RUNEX,DSL,NOx,0.0003503876807328972
2017,July,Calaveras (MC),UBUS,Dsl,RUNEX,DSL,SOx,1.9072432671107867e-06
2017,July,Calaveras (MC),UBUS,Dsl,RUNEX,DSL,PM,2.8845388489123133e-06
2017,July,Calaveras (MC),UBUS,Dsl,RUNEX,DSL,TOG,3.7764558949407795e-05
2017,July,Calaveras (MC),UBUS,Dsl,RUNEX,DSL,PM10,2.8672316158188376e-06
2017,July,Calaveras (MC),UBUS,Dsl,RUNEX,DSL,PM2_5,2.743196445315609e-06
2017,July,Calaveras (MC),UBUS,Dsl,PMTW,DSL,PM,2.5256843380761745e-06
2017,July,Calaveras (MC),UBUS,Dsl,PMTW,DSL,PM10,2.5256843380761745e-06
2017,July,Calaveras (MC),UBUS,Dsl,PMTW,DSL,PM2_5,6.314210845190436e-07
2017,July,Calaveras (MC),UBUS,Dsl,PMBW,DSL,PM,2.2652483500824985e-05
2017,July,Calaveras (MC),UBUS,Dsl,PMBW,DSL,PM10,2.219943383080848e-05
2017,July,Calaveras (MC),UBUS,Dsl,PMBW,DSL,PM2_5,9.51404307034649e-06
2017,July,Calaveras (MC),UBUS,NG,RUNEX,DSL,CO,0.003161358499265375
2017,July,Calaveras (MC),UBUS,NG,RUNEX,DSL,NOx,4.9178675773659154e-05
2017,July,Calaveras (MC),UBUS,NG,RUNEX,DSL,PM,7.572565139750435e-07
2017,July,Calaveras (MC),UBUS,NG,RUNEX,DSL,TOG,0.0004653753434582335
2017,July,Calaveras (MC),UBUS,NG,RUNEX,DSL,PM10,7.527129748911932e-07
2017,July,Calaveras (MC),UBUS,NG,RUNEX,DSL,PM2_5,7.201509447902663e-07
2017,July,Calaveras (MC),UBUS,NG,PMTW,DSL,PM,2.0089575279092098e-06
2017,July,Calaveras (MC),UBUS,NG,PMTW,DSL,PM10,2.0089575279092098e-06
2017,July,Calaveras (MC),UBUS,NG,PMTW,DSL,PM2_5,5.022393819773024e-07
2017,July,Calaveras (MC),UBUS,NG,PMBW,DSL,PM,2.119670667605935e-05
2017,July,Calaveras (MC),UBUS,NG,PMBW,DSL,PM10,2.0772772542538157e-05
2017,July,Calaveras (MC),UBUS,NG,PMBW,DSL,PM2_5,8.90261680394493e-06
2017,July,Calaveras (MC),SBUS,Dsl,RUNEX,DSL,CO,0.0010457597464077748
2017,July,Calaveras (MC),SBUS,Dsl,RUNEX,DSL,NOx,0.024796239083898455
2017,July,Calaveras (MC),SBUS,Dsl,RUNEX,DSL,PM,0.00019232506003720714
2017,July,Calaveras (MC),SBUS,Dsl,RUNEX,DSL,PM10,0.00019117110967698385
2017,July,Calaveras (MC),SBUS,Dsl,RUNEX,DSL,PM2_5,0.00018290113209538388
2017,July,Calaveras (MC),SBUS,Dsl,IDLEX,DSL,CO,0.00037018264329677055
2017,July,Calaveras (MC),SBUS,Dsl,IDLEX,DSL,NOx,0.004792050991107136
2017,July,Calaveras (MC),SBUS,Dsl,IDLEX,DSL,PM,8.524441057874037e-06
2017,July,Calaveras (MC),SBUS,Dsl,IDLEX,DSL,PM10,8.4732944115268e-06
2017,July,Calaveras (MC),SBUS,Dsl,IDLEX,DSL,PM2_5,8.106743446038208e-06
2017,July,Calaveras (MC),SBUS,Dsl,STREX,DSL,NOx,0.0004164786270826646
2017,July,Calaveras (MC),SBUS,Dsl,PMTW,DSL,PM,3.4252261874802235e-05
2017,July,Calaveras (MC),SBUS,Dsl,PMTW,DSL,PM10,3.4252261874802235e-05
2017,July,Calaveras (MC),SBUS,Dsl,PMTW,DSL,PM2_5,8.563065468700559e-06
2017,July,Calaveras (MC),SBUS,Dsl,PMBW,DSL,PM,0.002169309918737472
2017,July,Calaveras (MC),SBUS,Dsl,PMBW,DSL,PM10,0.0021259237203627244
2017,July,Calaveras (MC),SBUS,Dsl,PMBW,DSL,PM2_5,0.0009111101658697389
2017,July,Calaveras (MC),SBUS,Dsl,RUNEX,DSL,SOx,3.219074338383222e-05
2017,July,Calaveras (MC),SBUS,Dsl,IDLEX,DSL,SOx,3.3757041613671887e-06
2017,July,Calaveras (MC),SBUS,Dsl,RUNEX,DSL,TOG,0.0004829274323013145
2017,July,Calaveras (MC),SBUS,Dsl,IDLEX,DSL,TOG,4.191962920557938e-05
2017,     ,Calaveras (MC),LDA,Dsl,RUNEX,DSL,NH3,3.11599e-05
2017,     ,Calaveras (MC),LDA,Gas,RUNEX,CAT,NH3,0.016892578
2017,     ,Calaveras (MC),LDT1,Dsl,RUNEX,DSL,NH3,7.50095e-07
2017,     ,Calaveras (MC),LDT1,Gas,RUNEX,CAT,NH3,0.004850439
2017,     ,Calaveras (MC),LDT2,Dsl,RUNEX,DSL,NH3,3.04394e-06
2017,     ,Calaveras (MC),LDT2,Gas,RUNEX,CAT,NH3,0.009927169
2017,     ,Calaveras (MC),LHD1,Dsl,RUNEX,DSL,NH3,0.006893072
2017,     ,Calaveras (MC),LHD1,Gas,RUNEX,CAT,NH3,0.001941614
2017,     ,Calaveras (MC),LHD2,Dsl,RUNEX,DSL,NH3,0.002190092
2017,     ,Calaveras (MC),LHD2,Gas,RUNEX,CAT,NH3,0.000131654
2017,     ,Calaveras (MC),MCY,Gas,RUNEX,CAT,NH3,0.000195327
2017,     ,Calaveras (MC),MDV,Dsl,RUNEX,DSL,NH3,2.40128e-05
2017,     ,Calaveras (MC),MDV,Gas,RUNEX,CAT,NH3,0.008965048
2017,     ,Calaveras (MC),MH,Dsl,RUNEX,DSL,NH3,3.58073e-05
2017,     ,Calaveras (MC),MH,Gas,RUNEX,CAT,NH3,0.00019453
2017,     ,Calaveras (MC),OBUS,Gas,RUNEX,CAT,NH3,3.47514e-05
2017,     ,Calaveras (MC),SBUS,Gas,RUNEX,CAT,NH3,6.00582e-06
2017,     ,Calaveras (MC),T6TS,Gas,RUNEX,CAT,NH3,0.000103568
2017,     ,Calaveras (MC),T7IS,Gas,RUNEX,CAT,NH3,2.19163e-07
2017,     ,Calaveras (MC),UBUS,Dsl,RUNEX,DSL,NH3,9.75995e-06
2017,     ,Calaveras (MC),UBUS,Gas,RUNEX,CAT,NH3,1.9445e-05
2017,     ,Calaveras (MC),UBUS,NG,RUNEX,DSL,NH3,4.51609e-06
