calendar_year,season_month,sub_area,vehicle_class,fuel,process,cat_ncat,pollutant,emission
2017,July,Fresno (SJV),LDA,Gas,RUNEX,CAT,CO,15.028095583525268
2017,July,Fresno (SJV),LDA,Gas,RUNEX,CAT,NOx,0.940655491165714
2017,July,Fresno (SJV),LDA,Gas,RUNEX,CAT,SOx,0.037834230655343616
2017,July,Fresno (SJV),LDA,Gas,RUNEX,CAT,PM,0.017770737269694352
2017,July,Fresno (SJV),LDA,Gas,RUNEX,CAT,TOG,0.4037669423907106
2017,July,Fresno (SJV),LDA,Gas,RUNEX,CAT,PM10,0.015888997790268804
2017,July,Fresno (SJV),LDA,Gas,RUNEX,CAT,PM2_5,0.014610323255993143
2017,July,Fresno (SJV),LDA,Gas,RUNEX,NCAT,CO,0.4178653703363517
2017,July,Fresno (SJV),LDA,Gas,RUNEX,NCAT,NOx,0.031146225218148624
2017,July,Fresno (SJV),LDA,Gas,RUNEX,NCAT,SOx,3.4149919850344726e-05
2017,July,Fresno (SJV),LDA,Gas,RUNEX,NCAT,PM,0.00030727026999840976
2017,July,Fresno (SJV),LDA,Gas,RUNEX,NCAT,TOG,0.03258034173567313
2017,July,Fresno (SJV),LDA,Gas,RUNEX,NCAT,PM10,0.00029332805830642873
2017,July,Fresno (SJV),LDA,Gas,RUNEX,NCAT,PM2_5,0.00027898961728415207
2017,July,Fresno (SJV),LDA,Gas,STREX,CAT,CO,3.1036262852409986
2017,July,Fresno (SJV),LDA,Gas,STREX,CAT,NOx,0.3751373503385691
2017,July,Fresno (SJV),LDA,Gas,STREX,CAT,SOx,0.0008609881280500233
2017,July,Fresno (SJV),LDA,Gas,STREX,CAT,PM,0.003280493036207782
2017,July,Fresno (SJV),LDA,Gas,STREX,CAT,TOG,0.5304952463130208
2017,July,Fresno (SJV),LDA,Gas,STREX,CAT,PM10,0.002933664499966733
2017,July,Fresno (SJV),LDA,Gas,STREX,CAT,PM2_5,0.002697846677728659
2017,July,Fresno (SJV),LDA,Gas,STREX,NCAT,CO,0.06021998395100092
2017,July,Fresno (SJV),LDA,Gas,STREX,NCAT,NOx,0.0031303718466909663
2017,July,Fresno (SJV),LDA,Gas,STREX,NCAT,SOx,5.047716443497414e-06
2017,July,Fresno (SJV),LDA,Gas,STREX,NCAT,PM,0.00013358112168832
2017,July,Fresno (SJV),LDA,Gas,STREX,NCAT,TOG,0.008920538332451934
2017,July,Fresno (SJV),LDA,Gas,STREX,NCAT,PM10,0.00012746773234549979
2017,July,Fresno (SJV),LDA,Gas,STREX,NCAT,PM2_5,0.00012121248662232827
2017,July,Fresno (SJV),LDA,Gas,HOTSOAK,CAT,TOG,0.2830194054395053
2017,July,Fresno (SJV),LDA,Gas,HOTSOAK,NCAT,TOG,0.010166666581768626
2017,July,Fresno (SJV),LDA,Gas,RUNLOSS,CAT,TOG,0.41000232972903383
2017,July,Fresno (SJV),LDA,Gas,RUNLOSS,NCAT,TOG,0.03285283384110429
2017,July,Fresno (SJV),LDA,Gas,RESTLOSS,CAT,TOG,0.22693852386856367
2017,July,Fresno (SJV),LDA,Gas,RESTLOSS,NCAT,TOG,0.010750265795700037
2017,July,Fresno (SJV),LDA,Gas,DIURN,CAT,TOG,0.3232696419097371
2017,July,Fresno (SJV),LDA,Gas,DIURN,NCAT,TOG,0.016049025939077165
2017,July,Fresno (SJV),LDA,Gas,PMTW,CAT,PM,0.09380441424806195
2017,July,Fresno (SJV),LDA,Gas,PMTW,CAT,PM10,0.09380441424806195
2017,July,Fresno (SJV),LDA,Gas,PMTW,CAT,PM2_5,0.023451103562015487
2017,July,Fresno (SJV),LDA,Gas,PMTW,NCAT,PM,4.3029576901006334e-05
2017,July,Fresno (SJV),LDA,Gas,PMTW,NCAT,PM10,4.3029576901006334e-05
2017,July,Fresno (SJV),LDA,Gas,PMTW,NCAT,PM2_5,1.0757394225251583e-05
2017,July,Fresno (SJV),LDA,Gas,PMBW,CAT,PM,0.4397081917877908
2017,July,Fresno (SJV),LDA,Gas,PMBW,CAT,PM10,0.43091402795203465
2017,July,Fresno (SJV),LDA,Gas,PMBW,CAT,PM2_5,0.18467744055087187
2017,July,Fresno (SJV),LDA,Gas,PMBW,NCAT,PM,0.0002017011417234673
2017,July,Fresno (SJV),LDA,Gas,PMBW,NCAT,PM10,0.00019766711888899793
2017,July,Fresno (SJV),LDA,Gas,PMBW,NCAT,PM2_5,8.471447952385631e-05
2017,July,Fresno (SJV),LDA,Dsl,RUNEX,DSL,CO,0.017129554091795465
2017,July,Fresno (SJV),LDA,Dsl,RUNEX,DSL,NOx,0.014202071920564257
2017,July,Fresno (SJV),LDA,Dsl,RUNEX,DSL,SOx,0.00013055575251753478
2017,July,Fresno (SJV),LDA,Dsl,RUNEX,DSL,PM,0.0010593618566096439
2017,July,Fresno (SJV),LDA,Dsl,RUNEX,DSL,TOG,0.0018487899306931636
2017,July,Fresno (SJV),LDA,Dsl,RUNEX,DSL,PM10,0.0010530056854699873
2017,July,Fresno (SJV),LDA,Dsl,RUNEX,DSL,PM2_5,0.0010074531256357708
2017,July,Fresno (SJV),LDA,Dsl,PMTW,DSL,PM,0.0004958719172162012
2017,July,Fresno (SJV),LDA,Dsl,PMTW,DSL,PM10,0.0004958719172162012
2017,July,Fresno (SJV),LDA,Dsl,PMTW,DSL,PM2_5,0.0001239679793040503
2017,July,Fresno (SJV),LDA,Dsl,PMBW,DSL,PM,0.0023243996119509448
2017,July,Fresno (SJV),LDA,Dsl,PMBW,DSL,PM10,0.002277911619711924
2017,July,Fresno (SJV),LDA,Dsl,PMBW,DSL,PM2_5,0.0009762478370193961
2017,July,Fresno (SJV),LDA,Elec,HOTSOAK,CAT,TOG,5.836434711037034e-05
2017,July,Fresno (SJV),LDA,Elec,RESTLOSS,CAT,TOG,8.077917592695861e-05
2017,July,Fresno (SJV),LDA,Elec,DIURN,CAT,TOG,0.000156940608113299
2017,July,Fresno (SJV),LDA,Elec,PMTW,CAT,PM,0.0006976704251531566
2017,July,Fresno (SJV),LDA,Elec,PMTW,CAT,PM10,0.0006976704251531566
2017,July,Fresno (SJV),LDA,Elec,PMTW,CAT,PM2_5,0.00017441760628828914
2017,July,Fresno (SJV),LDA,Elec,PMBW,CAT,PM,0.0032703301179054186
2017,July,Fresno (SJV),LDA,Elec,PMBW,CAT,PM10,0.00320492351554731
2017,July,Fresno (SJV),LDA,Elec,PMBW,CAT,PM2_5,0.0013735386495202758
2017,July,Fresno (SJV),LDT1,Gas,RUNEX,CAT,CO,3.6467760906863997
2017,July,Fresno (SJV),LDT1,Gas,RUNEX,CAT,NOx,0.3017453986751454
2017,July,Fresno (SJV),LDT1,Gas,RUNEX,CAT,SOx,0.004457425406078094
2017,July,Fresno (SJV),LDT1,Gas,RUNEX,CAT,PM,0.0037296120357778895
2017,July,Fresno (SJV),LDT1,Gas,RUNEX,CAT,TOG,0.1205726198223918
2017,July,Fresno (SJV),LDT1,Gas,RUNEX,CAT,PM10,0.0033354064518116657
2017,July,Fresno (SJV),LDT1,Gas,RUNEX,CAT,PM2_5,0.0030673479997302155
2017,July,Fresno (SJV),LDT1,Gas,RUNEX,NCAT,CO,0.19408940260651059
2017,July,Fresno (SJV),LDT1,Gas,RUNEX,NCAT,NOx,0.014653877495396839
2017,July,Fresno (SJV),LDT1,Gas,RUNEX,NCAT,SOx,1.603145195811056e-05
2017,July,Fresno (SJV),LDT1,Gas,RUNEX,NCAT,PM,0.0001493871500894533
2017,July,Fresno (SJV),LDT1,Gas,RUNEX,NCAT,TOG,0.015487030726551115
2017,July,Fresno (SJV),LDT1,Gas,RUNEX,NCAT,PM10,0.00014242775940973056
2017,July,Fresno (SJV),LDT1,Gas,RUNEX,NCAT,PM2_5,0.0001353811103112488
2017,July,Fresno (SJV),LDT1,Gas,STREX,CAT,CO,0.3915387673554206
2017,July,Fresno (SJV),LDT1,Gas,STREX,CAT,NOx,0.0679607322156384
2017,July,Fresno (SJV),LDT1,Gas,STREX,CAT,SOx,0.00011219557231595886
2017,July,Fresno (SJV),LDT1,Gas,STREX,CAT,PM,0.0006821753523346139
2017,July,Fresno (SJV),LDT1,Gas,STREX,CAT,TOG,0.10866739752700104
2017,July,Fresno (SJV),LDT1,Gas,STREX,CAT,PM10,0.0006101748016797982
2017,July,Fresno (SJV),LDT1,Gas,STREX,CAT,PM2_5,0.0005611877438847548
2017,July,Fresno (SJV),LDT1,Gas,STREX,NCAT,CO,0.018945382714356227
2017,July,Fresno (SJV),LDT1,Gas,STREX,NCAT,NOx,0.0009119539741972763
2017,July,Fresno (SJV),LDT1,Gas,STREX,NCAT,SOx,1.4954620357920617e-06
2017,July,Fresno (SJV),LDT1,Gas,STREX,NCAT,PM,3.9439041978495956e-05
2017,July,Fresno (SJV),LDT1,Gas,STREX,NCAT,TOG,0.002666965747971863
2017,July,Fresno (SJV),LDT1,Gas,STREX,NCAT,PM10,3.7590882648681016e-05
2017,July,Fresno (SJV),LDT1,Gas,STREX,NCAT,PM2_5,3.572599722857793e-05
2017,July,Fresno (SJV),LDT1,Gas,HOTSOAK,CAT,TOG,0.08172898754810125
2017,July,Fresno (SJV),LDT1,Gas,HOTSOAK,NCAT,TOG,0.002900027686725257
2017,July,Fresno (SJV),LDT1,Gas,RUNLOSS,CAT,TOG,0.21703341834153897
2017,July,Fresno (SJV),LDT1,Gas,RUNLOSS,NCAT,TOG,0.004296503505564981
2017,July,Fresno (SJV),LDT1,Gas,RESTLOSS,CAT,TOG,0.06659337566662904
2017,July,Fresno (SJV),LDT1,Gas,RESTLOSS,NCAT,TOG,0.003089278007697108
2017,July,Fresno (SJV),LDT1,Gas,DIURN,CAT,TOG,0.10562649560213067
2017,July,Fresno (SJV),LDT1,Gas,DIURN,NCAT,TOG,0.0045887543096115
2017,July,Fresno (SJV),LDT1,Gas,PMTW,CAT,PM,0.009488687058850764
2017,July,Fresno (SJV),LDT1,Gas,PMTW,CAT,PM10,0.009488687058850764
2017,July,Fresno (SJV),LDT1,Gas,PMTW,CAT,PM2_5,0.002372171764712691
2017,July,Fresno (SJV),LDT1,Gas,PMTW,NCAT,PM,2.0915694859942662e-05
2017,July,Fresno (SJV),LDT1,Gas,PMTW,NCAT,PM10,2.0915694859942662e-05
2017,July,Fresno (SJV),LDT1,Gas,PMTW,NCAT,PM2_5,5.2289237149856654e-06
2017,July,Fresno (SJV),LDT1,Gas,PMBW,CAT,PM,0.044478220588362975
2017,July,Fresno (SJV),LDT1,Gas,PMBW,CAT,PM10,0.04358865617659568
2017,July,Fresno (SJV),LDT1,Gas,PMBW,CAT,PM2_5,0.01868085264711244
2017,July,Fresno (SJV),LDT1,Gas,PMBW,NCAT,PM,9.804231965598124e-05
2017,July,Fresno (SJV),LDT1,Gas,PMBW,NCAT,PM10,9.608147326286158e-05
2017,July,Fresno (SJV),LDT1,Gas,PMBW,NCAT,PM2_5,4.117777425551212e-05
2017,July,Fresno (SJV),LDT2,Gas,RUNEX,CAT,CO,8.28135402394243
2017,July,Fresno (SJV),LDT2,Gas,RUNEX,CAT,NOx,0.7985226997397097
2017,July,Fresno (SJV),LDT2,Gas,RUNEX,CAT,SOx,0.018048929592345546
2017,July,Fresno (SJV),LDT2,Gas,RUNEX,CAT,PM,0.007435099105564155
2017,July,Fresno (SJV),LDT2,Gas,RUNEX,CAT,TOG,0.2406569266873645
2017,July,Fresno (SJV),LDT2,Gas,RUNEX,CAT,PM10,0.006649244922368296
2017,July,Fresno (SJV),LDT2,Gas,RUNEX,CAT,PM2_5,0.006114864906406932
2017,July,Fresno (SJV),LDT2,Gas,RUNEX,NCAT,CO,0.3522589455857899
2017,July,Fresno (SJV),LDT2,Gas,RUNEX,NCAT,NOx,0.027168322005174765
2017,July,Fresno (SJV),LDT2,Gas,RUNEX,NCAT,SOx,2.9412648345982962e-05
2017,July,Fresno (SJV),LDT2,Gas,RUNEX,NCAT,PM,0.0002741422467930754
2017,July,Fresno (SJV),LDT2,Gas,RUNEX,NCAT,TOG,0.029075846930789483
2017,July,Fresno (SJV),LDT2,Gas,RUNEX,NCAT,PM10,0.000261184377174203
2017,July,Fresno (SJV),LDT2,Gas,RUNEX,NCAT,PM2_5,0.00024817499867604755
2017,July,Fresno (SJV),LDT2,Gas,STREX,CAT,CO,1.5419864531508172
2017,July,Fresno (SJV),LDT2,Gas,STREX,CAT,NOx,0.2569665356584032
2017,July,Fresno (SJV),LDT2,Gas,STREX,CAT,SOx,0.00043408022520558133
2017,July,Fresno (SJV),LDT2,Gas,STREX,CAT,PM,0.0013288191224649227
2017,July,Fresno (SJV),LDT2,Gas,STREX,CAT,TOG,0.2798433125485548
2017,July,Fresno (SJV),LDT2,Gas,STREX,CAT,PM10,0.0011885888540462237
2017,July,Fresno (SJV),LDT2,Gas,STREX,CAT,PM2_5,0.0010931748867772906
2017,July,Fresno (SJV),LDT2,Gas,STREX,NCAT,CO,0.035055046595961155
2017,July,Fresno (SJV),LDT2,Gas,STREX,NCAT,NOx,0.001676929450585398
2017,July,Fresno (SJV),LDT2,Gas,STREX,NCAT,SOx,2.7481069418639436e-06
2017,July,Fresno (SJV),LDT2,Gas,STREX,NCAT,PM,7.263872736175418e-05
2017,July,Fresno (SJV),LDT2,Gas,STREX,NCAT,TOG,0.005013669164292758
2017,July,Fresno (SJV),LDT2,Gas,STREX,NCAT,PM10,6.918125843206381e-05
2017,July,Fresno (SJV),LDT2,Gas,STREX,NCAT,PM2_5,6.572414487960497e-05
2017,July,Fresno (SJV),LDT2,Gas,HOTSOAK,CAT,TOG,0.13710031436822007
2017,July,Fresno (SJV),LDT2,Gas,HOTSOAK,NCAT,TOG,0.00529676327954207
2017,July,Fresno (SJV),LDT2,Gas,RUNLOSS,CAT,TOG,0.351858758328739
2017,July,Fresno (SJV),LDT2,Gas,RUNLOSS,NCAT,TOG,0.007291823943950999
2017,July,Fresno (SJV),LDT2,Gas,RESTLOSS,CAT,TOG,0.11913758532386355
2017,July,Fresno (SJV),LDT2,Gas,RESTLOSS,NCAT,TOG,0.005808716584979371
2017,July,Fresno (SJV),LDT2,Gas,DIURN,CAT,TOG,0.16610995244873591
2017,July,Fresno (SJV),LDT2,Gas,DIURN,NCAT,TOG,0.008535671304990057
2017,July,Fresno (SJV),LDT2,Gas,PMTW,CAT,PM,0.034584859005387956
2017,July,Fresno (SJV),LDT2,Gas,PMTW,CAT,PM10,0.034584859005387956
2017,July,Fresno (SJV),LDT2,Gas,PMTW,CAT,PM2_5,0.008646214751346989
2017,July,Fresno (SJV),LDT2,Gas,PMTW,NCAT,PM,3.837569607627186e-05
2017,July,Fresno (SJV),LDT2,Gas,PMTW,NCAT,PM10,3.837569607627186e-05
2017,July,Fresno (SJV),LDT2,Gas,PMTW,NCAT,PM2_5,9.593924019067966e-06
2017,July,Fresno (SJV),LDT2,Gas,PMBW,CAT,PM,0.16211652658775638
2017,July,Fresno (SJV),LDT2,Gas,PMBW,CAT,PM10,0.15887419605600128
2017,July,Fresno (SJV),LDT2,Gas,PMBW,CAT,PM2_5,0.0680889411668576
2017,July,Fresno (SJV),LDT2,Gas,PMBW,NCAT,PM,0.00017988607535752434
2017,July,Fresno (SJV),LDT2,Gas,PMBW,NCAT,PM10,0.00017628835385037373
2017,July,Fresno (SJV),LDT2,Gas,PMBW,NCAT,PM2_5,7.555215165016017e-05
2017,July,Fresno (SJV),MDV,Gas,RUNEX,CAT,CO,7.990147568425036
2017,July,Fresno (SJV),MDV,Gas,RUNEX,CAT,NOx,0.8221440601594
2017,July,Fresno (SJV),MDV,Gas,RUNEX,CAT,SOx,0.021473550481113882
2017,July,Fresno (SJV),MDV,Gas,RUNEX,CAT,PM,0.006990002157792066
2017,July,Fresno (SJV),MDV,Gas,RUNEX,CAT,TOG,0.2510695489175183
2017,July,Fresno (SJV),MDV,Gas,RUNEX,CAT,PM10,0.00625025653910255
2017,July,Fresno (SJV),MDV,Gas,RUNEX,CAT,PM2_5,0.005747475623756749
2017,July,Fresno (SJV),MDV,Gas,RUNEX,NCAT,CO,0.7366934532295437
2017,July,Fresno (SJV),MDV,Gas,RUNEX,NCAT,NOx,0.04248922558899102
2017,July,Fresno (SJV),MDV,Gas,RUNEX,NCAT,SOx,4.115912450228633e-05
2017,July,Fresno (SJV),MDV,Gas,RUNEX,NCAT,PM,0.00029190559956872346
2017,July,Fresno (SJV),MDV,Gas,RUNEX,NCAT,TOG,0.03520263774340678
2017,July,Fresno (SJV),MDV,Gas,RUNEX,NCAT,PM10,0.00027932667114909663
2017,July,Fresno (SJV),MDV,Gas,RUNEX,NCAT,PM2_5,0.00026598358475284127
2017,July,Fresno (SJV),MDV,Gas,STREX,CAT,CO,1.9464836941046757
2017,July,Fresno (SJV),MDV,Gas,STREX,CAT,NOx,0.30982188455871024
2017,July,Fresno (SJV),MDV,Gas,STREX,CAT,SOx,0.0005472600729124913
2017,July,Fresno (SJV),MDV,Gas,STREX,CAT,PM,0.0014299579044322179
2017,July,Fresno (SJV),MDV,Gas,STREX,CAT,TOG,0.3558536194540658
2017,July,Fresno (SJV),MDV,Gas,STREX,CAT,PM10,0.001278750544244432
2017,July,Fresno (SJV),MDV,Gas,STREX,CAT,PM2_5,0.0011759474404252634
2017,July,Fresno (SJV),MDV,Gas,STREX,NCAT,CO,0.07738457480017816
2017,July,Fresno (SJV),MDV,Gas,STREX,NCAT,NOx,0.003037027160976547
2017,July,Fresno (SJV),MDV,Gas,STREX,NCAT,SOx,4.423891670886842e-06
2017,July,Fresno (SJV),MDV,Gas,STREX,NCAT,PM,8.829698042765831e-05
2017,July,Fresno (SJV),MDV,Gas,STREX,NCAT,TOG,0.007657910208013199
2017,July,Fresno (SJV),MDV,Gas,STREX,NCAT,PM10,8.448522050894997e-05
2017,July,Fresno (SJV),MDV,Gas,STREX,NCAT,PM2_5,8.044628807018024e-05
2017,July,Fresno (SJV),MDV,Gas,HOTSOAK,CAT,TOG,0.13463112553786546
2017,July,Fresno (SJV),MDV,Gas,HOTSOAK,NCAT,TOG,0.004250743746384083
2017,July,Fresno (SJV),MDV,Gas,RUNLOSS,CAT,TOG,0.337909819582661
2017,July,Fresno (SJV),MDV,Gas,RUNLOSS,NCAT,TOG,0.0068330450670217886
2017,July,Fresno (SJV),MDV,Gas,RESTLOSS,CAT,TOG,0.12134448511157651
2017,July,Fresno (SJV),MDV,Gas,RESTLOSS,NCAT,TOG,0.007271682458317607
2017,July,Fresno (SJV),MDV,Gas,DIURN,CAT,TOG,0.159591700003042
2017,July,Fresno (SJV),MDV,Gas,DIURN,NCAT,TOG,0.010455611516661986
2017,July,Fresno (SJV),MDV,Gas,PMTW,CAT,PM,0.03488940539916896
2017,July,Fresno (SJV),MDV,Gas,PMTW,CAT,PM10,0.03488940539916896
2017,July,Fresno (SJV),MDV,Gas,PMTW,CAT,PM2_5,0.00872235134979224
2017,July,Fresno (SJV),MDV,Gas,PMTW,NCAT,PM,4.098966240130223e-05
2017,July,Fresno (SJV),MDV,Gas,PMTW,NCAT,PM10,4.098966240130223e-05
2017,July,Fresno (SJV),MDV,Gas,PMTW,NCAT,PM2_5,1.0247415600325557e-05
2017,July,Fresno (SJV),MDV,Gas,PMBW,CAT,PM,0.16354408780860447
2017,July,Fresno (SJV),MDV,Gas,PMBW,CAT,PM10,0.1602732060524326
2017,July,Fresno (SJV),MDV,Gas,PMBW,CAT,PM2_5,0.0686885168796139
2017,July,Fresno (SJV),MDV,Gas,PMBW,NCAT,PM,0.00019213904250610435
2017,July,Fresno (SJV),MDV,Gas,PMBW,NCAT,PM10,0.00018829626165598232
2017,July,Fresno (SJV),MDV,Gas,PMBW,NCAT,PM2_5,8.069839785256379e-05
2017,July,Fresno (SJV),LHD1,Gas,RUNEX,CAT,CO,0.7809610800214832
2017,July,Fresno (SJV),LHD1,Gas,RUNEX,CAT,NOx,0.1513345005630676
2017,July,Fresno (SJV),LHD1,Gas,RUNEX,CAT,SOx,0.003982094988968824
2017,July,Fresno (SJV),LHD1,Gas,RUNEX,CAT,PM,0.0011765801514128668
2017,July,Fresno (SJV),LHD1,Gas,RUNEX,CAT,TOG,0.06180355263085089
2017,July,Fresno (SJV),LHD1,Gas,RUNEX,CAT,PM10,0.0010518626553631034
2017,July,Fresno (SJV),LHD1,Gas,RUNEX,CAT,PM2_5,0.0009671488844613763
2017,July,Fresno (SJV),LHD1,Gas,RUNEX,NCAT,CO,0.22403467955283948
2017,July,Fresno (SJV),LHD1,Gas,RUNEX,NCAT,NOx,0.0052807269502067765
2017,July,Fresno (SJV),LHD1,Gas,RUNEX,NCAT,SOx,2.3729981886950093e-05
2017,July,Fresno (SJV),LHD1,Gas,RUNEX,NCAT,PM,0.00010698751332925882
2017,July,Fresno (SJV),LHD1,Gas,RUNEX,NCAT,TOG,0.012084056285943992
2017,July,Fresno (SJV),LHD1,Gas,RUNEX,NCAT,PM10,0.00010281500030941769
2017,July,Fresno (SJV),LHD1,Gas,RUNEX,NCAT,PM2_5,9.810754972293034e-05
2017,July,Fresno (SJV),LHD1,Gas,IDLEX,CAT,CO,0.040272411018511464
2017,July,Fresno (SJV),LHD1,Gas,IDLEX,CAT,NOx,0.0004510147801482932
2017,July,Fresno (SJV),LHD1,Gas,IDLEX,CAT,SOx,1.3350260143594047e-05
2017,July,Fresno (SJV),LHD1,Gas,IDLEX,CAT,TOG,0.007523225292200557
2017,July,Fresno (SJV),LHD1,Gas,IDLEX,NCAT,CO,0.00042870536733888943
2017,July,Fresno (SJV),LHD1,Gas,IDLEX,NCAT,NOx,4.847893072937522e-06
2017,July,Fresno (SJV),LHD1,Gas,IDLEX,NCAT,SOx,1.5796570020533426e-07
2017,July,Fresno (SJV),LHD1,Gas,IDLEX,NCAT,TOG,7.705622694199452e-05
2017,July,Fresno (SJV),LHD1,Gas,STREX,CAT,CO,0.318178315873659
2017,July,Fresno (SJV),LHD1,Gas,STREX,CAT,NOx,0.09074203884499625
2017,July,Fresno (SJV),LHD1,Gas,STREX,CAT,SOx,3.111983581758233e-05
2017,July,Fresno (SJV),LHD1,Gas,STREX,CAT,PM,9.544377122392291e-05
2017,July,Fresno (SJV),LHD1,Gas,STREX,CAT,TOG,0.02870412601352249
2017,July,Fresno (SJV),LHD1,Gas,STREX,CAT,PM10,8.532673147418712e-05
2017,July,Fresno (SJV),LHD1,Gas,STREX,CAT,PM2_5,7.845477994606471e-05
2017,July,Fresno (SJV),LHD1,Gas,STREX,NCAT,CO,0.00019147154456615833
2017,July,Fresno (SJV),LHD1,Gas,STREX,NCAT,NOx,0.0006695296813586277
2017,July,Fresno (SJV),LHD1,Gas,STREX,NCAT,SOx,1.2713646065883092e-06
2017,July,Fresno (SJV),LHD1,Gas,STREX,NCAT,PM,2.9242759856423177e-05
2017,July,Fresno (SJV),LHD1,Gas,STREX,NCAT,TOG,0.003980959212084426
2017,July,Fresno (SJV),LHD1,Gas,STREX,NCAT,PM10,2.810229222202266e-05
2017,July,Fresno (SJV),LHD1,Gas,STREX,NCAT,PM2_5,2.6815610788340068e-05
2017,July,Fresno (SJV),LHD1,Gas,HOTSOAK,CAT,TOG,0.032990663524556145
2017,July,Fresno (SJV),LHD1,Gas,HOTSOAK,NCAT,TOG,0.003601061141858907
2017,July,Fresno (SJV),LHD1,Gas,RUNLOSS,CAT,TOG,0.18770718128771385
2017,July,Fresno (SJV),LHD1,Gas,RUNLOSS,NCAT,TOG,0.005996655622264979
2017,July,Fresno (SJV),LHD1,Gas,RESTLOSS,CAT,TOG,0.0009142369502220792
2017,July,Fresno (SJV),LHD1,Gas,RESTLOSS,NCAT,TOG,7.504662061502851e-05
2017,July,Fresno (SJV),LHD1,Gas,DIURN,CAT,TOG,0.0022556630540181465
2017,July,Fresno (SJV),LHD1,Gas,DIURN,NCAT,TOG,0.00018119731984209714
2017,July,Fresno (SJV),LHD1,Gas,PMTW,CAT,PM,0.0030616337885478588
2017,July,Fresno (SJV),LHD1,Gas,PMTW,CAT,PM10,0.0030616337885478588
2017,July,Fresno (SJV),LHD1,Gas,PMTW,CAT,PM2_5,0.0007654084471369647
2017,July,Fresno (SJV),LHD1,Gas,PMTW,NCAT,PM,1.5180038190704097e-05
2017,July,Fresno (SJV),LHD1,Gas,PMTW,NCAT,PM10,1.5180038190704097e-05
2017,July,Fresno (SJV),LHD1,Gas,PMTW,NCAT,PM2_5,3.7950095476760243e-06
2017,July,Fresno (SJV),LHD1,Gas,PMBW,CAT,PM,0.029850929438341604
2017,July,Fresno (SJV),LHD1,Gas,PMBW,CAT,PM10,0.029253910849574776
2017,July,Fresno (SJV),LHD1,Gas,PMBW,CAT,PM2_5,0.012537390364103512
2017,July,Fresno (SJV),LHD1,Gas,PMBW,NCAT,PM,0.000148005372359365
2017,July,Fresno (SJV),LHD1,Gas,PMBW,NCAT,PM10,0.00014504526491217773
2017,July,Fresno (SJV),LHD1,Gas,PMBW,NCAT,PM2_5,6.216225639093328e-05
2017,July,Fresno (SJV),LHD2,Gas,RUNEX,CAT,CO,0.09023358824861642
2017,July,Fresno (SJV),LHD2,Gas,RUNEX,CAT,NOx,0.023070485583572612
2017,July,Fresno (SJV),LHD2,Gas,RUNEX,CAT,SOx,0.0007856019143787781
2017,July,Fresno (SJV),LHD2,Gas,RUNEX,CAT,PM,0.00016310547482746883
2017,July,Fresno (SJV),LHD2,Gas,RUNEX,CAT,TOG,0.007102150624808012
2017,July,Fresno (SJV),LHD2,Gas,RUNEX,CAT,PM10,0.0001458162944957571
2017,July,Fresno (SJV),LHD2,Gas,RUNEX,CAT,PM2_5,0.00013407270030817926
2017,July,Fresno (SJV),LHD2,Gas,RUNEX,NCAT,CO,0.004647833967065684
2017,July,Fresno (SJV),LHD2,Gas,RUNEX,NCAT,NOx,0.00010178051387862126
2017,July,Fresno (SJV),LHD2,Gas,RUNEX,NCAT,SOx,5.508957163161975e-07
2017,July,Fresno (SJV),LHD2,Gas,RUNEX,NCAT,PM,2.21453713825433e-06
2017,July,Fresno (SJV),LHD2,Gas,RUNEX,NCAT,TOG,0.00024145784306220798
2017,July,Fresno (SJV),LHD2,Gas,RUNEX,NCAT,PM10,2.1281701898624112e-06
2017,July,Fresno (SJV),LHD2,Gas,RUNEX,NCAT,PM2_5,2.030730555779222e-06
2017,July,Fresno (SJV),LHD2,Gas,IDLEX,CAT,CO,0.006928032659121488
2017,July,Fresno (SJV),LHD2,Gas,IDLEX,CAT,NOx,7.774825655050002e-05
2017,July,Fresno (SJV),LHD2,Gas,IDLEX,CAT,SOx,2.6393917101341597e-06
2017,July,Fresno (SJV),LHD2,Gas,IDLEX,CAT,TOG,0.0012987623031655918
2017,July,Fresno (SJV),LHD2,Gas,IDLEX,NCAT,CO,8.217788101474144e-06
2017,July,Fresno (SJV),LHD2,Gas,IDLEX,NCAT,NOx,9.292852631936473e-08
2017,July,Fresno (SJV),LHD2,Gas,IDLEX,NCAT,SOx,3.494341086343233e-09
2017,July,Fresno (SJV),LHD2,Gas,IDLEX,NCAT,TOG,1.477079115755152e-06
2017,July,Fresno (SJV),LHD2,Gas,STREX,CAT,CO,0.05116288299345087
2017,July,Fresno (SJV),LHD2,Gas,STREX,CAT,NOx,0.015638979132477082
2017,July,Fresno (SJV),LHD2,Gas,STREX,CAT,SOx,6.036190287297867e-06
2017,July,Fresno (SJV),LHD2,Gas,STREX,CAT,PM,1.2496277071743038e-05
2017,July,Fresno (SJV),LHD2,Gas,STREX,CAT,TOG,0.0045909751520154685
2017,July,Fresno (SJV),LHD2,Gas,STREX,CAT,PM10,1.1171671702138255e-05
2017,July,Fresno (SJV),LHD2,Gas,STREX,CAT,PM2_5,1.0271939752972763e-05
2017,July,Fresno (SJV),LHD2,Gas,STREX,NCAT,CO,3.4959673043947098e-06
2017,July,Fresno (SJV),LHD2,Gas,STREX,NCAT,NOx,1.3257377046299178e-05
2017,July,Fresno (SJV),LHD2,Gas,STREX,NCAT,SOx,2.7958904933812076e-08
2017,July,Fresno (SJV),LHD2,Gas,STREX,NCAT,PM,5.605500241204488e-07
2017,July,Fresno (SJV),LHD2,Gas,STREX,NCAT,TOG,7.617647284501734e-05
2017,July,Fresno (SJV),LHD2,Gas,STREX,NCAT,PM10,5.386885731797511e-07
2017,July,Fresno (SJV),LHD2,Gas,STREX,NCAT,PM2_5,5.140243721184515e-07
2017,July,Fresno (SJV),LHD2,Gas,HOTSOAK,CAT,TOG,0.004687773988961584
2017,July,Fresno (SJV),LHD2,Gas,HOTSOAK,NCAT,TOG,6.892336549823159e-05
2017,July,Fresno (SJV),LHD2,Gas,RUNLOSS,CAT,TOG,0.02527024122036132
2017,July,Fresno (SJV),LHD2,Gas,RUNLOSS,NCAT,TOG,7.840980693606884e-05
2017,July,Fresno (SJV),LHD2,Gas,RESTLOSS,CAT,TOG,0.00012608496312924256
2017,July,Fresno (SJV),LHD2,Gas,RESTLOSS,NCAT,TOG,1.521331700062383e-06
2017,July,Fresno (SJV),LHD2,Gas,DIURN,CAT,TOG,0.0003049218540442242
2017,July,Fresno (SJV),LHD2,Gas,DIURN,NCAT,TOG,3.592278101555298e-06
2017,July,Fresno (SJV),LHD2,Gas,PMTW,CAT,PM,0.0005268784889765879
2017,July,Fresno (SJV),LHD2,Gas,PMTW,CAT,PM10,0.0005268784889765879
2017,July,Fresno (SJV),LHD2,Gas,PMTW,CAT,PM2_5,0.00013171962224414697
2017,July,Fresno (SJV),LHD2,Gas,PMTW,NCAT,PM,3.142119793921766e-07
2017,July,Fresno (SJV),LHD2,Gas,PMTW,NCAT,PM10,3.142119793921766e-07
2017,July,Fresno (SJV),LHD2,Gas,PMTW,NCAT,PM2_5,7.855299484804415e-08
2017,July,Fresno (SJV),LHD2,Gas,PMBW,CAT,PM,0.005993242812108684
2017,July,Fresno (SJV),LHD2,Gas,PMBW,CAT,PM10,0.005873377955866512
2017,July,Fresno (SJV),LHD2,Gas,PMBW,CAT,PM2_5,0.0025171619810856498
2017,July,Fresno (SJV),LHD2,Gas,PMBW,NCAT,PM,3.574161265586011e-06
2017,July,Fresno (SJV),LHD2,Gas,PMBW,NCAT,PM10,3.5026780402742908e-06
2017,July,Fresno (SJV),LHD2,Gas,PMBW,NCAT,PM2_5,1.5011477315461238e-06
2017,July,Fresno (SJV),T6TS,Gas,RUNEX,CAT,CO,0.2934438851369165
2017,July,Fresno (SJV),T6TS,Gas,RUNEX,CAT,NOx,0.057262452654052394
2017,July,Fresno (SJV),T6TS,Gas,RUNEX,CAT,SOx,0.0009053113625250565
2017,July,Fresno (SJV),T6TS,Gas,RUNEX,CAT,PM,0.00010901751989399744
2017,July,Fresno (SJV),T6TS,Gas,RUNEX,CAT,TOG,0.018682576993631135
2017,July,Fresno (SJV),T6TS,Gas,RUNEX,CAT,PM10,9.746166278523389e-05
2017,July,Fresno (SJV),T6TS,Gas,RUNEX,CAT,PM2_5,8.961240135286603e-05
2017,July,Fresno (SJV),T6TS,Gas,RUNEX,NCAT,CO,0.0820629805491199
2017,July,Fresno (SJV),T6TS,Gas,RUNEX,NCAT,NOx,0.002173680601928762
2017,July,Fresno (SJV),T6TS,Gas,RUNEX,NCAT,SOx,1.1678674795856991e-05
2017,July,Fresno (SJV),T6TS,Gas,RUNEX,NCAT,PM,2.2934320680089953e-05
2017,July,Fresno (SJV),T6TS,Gas,RUNEX,NCAT,TOG,0.0035850418179665987
2017,July,Fresno (SJV),T6TS,Gas,RUNEX,NCAT,PM10,2.2039882173566436e-05
2017,July,Fresno (SJV),T6TS,Gas,RUNEX,NCAT,PM2_5,2.1030772063642493e-05
2017,July,Fresno (SJV),T6TS,Gas,IDLEX,CAT,CO,0.009395710432959935
2017,July,Fresno (SJV),T6TS,Gas,IDLEX,CAT,NOx,8.320450176506817e-05
2017,July,Fresno (SJV),T6TS,Gas,IDLEX,CAT,SOx,5.381895769574217e-06
2017,July,Fresno (SJV),T6TS,Gas,IDLEX,CAT,TOG,0.0012278187703517757
2017,July,Fresno (SJV),T6TS,Gas,IDLEX,NCAT,CO,0.0004579745653223457
2017,July,Fresno (SJV),T6TS,Gas,IDLEX,NCAT,NOx,4.068506369851398e-06
2017,July,Fresno (SJV),T6TS,Gas,IDLEX,NCAT,SOx,2.8767337098861787e-07
2017,July,Fresno (SJV),T6TS,Gas,IDLEX,NCAT,TOG,5.760840920677608e-05
2017,July,Fresno (SJV),T6TS,Gas,STREX,CAT,CO,0.10942255263872565
2017,July,Fresno (SJV),T6TS,Gas,STREX,CAT,NOx,0.00694158085345075
2017,July,Fresno (SJV),T6TS,Gas,STREX,CAT,SOx,7.762749928912426e-06
2017,July,Fresno (SJV),T6TS,Gas,STREX,CAT,PM,1.7184148895251665e-05
2017,July,Fresno (SJV),T6TS,Gas,STREX,CAT,TOG,0.005168537219821639
2017,July,Fresno (SJV),T6TS,Gas,STREX,CAT,PM10,1.5362629112354974e-05
2017,July,Fresno (SJV),T6TS,Gas,STREX,CAT,PM2_5,1.4125370391896854e-05
2017,July,Fresno (SJV),T6TS,Gas,STREX,NCAT,CO,0.0001541975799531016
2017,July,Fresno (SJV),T6TS,Gas,STREX,NCAT,NOx,0.0005283232895655556
2017,July,Fresno (SJV),T6TS,Gas,STREX,NCAT,SOx,1.353676448634858e-06
2017,July,Fresno (SJV),T6TS,Gas,STREX,NCAT,PM,1.5040349753246435e-05
2017,July,Fresno (SJV),T6TS,Gas,STREX,NCAT,TOG,0.003069433291995927
2017,July,Fresno (SJV),T6TS,Gas,STREX,NCAT,PM10,1.4453776112869823e-05
2017,July,Fresno (SJV),T6TS,Gas,STREX,NCAT,PM2_5,1.3792000723726986e-05
2017,July,Fresno (SJV),T6TS,Gas,HOTSOAK,CAT,TOG,0.0037651068756404337
2017,July,Fresno (SJV),T6TS,Gas,HOTSOAK,NCAT,TOG,0.002021891762415625
2017,July,Fresno (SJV),T6TS,Gas,RUNLOSS,CAT,TOG,0.017513055461997256
2017,July,Fresno (SJV),T6TS,Gas,RUNLOSS,NCAT,TOG,0.002814667402449754
2017,July,Fresno (SJV),T6TS,Gas,RESTLOSS,CAT,TOG,0.00011065113915675885
2017,July,Fresno (SJV),T6TS,Gas,RESTLOSS,NCAT,TOG,2.9944498303582143e-05
2017,July,Fresno (SJV),T6TS,Gas,DIURN,CAT,TOG,0.0002642000883837468
2017,July,Fresno (SJV),T6TS,Gas,DIURN,NCAT,TOG,6.905392901980758e-05
2017,July,Fresno (SJV),T6TS,Gas,PMTW,CAT,PM,0.0005892230101446917
2017,July,Fresno (SJV),T6TS,Gas,PMTW,CAT,PM10,0.0005892230101446917
2017,July,Fresno (SJV),T6TS,Gas,PMTW,CAT,PM2_5,0.00014730575253617292
2017,July,Fresno (SJV),T6TS,Gas,PMTW,NCAT,PM,6.605702474261958e-06
2017,July,Fresno (SJV),T6TS,Gas,PMTW,NCAT,PM10,6.605702474261958e-06
2017,July,Fresno (SJV),T6TS,Gas,PMTW,NCAT,PM2_5,1.6514256185654895e-06
2017,July,Fresno (SJV),T6TS,Gas,PMBW,CAT,PM,0.006530555029103671
2017,July,Fresno (SJV),T6TS,Gas,PMBW,CAT,PM10,0.0063999439285215955
2017,July,Fresno (SJV),T6TS,Gas,PMBW,CAT,PM2_5,0.0027428331122235417
2017,July,Fresno (SJV),T6TS,Gas,PMBW,NCAT,PM,7.321320242307004e-05
2017,July,Fresno (SJV),T6TS,Gas,PMBW,NCAT,PM10,7.174893837460865e-05
2017,July,Fresno (SJV),T6TS,Gas,PMBW,NCAT,PM2_5,3.074954501768943e-05
2017,July,Fresno (SJV),T7IS,Gas,RUNEX,CAT,CO,0.02082001709985273
2017,July,Fresno (SJV),T7IS,Gas,RUNEX,CAT,NOx,0.002403202558077918
2017,July,Fresno (SJV),T7IS,Gas,RUNEX,CAT,SOx,7.993182263244132e-06
2017,July,Fresno (SJV),T7IS,Gas,RUNEX,CAT,PM,8.111718918067172e-07
2017,July,Fresno (SJV),T7IS,Gas,RUNEX,CAT,TOG,0.0005202656679284633
2017,July,Fresno (SJV),T7IS,Gas,RUNEX,CAT,PM10,7.251876712752053e-07
2017,July,Fresno (SJV),T7IS,Gas,RUNEX,CAT,PM2_5,6.667832950651215e-07
2017,July,Fresno (SJV),T7IS,Gas,RUNEX,NCAT,CO,0.019196155628809695
2017,July,Fresno (SJV),T7IS,Gas,RUNEX,NCAT,NOx,0.0006520955846521678
2017,July,Fresno (SJV),T7IS,Gas,RUNEX,NCAT,SOx,1.4335796619345013e-06
2017,July,Fresno (SJV),T7IS,Gas,RUNEX,NCAT,PM,1.8341949494010641e-06
2017,July,Fresno (SJV),T7IS,Gas,RUNEX,NCAT,TOG,0.0006183372131909978
2017,July,Fresno (SJV),T7IS,Gas,RUNEX,NCAT,PM10,1.7626613463744225e-06
2017,July,Fresno (SJV),T7IS,Gas,RUNEX,NCAT,PM2_5,1.6819567686007757e-06
2017,July,Fresno (SJV),T7IS,Gas,STREX,CAT,CO,0.00019330247186629177
2017,July,Fresno (SJV),T7IS,Gas,STREX,CAT,NOx,0.00015272922828124321
2017,July,Fresno (SJV),T7IS,Gas,STREX,CAT,SOx,3.210687487406237e-08
2017,July,Fresno (SJV),T7IS,Gas,STREX,CAT,PM,1.2880014211903373e-07
2017,July,Fresno (SJV),T7IS,Gas,STREX,CAT,TOG,7.887727337082783e-08
2017,July,Fresno (SJV),T7IS,Gas,STREX,CAT,PM10,1.1514732705441618e-07
2017,July,Fresno (SJV),T7IS,Gas,STREX,CAT,PM2_5,1.0587371682184581e-07
2017,July,Fresno (SJV),T7IS,Gas,STREX,NCAT,CO,0.0
2017,July,Fresno (SJV),T7IS,Gas,STREX,NCAT,NOx,0.0
2017,July,Fresno (SJV),T7IS,Gas,STREX,NCAT,SOx,9.384760959100683e-08
2017,July,Fresno (SJV),T7IS,Gas,STREX,NCAT,PM,8.808346777131439e-07
2017,July,Fresno (SJV),T7IS,Gas,STREX,NCAT,TOG,0.0
2017,July,Fresno (SJV),T7IS,Gas,STREX,NCAT,PM10,8.464821252823316e-07
2017,July,Fresno (SJV),T7IS,Gas,STREX,NCAT,PM2_5,8.07725399462953e-07
2017,July,Fresno (SJV),T7IS,Gas,HOTSOAK,CAT,TOG,2.1431536449424608e-05
2017,July,Fresno (SJV),T7IS,Gas,HOTSOAK,NCAT,TOG,0.00011852367680657962
2017,July,Fresno (SJV),T7IS,Gas,RUNLOSS,CAT,TOG,0.0001333496292471524
2017,July,Fresno (SJV),T7IS,Gas,RUNLOSS,NCAT,TOG,0.00032076412691744684
2017,July,Fresno (SJV),T7IS,Gas,RESTLOSS,CAT,TOG,7.889063369153019e-07
2017,July,Fresno (SJV),T7IS,Gas,RESTLOSS,NCAT,TOG,1.5016809772877397e-06
2017,July,Fresno (SJV),T7IS,Gas,DIURN,CAT,TOG,1.4709844349550782e-06
2017,July,Fresno (SJV),T7IS,Gas,DIURN,NCAT,TOG,3.3102187661303336e-06
2017,July,Fresno (SJV),T7IS,Gas,PMTW,CAT,PM,7.020082039946569e-06
2017,July,Fresno (SJV),T7IS,Gas,PMTW,CAT,PM10,7.020082039946569e-06
2017,July,Fresno (SJV),T7IS,Gas,PMTW,CAT,PM2_5,1.7550205099866423e-06
2017,July,Fresno (SJV),T7IS,Gas,PMTW,NCAT,PM,1.0074409384114093e-06
2017,July,Fresno (SJV),T7IS,Gas,PMTW,NCAT,PM10,1.0074409384114093e-06
2017,July,Fresno (SJV),T7IS,Gas,PMTW,NCAT,PM2_5,2.5186023460285234e-07
2017,July,Fresno (SJV),T7IS,Gas,PMBW,CAT,PM,2.2113258425831685e-05
2017,July,Fresno (SJV),T7IS,Gas,PMBW,CAT,PM10,2.1670993257315064e-05
2017,July,Fresno (SJV),T7IS,Gas,PMBW,CAT,PM2_5,9.287568538849315e-06
2017,July,Fresno (SJV),T7IS,Gas,PMBW,NCAT,PM,3.1734389559959387e-06
2017,July,Fresno (SJV),T7IS,Gas,PMBW,NCAT,PM10,3.1099701768760206e-06
2017,July,Fresno (SJV),T7IS,Gas,PMBW,NCAT,PM2_5,1.3328443615182944e-06
2017,July,Fresno (SJV),LDT1,Dsl,RUNEX,DSL,CO,0.0011376871260783852
2017,July,Fresno (SJV),LDT1,Dsl,RUNEX,DSL,NOx,0.0009821114415580713
2017,July,Fresno (SJV),LDT1,Dsl,RUNEX,DSL,SOx,2.425144952026021e-06
2017,July,Fresno (SJV),LDT1,Dsl,RUNEX,DSL,PM,0.00014693366092059033
2017,July,Fresno (SJV),LDT1,Dsl,RUNEX,DSL,TOG,0.00020465398373419028
2017,July,Fresno (SJV),LDT1,Dsl,RUNEX,DSL,PM10,0.0001460520589550666
2017,July,Fresno (SJV),LDT1,Dsl,RUNEX,DSL,PM2_5,0.00013973391153548136
2017,July,Fresno (SJV),LDT1,Dsl,PMTW,DSL,PM,5.057682544930042e-06
2017,July,Fresno (SJV),LDT1,Dsl,PMTW,DSL,PM10,5.057682544930042e-06
2017,July,Fresno (SJV),LDT1,Dsl,PMTW,DSL,PM2_5,1.2644206362325106e-06
2017,July,Fresno (SJV),LDT1,Dsl,PMBW,DSL,PM,2.3707886929359612e-05
2017,July,Fresno (SJV),LDT1,Dsl,PMBW,DSL,PM10,2.323372919077238e-05
2017,July,Fresno (SJV),LDT1,Dsl,PMBW,DSL,PM2_5,9.957312510331025e-06
2017,July,Fresno (SJV),LDT2,Dsl,RUNEX,DSL,CO,0.0018194086376993647
2017,July,Fresno (SJV),LDT2,Dsl,RUNEX,DSL,NOx,0.0014058659364511506
2017,July,Fresno (SJV),LDT2,Dsl,RUNEX,DSL,SOx,2.9480525248805833e-05
2017,July,Fresno (SJV),LDT2,Dsl,RUNEX,DSL,PM,0.0001851371944059529
2017,July,Fresno (SJV),LDT2,Dsl,RUNEX,DSL,TOG,0.0003314031397437081
2017,July,Fresno (SJV),LDT2,Dsl,RUNEX,DSL,PM10,0.00018402637123951748
2017,July,Fresno (SJV),LDT2,Dsl,RUNEX,DSL,PM2_5,0.0001760654718800617
2017,July,Fresno (SJV),LDT2,Dsl,PMTW,DSL,PM,8.09190460697036e-05
2017,July,Fresno (SJV),LDT2,Dsl,PMTW,DSL,PM10,8.09190460697036e-05
2017,July,Fresno (SJV),LDT2,Dsl,PMTW,DSL,PM2_5,2.02297615174259e-05
2017,July,Fresno (SJV),LDT2,Dsl,PMBW,DSL,PM,0.0003793080284517357
2017,July,Fresno (SJV),LDT2,Dsl,PMBW,DSL,PM10,0.00037172186788270086
2017,July,Fresno (SJV),LDT2,Dsl,PMBW,DSL,PM2_5,0.00015930937194972894
2017,July,Fresno (SJV),MDV,Dsl,RUNEX,DSL,CO,0.01193833673464588
2017,July,Fresno (SJV),MDV,Dsl,RUNEX,DSL,NOx,0.00717001146529909
2017,July,Fresno (SJV),MDV,Dsl,RUNEX,DSL,SOx,0.00023538414964809705
2017,July,Fresno (SJV),MDV,Dsl,RUNEX,DSL,PM,0.0005342538629360015
2017,July,Fresno (SJV),MDV,Dsl,RUNEX,DSL,TOG,0.001020725102305843
2017,July,Fresno (SJV),MDV,Dsl,RUNEX,DSL,PM10,0.0005310483397583854
2017,July,Fresno (SJV),MDV,Dsl,RUNEX,DSL,PM2_5,0.0005080754236521369
2017,July,Fresno (SJV),MDV,Dsl,PMTW,DSL,PM,0.0004931818984820138
2017,July,Fresno (SJV),MDV,Dsl,PMTW,DSL,PM10,0.0004931818984820138
2017,July,Fresno (SJV),MDV,Dsl,PMTW,DSL,PM2_5,0.00012329547462050345
2017,July,Fresno (SJV),MDV,Dsl,PMBW,DSL,PM,0.0023117901491344394
2017,July,Fresno (SJV),MDV,Dsl,PMBW,DSL,PM10,0.002265554346151748
2017,July,Fresno (SJV),MDV,Dsl,PMBW,DSL,PM2_5,0.0009709518626364644
2017,July,Fresno (SJV),LHD1,Dsl,RUNEX,DSL,CO,0.3531091256643919
2017,July,Fresno (SJV),LHD1,Dsl,RUNEX,DSL,NOx,1.3245956726239048
2017,July,Fresno (SJV),LHD1,Dsl,RUNEX,DSL,SOx,0.002206486360796019
2017,July,Fresno (SJV),LHD1,Dsl,RUNEX,DSL,PM,0.014677231338910066
2017,July,Fresno (SJV),LHD1,Dsl,RUNEX,DSL,TOG,0.08871318498315489
2017,July,Fresno (SJV),LHD1,Dsl,RUNEX,DSL,PM10,0.014589167950876598
2017,July,Fresno (SJV),LHD1,Dsl,RUNEX,DSL,PM2_5,0.013958047003303473
2017,July,Fresno (SJV),LHD1,Dsl,IDLEX,DSL,CO,0.009324612875558249
2017,July,Fresno (SJV),LHD1,Dsl,IDLEX,DSL,NOx,0.026209407555917934
2017,July,Fresno (SJV),LHD1,Dsl,IDLEX,DSL,SOx,1.3741041128588925e-05
2017,July,Fresno (SJV),LHD1,Dsl,IDLEX,DSL,PM,0.00029667679960338443
2017,July,Fresno (SJV),LHD1,Dsl,IDLEX,DSL,TOG,0.0012807421446872204
2017,July,Fresno (SJV),LHD1,Dsl,IDLEX,DSL,PM10,0.00029489673880576397
2017,July,Fresno (SJV),LHD1,Dsl,IDLEX,DSL,PM2_5,0.00028213963642281884
2017,July,Fresno (SJV),LHD1,Dsl,PMTW,DSL,PM,0.004747363199548134
2017,July,Fresno (SJV),LHD1,Dsl,PMTW,DSL,PM10,0.004747363199548134
2017,July,Fresno (SJV),LHD1,Dsl,PMTW,DSL,PM2_5,0.0011868407998870335
2017,July,Fresno (SJV),LHD1,Dsl,PMBW,DSL,PM,0.030857860797062833
2017,July,Fresno (SJV),LHD1,Dsl,PMBW,DSL,PM10,0.030240703581121613
2017,July,Fresno (SJV),LHD1,Dsl,PMBW,DSL,PM2_5,0.01296030153476639
2017,July,Fresno (SJV),LHD2,Dsl,RUNEX,DSL,CO,0.10690861857446558
2017,July,Fresno (SJV),LHD2,Dsl,RUNEX,DSL,NOx,0.37469935059110154
2017,July,Fresno (SJV),LHD2,Dsl,RUNEX,DSL,SOx,0.0008106164500720185
2017,July,Fresno (SJV),LHD2,Dsl,RUNEX,DSL,PM,0.004303446931109456
2017,July,Fresno (SJV),LHD2,Dsl,RUNEX,DSL,TOG,0.02727759299119204
2017,July,Fresno (SJV),LHD2,Dsl,RUNEX,DSL,PM10,0.004277626249522807
2017,July,Fresno (SJV),LHD2,Dsl,RUNEX,DSL,PM2_5,0.004092578031485098
2017,July,Fresno (SJV),LHD2,Dsl,IDLEX,DSL,CO,0.0030230051453240874
2017,July,Fresno (SJV),LHD2,Dsl,IDLEX,DSL,NOx,0.008515118098732625
2017,July,Fresno (SJV),LHD2,Dsl,IDLEX,DSL,SOx,7.137589841370486e-06
2017,July,Fresno (SJV),LHD2,Dsl,IDLEX,DSL,PM,9.340614167233289e-05
2017,July,Fresno (SJV),LHD2,Dsl,IDLEX,DSL,TOG,0.000415211885457613
2017,July,Fresno (SJV),LHD2,Dsl,IDLEX,DSL,PM10,9.284570482229886e-05
2017,July,Fresno (SJV),LHD2,Dsl,IDLEX,DSL,PM2_5,8.882924073038853e-05
2017,July,Fresno (SJV),LHD2,Dsl,PMTW,DSL,PM,0.001554063909045957
2017,July,Fresno (SJV),LHD2,Dsl,PMTW,DSL,PM10,0.001554063909045957
2017,July,Fresno (SJV),LHD2,Dsl,PMTW,DSL,PM2_5,0.00038851597726148926
2017,July,Fresno (SJV),LHD2,Dsl,PMBW,DSL,PM,0.011784984643598508
2017,July,Fresno (SJV),LHD2,Dsl,PMBW,DSL,PM10,0.011549284950726537
2017,July,Fresno (SJV),LHD2,Dsl,PMBW,DSL,PM2_5,0.004949693550311375
2017,July,Fresno (SJV),LDT1,Elec,HOTSOAK,CAT,TOG,4.54344841705665e-07
2017,July,Fresno (SJV),LDT1,Elec,RESTLOSS,CAT,TOG,6.387462471578658e-07
2017,July,Fresno (SJV),LDT1,Elec,DIURN,CAT,TOG,1.240978548106084e-06
2017,July,Fresno (SJV),LDT1,Elec,PMTW,CAT,PM,5.247802368360899e-06
2017,July,Fresno (SJV),LDT1,Elec,PMTW,CAT,PM10,5.247802368360899e-06
2017,July,Fresno (SJV),LDT1,Elec,PMTW,CAT,PM2_5,1.3119505920902247e-06
2017,July,Fresno (SJV),LDT1,Elec,PMBW,CAT,PM,2.459907360169171e-05
2017,July,Fresno (SJV),LDT1,Elec,PMBW,CAT,PM10,2.4107092129657874e-05
2017,July,Fresno (SJV),LDT1,Elec,PMBW,CAT,PM2_5,1.033161091271052e-05
2017,July,Fresno (SJV),LDT2,Elec,HOTSOAK,CAT,TOG,3.1877673816452044e-06
2017,July,Fresno (SJV),LDT2,Elec,RESTLOSS,CAT,TOG,4.348441219319952e-06
2017,July,Fresno (SJV),LDT2,Elec,DIURN,CAT,TOG,8.448303680667458e-06
2017,July,Fresno (SJV),LDT2,Elec,PMTW,CAT,PM,3.724818675604024e-05
2017,July,Fresno (SJV),LDT2,Elec,PMTW,CAT,PM10,3.724818675604024e-05
2017,July,Fresno (SJV),LDT2,Elec,PMTW,CAT,PM2_5,9.31204668901006e-06
2017,July,Fresno (SJV),LDT2,Elec,PMBW,CAT,PM,0.00017460087541893864
2017,July,Fresno (SJV),LDT2,Elec,PMBW,CAT,PM10,0.0001711088579105599
2017,July,Fresno (SJV),LDT2,Elec,PMBW,CAT,PM2_5,7.333236767595423e-05
2017,July,Fresno (SJV),MDV,Elec,HOTSOAK,CAT,TOG,3.5671100441830263e-07
2017,July,Fresno (SJV),MDV,Elec,RESTLOSS,CAT,TOG,4.975861872985185e-07
2017,July,Fresno (SJV),MDV,Elec,DIURN,CAT,TOG,9.667278469641547e-07
2017,July,Fresno (SJV),MDV,Elec,PMTW,CAT,PM,4.016394485312543e-06
2017,July,Fresno (SJV),MDV,Elec,PMTW,CAT,PM10,4.016394485312543e-06
2017,July,Fresno (SJV),MDV,Elec,PMTW,CAT,PM2_5,1.0040986213281357e-06
2017,July,Fresno (SJV),MDV,Elec,PMBW,CAT,PM,1.8826849149902546e-05
2017,July,Fresno (SJV),MDV,Elec,PMBW,CAT,PM10,1.8450312166904496e-05
2017,July,Fresno (SJV),MDV,Elec,PMBW,CAT,PM2_5,7.90727664295907e-06
2017,July,Fresno (SJV),SBUS,Gas,RUNEX,CAT,CO,0.03485467683866487
2017,July,Fresno (SJV),SBUS,Gas,RUNEX,CAT,NOx,0.006117624944048089
2017,July,Fresno (SJV),SBUS,Gas,RUNEX,CAT,SOx,3.90666112458533e-05
2017,July,Fresno (SJV),SBUS,Gas,RUNEX,CAT,PM,2.621465020973874e-05
2017,July,Fresno (SJV),SBUS,Gas,RUNEX,CAT,TOG,0.0022762900236484784
2017,July,Fresno (SJV),SBUS,Gas,RUNEX,CAT,PM10,2.3435897287506424e-05
2017,July,Fresno (SJV),SBUS,Gas,RUNEX,CAT,PM2_5,2.1548442472405254e-05
2017,July,Fresno (SJV),SBUS,Gas,IDLEX,CAT,CO,0.005609696030478707
2017,July,Fresno (SJV),SBUS,Gas,IDLEX,CAT,NOx,6.326113181760687e-05
2017,July,Fresno (SJV),SBUS,Gas,IDLEX,CAT,SOx,1.920544371714441e-06
2017,July,Fresno (SJV),SBUS,Gas,IDLEX,CAT,TOG,0.001043169965564761
2017,July,Fresno (SJV),SBUS,Gas,STREX,CAT,CO,0.002766185743629222
2017,July,Fresno (SJV),SBUS,Gas,STREX,CAT,NOx,0.00018241647124664955
2017,July,Fresno (SJV),SBUS,Gas,STREX,CAT,SOx,1.4898822157105118e-07
2017,July,Fresno (SJV),SBUS,Gas,STREX,CAT,PM,5.39735373060988e-07
2017,July,Fresno (SJV),SBUS,Gas,STREX,CAT,TOG,0.00013547575586943405
2017,July,Fresno (SJV),SBUS,Gas,STREX,CAT,PM10,4.825234235165234e-07
2017,July,Fresno (SJV),SBUS,Gas,STREX,CAT,PM2_5,4.436624766561323e-07
2017,July,Fresno (SJV),SBUS,Gas,HOTSOAK,CAT,TOG,0.00013207583248416656
2017,July,Fresno (SJV),SBUS,Gas,RUNLOSS,CAT,TOG,0.0012944694743858961
2017,July,Fresno (SJV),SBUS,Gas,RESTLOSS,CAT,TOG,9.990405129571167e-06
2017,July,Fresno (SJV),SBUS,Gas,DIURN,CAT,TOG,4.033280856888679e-05
2017,July,Fresno (SJV),SBUS,Gas,PMTW,CAT,PM,3.4173191289043524e-05
2017,July,Fresno (SJV),SBUS,Gas,PMTW,CAT,PM10,3.4173191289043524e-05
2017,July,Fresno (SJV),SBUS,Gas,PMTW,CAT,PM2_5,8.543297822260881e-06
2017,July,Fresno (SJV),SBUS,Gas,PMBW,CAT,PM,0.0032464531297426436
2017,July,Fresno (SJV),SBUS,Gas,PMBW,CAT,PM10,0.0031815240671477936
2017,July,Fresno (SJV),SBUS,Gas,PMBW,CAT,PM2_5,0.0013635103144919107
2017,July,Fresno (SJV),OBUS,Gas,RUNEX,CAT,CO,0.08060773241363828
2017,July,Fresno (SJV),OBUS,Gas,RUNEX,CAT,NOx,0.019923221864915575
2017,July,Fresno (SJV),OBUS,Gas,RUNEX,CAT,SOx,0.00039235554760826195
2017,July,Fresno (SJV),OBUS,Gas,RUNEX,CAT,PM,2.35561749802361e-05
2017,July,Fresno (SJV),OBUS,Gas,RUNEX,CAT,TOG,0.005105197078119837
2017,July,Fresno (SJV),OBUS,Gas,RUNEX,CAT,PM10,2.1059220432331076e-05
2017,July,Fresno (SJV),OBUS,Gas,RUNEX,CAT,PM2_5,1.9363175833754072e-05
2017,July,Fresno (SJV),OBUS,Gas,RUNEX,NCAT,CO,0.005000577101825913
2017,July,Fresno (SJV),OBUS,Gas,RUNEX,NCAT,NOx,0.00014190139079347906
2017,July,Fresno (SJV),OBUS,Gas,RUNEX,NCAT,SOx,7.138245042253354e-07
2017,July,Fresno (SJV),OBUS,Gas,RUNEX,NCAT,PM,1.401823589150447e-06
2017,July,Fresno (SJV),OBUS,Gas,RUNEX,NCAT,TOG,0.00022676889368114777
2017,July,Fresno (SJV),OBUS,Gas,RUNEX,NCAT,PM10,1.3471524691735793e-06
2017,July,Fresno (SJV),OBUS,Gas,RUNEX,NCAT,PM2_5,1.2854722312509597e-06
2017,July,Fresno (SJV),OBUS,Gas,IDLEX,CAT,CO,0.0020435453204938254
2017,July,Fresno (SJV),OBUS,Gas,IDLEX,CAT,NOx,2.302647118863742e-05
2017,July,Fresno (SJV),OBUS,Gas,IDLEX,CAT,SOx,1.3752230488094388e-06
2017,July,Fresno (SJV),OBUS,Gas,IDLEX,CAT,TOG,0.0003847588514595454
2017,July,Fresno (SJV),OBUS,Gas,IDLEX,NCAT,CO,1.550591788329721e-05
2017,July,Fresno (SJV),OBUS,Gas,IDLEX,NCAT,NOx,1.7534427516638078e-07
2017,July,Fresno (SJV),OBUS,Gas,IDLEX,NCAT,SOx,1.1718852193202344e-08
2017,July,Fresno (SJV),OBUS,Gas,IDLEX,NCAT,TOG,2.787059874654603e-06
2017,July,Fresno (SJV),OBUS,Gas,STREX,CAT,CO,0.026498820908278663
2017,July,Fresno (SJV),OBUS,Gas,STREX,CAT,NOx,0.0023516430545964468
2017,July,Fresno (SJV),OBUS,Gas,STREX,CAT,SOx,1.9657375788212156e-06
2017,July,Fresno (SJV),OBUS,Gas,STREX,CAT,PM,2.3542083215368883e-06
2017,July,Fresno (SJV),OBUS,Gas,STREX,CAT,TOG,0.001362682919459486
2017,July,Fresno (SJV),OBUS,Gas,STREX,CAT,PM10,2.1046622394539735e-06
2017,July,Fresno (SJV),OBUS,Gas,STREX,CAT,PM2_5,1.935159240303318e-06
2017,July,Fresno (SJV),OBUS,Gas,STREX,NCAT,CO,9.222352460297604e-06
2017,July,Fresno (SJV),OBUS,Gas,STREX,NCAT,NOx,3.0365426689915407e-05
2017,July,Fresno (SJV),OBUS,Gas,STREX,NCAT,SOx,7.660394865167381e-08
2017,July,Fresno (SJV),OBUS,Gas,STREX,NCAT,PM,9.155127311537978e-07
2017,July,Fresno (SJV),OBUS,Gas,STREX,NCAT,TOG,0.00018040268132486095
2017,July,Fresno (SJV),OBUS,Gas,STREX,NCAT,PM10,8.798077346387999e-07
2017,July,Fresno (SJV),OBUS,Gas,STREX,NCAT,PM2_5,8.395251744680326e-07
2017,July,Fresno (SJV),OBUS,Gas,HOTSOAK,CAT,TOG,0.00027214245019633975
2017,July,Fresno (SJV),OBUS,Gas,HOTSOAK,NCAT,TOG,4.1617911194542784e-05
2017,July,Fresno (SJV),OBUS,Gas,RUNLOSS,CAT,TOG,0.0024596080434747705
2017,July,Fresno (SJV),OBUS,Gas,RUNLOSS,NCAT,TOG,0.00016244729455468349
2017,July,Fresno (SJV),OBUS,Gas,RESTLOSS,CAT,TOG,1.8340459336630073e-05
2017,July,Fresno (SJV),OBUS,Gas,RESTLOSS,NCAT,TOG,1.6181502365534233e-06
2017,July,Fresno (SJV),OBUS,Gas,DIURN,CAT,TOG,5.789626134419424e-05
2017,July,Fresno (SJV),OBUS,Gas,DIURN,NCAT,TOG,5.587396796603307e-06
2017,July,Fresno (SJV),OBUS,Gas,PMTW,CAT,PM,0.0002536793531485444
2017,July,Fresno (SJV),OBUS,Gas,PMTW,CAT,PM10,0.0002536793531485444
2017,July,Fresno (SJV),OBUS,Gas,PMTW,CAT,PM2_5,6.34198382871361e-05
2017,July,Fresno (SJV),OBUS,Gas,PMTW,NCAT,PM,4.037629751714783e-07
2017,July,Fresno (SJV),OBUS,Gas,PMTW,NCAT,PM10,4.037629751714783e-07
2017,July,Fresno (SJV),OBUS,Gas,PMTW,NCAT,PM2_5,1.0094074379286957e-07
2017,July,Fresno (SJV),OBUS,Gas,PMBW,CAT,PM,0.002811612830729706
2017,July,Fresno (SJV),OBUS,Gas,PMBW,CAT,PM10,0.002755380574115109
2017,July,Fresno (SJV),OBUS,Gas,PMBW,CAT,PM2_5,0.0011808773889064753
2017,July,Fresno (SJV),OBUS,Gas,PMBW,NCAT,PM,4.475039641483887e-06
2017,July,Fresno (SJV),OBUS,Gas,PMBW,NCAT,PM10,4.385538848654209e-06
2017,July,Fresno (SJV),OBUS,Gas,PMBW,NCAT,PM2_5,1.8795166494232326e-06
2017,July,Fresno (SJV),MCY,Gas,RUNEX,CAT,CO,0.8962003027317658
2017,July,Fresno (SJV),MCY,Gas,RUNEX,CAT,NOx,0.06425746231537531
2017,July,Fresno (SJV),MCY,Gas,RUNEX,CAT,SOx,0.00014250564897086884
2017,July,Fresno (SJV),MCY,Gas,RUNEX,CAT,PM,8.972581994121296e-05
2017,July,Fresno (SJV),MCY,Gas,RUNEX,CAT,TOG,0.14299845445612408
2017,July,Fresno (SJV),MCY,Gas,RUNEX,CAT,PM10,8.277934113939889e-05
2017,July,Fresno (SJV),MCY,Gas,RUNEX,CAT,PM2_5,7.739079594146332e-05
2017,July,Fresno (SJV),MCY,Gas,RUNEX,NCAT,CO,2.665001433006769
2017,July,Fresno (SJV),MCY,Gas,RUNEX,NCAT,NOx,0.09397581542161276
2017,July,Fresno (SJV),MCY,Gas,RUNEX,NCAT,SOx,0.0001690472697915323
2017,July,Fresno (SJV),MCY,Gas,RUNEX,NCAT,PM,0.00016007792048888426
2017,July,Fresno (SJV),MCY,Gas,RUNEX,NCAT,TOG,0.2585464548936233
2017,July,Fresno (SJV),MCY,Gas,RUNEX,NCAT,PM10,0.00015127042347786346
2017,July,Fresno (SJV),MCY,Gas,RUNEX,NCAT,PM2_5,0.00014315528113852048
2017,July,Fresno (SJV),MCY,Gas,STREX,CAT,CO,0.0651588676643637
2017,July,Fresno (SJV),MCY,Gas,STREX,CAT,NOx,0.002750492902300467
2017,July,Fresno (SJV),MCY,Gas,STREX,CAT,SOx,6.478249579341127e-06
2017,July,Fresno (SJV),MCY,Gas,STREX,CAT,PM,2.2081370815130952e-05
2017,July,Fresno (SJV),MCY,Gas,STREX,CAT,TOG,0.017413269176812712
2017,July,Fresno (SJV),MCY,Gas,STREX,CAT,PM10,2.047277913467686e-05
2017,July,Fresno (SJV),MCY,Gas,STREX,CAT,PM2_5,1.918884493638439e-05
2017,July,Fresno (SJV),MCY,Gas,STREX,NCAT,CO,0.20297180827479377
2017,July,Fresno (SJV),MCY,Gas,STREX,NCAT,NOx,0.005475207570629133
2017,July,Fresno (SJV),MCY,Gas,STREX,NCAT,SOx,1.404714686012405e-05
2017,July,Fresno (SJV),MCY,Gas,STREX,NCAT,PM,0.00010523978248948162
2017,July,Fresno (SJV),MCY,Gas,STREX,NCAT,TOG,0.044498653103079544
2017,July,Fresno (SJV),MCY,Gas,STREX,NCAT,PM10,0.00010040339734644215
2017,July,Fresno (SJV),MCY,Gas,STREX,NCAT,PM2_5,9.546692241650782e-05
2017,July,Fresno (SJV),MCY,Gas,HOTSOAK,CAT,TOG,0.007852996147285433
2017,July,Fresno (SJV),MCY,Gas,HOTSOAK,NCAT,TOG,0.0370331694436559
2017,July,Fresno (SJV),MCY,Gas,RUNLOSS,CAT,TOG,0.01155292852403464
2017,July,Fresno (SJV),MCY,Gas,RUNLOSS,NCAT,TOG,0.07376866365083828
2017,July,Fresno (SJV),MCY,Gas,RESTLOSS,CAT,TOG,0.01587784436492675
2017,July,Fresno (SJV),MCY,Gas,RESTLOSS,NCAT,TOG,0.05362280523179146
2017,July,Fresno (SJV),MCY,Gas,DIURN,CAT,TOG,0.025292515871520472
2017,July,Fresno (SJV),MCY,Gas,DIURN,NCAT,TOG,0.0879504377270706
2017,July,Fresno (SJV),MCY,Gas,PMTW,CAT,PM,0.000277007970788392
2017,July,Fresno (SJV),MCY,Gas,PMTW,CAT,PM10,0.000277007970788392
2017,July,Fresno (SJV),MCY,Gas,PMTW,CAT,PM2_5,6.9251992697098e-05
2017,July,Fresno (SJV),MCY,Gas,PMTW,NCAT,PM,0.0003200155320633481
2017,July,Fresno (SJV),MCY,Gas,PMTW,NCAT,PM10,0.0003200155320633481
2017,July,Fresno (SJV),MCY,Gas,PMTW,NCAT,PM2_5,8.000388301583703e-05
2017,July,Fresno (SJV),MCY,Gas,PMBW,CAT,PM,0.0008310239123651764
2017,July,Fresno (SJV),MCY,Gas,PMBW,CAT,PM10,0.000814403434117872
2017,July,Fresno (SJV),MCY,Gas,PMBW,CAT,PM2_5,0.00034903004319337375
2017,July,Fresno (SJV),MCY,Gas,PMBW,NCAT,PM,0.0009600465961900442
2017,July,Fresno (SJV),MCY,Gas,PMBW,NCAT,PM10,0.0009408456642662421
2017,July,Fresno (SJV),MCY,Gas,PMBW,NCAT,PM2_5,0.0004032195703998184
2017,July,Fresno (SJV),MH,Gas,RUNEX,CAT,CO,0.06623695085765115
2017,July,Fresno (SJV),MH,Gas,RUNEX,CAT,NOx,0.011620342223183904
2017,July,Fresno (SJV),MH,Gas,RUNEX,CAT,SOx,0.000298170299884641
2017,July,Fresno (SJV),MH,Gas,RUNEX,CAT,PM,4.287568888452392e-05
2017,July,Fresno (SJV),MH,Gas,RUNEX,CAT,TOG,0.0034717681559147287
2017,July,Fresno (SJV),MH,Gas,RUNEX,CAT,PM10,3.8330865862764314e-05
2017,July,Fresno (SJV),MH,Gas,RUNEX,CAT,PM2_5,3.5243816263078615e-05
2017,July,Fresno (SJV),MH,Gas,RUNEX,NCAT,CO,0.010691617515744321
2017,July,Fresno (SJV),MH,Gas,RUNEX,NCAT,NOx,0.00029290571749444194
2017,July,Fresno (SJV),MH,Gas,RUNEX,NCAT,SOx,1.5241625696225402e-06
2017,July,Fresno (SJV),MH,Gas,RUNEX,NCAT,PM,2.9930472246980667e-06
2017,July,Fresno (SJV),MH,Gas,RUNEX,NCAT,TOG,0.0004786306994747067
2017,July,Fresno (SJV),MH,Gas,RUNEX,NCAT,PM10,2.8763183829348426e-06
2017,July,Fresno (SJV),MH,Gas,RUNEX,NCAT,PM2_5,2.7446243050481288e-06
2017,July,Fresno (SJV),MH,Gas,STREX,CAT,CO,0.0006283384693065733
2017,July,Fresno (SJV),MH,Gas,STREX,CAT,NOx,5.532232085034203e-05
2017,July,Fresno (SJV),MH,Gas,STREX,CAT,SOx,5.066597711709976e-08
2017,July,Fresno (SJV),MH,Gas,STREX,CAT,PM,1.0227640208033755e-07
2017,July,Fresno (SJV),MH,Gas,STREX,CAT,TOG,3.208258383531024e-05
2017,July,Fresno (SJV),MH,Gas,STREX,CAT,PM10,9.143510345982186e-08
2017,July,Fresno (SJV),MH,Gas,STREX,CAT,PM2_5,8.407120251003744e-08
2017,July,Fresno (SJV),MH,Gas,STREX,NCAT,CO,2.309601850034097e-07
2017,July,Fresno (SJV),MH,Gas,STREX,NCAT,NOx,7.706331038152273e-07
2017,July,Fresno (SJV),MH,Gas,STREX,NCAT,SOx,1.937134935794228e-09
2017,July,Fresno (SJV),MH,Gas,STREX,NCAT,PM,2.3149420946630733e-08
2017,July,Fresno (SJV),MH,Gas,STREX,NCAT,TOG,4.567652516304141e-06
2017,July,Fresno (SJV),MH,Gas,STREX,NCAT,PM10,2.224659352971215e-08
2017,July,Fresno (SJV),MH,Gas,STREX,NCAT,PM2_5,2.1228019008060365e-08
2017,July,Fresno (SJV),MH,Gas,HOTSOAK,CAT,TOG,2.8744371124461743e-05
2017,July,Fresno (SJV),MH,Gas,HOTSOAK,NCAT,TOG,1.0468026252130012e-06
2017,July,Fresno (SJV),MH,Gas,RUNLOSS,CAT,TOG,0.0005452270696126666
2017,July,Fresno (SJV),MH,Gas,RUNLOSS,NCAT,TOG,5.401155618801593e-06
2017,July,Fresno (SJV),MH,Gas,RESTLOSS,CAT,TOG,0.00023861886356520192
2017,July,Fresno (SJV),MH,Gas,RESTLOSS,NCAT,TOG,7.999591750716315e-06
2017,July,Fresno (SJV),MH,Gas,DIURN,CAT,TOG,0.000915936681736215
2017,July,Fresno (SJV),MH,Gas,DIURN,NCAT,TOG,2.8174026844400646e-05
2017,July,Fresno (SJV),MH,Gas,PMTW,CAT,PM,0.00019308441464057534
2017,July,Fresno (SJV),MH,Gas,PMTW,CAT,PM10,0.00019308441464057534
2017,July,Fresno (SJV),MH,Gas,PMTW,CAT,PM2_5,4.8271103660143836e-05
2017,July,Fresno (SJV),MH,Gas,PMTW,NCAT,PM,8.620782683541583e-07
2017,July,Fresno (SJV),MH,Gas,PMTW,NCAT,PM10,8.620782683541583e-07
2017,July,Fresno (SJV),MH,Gas,PMTW,NCAT,PM2_5,2.1551956708853956e-07
2017,July,Fresno (SJV),MH,Gas,PMBW,CAT,PM,0.0021400189289330403
2017,July,Fresno (SJV),MH,Gas,PMBW,CAT,PM10,0.00209721855035438
2017,July,Fresno (SJV),MH,Gas,PMBW,CAT,PM2_5,0.0008988079501518774
2017,July,Fresno (SJV),MH,Gas,PMBW,NCAT,PM,9.554700807591929e-06
2017,July,Fresno (SJV),MH,Gas,PMBW,NCAT,PM10,9.363606791440089e-06
2017,July,Fresno (SJV),MH,Gas,PMBW,NCAT,PM2_5,4.012974339188609e-06
2017,July,Fresno (SJV),MH,Dsl,RUNEX,DSL,CO,0.0035710119863491207
2017,July,Fresno (SJV),MH,Dsl,RUNEX,DSL,NOx,0.03748349522975779
2017,July,Fresno (SJV),MH,Dsl,RUNEX,DSL,SOx,6.227511107397608e-05
2017,July,Fresno (SJV),MH,Dsl,RUNEX,DSL,PM,0.0010340524209363974
2017,July,Fresno (SJV),MH,Dsl,RUNEX,DSL,TOG,0.0010672761704280474
2017,July,Fresno (SJV),MH,Dsl,RUNEX,DSL,PM10,0.0010278481064107798
2017,July,Fresno (SJV),MH,Dsl,RUNEX,DSL,PM2_5,0.000983383852310513
2017,July,Fresno (SJV),MH,Dsl,PMTW,DSL,PM,9.818785118093e-05
2017,July,Fresno (SJV),MH,Dsl,PMTW,DSL,PM10,9.818785118093e-05
2017,July,Fresno (SJV),MH,Dsl,PMTW,DSL,PM2_5,2.45469627952325e-05
2017,July,Fresno (SJV),MH,Dsl,PMBW,DSL,PM,0.0008161865129414813
2017,July,Fresno (SJV),MH,Dsl,PMBW,DSL,PM10,0.0007998627826826513
2017,July,Fresno (SJV),MH,Dsl,PMBW,DSL,PM2_5,0.00034279833543542196
2017,July,Fresno (SJV),UBUS,Gas,RUNEX,CAT,CO,0.002316108102471524
2017,July,Fresno (SJV),UBUS,Gas,RUNEX,CAT,NOx,0.0016026761716299175
2017,July,Fresno (SJV),UBUS,Gas,RUNEX,CAT,SOx,0.00014086775002600745
2017,July,Fresno (SJV),UBUS,Gas,RUNEX,CAT,PM,7.947512777403079e-06
2017,July,Fresno (SJV),UBUS,Gas,RUNEX,CAT,TOG,0.00021326640029185537
2017,July,Fresno (SJV),UBUS,Gas,RUNEX,CAT,PM10,7.10507642299835e-06
2017,July,Fresno (SJV),UBUS,Gas,RUNEX,CAT,PM2_5,6.532855503025329e-06
2017,July,Fresno (SJV),UBUS,Gas,STREX,CAT,CO,0.0018503461545285496
2017,July,Fresno (SJV),UBUS,Gas,STREX,CAT,NOx,0.00023585157891462587
2017,July,Fresno (SJV),UBUS,Gas,STREX,CAT,SOx,2.588209659328672e-07
2017,July,Fresno (SJV),UBUS,Gas,STREX,CAT,PM,1.1883106492176868e-07
2017,July,Fresno (SJV),UBUS,Gas,STREX,CAT,TOG,0.00013180920703492188
2017,July,Fresno (SJV),UBUS,Gas,STREX,CAT,PM10,1.0623497204006119e-07
2017,July,Fresno (SJV),UBUS,Gas,STREX,CAT,PM2_5,9.767913536569379e-08
2017,July,Fresno (SJV),UBUS,Gas,HOTSOAK,CAT,TOG,1.796684381527384e-05
2017,July,Fresno (SJV),UBUS,Gas,RUNLOSS,CAT,TOG,8.198553899122697e-05
2017,July,Fresno (SJV),UBUS,Gas,RESTLOSS,CAT,TOG,1.6800601825800145e-06
2017,July,Fresno (SJV),UBUS,Gas,DIURN,CAT,TOG,3.495882675531927e-06
2017,July,Fresno (SJV),UBUS,Gas,PMTW,CAT,PM,7.72432533300078e-05
2017,July,Fresno (SJV),UBUS,Gas,PMTW,CAT,PM10,7.72432533300078e-05
2017,July,Fresno (SJV),UBUS,Gas,PMTW,CAT,PM2_5,1.931081333250195e-05
2017,July,Fresno (SJV),UBUS,Gas,PMBW,CAT,PM,0.0008603629169913528
2017,July,Fresno (SJV),UBUS,Gas,PMBW,CAT,PM10,0.0008431556586515256
2017,July,Fresno (SJV),UBUS,Gas,PMBW,CAT,PM2_5,0.0003613524251363681
2017,July,Fresno (SJV),UBUS,Dsl,RUNEX,DSL,CO,0.00014710007008531854
2017,July,Fresno (SJV),UBUS,Dsl,RUNEX,DSL,NOx,0.0017579496223214966
2017,July,Fresno (SJV),UBUS,Dsl,RUNEX,DSL,SOx,9.068877791906363e-06
2017,July,Fresno (SJV),UBUS,Dsl,RUNEX,DSL,PM,4.5198895246793715e-06
2017,July,Fresno (SJV),UBUS,Dsl,RUNEX,DSL,TOG,7.10785235465293e-05
2017,July,Fresno (SJV),UBUS,Dsl,RUNEX,DSL,PM10,4.492770187531297e-06
2017,July,Fresno (SJV),UBUS,Dsl,RUNEX,DSL,PM2_5,4.298414937970086e-06
2017,July,Fresno (SJV),UBUS,Dsl,PMTW,DSL,PM,1.550863780289351e-05
2017,July,Fresno (SJV),UBUS,Dsl,PMTW,DSL,PM10,1.550863780289351e-05
2017,July,Fresno (SJV),UBUS,Dsl,PMTW,DSL,PM2_5,3.877159450723377e-06
2017,July,Fresno (SJV),UBUS,Dsl,PMBW,DSL,PM,7.197306530517684e-05
2017,July,Fresno (SJV),UBUS,Dsl,PMBW,DSL,PM10,7.053360399907331e-05
2017,July,Fresno (SJV),UBUS,Dsl,PMBW,DSL,PM2_5,3.0228687428174266e-05
2017,July,Fresno (SJV),UBUS,NG,RUNEX,DSL,CO,0.3631780747963659
2017,July,Fresno (SJV),UBUS,NG,RUNEX,DSL,NOx,0.08750464239234795
2017,July,Fresno (SJV),UBUS,NG,RUNEX,DSL,PM,0.00011063521930986552
2017,July,Fresno (SJV),UBUS,NG,RUNEX,DSL,TOG,0.13673909347979632
2017,July,Fresno (SJV),UBUS,NG,RUNEX,DSL,PM10,0.00010997140799400636
2017,July,Fresno (SJV),UBUS,NG,RUNEX,DSL,PM2_5,0.00010521409356368212
2017,July,Fresno (SJV),UBUS,NG,PMTW,DSL,PM,0.00042651863100644563
2017,July,Fresno (SJV),UBUS,NG,PMTW,DSL,PM10,0.00042651863100644563
2017,July,Fresno (SJV),UBUS,NG,PMTW,DSL,PM2_5,0.00010662965775161141
2017,July,Fresno (SJV),UBUS,NG,PMBW,DSL,PM,0.001325100310543945
2017,July,Fresno (SJV),UBUS,NG,PMBW,DSL,PM10,0.0012985983043330674
2017,July,Fresno (SJV),UBUS,NG,PMBW,DSL,PM2_5,0.000556542130428457
2017,July,Fresno (SJV),SBUS,Dsl,RUNEX,DSL,CO,0.009811164282002011
2017,July,Fresno (SJV),SBUS,Dsl,RUNEX,DSL,NOx,0.23649775311131335
2017,July,Fresno (SJV),SBUS,Dsl,RUNEX,DSL,PM,0.0017834815157494984
2017,July,Fresno (SJV),SBUS,Dsl,RUNEX,DSL,PM10,0.0017727806266550027
2017,July,Fresno (SJV),SBUS,Dsl,RUNEX,DSL,PM2_5,0.0016960909214777734
2017,July,Fresno (SJV),SBUS,Dsl,IDLEX,DSL,CO,0.005248024838795584
2017,July,Fresno (SJV),SBUS,Dsl,IDLEX,DSL,NOx,0.04978513730086294
2017,July,Fresno (SJV),SBUS,Dsl,IDLEX,DSL,PM,6.665255925181322e-05
2017,July,Fresno (SJV),SBUS,Dsl,IDLEX,DSL,PM10,6.625264389630227e-05
2017,July,Fresno (SJV),SBUS,Dsl,IDLEX,DSL,PM2_5,6.338658384847429e-05
2017,July,Fresno (SJV),SBUS,Dsl,STREX,DSL,NOx,0.00799527503617249
2017,July,Fresno (SJV),SBUS,Dsl,PMTW,DSL,PM,0.00040568381970363683
2017,July,Fresno (SJV),SBUS,Dsl,PMTW,DSL,PM10,0.00040568381970363683
2017,July,Fresno (SJV),SBUS,Dsl,PMTW,DSL,PM2_5,0.00010142095492590921
2017,July,Fresno (SJV),SBUS,Dsl,PMBW,DSL,PM,0.025693308581230374
2017,July,Fresno (SJV),SBUS,Dsl,PMBW,DSL,PM10,0.025179442409605724
2017,July,Fresno (SJV),SBUS,Dsl,PMBW,DSL,PM2_5,0.010791189604116756
2017,July,Fresno (SJV),SBUS,Dsl,RUNEX,DSL,SOx,0.0003780925514581624
2017,July,Fresno (SJV),SBUS,Dsl,IDLEX,DSL,SOx,3.8569332671210074e-05
2017,July,Fresno (SJV),SBUS,Dsl,RUNEX,DSL,TOG,0.004271421995527585
2017,July,Fresno (SJV),SBUS,Dsl,IDLEX,DSL,TOG,0.0003876026287585348
2017,     ,Fresno (SJV),LDA,Dsl,RUNEX,DSL,NH3,0.000191978
2017,     ,Fresno (SJV),LDA,Gas,RUNEX,CAT,NH3,0.340830141
2017,     ,Fresno (SJV),LDT1,Dsl,RUNEX,DSL,NH3,1.95809e-06
2017,     ,Fresno (SJV),LDT1,Gas,RUNEX,CAT,NH3,0.044513641
2017,     ,Fresno (SJV),LDT2,Dsl,RUNEX,DSL,NH3,3.1328e-05
2017,     ,Fresno (SJV),LDT2,Gas,RUNEX,CAT,NH3,0.132620395
2017,     ,Fresno (SJV),LHD1,Dsl,RUNEX,DSL,NH3,0.042484509
2017,     ,Fresno (SJV),LHD1,Gas,RUNEX,CAT,NH3,0.017112897
2017,     ,Fresno (SJV),LHD2,Dsl,RUNEX,DSL,NH3,0.01573084
2017,     ,Fresno (SJV),LHD2,Gas,RUNEX,CAT,NH3,0.002956838
2017,     ,Fresno (SJV),MCY,Gas,RUNEX,CAT,NH3,0.002346214
2017,     ,Fresno (SJV),MDV,Dsl,RUNEX,DSL,NH3,0.000190936
2017,     ,Fresno (SJV),MDV,Gas,RUNEX,CAT,NH3,0.133701508
2017,     ,Fresno (SJV),MH,Dsl,RUNEX,DSL,NH3,0.00016577
2017,     ,Fresno (SJV),MH,Gas,RUNEX,CAT,NH3,0.000711423
2017,     ,Fresno (SJV),OBUS,Gas,RUNEX,CAT,NH3,0.000948092
2017,     ,Fresno (SJV),SBUS,Gas,RUNEX,CAT,NH3,0.000192316
2017,     ,Fresno (SJV),T6TS,Gas,RUNEX,CAT,NH3,0.002180895
2017,     ,Fresno (SJV),T7IS,Gas,RUNEX,CAT,NH3,1.5135e-05
2017,     ,Fresno (SJV),UBUS,Dsl,RUNEX,DSL,NH3,0.000101104
2017,     ,Fresno (SJV),UBUS,Gas,RUNEX,CAT,NH3,0.000285691
2017,     ,Fresno (SJV),UBUS,NG,RUNEX,DSL,NH3,0.000416049
