calendar_year,season_month,sub_area,vehicle_class,fuel,process,cat_ncat,pollutant,emission
2017,July,Imperial (SS),LDA,Gas,RUNEX,CAT,CO,4.987402714676373
2017,July,Imperial (SS),LDA,Gas,RUNEX,CAT,NOx,0.29851436579689145
2017,July,Imperial (SS),LDA,Gas,RUNEX,CAT,SOx,0.011569152240771733
2017,July,Imperial (SS),LDA,Gas,RUNEX,CAT,PM,0.00552232142351724
2017,July,Imperial (SS),LDA,Gas,RUNEX,CAT,TOG,0.14170710672694395
2017,July,Imperial (SS),LDA,Gas,RUNEX,CAT,PM10,0.0049378984159240144
2017,July,Imperial (SS),LDA,Gas,RUNEX,CAT,PM2_5,0.004540685389436579
2017,July,Imperial (SS),LDA,Gas,RUNEX,NCAT,CO,0.24838260156676936
2017,July,Imperial (SS),LDA,Gas,RUNEX,NCAT,NOx,0.012387083139923968
2017,July,Imperial (SS),LDA,Gas,RUNEX,NCAT,SOx,1.58286964367305e-05
2017,July,Imperial (SS),LDA,Gas,RUNEX,NCAT,PM,0.00013385620982483734
2017,July,Imperial (SS),LDA,Gas,RUNEX,NCAT,TOG,0.015363750254701172
2017,July,Imperial (SS),LDA,Gas,RUNEX,NCAT,PM10,0.00012769275434206453
2017,July,Imperial (SS),LDA,Gas,RUNEX,NCAT,PM2_5,0.00012140896510396696
2017,July,Imperial (SS),LDA,Gas,STREX,CAT,CO,0.9478041813920429
2017,July,Imperial (SS),LDA,Gas,STREX,CAT,NOx,0.11127537022184392
2017,July,Imperial (SS),LDA,Gas,STREX,CAT,SOx,0.0002384492090901387
2017,July,Imperial (SS),LDA,Gas,STREX,CAT,PM,0.0009513768024933141
2017,July,Imperial (SS),LDA,Gas,STREX,CAT,TOG,0.14430110471866717
2017,July,Imperial (SS),LDA,Gas,STREX,CAT,PM10,0.0008508026668649394
2017,July,Imperial (SS),LDA,Gas,STREX,CAT,PM2_5,0.000782417127416849
2017,July,Imperial (SS),LDA,Gas,STREX,NCAT,CO,0.01918557341830194
2017,July,Imperial (SS),LDA,Gas,STREX,NCAT,NOx,0.0008800942439647155
2017,July,Imperial (SS),LDA,Gas,STREX,NCAT,SOx,1.462314544332972e-06
2017,July,Imperial (SS),LDA,Gas,STREX,NCAT,PM,3.777059020528179e-05
2017,July,Imperial (SS),LDA,Gas,STREX,NCAT,TOG,0.002668489535752698
2017,July,Imperial (SS),LDA,Gas,STREX,NCAT,PM10,3.6025731751359025e-05
2017,July,Imperial (SS),LDA,Gas,STREX,NCAT,PM2_5,3.425023545089878e-05
2017,July,Imperial (SS),LDA,Gas,HOTSOAK,CAT,TOG,0.11362447050755474
2017,July,Imperial (SS),LDA,Gas,HOTSOAK,NCAT,TOG,0.003639532997935191
2017,July,Imperial (SS),LDA,Gas,RUNLOSS,CAT,TOG,0.13777157298700826
2017,July,Imperial (SS),LDA,Gas,RUNLOSS,NCAT,TOG,0.011544785115226646
2017,July,Imperial (SS),LDA,Gas,RESTLOSS,CAT,TOG,0.10382095335494257
2017,July,Imperial (SS),LDA,Gas,RESTLOSS,NCAT,TOG,0.004771927323463301
2017,July,Imperial (SS),LDA,Gas,DIURN,CAT,TOG,0.18367788489556977
2017,July,Imperial (SS),LDA,Gas,DIURN,NCAT,TOG,0.009279805014129845
2017,July,Imperial (SS),LDA,Gas,PMTW,CAT,PM,0.02640169564828192
2017,July,Imperial (SS),LDA,Gas,PMTW,CAT,PM10,0.02640169564828192
2017,July,Imperial (SS),LDA,Gas,PMTW,CAT,PM2_5,0.00660042391207048
2017,July,Imperial (SS),LDA,Gas,PMTW,NCAT,PM,1.7618858178771545e-05
2017,July,Imperial (SS),LDA,Gas,PMTW,NCAT,PM10,1.7618858178771545e-05
2017,July,Imperial (SS),LDA,Gas,PMTW,NCAT,PM2_5,4.404714544692886e-06
2017,July,Imperial (SS),LDA,Gas,PMBW,CAT,PM,0.1237579483513215
2017,July,Imperial (SS),LDA,Gas,PMBW,CAT,PM10,0.1212827893842951
2017,July,Imperial (SS),LDA,Gas,PMBW,CAT,PM2_5,0.051978338307555
2017,July,Imperial (SS),LDA,Gas,PMBW,NCAT,PM,8.258839771299154e-05
2017,July,Imperial (SS),LDA,Gas,PMBW,NCAT,PM10,8.093662975873171e-05
2017,July,Imperial (SS),LDA,Gas,PMBW,NCAT,PM2_5,3.4687127039456444e-05
2017,July,Imperial (SS),LDA,Dsl,RUNEX,DSL,CO,0.007395459451334498
2017,July,Imperial (SS),LDA,Dsl,RUNEX,DSL,NOx,0.005689615853621046
2017,July,Imperial (SS),LDA,Dsl,RUNEX,DSL,SOx,4.84307060594318e-05
2017,July,Imperial (SS),LDA,Dsl,RUNEX,DSL,PM,0.0005175997006552891
2017,July,Imperial (SS),LDA,Dsl,RUNEX,DSL,TOG,0.0008487180999007764
2017,July,Imperial (SS),LDA,Dsl,RUNEX,DSL,PM10,0.0005144941024513579
2017,July,Imperial (SS),LDA,Dsl,RUNEX,DSL,PM2_5,0.0004922373153231808
2017,July,Imperial (SS),LDA,Dsl,PMTW,DSL,PM,0.00017038907658447608
2017,July,Imperial (SS),LDA,Dsl,PMTW,DSL,PM10,0.00017038907658447608
2017,July,Imperial (SS),LDA,Dsl,PMTW,DSL,PM2_5,4.259726914611902e-05
2017,July,Imperial (SS),LDA,Dsl,PMBW,DSL,PM,0.000798698796489732
2017,July,Imperial (SS),LDA,Dsl,PMBW,DSL,PM10,0.0007827248205599372
2017,July,Imperial (SS),LDA,Dsl,PMBW,DSL,PM2_5,0.00033545349452568753
2017,July,Imperial (SS),LDA,Elec,HOTSOAK,CAT,TOG,1.3578453457596577e-05
2017,July,Imperial (SS),LDA,Elec,RESTLOSS,CAT,TOG,3.805899903473337e-05
2017,July,Imperial (SS),LDA,Elec,DIURN,CAT,TOG,6.566028130060449e-05
2017,July,Imperial (SS),LDA,Elec,PMTW,CAT,PM,0.0001612333999116121
2017,July,Imperial (SS),LDA,Elec,PMTW,CAT,PM10,0.0001612333999116121
2017,July,Imperial (SS),LDA,Elec,PMTW,CAT,PM2_5,4.030834997790302e-05
2017,July,Imperial (SS),LDA,Elec,PMBW,CAT,PM,0.0007557815620856816
2017,July,Imperial (SS),LDA,Elec,PMBW,CAT,PM10,0.0007406659308439685
2017,July,Imperial (SS),LDA,Elec,PMBW,CAT,PM2_5,0.00031742825607598634
2017,July,Imperial (SS),LDT1,Gas,RUNEX,CAT,CO,1.6862722339716945
2017,July,Imperial (SS),LDT1,Gas,RUNEX,CAT,NOx,0.13156931196772195
2017,July,Imperial (SS),LDT1,Gas,RUNEX,CAT,SOx,0.0015298348166238706
2017,July,Imperial (SS),LDT1,Gas,RUNEX,CAT,PM,0.001506393015920499
2017,July,Imperial (SS),LDT1,Gas,RUNEX,CAT,TOG,0.05709435785791161
2017,July,Imperial (SS),LDT1,Gas,RUNEX,CAT,PM10,0.0013478519313659028
2017,July,Imperial (SS),LDT1,Gas,RUNEX,CAT,PM2_5,0.0012398666208423615
2017,July,Imperial (SS),LDT1,Gas,RUNEX,NCAT,CO,0.1488056504460221
2017,July,Imperial (SS),LDT1,Gas,RUNEX,NCAT,NOx,0.0075340850685525675
2017,July,Imperial (SS),LDT1,Gas,RUNEX,NCAT,SOx,9.823877833877714e-06
2017,July,Imperial (SS),LDT1,Gas,RUNEX,NCAT,PM,8.77745449258188e-05
2017,July,Imperial (SS),LDT1,Gas,RUNEX,NCAT,TOG,0.009438051814729754
2017,July,Imperial (SS),LDT1,Gas,RUNEX,NCAT,PM10,8.32147625407361e-05
2017,July,Imperial (SS),LDT1,Gas,RUNEX,NCAT,PM2_5,7.887769594126409e-05
2017,July,Imperial (SS),LDT1,Gas,STREX,CAT,CO,0.14178902697609766
2017,July,Imperial (SS),LDT1,Gas,STREX,CAT,NOx,0.022922126766761388
2017,July,Imperial (SS),LDT1,Gas,STREX,CAT,SOx,3.4457987135912134e-05
2017,July,Imperial (SS),LDT1,Gas,STREX,CAT,PM,0.00022627594371579544
2017,July,Imperial (SS),LDT1,Gas,STREX,CAT,TOG,0.034297784811415336
2017,July,Imperial (SS),LDT1,Gas,STREX,CAT,PM10,0.0002024504206744981
2017,July,Imperial (SS),LDT1,Gas,STREX,CAT,PM2_5,0.00018622530430594778
2017,July,Imperial (SS),LDT1,Gas,STREX,NCAT,CO,0.0069012518922152
2017,July,Imperial (SS),LDT1,Gas,STREX,NCAT,NOx,0.00026238374708347845
2017,July,Imperial (SS),LDT1,Gas,STREX,NCAT,SOx,4.633933715819957e-07
2017,July,Imperial (SS),LDT1,Gas,STREX,NCAT,PM,1.2096766144124685e-05
2017,July,Imperial (SS),LDT1,Gas,STREX,NCAT,TOG,0.0008607406254276864
2017,July,Imperial (SS),LDT1,Gas,STREX,NCAT,PM10,1.146526527192732e-05
2017,July,Imperial (SS),LDT1,Gas,STREX,NCAT,PM2_5,1.086625598259866e-05
2017,July,Imperial (SS),LDT1,Gas,HOTSOAK,CAT,TOG,0.03890468425698684
2017,July,Imperial (SS),LDT1,Gas,HOTSOAK,NCAT,TOG,0.001111624655210337
2017,July,Imperial (SS),LDT1,Gas,RUNLOSS,CAT,TOG,0.09261257097083414
2017,July,Imperial (SS),LDT1,Gas,RUNLOSS,NCAT,TOG,0.001700400565270269
2017,July,Imperial (SS),LDT1,Gas,RESTLOSS,CAT,TOG,0.03632572822333397
2017,July,Imperial (SS),LDT1,Gas,RESTLOSS,NCAT,TOG,0.0014690390429788276
2017,July,Imperial (SS),LDT1,Gas,DIURN,CAT,TOG,0.06972296986902383
2017,July,Imperial (SS),LDT1,Gas,DIURN,NCAT,TOG,0.00283255340319356
2017,July,Imperial (SS),LDT1,Gas,PMTW,CAT,PM,0.002992810240481924
2017,July,Imperial (SS),LDT1,Gas,PMTW,CAT,PM10,0.002992810240481924
2017,July,Imperial (SS),LDT1,Gas,PMTW,CAT,PM2_5,0.000748202560120481
2017,July,Imperial (SS),LDT1,Gas,PMTW,NCAT,PM,1.1556141969021704e-05
2017,July,Imperial (SS),LDT1,Gas,PMTW,NCAT,PM10,1.1556141969021704e-05
2017,July,Imperial (SS),LDT1,Gas,PMTW,NCAT,PM2_5,2.889035492255426e-06
2017,July,Imperial (SS),LDT1,Gas,PMBW,CAT,PM,0.014028798002259028
2017,July,Imperial (SS),LDT1,Gas,PMBW,CAT,PM10,0.013748222042213822
2017,July,Imperial (SS),LDT1,Gas,PMBW,CAT,PM2_5,0.005892095160948777
2017,July,Imperial (SS),LDT1,Gas,PMBW,NCAT,PM,5.416941547978931e-05
2017,July,Imperial (SS),LDT1,Gas,PMBW,NCAT,PM10,5.3086027170193504e-05
2017,July,Imperial (SS),LDT1,Gas,PMBW,NCAT,PM2_5,2.2751154501511516e-05
2017,July,Imperial (SS),LDT2,Gas,RUNEX,CAT,CO,3.020180804298647
2017,July,Imperial (SS),LDT2,Gas,RUNEX,CAT,NOx,0.28062706882457333
2017,July,Imperial (SS),LDT2,Gas,RUNEX,CAT,SOx,0.0054179355666888395
2017,July,Imperial (SS),LDT2,Gas,RUNEX,CAT,PM,0.0024624177708525005
2017,July,Imperial (SS),LDT2,Gas,RUNEX,CAT,TOG,0.09331630359546816
2017,July,Imperial (SS),LDT2,Gas,RUNEX,CAT,PM10,0.0022027550852167788
2017,July,Imperial (SS),LDT2,Gas,RUNEX,CAT,PM2_5,0.00202602668849286
2017,July,Imperial (SS),LDT2,Gas,RUNEX,NCAT,CO,0.22034314897729937
2017,July,Imperial (SS),LDT2,Gas,RUNEX,NCAT,NOx,0.011321004131634059
2017,July,Imperial (SS),LDT2,Gas,RUNEX,NCAT,SOx,1.4468218857463944e-05
2017,July,Imperial (SS),LDT2,Gas,RUNEX,NCAT,PM,0.00012891353345810533
2017,July,Imperial (SS),LDT2,Gas,RUNEX,NCAT,TOG,0.01411771241861204
2017,July,Imperial (SS),LDT2,Gas,RUNEX,NCAT,PM10,0.00012253230757859702
2017,July,Imperial (SS),LDT2,Gas,RUNEX,NCAT,PM2_5,0.00011629442932897791
2017,July,Imperial (SS),LDT2,Gas,STREX,CAT,CO,0.48469196119842817
2017,July,Imperial (SS),LDT2,Gas,STREX,CAT,NOx,0.07992319299085944
2017,July,Imperial (SS),LDT2,Gas,STREX,CAT,SOx,0.00012121331969383952
2017,July,Imperial (SS),LDT2,Gas,STREX,CAT,PM,0.00039632766401907933
2017,July,Imperial (SS),LDT2,Gas,STREX,CAT,TOG,0.07976919440577332
2017,July,Imperial (SS),LDT2,Gas,STREX,CAT,PM10,0.0003545103481046325
2017,July,Imperial (SS),LDT2,Gas,STREX,CAT,PM2_5,0.0003260555870594988
2017,July,Imperial (SS),LDT2,Gas,STREX,NCAT,CO,0.009691321464015744
2017,July,Imperial (SS),LDT2,Gas,STREX,NCAT,NOx,0.0003861075017847481
2017,July,Imperial (SS),LDT2,Gas,STREX,NCAT,SOx,6.679459557585913e-07
2017,July,Imperial (SS),LDT2,Gas,STREX,NCAT,PM,1.727333415990496e-05
2017,July,Imperial (SS),LDT2,Gas,STREX,NCAT,TOG,0.001241542358290788
2017,July,Imperial (SS),LDT2,Gas,STREX,NCAT,PM10,1.64062576560935e-05
2017,July,Imperial (SS),LDT2,Gas,STREX,NCAT,PM2_5,1.556540018881732e-05
2017,July,Imperial (SS),LDT2,Gas,HOTSOAK,CAT,TOG,0.057973240124038344
2017,July,Imperial (SS),LDT2,Gas,HOTSOAK,NCAT,TOG,0.0016068493089902416
2017,July,Imperial (SS),LDT2,Gas,RUNLOSS,CAT,TOG,0.14731360294349435
2017,July,Imperial (SS),LDT2,Gas,RUNLOSS,NCAT,TOG,0.002435077149857087
2017,July,Imperial (SS),LDT2,Gas,RESTLOSS,CAT,TOG,0.05638112745684788
2017,July,Imperial (SS),LDT2,Gas,RESTLOSS,NCAT,TOG,0.002118661081460354
2017,July,Imperial (SS),LDT2,Gas,DIURN,CAT,TOG,0.09872466647500669
2017,July,Imperial (SS),LDT2,Gas,DIURN,NCAT,TOG,0.004084406400602607
2017,July,Imperial (SS),LDT2,Gas,PMTW,CAT,PM,0.009588492845125791
2017,July,Imperial (SS),LDT2,Gas,PMTW,CAT,PM10,0.009588492845125791
2017,July,Imperial (SS),LDT2,Gas,PMTW,CAT,PM2_5,0.0023971232112814478
2017,July,Imperial (SS),LDT2,Gas,PMTW,NCAT,PM,1.6968092499859996e-05
2017,July,Imperial (SS),LDT2,Gas,PMTW,NCAT,PM10,1.6968092499859996e-05
2017,July,Imperial (SS),LDT2,Gas,PMTW,NCAT,PM2_5,4.242023124964999e-06
2017,July,Imperial (SS),LDT2,Gas,PMBW,CAT,PM,0.044946060211527215
2017,July,Imperial (SS),LDT2,Gas,PMBW,CAT,PM10,0.04404713900729663
2017,July,Imperial (SS),LDT2,Gas,PMBW,CAT,PM2_5,0.018877345288841416
2017,July,Imperial (SS),LDT2,Gas,PMBW,NCAT,PM,7.953793359309375e-05
2017,July,Imperial (SS),LDT2,Gas,PMBW,NCAT,PM10,7.794717492123192e-05
2017,July,Imperial (SS),LDT2,Gas,PMBW,NCAT,PM2_5,3.340593210909942e-05
2017,July,Imperial (SS),MDV,Gas,RUNEX,CAT,CO,2.6218224198958517
2017,July,Imperial (SS),MDV,Gas,RUNEX,CAT,NOx,0.24391860220655143
2017,July,Imperial (SS),MDV,Gas,RUNEX,CAT,SOx,0.005852235707761361
2017,July,Imperial (SS),MDV,Gas,RUNEX,CAT,PM,0.0020674043858192417
2017,July,Imperial (SS),MDV,Gas,RUNEX,CAT,TOG,0.08576549808438659
2017,July,Imperial (SS),MDV,Gas,RUNEX,CAT,PM10,0.0018494409328042671
2017,July,Imperial (SS),MDV,Gas,RUNEX,CAT,PM2_5,0.0017010815413938231
2017,July,Imperial (SS),MDV,Gas,RUNEX,NCAT,CO,0.7318815781298029
2017,July,Imperial (SS),MDV,Gas,RUNEX,NCAT,NOx,0.026930217999061822
2017,July,Imperial (SS),MDV,Gas,RUNEX,NCAT,SOx,3.0831524739971144e-05
2017,July,Imperial (SS),MDV,Gas,RUNEX,NCAT,PM,0.0001833410122090496
2017,July,Imperial (SS),MDV,Gas,RUNEX,NCAT,TOG,0.024343796494147335
2017,July,Imperial (SS),MDV,Gas,RUNEX,NCAT,PM10,0.0001750093008510305
2017,July,Imperial (SS),MDV,Gas,RUNEX,NCAT,PM2_5,0.00016644857194529137
2017,July,Imperial (SS),MDV,Gas,STREX,CAT,CO,0.5206218332667265
2017,July,Imperial (SS),MDV,Gas,STREX,CAT,NOx,0.07853256436391878
2017,July,Imperial (SS),MDV,Gas,STREX,CAT,SOx,0.00013318358790104088
2017,July,Imperial (SS),MDV,Gas,STREX,CAT,PM,0.0003731197138131256
2017,July,Imperial (SS),MDV,Gas,STREX,CAT,TOG,0.0847373672628252
2017,July,Imperial (SS),MDV,Gas,STREX,CAT,PM10,0.00033377845384193307
2017,July,Imperial (SS),MDV,Gas,STREX,CAT,PM2_5,0.00030700135730416406
2017,July,Imperial (SS),MDV,Gas,STREX,NCAT,CO,0.036187683254528154
2017,July,Imperial (SS),MDV,Gas,STREX,NCAT,NOx,0.00116882205024786
2017,July,Imperial (SS),MDV,Gas,STREX,NCAT,SOx,1.7398863669262961e-06
2017,July,Imperial (SS),MDV,Gas,STREX,NCAT,PM,3.0827447955086404e-05
2017,July,Imperial (SS),MDV,Gas,STREX,NCAT,TOG,0.0029541534510125755
2017,July,Imperial (SS),MDV,Gas,STREX,NCAT,PM10,2.9415747791838805e-05
2017,July,Imperial (SS),MDV,Gas,STREX,NCAT,PM2_5,2.7971817225039204e-05
2017,July,Imperial (SS),MDV,Gas,HOTSOAK,CAT,TOG,0.049160622262053325
2017,July,Imperial (SS),MDV,Gas,HOTSOAK,NCAT,TOG,0.002402834233699246
2017,July,Imperial (SS),MDV,Gas,RUNLOSS,CAT,TOG,0.12541915748633647
2017,July,Imperial (SS),MDV,Gas,RUNLOSS,NCAT,TOG,0.0032587290093872914
2017,July,Imperial (SS),MDV,Gas,RESTLOSS,CAT,TOG,0.04953297697171411
2017,July,Imperial (SS),MDV,Gas,RESTLOSS,NCAT,TOG,0.0039556857702941406
2017,July,Imperial (SS),MDV,Gas,DIURN,CAT,TOG,0.08420520366701055
2017,July,Imperial (SS),MDV,Gas,DIURN,NCAT,TOG,0.007515370647094664
2017,July,Imperial (SS),MDV,Gas,PMTW,CAT,PM,0.008913470773681964
2017,July,Imperial (SS),MDV,Gas,PMTW,CAT,PM10,0.008913470773681964
2017,July,Imperial (SS),MDV,Gas,PMTW,CAT,PM2_5,0.002228367693420491
2017,July,Imperial (SS),MDV,Gas,PMTW,NCAT,PM,2.423024521840514e-05
2017,July,Imperial (SS),MDV,Gas,PMTW,NCAT,PM10,2.423024521840514e-05
2017,July,Imperial (SS),MDV,Gas,PMTW,NCAT,PM2_5,6.057561304601285e-06
2017,July,Imperial (SS),MDV,Gas,PMBW,CAT,PM,0.04178189425163417
2017,July,Imperial (SS),MDV,Gas,PMBW,CAT,PM10,0.04094625636660152
2017,July,Imperial (SS),MDV,Gas,PMBW,CAT,PM2_5,0.017548395585686355
2017,July,Imperial (SS),MDV,Gas,PMBW,NCAT,PM,0.00011357927446127417
2017,July,Imperial (SS),MDV,Gas,PMBW,NCAT,PM10,0.00011130768897204868
2017,July,Imperial (SS),MDV,Gas,PMBW,NCAT,PM2_5,4.770329527373513e-05
2017,July,Imperial (SS),LHD1,Gas,RUNEX,CAT,CO,0.17573789751378588
2017,July,Imperial (SS),LHD1,Gas,RUNEX,CAT,NOx,0.02805308169916297
2017,July,Imperial (SS),LHD1,Gas,RUNEX,CAT,SOx,0.0006480968938303251
2017,July,Imperial (SS),LHD1,Gas,RUNEX,CAT,PM,0.000135029340179255
2017,July,Imperial (SS),LHD1,Gas,RUNEX,CAT,TOG,0.008976133686099518
2017,July,Imperial (SS),LHD1,Gas,RUNEX,CAT,PM10,0.00012071623012025411
2017,July,Imperial (SS),LHD1,Gas,RUNEX,CAT,PM2_5,0.00011099411762734775
2017,July,Imperial (SS),LHD1,Gas,RUNEX,NCAT,CO,0.05928010258245174
2017,July,Imperial (SS),LHD1,Gas,RUNEX,NCAT,NOx,0.0012615160888586041
2017,July,Imperial (SS),LHD1,Gas,RUNEX,NCAT,SOx,4.208148692832628e-06
2017,July,Imperial (SS),LHD1,Gas,RUNEX,NCAT,PM,1.5007340077167907e-05
2017,July,Imperial (SS),LHD1,Gas,RUNEX,NCAT,TOG,0.0017561940311065464
2017,July,Imperial (SS),LHD1,Gas,RUNEX,NCAT,PM10,1.4422053814158365e-05
2017,July,Imperial (SS),LHD1,Gas,RUNEX,NCAT,PM2_5,1.3761730850762973e-05
2017,July,Imperial (SS),LHD1,Gas,IDLEX,CAT,CO,0.008329375248172082
2017,July,Imperial (SS),LHD1,Gas,IDLEX,CAT,NOx,9.326104286079337e-05
2017,July,Imperial (SS),LHD1,Gas,IDLEX,CAT,SOx,2.767161712872258e-06
2017,July,Imperial (SS),LHD1,Gas,IDLEX,CAT,TOG,0.0015544188030516145
2017,July,Imperial (SS),LHD1,Gas,IDLEX,NCAT,CO,8.806571994375386e-05
2017,July,Imperial (SS),LHD1,Gas,IDLEX,NCAT,NOx,9.958662200305304e-07
2017,July,Imperial (SS),LHD1,Gas,IDLEX,NCAT,SOx,3.244970596322177e-08
2017,July,Imperial (SS),LHD1,Gas,IDLEX,NCAT,TOG,1.5829081273040652e-05
2017,July,Imperial (SS),LHD1,Gas,STREX,CAT,CO,0.0686054749207978
2017,July,Imperial (SS),LHD1,Gas,STREX,CAT,NOx,0.018208431526006263
2017,July,Imperial (SS),LHD1,Gas,STREX,CAT,SOx,6.46872616569068e-06
2017,July,Imperial (SS),LHD1,Gas,STREX,CAT,PM,2.217654322561051e-05
2017,July,Imperial (SS),LHD1,Gas,STREX,CAT,TOG,0.006136987493201518
2017,July,Imperial (SS),LHD1,Gas,STREX,CAT,PM10,1.9825829643695836e-05
2017,July,Imperial (SS),LHD1,Gas,STREX,CAT,PM2_5,1.822911853145183e-05
2017,July,Imperial (SS),LHD1,Gas,STREX,NCAT,CO,4.614679041012963e-05
2017,July,Imperial (SS),LHD1,Gas,STREX,NCAT,NOx,0.00013737403061228026
2017,July,Imperial (SS),LHD1,Gas,STREX,NCAT,SOx,2.6315319447306654e-07
2017,July,Imperial (SS),LHD1,Gas,STREX,NCAT,PM,6.00712026509913e-06
2017,July,Imperial (SS),LHD1,Gas,STREX,NCAT,TOG,0.0008800774755299117
2017,July,Imperial (SS),LHD1,Gas,STREX,NCAT,PM10,5.772842574760265e-06
2017,July,Imperial (SS),LHD1,Gas,STREX,NCAT,PM2_5,5.508529283095906e-06
2017,July,Imperial (SS),LHD1,Gas,HOTSOAK,CAT,TOG,0.01179085104825857
2017,July,Imperial (SS),LHD1,Gas,HOTSOAK,NCAT,TOG,0.0009109138885397951
2017,July,Imperial (SS),LHD1,Gas,RUNLOSS,CAT,TOG,0.06324497625531897
2017,July,Imperial (SS),LHD1,Gas,RUNLOSS,NCAT,TOG,0.0017181909393302118
2017,July,Imperial (SS),LHD1,Gas,RESTLOSS,CAT,TOG,0.0003408753899591065
2017,July,Imperial (SS),LHD1,Gas,RESTLOSS,NCAT,TOG,2.3516614670563624e-05
2017,July,Imperial (SS),LHD1,Gas,DIURN,CAT,TOG,0.0009723428050769441
2017,July,Imperial (SS),LHD1,Gas,DIURN,NCAT,TOG,6.998595458687405e-05
2017,July,Imperial (SS),LHD1,Gas,PMTW,CAT,PM,0.0006239429221618037
2017,July,Imperial (SS),LHD1,Gas,PMTW,CAT,PM10,0.0006239429221618037
2017,July,Imperial (SS),LHD1,Gas,PMTW,CAT,PM2_5,0.00015598573054045092
2017,July,Imperial (SS),LHD1,Gas,PMTW,NCAT,PM,3.090338401041335e-06
2017,July,Imperial (SS),LHD1,Gas,PMTW,NCAT,PM10,3.090338401041335e-06
2017,July,Imperial (SS),LHD1,Gas,PMTW,NCAT,PM2_5,7.725846002603337e-07
2017,July,Imperial (SS),LHD1,Gas,PMBW,CAT,PM,0.006083443491077584
2017,July,Imperial (SS),LHD1,Gas,PMBW,CAT,PM10,0.005961774621256025
2017,July,Imperial (SS),LHD1,Gas,PMBW,CAT,PM2_5,0.0025550462662525886
2017,July,Imperial (SS),LHD1,Gas,PMBW,NCAT,PM,3.0130799410152998e-05
2017,July,Imperial (SS),LHD1,Gas,PMBW,NCAT,PM10,2.9528183421949954e-05
2017,July,Imperial (SS),LHD1,Gas,PMBW,NCAT,PM2_5,1.2654935752264255e-05
2017,July,Imperial (SS),LHD2,Gas,RUNEX,CAT,CO,0.01334065312509296
2017,July,Imperial (SS),LHD2,Gas,RUNEX,CAT,NOx,0.0035143667344135726
2017,July,Imperial (SS),LHD2,Gas,RUNEX,CAT,SOx,0.0001188767693311269
2017,July,Imperial (SS),LHD2,Gas,RUNEX,CAT,PM,1.5834804738825014e-05
2017,July,Imperial (SS),LHD2,Gas,RUNEX,CAT,TOG,0.0007344688716362186
2017,July,Imperial (SS),LHD2,Gas,RUNEX,CAT,PM10,1.4156315436509544e-05
2017,July,Imperial (SS),LHD2,Gas,RUNEX,CAT,PM2_5,1.3016209495314146e-05
2017,July,Imperial (SS),LHD2,Gas,IDLEX,CAT,CO,0.001327735165830546
2017,July,Imperial (SS),LHD2,Gas,IDLEX,CAT,NOx,1.4891311367565424e-05
2017,July,Imperial (SS),LHD2,Gas,IDLEX,CAT,SOx,5.059583955416223e-07
2017,July,Imperial (SS),LHD2,Gas,IDLEX,CAT,TOG,0.00024872251480210784
2017,July,Imperial (SS),LHD2,Gas,STREX,CAT,CO,0.009972477472058865
2017,July,Imperial (SS),LHD2,Gas,STREX,CAT,NOx,0.0029070479589698357
2017,July,Imperial (SS),LHD2,Gas,STREX,CAT,SOx,1.1546026347146639e-06
2017,July,Imperial (SS),LHD2,Gas,STREX,CAT,PM,2.5211580991602915e-06
2017,July,Imperial (SS),LHD2,Gas,STREX,CAT,TOG,0.0009066569058799396
2017,July,Imperial (SS),LHD2,Gas,STREX,CAT,PM10,2.253915340649306e-06
2017,July,Imperial (SS),LHD2,Gas,STREX,CAT,PM2_5,2.0723919575097624e-06
2017,July,Imperial (SS),LHD2,Gas,HOTSOAK,CAT,TOG,0.0014280339068220098
2017,July,Imperial (SS),LHD2,Gas,RUNLOSS,CAT,TOG,0.006839625068188177
2017,July,Imperial (SS),LHD2,Gas,RESTLOSS,CAT,TOG,4.148138429376795e-05
2017,July,Imperial (SS),LHD2,Gas,DIURN,CAT,TOG,0.00011362502642911429
2017,July,Imperial (SS),LHD2,Gas,PMTW,CAT,PM,9.997286581614363e-05
2017,July,Imperial (SS),LHD2,Gas,PMTW,CAT,PM10,9.997286581614363e-05
2017,July,Imperial (SS),LHD2,Gas,PMTW,CAT,PM2_5,2.4993216454035908e-05
2017,July,Imperial (SS),LHD2,Gas,PMBW,CAT,PM,0.0011371913486586342
2017,July,Imperial (SS),LHD2,Gas,PMBW,CAT,PM10,0.0011144475216854613
2017,July,Imperial (SS),LHD2,Gas,PMBW,CAT,PM2_5,0.00047762036643662605
2017,July,Imperial (SS),T6TS,Gas,RUNEX,CAT,CO,0.14372751346188525
2017,July,Imperial (SS),T6TS,Gas,RUNEX,CAT,NOx,0.026767489039160926
2017,July,Imperial (SS),T6TS,Gas,RUNEX,CAT,SOx,0.000390201014691539
2017,July,Imperial (SS),T6TS,Gas,RUNEX,CAT,PM,4.387983631600065e-05
2017,July,Imperial (SS),T6TS,Gas,RUNEX,CAT,TOG,0.007889663645762308
2017,July,Imperial (SS),T6TS,Gas,RUNEX,CAT,PM10,3.922857366650464e-05
2017,July,Imperial (SS),T6TS,Gas,RUNEX,CAT,PM2_5,3.6069225451752546e-05
2017,July,Imperial (SS),T6TS,Gas,RUNEX,NCAT,CO,0.05973973059323801
2017,July,Imperial (SS),T6TS,Gas,RUNEX,NCAT,NOx,0.0011286983962895693
2017,July,Imperial (SS),T6TS,Gas,RUNEX,NCAT,SOx,5.6706172610741495e-06
2017,July,Imperial (SS),T6TS,Gas,RUNEX,NCAT,PM,1.03029688690907e-05
2017,July,Imperial (SS),T6TS,Gas,RUNEX,NCAT,TOG,0.0017084942360325226
2017,July,Imperial (SS),T6TS,Gas,RUNEX,NCAT,PM10,9.901153083196158e-06
2017,July,Imperial (SS),T6TS,Gas,RUNEX,NCAT,PM2_5,9.447822452956162e-06
2017,July,Imperial (SS),T6TS,Gas,IDLEX,CAT,CO,0.004356888392996376
2017,July,Imperial (SS),T6TS,Gas,IDLEX,CAT,NOx,3.858363232010592e-05
2017,July,Imperial (SS),T6TS,Gas,IDLEX,CAT,SOx,2.504404851029257e-06
2017,July,Imperial (SS),T6TS,Gas,IDLEX,CAT,TOG,0.0005688408815386498
2017,July,Imperial (SS),T6TS,Gas,IDLEX,NCAT,CO,0.00020198796859597826
2017,July,Imperial (SS),T6TS,Gas,IDLEX,NCAT,NOx,1.7943995127495029e-06
2017,July,Imperial (SS),T6TS,Gas,IDLEX,NCAT,SOx,1.26877263990086e-07
2017,July,Imperial (SS),T6TS,Gas,IDLEX,NCAT,TOG,2.5407973347891926e-05
2017,July,Imperial (SS),T6TS,Gas,STREX,CAT,CO,0.054400288330567176
2017,July,Imperial (SS),T6TS,Gas,STREX,CAT,NOx,0.0033132573323374583
2017,July,Imperial (SS),T6TS,Gas,STREX,CAT,SOx,3.672473879689982e-06
2017,July,Imperial (SS),T6TS,Gas,STREX,CAT,PM,8.398613008689626e-06
2017,July,Imperial (SS),T6TS,Gas,STREX,CAT,TOG,0.0025764289934182287
2017,July,Imperial (SS),T6TS,Gas,STREX,CAT,PM10,7.508360029768534e-06
2017,July,Imperial (SS),T6TS,Gas,STREX,CAT,PM2_5,6.903659893142879e-06
2017,July,Imperial (SS),T6TS,Gas,STREX,NCAT,CO,7.841644681577678e-05
2017,July,Imperial (SS),T6TS,Gas,STREX,NCAT,NOx,0.00022800592678564216
2017,July,Imperial (SS),T6TS,Gas,STREX,NCAT,SOx,6.000887914692054e-07
2017,July,Imperial (SS),T6TS,Gas,STREX,NCAT,PM,6.633489987578227e-06
2017,July,Imperial (SS),T6TS,Gas,STREX,NCAT,TOG,0.0014496118115579454
2017,July,Imperial (SS),T6TS,Gas,STREX,NCAT,PM10,6.374783878062676e-06
2017,July,Imperial (SS),T6TS,Gas,STREX,NCAT,PM2_5,6.082910318609237e-06
2017,July,Imperial (SS),T6TS,Gas,HOTSOAK,CAT,TOG,0.0031558589975064803
2017,July,Imperial (SS),T6TS,Gas,HOTSOAK,NCAT,TOG,0.0010838063815573618
2017,July,Imperial (SS),T6TS,Gas,RUNLOSS,CAT,TOG,0.014112525736679336
2017,July,Imperial (SS),T6TS,Gas,RUNLOSS,NCAT,TOG,0.001942585303004238
2017,July,Imperial (SS),T6TS,Gas,RESTLOSS,CAT,TOG,9.042926690517701e-05
2017,July,Imperial (SS),T6TS,Gas,RESTLOSS,NCAT,TOG,2.0379660679368967e-05
2017,July,Imperial (SS),T6TS,Gas,DIURN,CAT,TOG,0.0002496084120518828
2017,July,Imperial (SS),T6TS,Gas,DIURN,NCAT,TOG,5.979635088223063e-05
2017,July,Imperial (SS),T6TS,Gas,PMTW,CAT,PM,0.00026899879128473923
2017,July,Imperial (SS),T6TS,Gas,PMTW,CAT,PM10,0.00026899879128473923
2017,July,Imperial (SS),T6TS,Gas,PMTW,CAT,PM2_5,6.724969782118481e-05
2017,July,Imperial (SS),T6TS,Gas,PMTW,NCAT,PM,3.190300486851213e-06
2017,July,Imperial (SS),T6TS,Gas,PMTW,NCAT,PM10,3.190300486851213e-06
2017,July,Imperial (SS),T6TS,Gas,PMTW,NCAT,PM2_5,7.975751217128033e-07
2017,July,Imperial (SS),T6TS,Gas,PMBW,CAT,PM,0.0029814032700725256
2017,July,Imperial (SS),T6TS,Gas,PMBW,CAT,PM10,0.0029217752046710806
2017,July,Imperial (SS),T6TS,Gas,PMBW,CAT,PM2_5,0.0012521893734304616
2017,July,Imperial (SS),T6TS,Gas,PMBW,NCAT,PM,3.53591637292676e-05
2017,July,Imperial (SS),T6TS,Gas,PMBW,NCAT,PM10,3.465198045468225e-05
2017,July,Imperial (SS),T6TS,Gas,PMBW,NCAT,PM2_5,1.4850848766292393e-05
2017,July,Imperial (SS),T7IS,Gas,RUNEX,CAT,CO,0.03358838918635656
2017,July,Imperial (SS),T7IS,Gas,RUNEX,CAT,NOx,0.0038502610016377748
2017,July,Imperial (SS),T7IS,Gas,RUNEX,CAT,SOx,4.205459860350685e-06
2017,July,Imperial (SS),T7IS,Gas,RUNEX,CAT,PM,1.6583725418564408e-06
2017,July,Imperial (SS),T7IS,Gas,RUNEX,CAT,TOG,0.0009125439474873502
2017,July,Imperial (SS),T7IS,Gas,RUNEX,CAT,PM10,1.4825850524196589e-06
2017,July,Imperial (SS),T7IS,Gas,RUNEX,CAT,PM2_5,1.3631822294059957e-06
2017,July,Imperial (SS),T7IS,Gas,RUNEX,NCAT,CO,0.0523553506480911
2017,July,Imperial (SS),T7IS,Gas,RUNEX,NCAT,NOx,0.0009577139815169866
2017,July,Imperial (SS),T7IS,Gas,RUNEX,NCAT,SOx,2.538087483533849e-06
2017,July,Imperial (SS),T7IS,Gas,RUNEX,NCAT,PM,2.9737606915857144e-06
2017,July,Imperial (SS),T7IS,Gas,RUNEX,NCAT,TOG,0.0010192653274738825
2017,July,Imperial (SS),T7IS,Gas,RUNEX,NCAT,PM10,2.8577840246138736e-06
2017,July,Imperial (SS),T7IS,Gas,RUNEX,NCAT,PM2_5,2.7269385541841005e-06
2017,July,Imperial (SS),T7IS,Gas,STREX,CAT,CO,0.0003180832259931996
2017,July,Imperial (SS),T7IS,Gas,STREX,CAT,NOx,2.2402418257127893e-05
2017,July,Imperial (SS),T7IS,Gas,STREX,CAT,SOx,5.415556028305199e-08
2017,July,Imperial (SS),T7IS,Gas,STREX,CAT,PM,3.375561906139433e-07
2017,July,Imperial (SS),T7IS,Gas,STREX,CAT,TOG,4.803283304865509e-08
2017,July,Imperial (SS),T7IS,Gas,STREX,CAT,PM10,3.0177523440886547e-07
2017,July,Imperial (SS),T7IS,Gas,STREX,CAT,PM2_5,2.7747118868466147e-07
2017,July,Imperial (SS),T7IS,Gas,STREX,NCAT,CO,0.0
2017,July,Imperial (SS),T7IS,Gas,STREX,NCAT,NOx,0.0
2017,July,Imperial (SS),T7IS,Gas,STREX,NCAT,SOx,1.2265828564365087e-07
2017,July,Imperial (SS),T7IS,Gas,STREX,NCAT,PM,1.1512458545787547e-06
2017,July,Imperial (SS),T7IS,Gas,STREX,NCAT,TOG,0.0
2017,July,Imperial (SS),T7IS,Gas,STREX,NCAT,PM10,1.106347266250183e-06
2017,July,Imperial (SS),T7IS,Gas,STREX,NCAT,PM2_5,1.055692448648718e-06
2017,July,Imperial (SS),T7IS,Gas,HOTSOAK,CAT,TOG,0.00010651169785989122
2017,July,Imperial (SS),T7IS,Gas,HOTSOAK,NCAT,TOG,0.00018814180918433235
2017,July,Imperial (SS),T7IS,Gas,RUNLOSS,CAT,TOG,0.0005965066878260616
2017,July,Imperial (SS),T7IS,Gas,RUNLOSS,NCAT,TOG,0.0004470200129521704
2017,July,Imperial (SS),T7IS,Gas,RESTLOSS,CAT,TOG,3.427671081745015e-06
2017,July,Imperial (SS),T7IS,Gas,RESTLOSS,NCAT,TOG,3.547777589655278e-06
2017,July,Imperial (SS),T7IS,Gas,DIURN,CAT,TOG,8.601925459527917e-06
2017,July,Imperial (SS),T7IS,Gas,DIURN,NCAT,TOG,1.0401194884398574e-05
2017,July,Imperial (SS),T7IS,Gas,PMTW,CAT,PM,3.271523661580496e-06
2017,July,Imperial (SS),T7IS,Gas,PMTW,CAT,PM10,3.271523661580496e-06
2017,July,Imperial (SS),T7IS,Gas,PMTW,CAT,PM2_5,8.17880915395124e-07
2017,July,Imperial (SS),T7IS,Gas,PMTW,NCAT,PM,1.4813736916943007e-06
2017,July,Imperial (SS),T7IS,Gas,PMTW,NCAT,PM10,1.4813736916943007e-06
2017,July,Imperial (SS),T7IS,Gas,PMTW,NCAT,PM2_5,3.703434229235752e-07
2017,July,Imperial (SS),T7IS,Gas,PMBW,CAT,PM,1.0305299533978565e-05
2017,July,Imperial (SS),T7IS,Gas,PMBW,CAT,PM10,1.0099193543298995e-05
2017,July,Imperial (SS),T7IS,Gas,PMBW,CAT,PM2_5,4.3282258042709975e-06
2017,July,Imperial (SS),T7IS,Gas,PMBW,NCAT,PM,4.66632712883705e-06
2017,July,Imperial (SS),T7IS,Gas,PMBW,NCAT,PM10,4.57300058626031e-06
2017,July,Imperial (SS),T7IS,Gas,PMBW,NCAT,PM2_5,1.9598573941115613e-06
2017,July,Imperial (SS),LDT1,Dsl,RUNEX,DSL,CO,0.0005291373794629469
2017,July,Imperial (SS),LDT1,Dsl,RUNEX,DSL,NOx,0.0004116842405005386
2017,July,Imperial (SS),LDT1,Dsl,RUNEX,DSL,SOx,1.1825495500166949e-06
2017,July,Imperial (SS),LDT1,Dsl,RUNEX,DSL,PM,6.60933863810238e-05
2017,July,Imperial (SS),LDT1,Dsl,RUNEX,DSL,TOG,9.017739588768711e-05
2017,July,Imperial (SS),LDT1,Dsl,RUNEX,DSL,PM10,6.569682606273765e-05
2017,July,Imperial (SS),LDT1,Dsl,RUNEX,DSL,PM2_5,6.28548104483536e-05
2017,July,Imperial (SS),LDT1,Dsl,PMTW,DSL,PM,2.290931594502396e-06
2017,July,Imperial (SS),LDT1,Dsl,PMTW,DSL,PM10,2.290931594502396e-06
2017,July,Imperial (SS),LDT1,Dsl,PMTW,DSL,PM2_5,5.72732898625599e-07
2017,July,Imperial (SS),LDT1,Dsl,PMBW,DSL,PM,1.073874184922998e-05
2017,July,Imperial (SS),LDT1,Dsl,PMBW,DSL,PM10,1.0523967012245377e-05
2017,July,Imperial (SS),LDT1,Dsl,PMBW,DSL,PM2_5,4.5102715766765905e-06
2017,July,Imperial (SS),LDT2,Dsl,RUNEX,DSL,CO,0.0006977294651552176
2017,July,Imperial (SS),LDT2,Dsl,RUNEX,DSL,NOx,0.0005388304869571591
2017,July,Imperial (SS),LDT2,Dsl,RUNEX,DSL,SOx,1.1531277840572098e-05
2017,July,Imperial (SS),LDT2,Dsl,RUNEX,DSL,PM,8.5229230987358e-05
2017,July,Imperial (SS),LDT2,Dsl,RUNEX,DSL,TOG,0.00014829358191854208
2017,July,Imperial (SS),LDT2,Dsl,RUNEX,DSL,PM10,8.471785560143385e-05
2017,July,Imperial (SS),LDT2,Dsl,RUNEX,DSL,PM2_5,8.105299866897755e-05
2017,July,Imperial (SS),LDT2,Dsl,PMTW,DSL,PM,2.9809904284356636e-05
2017,July,Imperial (SS),LDT2,Dsl,PMTW,DSL,PM10,2.9809904284356636e-05
2017,July,Imperial (SS),LDT2,Dsl,PMTW,DSL,PM2_5,7.452476071089159e-06
2017,July,Imperial (SS),LDT2,Dsl,PMBW,DSL,PM,0.00013973392633292173
2017,July,Imperial (SS),LDT2,Dsl,PMBW,DSL,PM10,0.00013693924780626334
2017,July,Imperial (SS),LDT2,Dsl,PMBW,DSL,PM2_5,5.868824905982715e-05
2017,July,Imperial (SS),MDV,Dsl,RUNEX,DSL,CO,0.003573857053895008
2017,July,Imperial (SS),MDV,Dsl,RUNEX,DSL,NOx,0.002115450873414447
2017,July,Imperial (SS),MDV,Dsl,RUNEX,DSL,SOx,7.443984613305465e-05
2017,July,Imperial (SS),MDV,Dsl,RUNEX,DSL,PM,0.0001845905879319177
2017,July,Imperial (SS),MDV,Dsl,RUNEX,DSL,TOG,0.00031870196289541424
2017,July,Imperial (SS),MDV,Dsl,RUNEX,DSL,PM10,0.00018348304440432615
2017,July,Imperial (SS),MDV,Dsl,RUNEX,DSL,PM2_5,0.0001755456491232538
2017,July,Imperial (SS),MDV,Dsl,PMTW,DSL,PM,0.00014749734014912183
2017,July,Imperial (SS),MDV,Dsl,PMTW,DSL,PM10,0.00014749734014912183
2017,July,Imperial (SS),MDV,Dsl,PMTW,DSL,PM2_5,3.687433503728046e-05
2017,July,Imperial (SS),MDV,Dsl,PMBW,DSL,PM,0.0006913937819490084
2017,July,Imperial (SS),MDV,Dsl,PMBW,DSL,PM10,0.0006775659063100279
2017,July,Imperial (SS),MDV,Dsl,PMBW,DSL,PM2_5,0.0002903853884185834
2017,July,Imperial (SS),LHD1,Dsl,RUNEX,DSL,CO,0.07123044119683011
2017,July,Imperial (SS),LHD1,Dsl,RUNEX,DSL,NOx,0.31667766375095824
2017,July,Imperial (SS),LHD1,Dsl,RUNEX,DSL,SOx,0.0003646653272878329
2017,July,Imperial (SS),LHD1,Dsl,RUNEX,DSL,PM,0.002167083056958817
2017,July,Imperial (SS),LHD1,Dsl,RUNEX,DSL,TOG,0.01087964432156702
2017,July,Imperial (SS),LHD1,Dsl,RUNEX,DSL,PM10,0.0021540805586170654
2017,July,Imperial (SS),LHD1,Dsl,RUNEX,DSL,PM2_5,0.002060895987167838
2017,July,Imperial (SS),LHD1,Dsl,IDLEX,DSL,CO,0.0018193904282686702
2017,July,Imperial (SS),LHD1,Dsl,IDLEX,DSL,NOx,0.005108479223563261
2017,July,Imperial (SS),LHD1,Dsl,IDLEX,DSL,SOx,2.681076497431495e-06
2017,July,Imperial (SS),LHD1,Dsl,IDLEX,DSL,PM,5.772550259808498e-05
2017,July,Imperial (SS),LHD1,Dsl,IDLEX,DSL,TOG,0.00024989455650561944
2017,July,Imperial (SS),LHD1,Dsl,IDLEX,DSL,PM10,5.737914958249644e-05
2017,July,Imperial (SS),LHD1,Dsl,IDLEX,DSL,PM2_5,5.4896952970778865e-05
2017,July,Imperial (SS),LHD1,Dsl,PMTW,DSL,PM,0.0009098397560956834
2017,July,Imperial (SS),LHD1,Dsl,PMTW,DSL,PM10,0.0009098397560956834
2017,July,Imperial (SS),LHD1,Dsl,PMTW,DSL,PM2_5,0.00022745993902392085
2017,July,Imperial (SS),LHD1,Dsl,PMBW,DSL,PM,0.005913958414621948
2017,July,Imperial (SS),LHD1,Dsl,PMBW,DSL,PM10,0.005795679246329498
2017,July,Imperial (SS),LHD1,Dsl,PMBW,DSL,PM2_5,0.0024838625341412164
2017,July,Imperial (SS),LHD2,Dsl,RUNEX,DSL,CO,0.01627223436444624
2017,July,Imperial (SS),LHD2,Dsl,RUNEX,DSL,NOx,0.07015261716966213
2017,July,Imperial (SS),LHD2,Dsl,RUNEX,DSL,SOx,0.00011972946600355933
2017,July,Imperial (SS),LHD2,Dsl,RUNEX,DSL,PM,0.0005265098604468835
2017,July,Imperial (SS),LHD2,Dsl,RUNEX,DSL,TOG,0.0025271183866342056
2017,July,Imperial (SS),LHD2,Dsl,RUNEX,DSL,PM10,0.0005233508012842026
2017,July,Imperial (SS),LHD2,Dsl,RUNEX,DSL,PM2_5,0.0005007108772849874
2017,July,Imperial (SS),LHD2,Dsl,IDLEX,DSL,CO,0.000530329759639301
2017,July,Imperial (SS),LHD2,Dsl,IDLEX,DSL,NOx,0.0014897679786010796
2017,July,Imperial (SS),LHD2,Dsl,IDLEX,DSL,SOx,1.2514556107192285e-06
2017,July,Imperial (SS),LHD2,Dsl,IDLEX,DSL,PM,1.6252703585380027e-05
2017,July,Imperial (SS),LHD2,Dsl,IDLEX,DSL,TOG,7.284116593539896e-05
2017,July,Imperial (SS),LHD2,Dsl,IDLEX,DSL,PM10,1.6155187363867765e-05
2017,July,Imperial (SS),LHD2,Dsl,IDLEX,DSL,PM2_5,1.545632110969642e-05
2017,July,Imperial (SS),LHD2,Dsl,PMTW,DSL,PM,0.00027726085185725394
2017,July,Imperial (SS),LHD2,Dsl,PMTW,DSL,PM10,0.00027726085185725394
2017,July,Imperial (SS),LHD2,Dsl,PMTW,DSL,PM2_5,6.931521296431348e-05
2017,July,Imperial (SS),LHD2,Dsl,PMBW,DSL,PM,0.0021025614599175096
2017,July,Imperial (SS),LHD2,Dsl,PMBW,DSL,PM10,0.0020605102307191597
2017,July,Imperial (SS),LHD2,Dsl,PMBW,DSL,PM2_5,0.0008830758131653533
2017,July,Imperial (SS),LDT1,Elec,HOTSOAK,CAT,TOG,4.097852655309622e-08
2017,July,Imperial (SS),LDT1,Elec,RESTLOSS,CAT,TOG,1.1246287296094724e-07
2017,July,Imperial (SS),LDT1,Elec,DIURN,CAT,TOG,1.9402359656781437e-07
2017,July,Imperial (SS),LDT1,Elec,PMTW,CAT,PM,5.100101974113544e-07
2017,July,Imperial (SS),LDT1,Elec,PMTW,CAT,PM10,5.100101974113544e-07
2017,July,Imperial (SS),LDT1,Elec,PMTW,CAT,PM2_5,1.275025493528386e-07
2017,July,Imperial (SS),LDT1,Elec,PMBW,CAT,PM,2.3906728003657237e-06
2017,July,Imperial (SS),LDT1,Elec,PMBW,CAT,PM10,2.342859344358409e-06
2017,July,Imperial (SS),LDT1,Elec,PMBW,CAT,PM2_5,1.0040825761536039e-06
2017,July,Imperial (SS),LDT2,Elec,HOTSOAK,CAT,TOG,1.1700022533555235e-06
2017,July,Imperial (SS),LDT2,Elec,RESTLOSS,CAT,TOG,3.2239041639313328e-06
2017,July,Imperial (SS),LDT2,Elec,DIURN,CAT,TOG,5.5619553760921565e-06
2017,July,Imperial (SS),LDT2,Elec,PMTW,CAT,PM,1.3635691203395148e-05
2017,July,Imperial (SS),LDT2,Elec,PMTW,CAT,PM10,1.3635691203395148e-05
2017,July,Imperial (SS),LDT2,Elec,PMTW,CAT,PM2_5,3.408922800848787e-06
2017,July,Imperial (SS),LDT2,Elec,PMBW,CAT,PM,6.391730251591478e-05
2017,July,Imperial (SS),LDT2,Elec,PMBW,CAT,PM10,6.263895646559647e-05
2017,July,Imperial (SS),LDT2,Elec,PMBW,CAT,PM2_5,2.68452670566842e-05
2017,July,Imperial (SS),MDV,Elec,HOTSOAK,CAT,TOG,1.057682646923138e-07
2017,July,Imperial (SS),MDV,Elec,RESTLOSS,CAT,TOG,2.902740512150693e-07
2017,July,Imperial (SS),MDV,Elec,DIURN,CAT,TOG,5.007876281678738e-07
2017,July,Imperial (SS),MDV,Elec,PMTW,CAT,PM,1.2432006285778516e-06
2017,July,Imperial (SS),MDV,Elec,PMTW,CAT,PM10,1.2432006285778516e-06
2017,July,Imperial (SS),MDV,Elec,PMTW,CAT,PM2_5,3.108001571444629e-07
2017,July,Imperial (SS),MDV,Elec,PMBW,CAT,PM,5.82750294645868e-06
2017,July,Imperial (SS),MDV,Elec,PMBW,CAT,PM10,5.710952887529505e-06
2017,July,Imperial (SS),MDV,Elec,PMBW,CAT,PM2_5,2.4475512375126448e-06
2017,July,Imperial (SS),SBUS,Gas,RUNEX,CAT,CO,0.010000407655351488
2017,July,Imperial (SS),SBUS,Gas,RUNEX,CAT,NOx,0.0007108842040281723
2017,July,Imperial (SS),SBUS,Gas,RUNEX,CAT,SOx,1.2551662258797817e-05
2017,July,Imperial (SS),SBUS,Gas,RUNEX,CAT,PM,3.1151090159586857e-06
2017,July,Imperial (SS),SBUS,Gas,RUNEX,CAT,TOG,0.0005907887131038249
2017,July,Imperial (SS),SBUS,Gas,RUNEX,CAT,PM10,2.7849074602670646e-06
2017,July,Imperial (SS),SBUS,Gas,RUNEX,CAT,PM2_5,2.5606196111180385e-06
2017,July,Imperial (SS),SBUS,Gas,IDLEX,CAT,CO,0.0018409983448724203
2017,July,Imperial (SS),SBUS,Gas,IDLEX,CAT,NOx,2.074780886180198e-05
2017,July,Imperial (SS),SBUS,Gas,IDLEX,CAT,SOx,6.039233792098765e-07
2017,July,Imperial (SS),SBUS,Gas,IDLEX,CAT,TOG,0.00034639422226836705
2017,July,Imperial (SS),SBUS,Gas,STREX,CAT,CO,0.0005538875154516477
2017,July,Imperial (SS),SBUS,Gas,STREX,CAT,NOx,4.3036189580522524e-05
2017,July,Imperial (SS),SBUS,Gas,STREX,CAT,SOx,4.1504725544581445e-08
2017,July,Imperial (SS),SBUS,Gas,STREX,CAT,PM,6.657181724441e-08
2017,July,Imperial (SS),SBUS,Gas,STREX,CAT,TOG,3.300591350641175e-05
2017,July,Imperial (SS),SBUS,Gas,STREX,CAT,PM10,5.951520461650256e-08
2017,July,Imperial (SS),SBUS,Gas,STREX,CAT,PM2_5,5.4722033774905014e-08
2017,July,Imperial (SS),SBUS,Gas,HOTSOAK,CAT,TOG,1.809737316035818e-05
2017,July,Imperial (SS),SBUS,Gas,RUNLOSS,CAT,TOG,0.00016652433447342395
2017,July,Imperial (SS),SBUS,Gas,RESTLOSS,CAT,TOG,1.8686716808221312e-06
2017,July,Imperial (SS),SBUS,Gas,DIURN,CAT,TOG,7.457421242820656e-06
2017,July,Imperial (SS),SBUS,Gas,PMTW,CAT,PM,1.1063099229551023e-05
2017,July,Imperial (SS),SBUS,Gas,PMTW,CAT,PM10,1.1063099229551023e-05
2017,July,Imperial (SS),SBUS,Gas,PMTW,CAT,PM2_5,2.7657748073877556e-06
2017,July,Imperial (SS),SBUS,Gas,PMBW,CAT,PM,0.0010509944129784728
2017,July,Imperial (SS),SBUS,Gas,PMBW,CAT,PM10,0.0010299745247189037
2017,July,Imperial (SS),SBUS,Gas,PMBW,CAT,PM2_5,0.0004414176534509587
2017,July,Imperial (SS),OBUS,Gas,RUNEX,CAT,CO,0.0334888672248515
2017,July,Imperial (SS),OBUS,Gas,RUNEX,CAT,NOx,0.008844002692190923
2017,July,Imperial (SS),OBUS,Gas,RUNEX,CAT,SOx,0.00014948929551184944
2017,July,Imperial (SS),OBUS,Gas,RUNEX,CAT,PM,9.278826877651275e-06
2017,July,Imperial (SS),OBUS,Gas,RUNEX,CAT,TOG,0.0017022356688420116
2017,July,Imperial (SS),OBUS,Gas,RUNEX,CAT,PM10,8.295271228620238e-06
2017,July,Imperial (SS),OBUS,Gas,RUNEX,CAT,PM2_5,7.627195693429352e-06
2017,July,Imperial (SS),OBUS,Gas,IDLEX,CAT,CO,0.0008702233613861324
2017,July,Imperial (SS),OBUS,Gas,IDLEX,CAT,NOx,9.807832863017034e-06
2017,July,Imperial (SS),OBUS,Gas,IDLEX,CAT,SOx,5.917068942303717e-07
2017,July,Imperial (SS),OBUS,Gas,IDLEX,CAT,TOG,0.00016337548022409747
2017,July,Imperial (SS),OBUS,Gas,STREX,CAT,CO,0.01230973695940055
2017,July,Imperial (SS),OBUS,Gas,STREX,CAT,NOx,0.001027517997763956
2017,July,Imperial (SS),OBUS,Gas,STREX,CAT,SOx,8.626354315508347e-07
2017,July,Imperial (SS),OBUS,Gas,STREX,CAT,PM,1.4776092193248925e-06
2017,July,Imperial (SS),OBUS,Gas,STREX,CAT,TOG,0.0006645213784735542
2017,July,Imperial (SS),OBUS,Gas,STREX,CAT,PM10,1.3209826420764547e-06
2017,July,Imperial (SS),OBUS,Gas,STREX,CAT,PM2_5,1.2145947782850625e-06
2017,July,Imperial (SS),OBUS,Gas,HOTSOAK,CAT,TOG,0.00023896853510185778
2017,July,Imperial (SS),OBUS,Gas,RUNLOSS,CAT,TOG,0.003414917988162375
2017,July,Imperial (SS),OBUS,Gas,RESTLOSS,CAT,TOG,1.7820193102726445e-05
2017,July,Imperial (SS),OBUS,Gas,DIURN,CAT,TOG,6.492927333596743e-05
2017,July,Imperial (SS),OBUS,Gas,PMTW,CAT,PM,0.0001049688911697481
2017,July,Imperial (SS),OBUS,Gas,PMTW,CAT,PM10,0.0001049688911697481
2017,July,Imperial (SS),OBUS,Gas,PMTW,CAT,PM2_5,2.6242222792437026e-05
2017,July,Imperial (SS),OBUS,Gas,PMBW,CAT,PM,0.001163405210464708
2017,July,Imperial (SS),OBUS,Gas,PMBW,CAT,PM10,0.0011401371062554132
2017,July,Imperial (SS),OBUS,Gas,PMBW,CAT,PM2_5,0.0004886301883951773
2017,July,Imperial (SS),MCY,Gas,RUNEX,CAT,CO,0.27374710220871473
2017,July,Imperial (SS),MCY,Gas,RUNEX,CAT,NOx,0.015524655838143714
2017,July,Imperial (SS),MCY,Gas,RUNEX,CAT,SOx,3.9252024298996005e-05
2017,July,Imperial (SS),MCY,Gas,RUNEX,CAT,PM,2.5617532605302386e-05
2017,July,Imperial (SS),MCY,Gas,RUNEX,CAT,TOG,0.03974059038483315
2017,July,Imperial (SS),MCY,Gas,RUNEX,CAT,PM10,2.3599355614507756e-05
2017,July,Imperial (SS),MCY,Gas,RUNEX,CAT,PM2_5,2.2046294476333277e-05
2017,July,Imperial (SS),MCY,Gas,RUNEX,NCAT,CO,0.7514197653945744
2017,July,Imperial (SS),MCY,Gas,RUNEX,NCAT,NOx,0.019595769707312558
2017,July,Imperial (SS),MCY,Gas,RUNEX,NCAT,SOx,4.069412026250029e-05
2017,July,Imperial (SS),MCY,Gas,RUNEX,NCAT,PM,3.6978485988479126e-05
2017,July,Imperial (SS),MCY,Gas,RUNEX,NCAT,TOG,0.0625661238024321
2017,July,Imperial (SS),MCY,Gas,RUNEX,NCAT,PM10,3.483904356956102e-05
2017,July,Imperial (SS),MCY,Gas,RUNEX,NCAT,PM2_5,3.292058897666062e-05
2017,July,Imperial (SS),MCY,Gas,STREX,CAT,CO,0.016667405132297725
2017,July,Imperial (SS),MCY,Gas,STREX,CAT,NOx,0.0006910590743466793
2017,July,Imperial (SS),MCY,Gas,STREX,CAT,SOx,1.6299447870037687e-06
2017,July,Imperial (SS),MCY,Gas,STREX,CAT,PM,5.794218806553888e-06
2017,July,Imperial (SS),MCY,Gas,STREX,CAT,TOG,0.0044356890132777405
2017,July,Imperial (SS),MCY,Gas,STREX,CAT,PM10,5.360607646344964e-06
2017,July,Imperial (SS),MCY,Gas,STREX,CAT,PM2_5,5.018888503198486e-06
2017,July,Imperial (SS),MCY,Gas,STREX,NCAT,CO,0.04780128699447469
2017,July,Imperial (SS),MCY,Gas,STREX,NCAT,NOx,0.0011824443145877783
2017,July,Imperial (SS),MCY,Gas,STREX,NCAT,SOx,3.0404391639529214e-06
2017,July,Imperial (SS),MCY,Gas,STREX,NCAT,PM,2.0762411460627596e-05
2017,July,Imperial (SS),MCY,Gas,STREX,NCAT,TOG,0.009837670006918408
2017,July,Imperial (SS),MCY,Gas,STREX,NCAT,PM10,1.9772101380377302e-05
2017,July,Imperial (SS),MCY,Gas,STREX,NCAT,PM2_5,1.8783090665184287e-05
2017,July,Imperial (SS),MCY,Gas,HOTSOAK,CAT,TOG,0.0029027323371734227
2017,July,Imperial (SS),MCY,Gas,HOTSOAK,NCAT,TOG,0.011012202342934763
2017,July,Imperial (SS),MCY,Gas,RUNLOSS,CAT,TOG,0.003272845972664121
2017,July,Imperial (SS),MCY,Gas,RUNLOSS,NCAT,TOG,0.01612415474724175
2017,July,Imperial (SS),MCY,Gas,RESTLOSS,CAT,TOG,0.007204297969839956
2017,July,Imperial (SS),MCY,Gas,RESTLOSS,NCAT,TOG,0.01954306598363583
2017,July,Imperial (SS),MCY,Gas,DIURN,CAT,TOG,0.011838382850600168
2017,July,Imperial (SS),MCY,Gas,DIURN,NCAT,TOG,0.035936873277870596
2017,July,Imperial (SS),MCY,Gas,PMTW,CAT,PM,7.298779674451514e-05
2017,July,Imperial (SS),MCY,Gas,PMTW,CAT,PM10,7.298779674451514e-05
2017,July,Imperial (SS),MCY,Gas,PMTW,CAT,PM2_5,1.8246949186128785e-05
2017,July,Imperial (SS),MCY,Gas,PMTW,NCAT,PM,7.190517647768095e-05
2017,July,Imperial (SS),MCY,Gas,PMTW,NCAT,PM10,7.190517647768095e-05
2017,July,Imperial (SS),MCY,Gas,PMTW,NCAT,PM2_5,1.7976294119420237e-05
2017,July,Imperial (SS),MCY,Gas,PMBW,CAT,PM,0.00021896339023354562
2017,July,Imperial (SS),MCY,Gas,PMBW,CAT,PM10,0.0002145841224288746
2017,July,Imperial (SS),MCY,Gas,PMBW,CAT,PM2_5,9.196462389808913e-05
2017,July,Imperial (SS),MCY,Gas,PMBW,NCAT,PM,0.00021571552943304266
2017,July,Imperial (SS),MCY,Gas,PMBW,NCAT,PM10,0.0002114012188443821
2017,July,Imperial (SS),MCY,Gas,PMBW,NCAT,PM2_5,9.060052236187804e-05
2017,July,Imperial (SS),MH,Gas,RUNEX,CAT,CO,0.062097016514208146
2017,July,Imperial (SS),MH,Gas,RUNEX,CAT,NOx,0.007284288192631508
2017,July,Imperial (SS),MH,Gas,RUNEX,CAT,SOx,0.0001608990765195835
2017,July,Imperial (SS),MH,Gas,RUNEX,CAT,PM,2.3223987359377713e-05
2017,July,Imperial (SS),MH,Gas,RUNEX,CAT,TOG,0.002309061380837889
2017,July,Imperial (SS),MH,Gas,RUNEX,CAT,PM10,2.0762244699283685e-05
2017,July,Imperial (SS),MH,Gas,RUNEX,CAT,PM2_5,1.9090117609408457e-05
2017,July,Imperial (SS),MH,Gas,RUNEX,NCAT,CO,0.01106222158674629
2017,July,Imperial (SS),MH,Gas,RUNEX,NCAT,NOx,0.00020040119446879654
2017,July,Imperial (SS),MH,Gas,RUNEX,NCAT,SOx,1.0506511692753994e-06
2017,July,Imperial (SS),MH,Gas,RUNEX,NCAT,PM,1.90938459173927e-06
2017,July,Imperial (SS),MH,Gas,RUNEX,NCAT,TOG,0.00031296529768786764
2017,July,Imperial (SS),MH,Gas,RUNEX,NCAT,PM10,1.8349185926614392e-06
2017,July,Imperial (SS),MH,Gas,RUNEX,NCAT,PM2_5,1.750905670624911e-06
2017,July,Imperial (SS),MH,Gas,STREX,CAT,CO,0.00039469586626094386
2017,July,Imperial (SS),MH,Gas,STREX,CAT,NOx,3.1714452937271634e-05
2017,July,Imperial (SS),MH,Gas,STREX,CAT,SOx,3.019247714519502e-08
2017,July,Imperial (SS),MH,Gas,STREX,CAT,PM,7.053238893953915e-08
2017,July,Imperial (SS),MH,Gas,STREX,CAT,TOG,1.9746421329410885e-05
2017,July,Imperial (SS),MH,Gas,STREX,CAT,PM10,6.305595571194815e-08
2017,July,Imperial (SS),MH,Gas,STREX,CAT,PM2_5,5.7977623708301206e-08
2017,July,Imperial (SS),MH,Gas,STREX,NCAT,CO,1.8517082290627954e-07
2017,July,Imperial (SS),MH,Gas,STREX,NCAT,NOx,5.31373175586594e-07
2017,July,Imperial (SS),MH,Gas,STREX,NCAT,SOx,1.3378692710211966e-09
2017,July,Imperial (SS),MH,Gas,STREX,NCAT,PM,1.590687446469727e-08
2017,July,Imperial (SS),MH,Gas,STREX,NCAT,TOG,3.349854724482611e-06
2017,July,Imperial (SS),MH,Gas,STREX,NCAT,PM10,1.528650636057408e-08
2017,July,Imperial (SS),MH,Gas,STREX,NCAT,PM2_5,1.4586603884127391e-08
2017,July,Imperial (SS),MH,Gas,HOTSOAK,CAT,TOG,2.6612608375968762e-05
2017,July,Imperial (SS),MH,Gas,HOTSOAK,NCAT,TOG,8.912190603673484e-07
2017,July,Imperial (SS),MH,Gas,RUNLOSS,CAT,TOG,0.00045138914544480974
2017,July,Imperial (SS),MH,Gas,RUNLOSS,NCAT,TOG,3.8407924331847376e-06
2017,July,Imperial (SS),MH,Gas,RESTLOSS,CAT,TOG,0.0002652636575622071
2017,July,Imperial (SS),MH,Gas,RESTLOSS,NCAT,TOG,8.474205680024862e-06
2017,July,Imperial (SS),MH,Gas,DIURN,CAT,TOG,0.0010781906389150018
2017,July,Imperial (SS),MH,Gas,DIURN,NCAT,TOG,3.492175952241177e-05
2017,July,Imperial (SS),MH,Gas,PMTW,CAT,PM,0.00011017814343171915
2017,July,Imperial (SS),MH,Gas,PMTW,CAT,PM10,0.00011017814343171915
2017,July,Imperial (SS),MH,Gas,PMTW,CAT,PM2_5,2.754453585792979e-05
2017,July,Imperial (SS),MH,Gas,PMTW,NCAT,PM,5.912383770164314e-07
2017,July,Imperial (SS),MH,Gas,PMTW,NCAT,PM10,5.912383770164314e-07
2017,July,Imperial (SS),MH,Gas,PMTW,NCAT,PM2_5,1.4780959425410785e-07
2017,July,Imperial (SS),MH,Gas,PMBW,CAT,PM,0.0012211410897015546
2017,July,Imperial (SS),MH,Gas,PMBW,CAT,PM10,0.0011967182679075235
2017,July,Imperial (SS),MH,Gas,PMBW,CAT,PM2_5,0.0005128792576746524
2017,July,Imperial (SS),MH,Gas,PMBW,NCAT,PM,6.552892011932117e-06
2017,July,Imperial (SS),MH,Gas,PMBW,NCAT,PM10,6.421834171693471e-06
2017,July,Imperial (SS),MH,Gas,PMBW,NCAT,PM2_5,2.7522146450114868e-06
2017,July,Imperial (SS),MH,Dsl,RUNEX,DSL,CO,0.001088627693522928
2017,July,Imperial (SS),MH,Dsl,RUNEX,DSL,NOx,0.013315807382837976
2017,July,Imperial (SS),MH,Dsl,RUNEX,DSL,SOx,2.4758767608155335e-05
2017,July,Imperial (SS),MH,Dsl,RUNEX,DSL,PM,0.0005543743979650803
2017,July,Imperial (SS),MH,Dsl,RUNEX,DSL,TOG,0.00027461259239760767
2017,July,Imperial (SS),MH,Dsl,RUNEX,DSL,PM10,0.0005510481515772895
2017,July,Imperial (SS),MH,Dsl,RUNEX,DSL,PM2_5,0.0005272100524647916
2017,July,Imperial (SS),MH,Dsl,PMTW,DSL,PM,4.375613963019817e-05
2017,July,Imperial (SS),MH,Dsl,PMTW,DSL,PM10,4.375613963019817e-05
2017,July,Imperial (SS),MH,Dsl,PMTW,DSL,PM2_5,1.0939034907549543e-05
2017,July,Imperial (SS),MH,Dsl,PMBW,DSL,PM,0.0003637229106760218
2017,July,Imperial (SS),MH,Dsl,PMBW,DSL,PM10,0.00035644845246250197
2017,July,Imperial (SS),MH,Dsl,PMBW,DSL,PM2_5,0.00015276362248392943
2017,July,Imperial (SS),UBUS,Gas,RUNEX,CAT,CO,0.0003979981417892324
2017,July,Imperial (SS),UBUS,Gas,RUNEX,CAT,NOx,0.00025349956605258807
2017,July,Imperial (SS),UBUS,Gas,RUNEX,CAT,SOx,2.3468077723150286e-05
2017,July,Imperial (SS),UBUS,Gas,RUNEX,CAT,PM,8.045151132817215e-07
2017,July,Imperial (SS),UBUS,Gas,RUNEX,CAT,TOG,3.428281879682462e-05
2017,July,Imperial (SS),UBUS,Gas,RUNEX,CAT,PM10,7.192365112738584e-07
2017,July,Imperial (SS),UBUS,Gas,RUNEX,CAT,PM2_5,6.613114231175743e-07
2017,July,Imperial (SS),UBUS,Gas,STREX,CAT,CO,0.00024960130034472344
2017,July,Imperial (SS),UBUS,Gas,STREX,CAT,NOx,3.0380958538618257e-05
2017,July,Imperial (SS),UBUS,Gas,STREX,CAT,SOx,3.5462116974554195e-08
2017,July,Imperial (SS),UBUS,Gas,STREX,CAT,PM,1.0245374188577984e-08
2017,July,Imperial (SS),UBUS,Gas,STREX,CAT,TOG,1.896476512023563e-05
2017,July,Imperial (SS),UBUS,Gas,STREX,CAT,PM10,9.159364524588724e-09
2017,July,Imperial (SS),UBUS,Gas,STREX,CAT,PM2_5,8.4216975830111e-09
2017,July,Imperial (SS),UBUS,Gas,HOTSOAK,CAT,TOG,2.6897039086273237e-06
2017,July,Imperial (SS),UBUS,Gas,RUNLOSS,CAT,TOG,1.0810529890655695e-05
2017,July,Imperial (SS),UBUS,Gas,RESTLOSS,CAT,TOG,2.7998795995157096e-07
2017,July,Imperial (SS),UBUS,Gas,DIURN,CAT,TOG,6.326054702011224e-07
2017,July,Imperial (SS),UBUS,Gas,PMTW,CAT,PM,1.2250480491855122e-05
2017,July,Imperial (SS),UBUS,Gas,PMTW,CAT,PM10,1.2250480491855122e-05
2017,July,Imperial (SS),UBUS,Gas,PMTW,CAT,PM2_5,3.0626201229637804e-06
2017,July,Imperial (SS),UBUS,Gas,PMBW,CAT,PM,0.00013577615878472758
2017,July,Imperial (SS),UBUS,Gas,PMBW,CAT,PM10,0.00013306063560903305
2017,July,Imperial (SS),UBUS,Gas,PMBW,CAT,PM2_5,5.7025986689585576e-05
2017,July,Imperial (SS),UBUS,Dsl,RUNEX,DSL,CO,0.0004054274632790857
2017,July,Imperial (SS),UBUS,Dsl,RUNEX,DSL,NOx,0.002741316448114942
2017,July,Imperial (SS),UBUS,Dsl,RUNEX,DSL,SOx,5.415708005767873e-05
2017,July,Imperial (SS),UBUS,Dsl,RUNEX,DSL,PM,2.3008490407988243e-05
2017,July,Imperial (SS),UBUS,Dsl,RUNEX,DSL,TOG,0.0002506241512451523
2017,July,Imperial (SS),UBUS,Dsl,RUNEX,DSL,PM10,2.2870439465540303e-05
2017,July,Imperial (SS),UBUS,Dsl,RUNEX,DSL,PM2_5,2.1881074377996803e-05
2017,July,Imperial (SS),UBUS,Dsl,PMTW,DSL,PM,0.0001012476604543212
2017,July,Imperial (SS),UBUS,Dsl,PMTW,DSL,PM10,0.0001012476604543212
2017,July,Imperial (SS),UBUS,Dsl,PMTW,DSL,PM2_5,2.53119151135803e-05
2017,July,Imperial (SS),UBUS,Dsl,PMBW,DSL,PM,0.0003391962271790019
2017,July,Imperial (SS),UBUS,Dsl,PMBW,DSL,PM10,0.00033241230263542163
2017,July,Imperial (SS),UBUS,Dsl,PMBW,DSL,PM2_5,0.00014246241541518074
2017,July,Imperial (SS),UBUS,NG,RUNEX,DSL,CO,0.0
2017,July,Imperial (SS),UBUS,NG,RUNEX,DSL,NOx,0.0
2017,July,Imperial (SS),UBUS,NG,RUNEX,DSL,PM,0.0
2017,July,Imperial (SS),UBUS,NG,RUNEX,DSL,TOG,0.0
2017,July,Imperial (SS),UBUS,NG,RUNEX,DSL,PM10,0.0
2017,July,Imperial (SS),UBUS,NG,RUNEX,DSL,PM2_5,0.0
2017,July,Imperial (SS),UBUS,NG,PMTW,DSL,PM,0.0
2017,July,Imperial (SS),UBUS,NG,PMTW,DSL,PM10,0.0
2017,July,Imperial (SS),UBUS,NG,PMTW,DSL,PM2_5,0.0
2017,July,Imperial (SS),UBUS,NG,PMBW,DSL,PM,0.0
2017,July,Imperial (SS),UBUS,NG,PMBW,DSL,PM10,0.0
2017,July,Imperial (SS),UBUS,NG,PMBW,DSL,PM2_5,0.0
2017,July,Imperial (SS),SBUS,Dsl,RUNEX,DSL,CO,0.00297573398748185
2017,July,Imperial (SS),SBUS,Dsl,RUNEX,DSL,NOx,0.05977186518097552
2017,July,Imperial (SS),SBUS,Dsl,RUNEX,DSL,PM,0.00046730895843109316
2017,July,Imperial (SS),SBUS,Dsl,RUNEX,DSL,PM10,0.00046450510468050687
2017,July,Imperial (SS),SBUS,Dsl,RUNEX,DSL,PM2_5,0.0004444108194679696
2017,July,Imperial (SS),SBUS,Dsl,IDLEX,DSL,CO,0.0010021875722003514
2017,July,Imperial (SS),SBUS,Dsl,IDLEX,DSL,NOx,0.011788144839707712
2017,July,Imperial (SS),SBUS,Dsl,IDLEX,DSL,PM,1.7217993507986663e-05
2017,July,Imperial (SS),SBUS,Dsl,IDLEX,DSL,PM10,1.7114685546938752e-05
2017,July,Imperial (SS),SBUS,Dsl,IDLEX,DSL,PM2_5,1.6374311826095323e-05
2017,July,Imperial (SS),SBUS,Dsl,STREX,DSL,NOx,0.0013318287287979534
2017,July,Imperial (SS),SBUS,Dsl,PMTW,DSL,PM,8.892537314178495e-05
2017,July,Imperial (SS),SBUS,Dsl,PMTW,DSL,PM10,8.892537314178495e-05
2017,July,Imperial (SS),SBUS,Dsl,PMTW,DSL,PM2_5,2.2231343285446237e-05
2017,July,Imperial (SS),SBUS,Dsl,PMBW,DSL,PM,0.005631940298979713
2017,July,Imperial (SS),SBUS,Dsl,PMBW,DSL,PM10,0.005519301493000119
2017,July,Imperial (SS),SBUS,Dsl,PMBW,DSL,PM2_5,0.0023654149255714777
2017,July,Imperial (SS),SBUS,Dsl,RUNEX,DSL,SOx,9.010082860545177e-05
2017,July,Imperial (SS),SBUS,Dsl,IDLEX,DSL,SOx,8.55548208061305e-06
2017,July,Imperial (SS),SBUS,Dsl,RUNEX,DSL,TOG,0.0012826589120451468
2017,July,Imperial (SS),SBUS,Dsl,IDLEX,DSL,TOG,8.844345599663666e-05
2017,     ,Imperial (SS),LDA,Dsl,RUNEX,DSL,NH3,6.59665e-05
2017,     ,Imperial (SS),LDA,Gas,RUNEX,CAT,NH3,0.09899254
2017,     ,Imperial (SS),LDT1,Dsl,RUNEX,DSL,NH3,8.86939e-07
2017,     ,Imperial (SS),LDT1,Gas,RUNEX,CAT,NH3,0.014859751
2017,     ,Imperial (SS),LDT2,Dsl,RUNEX,DSL,NH3,1.1541e-05
2017,     ,Imperial (SS),LDT2,Gas,RUNEX,CAT,NH3,0.038542052
2017,     ,Imperial (SS),LHD1,Dsl,RUNEX,DSL,NH3,0.007827397
2017,     ,Imperial (SS),LHD1,Gas,RUNEX,CAT,NH3,0.00348141
2017,     ,Imperial (SS),LHD2,Dsl,RUNEX,DSL,NH3,0.00301037
2017,     ,Imperial (SS),LHD2,Gas,RUNEX,CAT,NH3,0.000560859
2017,     ,Imperial (SS),MCY,Gas,RUNEX,CAT,NH3,0.000588374
2017,     ,Imperial (SS),MDV,Dsl,RUNEX,DSL,NH3,5.71039e-05
2017,     ,Imperial (SS),MDV,Gas,RUNEX,CAT,NH3,0.034832919
2017,     ,Imperial (SS),MH,Dsl,RUNEX,DSL,NH3,7.38733e-05
2017,     ,Imperial (SS),MH,Gas,RUNEX,CAT,NH3,0.000401205
2017,     ,Imperial (SS),OBUS,Gas,RUNEX,CAT,NH3,0.000393348
2017,     ,Imperial (SS),SBUS,Gas,RUNEX,CAT,NH3,6.22597e-05
2017,     ,Imperial (SS),T6TS,Gas,RUNEX,CAT,NH3,0.000995931
2017,     ,Imperial (SS),T7IS,Gas,RUNEX,CAT,NH3,5.95287e-06
2017,     ,Imperial (SS),UBUS,Dsl,RUNEX,DSL,NH3,0.000821881
2017,     ,Imperial (SS),UBUS,Gas,RUNEX,CAT,NH3,4.59381e-05
