calendar_year,season_month,sub_area,vehicle_class,fuel,process,cat_ncat,pollutant,emission
2017,July,Kern (MD),LDA,Gas,RUNEX,CAT,CO,3.647346627741411
2017,July,Kern (MD),LDA,Gas,RUNEX,CAT,NOx,0.22951172831657712
2017,July,Kern (MD),LDA,Gas,RUNEX,CAT,SOx,0.008724361369451272
2017,July,Kern (MD),LDA,Gas,RUNEX,CAT,PM,0.004343057884034018
2017,July,Kern (MD),LDA,Gas,RUNEX,CAT,TOG,0.10367211854695231
2017,July,Kern (MD),LDA,Gas,RUNEX,CAT,PM10,0.0038832092132041317
2017,July,Kern (MD),LDA,Gas,RUNEX,CAT,PM2_5,0.003570724463711535
2017,July,Kern (MD),LDA,Gas,RUNEX,NCAT,CO,0.1250198548569972
2017,July,Kern (MD),LDA,Gas,RUNEX,NCAT,NOx,0.008625525854336258
2017,July,Kern (MD),LDA,Gas,RUNEX,NCAT,SOx,9.723395996934638e-06
2017,July,Kern (MD),LDA,Gas,RUNEX,NCAT,PM,8.815111771602961e-05
2017,July,Kern (MD),LDA,Gas,RUNEX,NCAT,TOG,0.00940599946278534
2017,July,Kern (MD),LDA,Gas,RUNEX,NCAT,PM10,8.419775924738887e-05
2017,July,Kern (MD),LDA,Gas,RUNEX,NCAT,PM2_5,8.010369191003236e-05
2017,July,Kern (MD),LDA,Gas,STREX,CAT,CO,0.6477648279160888
2017,July,Kern (MD),LDA,Gas,STREX,CAT,NOx,0.0811699889024463
2017,July,Kern (MD),LDA,Gas,STREX,CAT,SOx,0.00018297005705052012
2017,July,Kern (MD),LDA,Gas,STREX,CAT,PM,0.0007303868027638889
2017,July,Kern (MD),LDA,Gas,STREX,CAT,TOG,0.11556921550843618
2017,July,Kern (MD),LDA,Gas,STREX,CAT,PM10,0.0006531700838978363
2017,July,Kern (MD),LDA,Gas,STREX,CAT,PM2_5,0.0006006676057757579
2017,July,Kern (MD),LDA,Gas,STREX,NCAT,CO,0.01605075890183484
2017,July,Kern (MD),LDA,Gas,STREX,NCAT,NOx,0.0008367474725949801
2017,July,Kern (MD),LDA,Gas,STREX,NCAT,SOx,1.3444736526601831e-06
2017,July,Kern (MD),LDA,Gas,STREX,NCAT,PM,3.535309644081211e-05
2017,July,Kern (MD),LDA,Gas,STREX,NCAT,TOG,0.002357975012200054
2017,July,Kern (MD),LDA,Gas,STREX,NCAT,PM10,3.377004345270069e-05
2017,July,Kern (MD),LDA,Gas,STREX,NCAT,PM2_5,3.212913553238334e-05
2017,July,Kern (MD),LDA,Gas,HOTSOAK,CAT,TOG,0.06545964092486811
2017,July,Kern (MD),LDA,Gas,HOTSOAK,NCAT,TOG,0.002746687085001746
2017,July,Kern (MD),LDA,Gas,RUNLOSS,CAT,TOG,0.0914202064114556
2017,July,Kern (MD),LDA,Gas,RUNLOSS,NCAT,TOG,0.008951778469092484
2017,July,Kern (MD),LDA,Gas,RESTLOSS,CAT,TOG,0.053174606933675574
2017,July,Kern (MD),LDA,Gas,RESTLOSS,NCAT,TOG,0.002882723705569953
2017,July,Kern (MD),LDA,Gas,DIURN,CAT,TOG,0.07613391793967889
2017,July,Kern (MD),LDA,Gas,DIURN,NCAT,TOG,0.004341563028760348
2017,July,Kern (MD),LDA,Gas,PMTW,CAT,PM,0.021330419684451436
2017,July,Kern (MD),LDA,Gas,PMTW,CAT,PM10,0.021330419684451436
2017,July,Kern (MD),LDA,Gas,PMTW,CAT,PM2_5,0.005332604921112859
2017,July,Kern (MD),LDA,Gas,PMTW,NCAT,PM,1.2004410217217556e-05
2017,July,Kern (MD),LDA,Gas,PMTW,NCAT,PM10,1.2004410217217556e-05
2017,July,Kern (MD),LDA,Gas,PMTW,NCAT,PM2_5,3.001102554304389e-06
2017,July,Kern (MD),LDA,Gas,PMBW,CAT,PM,0.0999863422708661
2017,July,Kern (MD),LDA,Gas,PMBW,CAT,PM10,0.09798661542544872
2017,July,Kern (MD),LDA,Gas,PMBW,CAT,PM2_5,0.04199426375376377
2017,July,Kern (MD),LDA,Gas,PMBW,NCAT,PM,5.627067289320735e-05
2017,July,Kern (MD),LDA,Gas,PMBW,NCAT,PM10,5.514525943534324e-05
2017,July,Kern (MD),LDA,Gas,PMBW,NCAT,PM2_5,2.363368261514711e-05
2017,July,Kern (MD),LDA,Dsl,RUNEX,DSL,CO,0.009722928970337934
2017,July,Kern (MD),LDA,Dsl,RUNEX,DSL,NOx,0.00782109997076057
2017,July,Kern (MD),LDA,Dsl,RUNEX,DSL,SOx,7.393179587653465e-05
2017,July,Kern (MD),LDA,Dsl,RUNEX,DSL,PM,0.000534774765195492
2017,July,Kern (MD),LDA,Dsl,RUNEX,DSL,TOG,0.0009614656461396494
2017,July,Kern (MD),LDA,Dsl,RUNEX,DSL,PM10,0.0005315661166043204
2017,July,Kern (MD),LDA,Dsl,RUNEX,DSL,PM2_5,0.0005085708017009133
2017,July,Kern (MD),LDA,Dsl,PMTW,DSL,PM,0.00027091718192127196
2017,July,Kern (MD),LDA,Dsl,PMTW,DSL,PM10,0.00027091718192127196
2017,July,Kern (MD),LDA,Dsl,PMTW,DSL,PM2_5,6.772929548031799e-05
2017,July,Kern (MD),LDA,Dsl,PMBW,DSL,PM,0.0012699242902559633
2017,July,Kern (MD),LDA,Dsl,PMBW,DSL,PM10,0.0012445258044508438
2017,July,Kern (MD),LDA,Dsl,PMBW,DSL,PM2_5,0.0005333682019075043
2017,July,Kern (MD),LDA,Elec,HOTSOAK,CAT,TOG,8.012133925052946e-06
2017,July,Kern (MD),LDA,Elec,RESTLOSS,CAT,TOG,1.0832169658372506e-05
2017,July,Kern (MD),LDA,Elec,DIURN,CAT,TOG,2.1728883060192985e-05
2017,July,Kern (MD),LDA,Elec,PMTW,CAT,PM,9.68517386625803e-05
2017,July,Kern (MD),LDA,Elec,PMTW,CAT,PM10,9.68517386625803e-05
2017,July,Kern (MD),LDA,Elec,PMTW,CAT,PM2_5,2.4212934665645076e-05
2017,July,Kern (MD),LDA,Elec,PMBW,CAT,PM,0.00045399252498084494
2017,July,Kern (MD),LDA,Elec,PMBW,CAT,PM10,0.000444912674481228
2017,July,Kern (MD),LDA,Elec,PMBW,CAT,PM2_5,0.00019067686049195493
2017,July,Kern (MD),LDT1,Gas,RUNEX,CAT,CO,0.7213642333443058
2017,July,Kern (MD),LDT1,Gas,RUNEX,CAT,NOx,0.05832205826676141
2017,July,Kern (MD),LDT1,Gas,RUNEX,CAT,SOx,0.0010640681199315131
2017,July,Kern (MD),LDT1,Gas,RUNEX,CAT,PM,0.000804238908237153
2017,July,Kern (MD),LDT1,Gas,RUNEX,CAT,TOG,0.02340984362431789
2017,July,Kern (MD),LDT1,Gas,RUNEX,CAT,PM10,0.0007192758051516926
2017,July,Kern (MD),LDT1,Gas,RUNEX,CAT,PM2_5,0.0006614902185833187
2017,July,Kern (MD),LDT1,Gas,RUNEX,NCAT,CO,0.06950334927493866
2017,July,Kern (MD),LDT1,Gas,RUNEX,NCAT,NOx,0.004961919788588914
2017,July,Kern (MD),LDT1,Gas,RUNEX,NCAT,SOx,5.495647936452792e-06
2017,July,Kern (MD),LDT1,Gas,RUNEX,NCAT,PM,5.182832590541357e-05
2017,July,Kern (MD),LDT1,Gas,RUNEX,NCAT,TOG,0.005534085536616496
2017,July,Kern (MD),LDT1,Gas,RUNEX,NCAT,PM10,4.95208000074243e-05
2017,July,Kern (MD),LDT1,Gas,RUNEX,NCAT,PM2_5,4.712073884288481e-05
2017,July,Kern (MD),LDT1,Gas,STREX,CAT,CO,0.08203174580595163
2017,July,Kern (MD),LDT1,Gas,STREX,CAT,NOx,0.013392242896061167
2017,July,Kern (MD),LDT1,Gas,STREX,CAT,SOx,2.4654442824127127e-05
2017,July,Kern (MD),LDT1,Gas,STREX,CAT,PM,0.00013669733985830323
2017,July,Kern (MD),LDT1,Gas,STREX,CAT,TOG,0.020323713477861594
2017,July,Kern (MD),LDT1,Gas,STREX,CAT,PM10,0.0001222863308802613
2017,July,Kern (MD),LDT1,Gas,STREX,CAT,PM2_5,0.00011247709932560188
2017,July,Kern (MD),LDT1,Gas,STREX,NCAT,CO,0.0069236697128010494
2017,July,Kern (MD),LDT1,Gas,STREX,NCAT,NOx,0.00034900122591115343
2017,July,Kern (MD),LDT1,Gas,STREX,NCAT,SOx,5.62122360692857e-07
2017,July,Kern (MD),LDT1,Gas,STREX,NCAT,PM,1.4669951759774689e-05
2017,July,Kern (MD),LDT1,Gas,STREX,NCAT,TOG,0.0010014608428097782
2017,July,Kern (MD),LDT1,Gas,STREX,NCAT,PM10,1.401891459420521e-05
2017,July,Kern (MD),LDT1,Gas,STREX,NCAT,PM2_5,1.3340459801636757e-05
2017,July,Kern (MD),LDT1,Gas,HOTSOAK,CAT,TOG,0.01552946770316949
2017,July,Kern (MD),LDT1,Gas,HOTSOAK,NCAT,TOG,0.0011288983768591061
2017,July,Kern (MD),LDT1,Gas,RUNLOSS,CAT,TOG,0.041227732870961674
2017,July,Kern (MD),LDT1,Gas,RUNLOSS,NCAT,TOG,0.0015770095389789206
2017,July,Kern (MD),LDT1,Gas,RESTLOSS,CAT,TOG,0.012866884265622094
2017,July,Kern (MD),LDT1,Gas,RESTLOSS,NCAT,TOG,0.0011991270822519558
2017,July,Kern (MD),LDT1,Gas,DIURN,CAT,TOG,0.020116898098884527
2017,July,Kern (MD),LDT1,Gas,DIURN,NCAT,TOG,0.0017831707549850896
2017,July,Kern (MD),LDT1,Gas,PMTW,CAT,PM,0.0022765776157238704
2017,July,Kern (MD),LDT1,Gas,PMTW,CAT,PM10,0.0022765776157238704
2017,July,Kern (MD),LDT1,Gas,PMTW,CAT,PM2_5,0.0005691444039309676
2017,July,Kern (MD),LDT1,Gas,PMTW,NCAT,PM,7.055092773686698e-06
2017,July,Kern (MD),LDT1,Gas,PMTW,NCAT,PM10,7.055092773686698e-06
2017,July,Kern (MD),LDT1,Gas,PMTW,NCAT,PM2_5,1.7637731934216744e-06
2017,July,Kern (MD),LDT1,Gas,PMBW,CAT,PM,0.010671457573705643
2017,July,Kern (MD),LDT1,Gas,PMBW,CAT,PM10,0.01045802842223153
2017,July,Kern (MD),LDT1,Gas,PMBW,CAT,PM2_5,0.004482012180956365
2017,July,Kern (MD),LDT1,Gas,PMBW,NCAT,PM,3.307074737665635e-05
2017,July,Kern (MD),LDT1,Gas,PMBW,NCAT,PM10,3.240933242912326e-05
2017,July,Kern (MD),LDT1,Gas,PMBW,NCAT,PM2_5,1.3889713898195691e-05
2017,July,Kern (MD),LDT2,Gas,RUNEX,CAT,CO,2.4987849142645238
2017,July,Kern (MD),LDT2,Gas,RUNEX,CAT,NOx,0.25544082265508794
2017,July,Kern (MD),LDT2,Gas,RUNEX,CAT,SOx,0.00459816451914459
2017,July,Kern (MD),LDT2,Gas,RUNEX,CAT,PM,0.0022375760938601326
2017,July,Kern (MD),LDT2,Gas,RUNEX,CAT,TOG,0.08005374589663354
2017,July,Kern (MD),LDT2,Gas,RUNEX,CAT,PM10,0.0020010277946289714
2017,July,Kern (MD),LDT2,Gas,RUNEX,CAT,PM2_5,0.0018401875915143872
2017,July,Kern (MD),LDT2,Gas,RUNEX,NCAT,CO,0.08246103508621225
2017,July,Kern (MD),LDT2,Gas,RUNEX,NCAT,NOx,0.0058912120069214554
2017,July,Kern (MD),LDT2,Gas,RUNEX,NCAT,SOx,6.6508861015348975e-06
2017,July,Kern (MD),LDT2,Gas,RUNEX,NCAT,PM,6.260002084166207e-05
2017,July,Kern (MD),LDT2,Gas,RUNEX,NCAT,TOG,0.006529542970191982
2017,July,Kern (MD),LDT2,Gas,RUNEX,NCAT,PM10,5.9523853310828456e-05
2017,July,Kern (MD),LDT2,Gas,RUNEX,NCAT,PM2_5,5.65041767504483e-05
2017,July,Kern (MD),LDT2,Gas,STREX,CAT,CO,0.37698438078272406
2017,July,Kern (MD),LDT2,Gas,STREX,CAT,NOx,0.07099181080157964
2017,July,Kern (MD),LDT2,Gas,STREX,CAT,SOx,0.00010817062710976522
2017,July,Kern (MD),LDT2,Gas,STREX,CAT,PM,0.0003851427093120339
2017,July,Kern (MD),LDT2,Gas,STREX,CAT,TOG,0.07987549455659407
2017,July,Kern (MD),LDT2,Gas,STREX,CAT,PM10,0.00034449648768297453
2017,July,Kern (MD),LDT2,Gas,STREX,CAT,PM2_5,0.00031684097911436585
2017,July,Kern (MD),LDT2,Gas,STREX,NCAT,CO,0.008510341831986588
2017,July,Kern (MD),LDT2,Gas,STREX,NCAT,NOx,0.0003945759297102529
2017,July,Kern (MD),LDT2,Gas,STREX,NCAT,SOx,6.547182833405943e-07
2017,July,Kern (MD),LDT2,Gas,STREX,NCAT,PM,1.7439270057258142e-05
2017,July,Kern (MD),LDT2,Gas,STREX,NCAT,TOG,0.0011852399878419947
2017,July,Kern (MD),LDT2,Gas,STREX,NCAT,PM10,1.658023296700879e-05
2017,July,Kern (MD),LDT2,Gas,STREX,NCAT,PM2_5,1.573813858263185e-05
2017,July,Kern (MD),LDT2,Gas,HOTSOAK,CAT,TOG,0.04367807729199678
2017,July,Kern (MD),LDT2,Gas,HOTSOAK,NCAT,TOG,0.0012607872786429407
2017,July,Kern (MD),LDT2,Gas,RUNLOSS,CAT,TOG,0.11395599226261897
2017,July,Kern (MD),LDT2,Gas,RUNLOSS,NCAT,TOG,0.0017402401643040546
2017,July,Kern (MD),LDT2,Gas,RESTLOSS,CAT,TOG,0.037734660797837875
2017,July,Kern (MD),LDT2,Gas,RESTLOSS,NCAT,TOG,0.0014084056758415363
2017,July,Kern (MD),LDT2,Gas,DIURN,CAT,TOG,0.05486516395458935
2017,July,Kern (MD),LDT2,Gas,DIURN,NCAT,TOG,0.0020813777412202255
2017,July,Kern (MD),LDT2,Gas,PMTW,CAT,PM,0.008650979203570677
2017,July,Kern (MD),LDT2,Gas,PMTW,CAT,PM10,0.008650979203570677
2017,July,Kern (MD),LDT2,Gas,PMTW,CAT,PM2_5,0.0021627448008926693
2017,July,Kern (MD),LDT2,Gas,PMTW,NCAT,PM,8.522957671060233e-06
2017,July,Kern (MD),LDT2,Gas,PMTW,NCAT,PM10,8.522957671060233e-06
2017,July,Kern (MD),LDT2,Gas,PMTW,NCAT,PM2_5,2.1307394177650583e-06
2017,July,Kern (MD),LDT2,Gas,PMBW,CAT,PM,0.04055146501673755
2017,July,Kern (MD),LDT2,Gas,PMBW,CAT,PM10,0.0397404357164028
2017,July,Kern (MD),LDT2,Gas,PMBW,CAT,PM2_5,0.017031615307029787
2017,July,Kern (MD),LDT2,Gas,PMBW,NCAT,PM,3.995136408309489e-05
2017,July,Kern (MD),LDT2,Gas,PMBW,NCAT,PM10,3.9152336801432996e-05
2017,July,Kern (MD),LDT2,Gas,PMBW,NCAT,PM2_5,1.6779572914899847e-05
2017,July,Kern (MD),MDV,Gas,RUNEX,CAT,CO,1.6438300714669314
2017,July,Kern (MD),MDV,Gas,RUNEX,CAT,NOx,0.16473188559434915
2017,July,Kern (MD),MDV,Gas,RUNEX,CAT,SOx,0.00409973594830331
2017,July,Kern (MD),MDV,Gas,RUNEX,CAT,PM,0.0014815417774461865
2017,July,Kern (MD),MDV,Gas,RUNEX,CAT,TOG,0.05457642570155473
2017,July,Kern (MD),MDV,Gas,RUNEX,CAT,PM10,0.0013250194543265202
2017,July,Kern (MD),MDV,Gas,RUNEX,CAT,PM2_5,0.0012185662216953155
2017,July,Kern (MD),MDV,Gas,RUNEX,NCAT,CO,0.3487925692043615
2017,July,Kern (MD),MDV,Gas,RUNEX,NCAT,NOx,0.018889363149119348
2017,July,Kern (MD),MDV,Gas,RUNEX,NCAT,SOx,1.8993376968834196e-05
2017,July,Kern (MD),MDV,Gas,RUNEX,NCAT,PM,0.00013697391397793406
2017,July,Kern (MD),MDV,Gas,RUNEX,NCAT,TOG,0.016506258322635758
2017,July,Kern (MD),MDV,Gas,RUNEX,NCAT,PM10,0.00013111082604316582
2017,July,Kern (MD),MDV,Gas,RUNEX,NCAT,PM2_5,0.0001248661984832173
2017,July,Kern (MD),MDV,Gas,STREX,CAT,CO,0.366200557104778
2017,July,Kern (MD),MDV,Gas,STREX,CAT,NOx,0.05929655569047823
2017,July,Kern (MD),MDV,Gas,STREX,CAT,SOx,0.00010418787871779888
2017,July,Kern (MD),MDV,Gas,STREX,CAT,PM,0.0003088613503300252
2017,July,Kern (MD),MDV,Gas,STREX,CAT,TOG,0.07023077861259056
2017,July,Kern (MD),MDV,Gas,STREX,CAT,PM10,0.0002762735673147336
2017,July,Kern (MD),MDV,Gas,STREX,CAT,PM2_5,0.0002540988719320367
2017,July,Kern (MD),MDV,Gas,STREX,NCAT,CO,0.033297052406784634
2017,July,Kern (MD),MDV,Gas,STREX,NCAT,NOx,0.0013106674333931148
2017,July,Kern (MD),MDV,Gas,STREX,NCAT,SOx,1.921280674402385e-06
2017,July,Kern (MD),MDV,Gas,STREX,NCAT,PM,3.866828412578952e-05
2017,July,Kern (MD),MDV,Gas,STREX,NCAT,TOG,0.0033263943759636446
2017,July,Kern (MD),MDV,Gas,STREX,NCAT,PM10,3.700870092519255e-05
2017,July,Kern (MD),MDV,Gas,STREX,NCAT,PM2_5,3.524397458259284e-05
2017,July,Kern (MD),MDV,Gas,HOTSOAK,CAT,TOG,0.029362722482068494
2017,July,Kern (MD),MDV,Gas,HOTSOAK,NCAT,TOG,0.0019801019081170206
2017,July,Kern (MD),MDV,Gas,RUNLOSS,CAT,TOG,0.07515966326590887
2017,July,Kern (MD),MDV,Gas,RUNLOSS,NCAT,TOG,0.0031409669974789486
2017,July,Kern (MD),MDV,Gas,RESTLOSS,CAT,TOG,0.027188947452981373
2017,July,Kern (MD),MDV,Gas,RESTLOSS,NCAT,TOG,0.0032520517191985438
2017,July,Kern (MD),MDV,Gas,DIURN,CAT,TOG,0.037038007690567934
2017,July,Kern (MD),MDV,Gas,DIURN,NCAT,TOG,0.004703792289142469
2017,July,Kern (MD),MDV,Gas,PMTW,CAT,PM,0.006635663688019975
2017,July,Kern (MD),MDV,Gas,PMTW,CAT,PM10,0.006635663688019975
2017,July,Kern (MD),MDV,Gas,PMTW,CAT,PM2_5,0.0016589159220049938
2017,July,Kern (MD),MDV,Gas,PMTW,NCAT,PM,1.8737919828942523e-05
2017,July,Kern (MD),MDV,Gas,PMTW,NCAT,PM10,1.8737919828942523e-05
2017,July,Kern (MD),MDV,Gas,PMTW,NCAT,PM2_5,4.684479957235631e-06
2017,July,Kern (MD),MDV,Gas,PMBW,CAT,PM,0.0311046735375936
2017,July,Kern (MD),MDV,Gas,PMBW,CAT,PM10,0.030482580066841757
2017,July,Kern (MD),MDV,Gas,PMBW,CAT,PM2_5,0.01306396288578932
2017,July,Kern (MD),MDV,Gas,PMBW,NCAT,PM,8.783399919816813e-05
2017,July,Kern (MD),MDV,Gas,PMBW,NCAT,PM10,8.607731921420482e-05
2017,July,Kern (MD),MDV,Gas,PMBW,NCAT,PM2_5,3.6890279663230576e-05
2017,July,Kern (MD),LHD1,Gas,RUNEX,CAT,CO,0.33660464738344886
2017,July,Kern (MD),LHD1,Gas,RUNEX,CAT,NOx,0.059727307601383305
2017,July,Kern (MD),LHD1,Gas,RUNEX,CAT,SOx,0.001144219344500881
2017,July,Kern (MD),LHD1,Gas,RUNEX,CAT,PM,0.00045480721383168765
2017,July,Kern (MD),LHD1,Gas,RUNEX,CAT,TOG,0.02627348229585518
2017,July,Kern (MD),LHD1,Gas,RUNEX,CAT,PM10,0.000406597649165529
2017,July,Kern (MD),LHD1,Gas,RUNEX,CAT,PM2_5,0.00037385152976964663
2017,July,Kern (MD),LHD1,Gas,RUNEX,NCAT,CO,0.12087810071362143
2017,July,Kern (MD),LHD1,Gas,RUNEX,NCAT,NOx,0.0027894708138949996
2017,July,Kern (MD),LHD1,Gas,RUNEX,NCAT,SOx,1.2632922338929462e-05
2017,July,Kern (MD),LHD1,Gas,RUNEX,NCAT,PM,5.68925119515986e-05
2017,July,Kern (MD),LHD1,Gas,RUNEX,NCAT,TOG,0.006529931141668453
2017,July,Kern (MD),LHD1,Gas,RUNEX,NCAT,PM10,5.467370398548624e-05
2017,July,Kern (MD),LHD1,Gas,RUNEX,NCAT,PM2_5,5.2170433459615894e-05
2017,July,Kern (MD),LHD1,Gas,IDLEX,CAT,CO,0.012369361101469377
2017,July,Kern (MD),LHD1,Gas,IDLEX,CAT,NOx,0.00013885137445305852
2017,July,Kern (MD),LHD1,Gas,IDLEX,CAT,SOx,4.139521517199869e-06
2017,July,Kern (MD),LHD1,Gas,IDLEX,CAT,TOG,0.00231032440087347
2017,July,Kern (MD),LHD1,Gas,IDLEX,NCAT,CO,0.00022683334129519763
2017,July,Kern (MD),LHD1,Gas,IDLEX,NCAT,NOx,2.565080513925506e-06
2017,July,Kern (MD),LHD1,Gas,IDLEX,NCAT,SOx,8.358161646081395e-08
2017,July,Kern (MD),LHD1,Gas,IDLEX,NCAT,TOG,4.0771407956356745e-05
2017,July,Kern (MD),LHD1,Gas,STREX,CAT,CO,0.11304027764143734
2017,July,Kern (MD),LHD1,Gas,STREX,CAT,NOx,0.026762412483308507
2017,July,Kern (MD),LHD1,Gas,STREX,CAT,SOx,9.759147481181975e-06
2017,July,Kern (MD),LHD1,Gas,STREX,CAT,PM,3.8263561533794137e-05
2017,July,Kern (MD),LHD1,Gas,STREX,CAT,TOG,0.010122026162248016
2017,July,Kern (MD),LHD1,Gas,STREX,CAT,PM10,3.420762401121202e-05
2017,July,Kern (MD),LHD1,Gas,STREX,CAT,PM2_5,3.14526475807788e-05
2017,July,Kern (MD),LHD1,Gas,STREX,NCAT,CO,0.0001064972051818074
2017,July,Kern (MD),LHD1,Gas,STREX,NCAT,NOx,0.00035017253483863713
2017,July,Kern (MD),LHD1,Gas,STREX,NCAT,SOx,6.740439447162578e-07
2017,July,Kern (MD),LHD1,Gas,STREX,NCAT,PM,1.5472707906831516e-05
2017,July,Kern (MD),LHD1,Gas,STREX,NCAT,TOG,0.0021483981502622646
2017,July,Kern (MD),LHD1,Gas,STREX,NCAT,PM10,1.4869272298465078e-05
2017,July,Kern (MD),LHD1,Gas,STREX,NCAT,PM2_5,1.4188473150564503e-05
2017,July,Kern (MD),LHD1,Gas,HOTSOAK,CAT,TOG,0.014553758140707774
2017,July,Kern (MD),LHD1,Gas,HOTSOAK,NCAT,TOG,0.0019625850788056198
2017,July,Kern (MD),LHD1,Gas,RUNLOSS,CAT,TOG,0.08557273127201435
2017,July,Kern (MD),LHD1,Gas,RUNLOSS,NCAT,TOG,0.003496273782439283
2017,July,Kern (MD),LHD1,Gas,RESTLOSS,CAT,TOG,0.00040920561825892214
2017,July,Kern (MD),LHD1,Gas,RESTLOSS,NCAT,TOG,4.282846343407283e-05
2017,July,Kern (MD),LHD1,Gas,DIURN,CAT,TOG,0.0009733507257762827
2017,July,Kern (MD),LHD1,Gas,DIURN,NCAT,TOG,9.811050570050501e-05
2017,July,Kern (MD),LHD1,Gas,PMTW,CAT,PM,0.0008729258018538421
2017,July,Kern (MD),LHD1,Gas,PMTW,CAT,PM10,0.0008729258018538421
2017,July,Kern (MD),LHD1,Gas,PMTW,CAT,PM2_5,0.00021823145046346052
2017,July,Kern (MD),LHD1,Gas,PMTW,NCAT,PM,8.034056004057418e-06
2017,July,Kern (MD),LHD1,Gas,PMTW,NCAT,PM10,8.034056004057418e-06
2017,July,Kern (MD),LHD1,Gas,PMTW,NCAT,PM2_5,2.0085140010143544e-06
2017,July,Kern (MD),LHD1,Gas,PMBW,CAT,PM,0.008511026568074963
2017,July,Kern (MD),LHD1,Gas,PMBW,CAT,PM10,0.008340806036713463
2017,July,Kern (MD),LHD1,Gas,PMBW,CAT,PM2_5,0.0035746311585914837
2017,July,Kern (MD),LHD1,Gas,PMBW,NCAT,PM,7.833204603955983e-05
2017,July,Kern (MD),LHD1,Gas,PMBW,NCAT,PM10,7.676540511876864e-05
2017,July,Kern (MD),LHD1,Gas,PMBW,NCAT,PM2_5,3.2899459336615135e-05
2017,July,Kern (MD),LHD2,Gas,RUNEX,CAT,CO,0.019021528860838476
2017,July,Kern (MD),LHD2,Gas,RUNEX,CAT,NOx,0.004617383608090004
2017,July,Kern (MD),LHD2,Gas,RUNEX,CAT,SOx,0.00014462787026767196
2017,July,Kern (MD),LHD2,Gas,RUNEX,CAT,PM,3.393232181638564e-05
2017,July,Kern (MD),LHD2,Gas,RUNEX,CAT,TOG,0.0014742358420828244
2017,July,Kern (MD),LHD2,Gas,RUNEX,CAT,PM10,3.0335495703848744e-05
2017,July,Kern (MD),LHD2,Gas,RUNEX,CAT,PM2_5,2.7892368533068964e-05
2017,July,Kern (MD),LHD2,Gas,RUNEX,NCAT,CO,0.003650395291847597
2017,July,Kern (MD),LHD2,Gas,RUNEX,NCAT,NOx,8.659815065273878e-05
2017,July,Kern (MD),LHD2,Gas,RUNEX,NCAT,SOx,4.291836393775946e-07
2017,July,Kern (MD),LHD2,Gas,RUNEX,NCAT,PM,1.7242221404258985e-06
2017,July,Kern (MD),LHD2,Gas,RUNEX,NCAT,TOG,0.0001992207392236369
2017,July,Kern (MD),LHD2,Gas,RUNEX,NCAT,PM10,1.6569774769492885e-06
2017,July,Kern (MD),LHD2,Gas,RUNEX,NCAT,PM2_5,1.5811117027705491e-06
2017,July,Kern (MD),LHD2,Gas,IDLEX,CAT,CO,0.0012924751443920298
2017,July,Kern (MD),LHD2,Gas,IDLEX,CAT,NOx,1.4513629379304368e-05
2017,July,Kern (MD),LHD2,Gas,IDLEX,CAT,SOx,4.933146773041803e-07
2017,July,Kern (MD),LHD2,Gas,IDLEX,CAT,TOG,0.00024235688496469538
2017,July,Kern (MD),LHD2,Gas,IDLEX,NCAT,CO,6.467381562272115e-06
2017,July,Kern (MD),LHD2,Gas,IDLEX,NCAT,NOx,7.313455035658168e-08
2017,July,Kern (MD),LHD2,Gas,IDLEX,NCAT,SOx,2.7500389198465926e-09
2017,July,Kern (MD),LHD2,Gas,IDLEX,NCAT,TOG,1.1624580874187348e-06
2017,July,Kern (MD),LHD2,Gas,STREX,CAT,CO,0.010058831253717917
2017,July,Kern (MD),LHD2,Gas,STREX,CAT,NOx,0.0027840911169987634
2017,July,Kern (MD),LHD2,Gas,STREX,CAT,SOx,1.1265128001578414e-06
2017,July,Kern (MD),LHD2,Gas,STREX,CAT,PM,2.643652472616517e-06
2017,July,Kern (MD),LHD2,Gas,STREX,CAT,TOG,0.0009385255295752386
2017,July,Kern (MD),LHD2,Gas,STREX,CAT,PM10,2.3634253105191615e-06
2017,July,Kern (MD),LHD2,Gas,STREX,CAT,PM2_5,2.1730823324907767e-06
2017,July,Kern (MD),LHD2,Gas,STREX,NCAT,CO,3.1397712281266185e-06
2017,July,Kern (MD),LHD2,Gas,STREX,NCAT,NOx,9.928189287346042e-06
2017,July,Kern (MD),LHD2,Gas,STREX,NCAT,SOx,2.204056137490099e-08
2017,July,Kern (MD),LHD2,Gas,STREX,NCAT,PM,4.4115166343574334e-07
2017,July,Kern (MD),LHD2,Gas,STREX,NCAT,TOG,6.09739950702197e-05
2017,July,Kern (MD),LHD2,Gas,STREX,NCAT,PM10,4.239467485617495e-07
2017,July,Kern (MD),LHD2,Gas,STREX,NCAT,PM2_5,4.045360753705768e-07
2017,July,Kern (MD),LHD2,Gas,HOTSOAK,CAT,TOG,0.0010122909457820938
2017,July,Kern (MD),LHD2,Gas,HOTSOAK,NCAT,TOG,5.598282952105191e-05
2017,July,Kern (MD),LHD2,Gas,RUNLOSS,CAT,TOG,0.0052057423044984215
2017,July,Kern (MD),LHD2,Gas,RUNLOSS,NCAT,TOG,0.00010920854614117372
2017,July,Kern (MD),LHD2,Gas,RESTLOSS,CAT,TOG,2.8441690393445488e-05
2017,July,Kern (MD),LHD2,Gas,RESTLOSS,NCAT,TOG,1.193002733357456e-06
2017,July,Kern (MD),LHD2,Gas,DIURN,CAT,TOG,6.48732831041166e-05
2017,July,Kern (MD),LHD2,Gas,DIURN,NCAT,TOG,2.7573713921269343e-06
2017,July,Kern (MD),LHD2,Gas,PMTW,CAT,PM,9.658022557973122e-05
2017,July,Kern (MD),LHD2,Gas,PMTW,CAT,PM10,9.658022557973122e-05
2017,July,Kern (MD),LHD2,Gas,PMTW,CAT,PM2_5,2.4145056394932805e-05
2017,July,Kern (MD),LHD2,Gas,PMTW,NCAT,PM,2.434854212695418e-07
2017,July,Kern (MD),LHD2,Gas,PMTW,NCAT,PM10,2.434854212695418e-07
2017,July,Kern (MD),LHD2,Gas,PMTW,NCAT,PM2_5,6.087135531738545e-08
2017,July,Kern (MD),LHD2,Gas,PMBW,CAT,PM,0.0010986000659694432
2017,July,Kern (MD),LHD2,Gas,PMBW,CAT,PM10,0.001076628064650054
2017,July,Kern (MD),LHD2,Gas,PMBW,CAT,PM2_5,0.0004614120277071659
2017,July,Kern (MD),LHD2,Gas,PMBW,NCAT,PM,2.769646666941038e-06
2017,July,Kern (MD),LHD2,Gas,PMBW,NCAT,PM10,2.7142537336022165e-06
2017,July,Kern (MD),LHD2,Gas,PMBW,NCAT,PM2_5,1.1632516001152356e-06
2017,July,Kern (MD),T6TS,Gas,RUNEX,CAT,CO,0.0682585093072673
2017,July,Kern (MD),T6TS,Gas,RUNEX,CAT,NOx,0.012863618693411967
2017,July,Kern (MD),T6TS,Gas,RUNEX,CAT,SOx,0.00017816567201083631
2017,July,Kern (MD),T6TS,Gas,RUNEX,CAT,PM,2.4588452763961077e-05
2017,July,Kern (MD),T6TS,Gas,RUNEX,CAT,TOG,0.004248412352026408
2017,July,Kern (MD),T6TS,Gas,RUNEX,CAT,PM10,2.1982076770981178e-05
2017,July,Kern (MD),T6TS,Gas,RUNEX,CAT,PM2_5,2.021170817197599e-05
2017,July,Kern (MD),T6TS,Gas,RUNEX,NCAT,CO,0.015218340839158712
2017,July,Kern (MD),T6TS,Gas,RUNEX,NCAT,NOx,0.00035243309487610684
2017,July,Kern (MD),T6TS,Gas,RUNEX,NCAT,SOx,2.11568740599617e-06
2017,July,Kern (MD),T6TS,Gas,RUNEX,NCAT,PM,4.166110251270258e-06
2017,July,Kern (MD),T6TS,Gas,RUNEX,NCAT,TOG,0.0006385709774915465
2017,July,Kern (MD),T6TS,Gas,RUNEX,NCAT,PM10,4.003631951470719e-06
2017,July,Kern (MD),T6TS,Gas,RUNEX,NCAT,PM2_5,3.820323100414826e-06
2017,July,Kern (MD),T6TS,Gas,IDLEX,CAT,CO,0.0014669680405713572
2017,July,Kern (MD),T6TS,Gas,IDLEX,CAT,NOx,1.2991459451995985e-05
2017,July,Kern (MD),T6TS,Gas,IDLEX,CAT,SOx,8.402294065231034e-07
2017,July,Kern (MD),T6TS,Gas,IDLEX,CAT,TOG,0.0001916903905917633
2017,July,Kern (MD),T6TS,Gas,IDLEX,NCAT,CO,5.973500468619529e-05
2017,July,Kern (MD),T6TS,Gas,IDLEX,NCAT,NOx,5.306675642518058e-07
2017,July,Kern (MD),T6TS,Gas,IDLEX,NCAT,SOx,3.7522105953643075e-08
2017,July,Kern (MD),T6TS,Gas,IDLEX,NCAT,TOG,7.514038670485787e-06
2017,July,Kern (MD),T6TS,Gas,STREX,CAT,CO,0.018655652978047655
2017,July,Kern (MD),T6TS,Gas,STREX,CAT,NOx,0.0011009876916790885
2017,July,Kern (MD),T6TS,Gas,STREX,CAT,SOx,1.2398269265863427e-06
2017,July,Kern (MD),T6TS,Gas,STREX,CAT,PM,2.8358851824068427e-06
2017,July,Kern (MD),T6TS,Gas,STREX,CAT,TOG,0.0009134573655328704
2017,July,Kern (MD),T6TS,Gas,STREX,CAT,PM10,2.535281353071723e-06
2017,July,Kern (MD),T6TS,Gas,STREX,CAT,PM2_5,2.331097619938426e-06
2017,July,Kern (MD),T6TS,Gas,STREX,NCAT,CO,2.0903551437989204e-05
2017,July,Kern (MD),T6TS,Gas,STREX,NCAT,NOx,7.151100380294922e-05
2017,July,Kern (MD),T6TS,Gas,STREX,NCAT,SOx,1.7681369109070593e-07
2017,July,Kern (MD),T6TS,Gas,STREX,NCAT,PM,1.961758208908017e-06
2017,July,Kern (MD),T6TS,Gas,STREX,NCAT,TOG,0.0004082173344897228
2017,July,Kern (MD),T6TS,Gas,STREX,NCAT,PM10,1.8852496387606039e-06
2017,July,Kern (MD),T6TS,Gas,STREX,NCAT,PM2_5,1.7989322775686513e-06
2017,July,Kern (MD),T6TS,Gas,HOTSOAK,CAT,TOG,0.0005795462035952047
2017,July,Kern (MD),T6TS,Gas,HOTSOAK,NCAT,TOG,0.00026657886396480547
2017,July,Kern (MD),T6TS,Gas,RUNLOSS,CAT,TOG,0.0026040506826757134
2017,July,Kern (MD),T6TS,Gas,RUNLOSS,NCAT,TOG,0.0003535244624516178
2017,July,Kern (MD),T6TS,Gas,RESTLOSS,CAT,TOG,1.846826182251236e-05
2017,July,Kern (MD),T6TS,Gas,RESTLOSS,NCAT,TOG,4.177790051449098e-06
2017,July,Kern (MD),T6TS,Gas,DIURN,CAT,TOG,4.117206185778071e-05
2017,July,Kern (MD),T6TS,Gas,DIURN,NCAT,TOG,8.860578102150111e-06
2017,July,Kern (MD),T6TS,Gas,PMTW,CAT,PM,0.00011577711994556223
2017,July,Kern (MD),T6TS,Gas,PMTW,CAT,PM10,0.00011577711994556223
2017,July,Kern (MD),T6TS,Gas,PMTW,CAT,PM2_5,2.8944279986390558e-05
2017,July,Kern (MD),T6TS,Gas,PMTW,NCAT,PM,1.1906586030663334e-06
2017,July,Kern (MD),T6TS,Gas,PMTW,NCAT,PM10,1.1906586030663334e-06
2017,July,Kern (MD),T6TS,Gas,PMTW,NCAT,PM2_5,2.9766465076658336e-07
2017,July,Kern (MD),T6TS,Gas,PMBW,CAT,PM,0.001283196412729981
2017,July,Kern (MD),T6TS,Gas,PMBW,CAT,PM10,0.0012575324844753817
2017,July,Kern (MD),T6TS,Gas,PMBW,CAT,PM2_5,0.0005389424933465917
2017,July,Kern (MD),T6TS,Gas,PMBW,NCAT,PM,1.3196466183985194e-05
2017,July,Kern (MD),T6TS,Gas,PMBW,NCAT,PM10,1.2932536860305498e-05
2017,July,Kern (MD),T6TS,Gas,PMBW,NCAT,PM2_5,5.542515797273783e-06
2017,July,Kern (MD),T7IS,Gas,RUNEX,CAT,CO,0.00018706779687579874
2017,July,Kern (MD),T7IS,Gas,RUNEX,CAT,NOx,1.976078858768102e-05
2017,July,Kern (MD),T7IS,Gas,RUNEX,CAT,SOx,1.919842192441171e-07
2017,July,Kern (MD),T7IS,Gas,RUNEX,CAT,PM,1.2351677620703886e-08
2017,July,Kern (MD),T7IS,Gas,RUNEX,CAT,TOG,2.712528249339211e-06
2017,July,Kern (MD),T7IS,Gas,RUNEX,CAT,PM10,1.1042399792909278e-08
2017,July,Kern (MD),T7IS,Gas,RUNEX,CAT,PM2_5,1.0153079004218597e-08
2017,July,Kern (MD),T7IS,Gas,STREX,CAT,CO,5.610702376363857e-06
2017,July,Kern (MD),T7IS,Gas,STREX,CAT,NOx,7.023371285224675e-08
2017,July,Kern (MD),T7IS,Gas,STREX,CAT,SOx,2.4703031968109184e-10
2017,July,Kern (MD),T7IS,Gas,STREX,CAT,PM,2.0966145547059165e-10
2017,July,Kern (MD),T7IS,Gas,STREX,CAT,TOG,1.8062163778159966e-08
2017,July,Kern (MD),T7IS,Gas,STREX,CAT,PM10,1.8743734119070896e-10
2017,July,Kern (MD),T7IS,Gas,STREX,CAT,PM2_5,1.7234171639682633e-10
2017,July,Kern (MD),T7IS,Gas,HOTSOAK,CAT,TOG,4.864135868440281e-09
2017,July,Kern (MD),T7IS,Gas,RUNLOSS,CAT,TOG,3.2927881161740916e-09
2017,July,Kern (MD),T7IS,Gas,RESTLOSS,CAT,TOG,1.7169682764333576e-10
2017,July,Kern (MD),T7IS,Gas,DIURN,CAT,TOG,3.4126833402763697e-10
2017,July,Kern (MD),T7IS,Gas,PMTW,CAT,PM,2.0221617697169787e-07
2017,July,Kern (MD),T7IS,Gas,PMTW,CAT,PM10,2.0221617697169787e-07
2017,July,Kern (MD),T7IS,Gas,PMTW,CAT,PM2_5,5.055404424292447e-08
2017,July,Kern (MD),T7IS,Gas,PMBW,CAT,PM,6.369809574608482e-07
2017,July,Kern (MD),T7IS,Gas,PMBW,CAT,PM10,6.242413383116314e-07
2017,July,Kern (MD),T7IS,Gas,PMBW,CAT,PM2_5,2.675320021335563e-07
2017,July,Kern (MD),LDT1,Dsl,RUNEX,DSL,CO,0.00018592769654626355
2017,July,Kern (MD),LDT1,Dsl,RUNEX,DSL,NOx,0.00019312164975957282
2017,July,Kern (MD),LDT1,Dsl,RUNEX,DSL,SOx,6.644539943927713e-07
2017,July,Kern (MD),LDT1,Dsl,RUNEX,DSL,PM,3.164154434226128e-05
2017,July,Kern (MD),LDT1,Dsl,RUNEX,DSL,TOG,3.98659651012529e-05
2017,July,Kern (MD),LDT1,Dsl,RUNEX,DSL,PM10,3.145169507620769e-05
2017,July,Kern (MD),LDT1,Dsl,RUNEX,DSL,PM2_5,3.009110866949048e-05
2017,July,Kern (MD),LDT1,Dsl,PMTW,DSL,PM,1.2792428553164986e-06
2017,July,Kern (MD),LDT1,Dsl,PMTW,DSL,PM10,1.2792428553164986e-06
2017,July,Kern (MD),LDT1,Dsl,PMTW,DSL,PM2_5,3.1981071382912465e-07
2017,July,Kern (MD),LDT1,Dsl,PMBW,DSL,PM,5.9964508842960865e-06
2017,July,Kern (MD),LDT1,Dsl,PMBW,DSL,PM10,5.8765218666101685e-06
2017,July,Kern (MD),LDT1,Dsl,PMBW,DSL,PM2_5,2.5185093714043556e-06
2017,July,Kern (MD),LDT2,Dsl,RUNEX,DSL,CO,0.0005729428104691825
2017,July,Kern (MD),LDT2,Dsl,RUNEX,DSL,NOx,0.00042530854739093553
2017,July,Kern (MD),LDT2,Dsl,RUNEX,DSL,SOx,9.736395001005393e-06
2017,July,Kern (MD),LDT2,Dsl,RUNEX,DSL,PM,5.297101269930382e-05
2017,July,Kern (MD),LDT2,Dsl,RUNEX,DSL,TOG,0.00010185454253875229
2017,July,Kern (MD),LDT2,Dsl,RUNEX,DSL,PM10,5.2653186623107964e-05
2017,July,Kern (MD),LDT2,Dsl,RUNEX,DSL,PM2_5,5.0375433077037934e-05
2017,July,Kern (MD),LDT2,Dsl,PMTW,DSL,PM,2.626465752070694e-05
2017,July,Kern (MD),LDT2,Dsl,PMTW,DSL,PM10,2.626465752070694e-05
2017,July,Kern (MD),LDT2,Dsl,PMTW,DSL,PM2_5,6.566164380176735e-06
2017,July,Kern (MD),LDT2,Dsl,PMBW,DSL,PM,0.0001231155821283138
2017,July,Kern (MD),LDT2,Dsl,PMBW,DSL,PM10,0.00012065327048574746
2017,July,Kern (MD),LDT2,Dsl,PMBW,DSL,PM2_5,5.1708544493891774e-05
2017,July,Kern (MD),MDV,Dsl,RUNEX,DSL,CO,0.004418976809309066
2017,July,Kern (MD),MDV,Dsl,RUNEX,DSL,NOx,0.002671684257208727
2017,July,Kern (MD),MDV,Dsl,RUNEX,DSL,SOx,8.177135522223302e-05
2017,July,Kern (MD),MDV,Dsl,RUNEX,DSL,PM,0.00018620235791294977
2017,July,Kern (MD),MDV,Dsl,RUNEX,DSL,TOG,0.0003709379636923673
2017,July,Kern (MD),MDV,Dsl,RUNEX,DSL,PM10,0.00018508514376547208
2017,July,Kern (MD),MDV,Dsl,RUNEX,DSL,PM2_5,0.0001770784423752155
2017,July,Kern (MD),MDV,Dsl,PMTW,DSL,PM,0.0001665972037990067
2017,July,Kern (MD),MDV,Dsl,PMTW,DSL,PM10,0.0001665972037990067
2017,July,Kern (MD),MDV,Dsl,PMTW,DSL,PM2_5,4.164930094975167e-05
2017,July,Kern (MD),MDV,Dsl,PMBW,DSL,PM,0.000780924392807844
2017,July,Kern (MD),MDV,Dsl,PMBW,DSL,PM10,0.0007653059049516868
2017,July,Kern (MD),MDV,Dsl,PMBW,DSL,PM2_5,0.00032798824497929415
2017,July,Kern (MD),LHD1,Dsl,RUNEX,DSL,CO,0.16136576033433644
2017,July,Kern (MD),LHD1,Dsl,RUNEX,DSL,NOx,0.6470121457885561
2017,July,Kern (MD),LHD1,Dsl,RUNEX,DSL,SOx,0.000874012241296744
2017,July,Kern (MD),LHD1,Dsl,RUNEX,DSL,PM,0.006877386613655488
2017,July,Kern (MD),LHD1,Dsl,RUNEX,DSL,TOG,0.040317091769137385
2017,July,Kern (MD),LHD1,Dsl,RUNEX,DSL,PM10,0.006836122293973555
2017,July,Kern (MD),LHD1,Dsl,RUNEX,DSL,PM2_5,0.006540394669586362
2017,July,Kern (MD),LHD1,Dsl,IDLEX,DSL,CO,0.0039219668718004355
2017,July,Kern (MD),LHD1,Dsl,IDLEX,DSL,NOx,0.01108104229957022
2017,July,Kern (MD),LHD1,Dsl,IDLEX,DSL,SOx,5.797329710599381e-06
2017,July,Kern (MD),LHD1,Dsl,IDLEX,DSL,PM,0.00012657303569629967
2017,July,Kern (MD),LHD1,Dsl,IDLEX,DSL,TOG,0.0005386849116222644
2017,July,Kern (MD),LHD1,Dsl,IDLEX,DSL,PM10,0.00012581359748212184
2017,July,Kern (MD),LHD1,Dsl,IDLEX,DSL,PM2_5,0.00012037095694718099
2017,July,Kern (MD),LHD1,Dsl,PMTW,DSL,PM,0.0018575981150166653
2017,July,Kern (MD),LHD1,Dsl,PMTW,DSL,PM10,0.0018575981150166653
2017,July,Kern (MD),LHD1,Dsl,PMTW,DSL,PM2_5,0.0004643995287541663
2017,July,Kern (MD),LHD1,Dsl,PMBW,DSL,PM,0.012074387747608335
2017,July,Kern (MD),LHD1,Dsl,PMBW,DSL,PM10,0.011832899992656175
2017,July,Kern (MD),LHD1,Dsl,PMBW,DSL,PM2_5,0.005071242853995501
2017,July,Kern (MD),LHD2,Dsl,RUNEX,DSL,CO,0.04640549390889148
2017,July,Kern (MD),LHD2,Dsl,RUNEX,DSL,NOx,0.1583870740720083
2017,July,Kern (MD),LHD2,Dsl,RUNEX,DSL,SOx,0.00033915838452367575
2017,July,Kern (MD),LHD2,Dsl,RUNEX,DSL,PM,0.001833921614157651
2017,July,Kern (MD),LHD2,Dsl,RUNEX,DSL,TOG,0.011710750555747438
2017,July,Kern (MD),LHD2,Dsl,RUNEX,DSL,PM10,0.0018229180844727064
2017,July,Kern (MD),LHD2,Dsl,RUNEX,DSL,PM2_5,0.0017440594550639282
2017,July,Kern (MD),LHD2,Dsl,IDLEX,DSL,CO,0.001260470347747902
2017,July,Kern (MD),LHD2,Dsl,IDLEX,DSL,NOx,0.003559199081354056
2017,July,Kern (MD),LHD2,Dsl,IDLEX,DSL,SOx,2.9816892619028775e-06
2017,July,Kern (MD),LHD2,Dsl,IDLEX,DSL,PM,3.833810865988977e-05
2017,July,Kern (MD),LHD2,Dsl,IDLEX,DSL,TOG,0.00017312648986434685
2017,July,Kern (MD),LHD2,Dsl,IDLEX,DSL,PM10,3.810808000793044e-05
2017,July,Kern (MD),LHD2,Dsl,IDLEX,DSL,PM2_5,3.64595413355552e-05
2017,July,Kern (MD),LHD2,Dsl,PMTW,DSL,PM,0.0006435343158968909
2017,July,Kern (MD),LHD2,Dsl,PMTW,DSL,PM10,0.0006435343158968909
2017,July,Kern (MD),LHD2,Dsl,PMTW,DSL,PM2_5,0.00016088357897422272
2017,July,Kern (MD),LHD2,Dsl,PMBW,DSL,PM,0.004880135228884761
2017,July,Kern (MD),LHD2,Dsl,PMBW,DSL,PM10,0.004782532524307063
2017,July,Kern (MD),LHD2,Dsl,PMBW,DSL,PM2_5,0.0020496567961315972
2017,July,Kern (MD),LDT1,Elec,HOTSOAK,CAT,TOG,2.699997841736303e-08
2017,July,Kern (MD),LDT1,Elec,RESTLOSS,CAT,TOG,3.579269325816145e-08
2017,July,Kern (MD),LDT1,Elec,DIURN,CAT,TOG,7.179865813999813e-08
2017,July,Kern (MD),LDT1,Elec,PMTW,CAT,PM,3.4102006165614987e-07
2017,July,Kern (MD),LDT1,Elec,PMTW,CAT,PM10,3.4102006165614987e-07
2017,July,Kern (MD),LDT1,Elec,PMTW,CAT,PM2_5,8.525501541403747e-08
2017,July,Kern (MD),LDT1,Elec,PMBW,CAT,PM,1.5985315390132027e-06
2017,July,Kern (MD),LDT1,Elec,PMBW,CAT,PM10,1.5665609082329383e-06
2017,July,Kern (MD),LDT1,Elec,PMBW,CAT,PM2_5,6.713832463855452e-07
2017,July,Kern (MD),LDT2,Elec,HOTSOAK,CAT,TOG,4.93212715090291e-07
2017,July,Kern (MD),LDT2,Elec,RESTLOSS,CAT,TOG,6.538305753199895e-07
2017,July,Kern (MD),LDT2,Elec,DIURN,CAT,TOG,1.3115570158491502e-06
2017,July,Kern (MD),LDT2,Elec,PMTW,CAT,PM,5.883206558902979e-06
2017,July,Kern (MD),LDT2,Elec,PMTW,CAT,PM10,5.883206558902979e-06
2017,July,Kern (MD),LDT2,Elec,PMTW,CAT,PM2_5,1.4708016397257447e-06
2017,July,Kern (MD),LDT2,Elec,PMBW,CAT,PM,2.757753074485771e-05
2017,July,Kern (MD),LDT2,Elec,PMBW,CAT,PM10,2.7025980129960557e-05
2017,July,Kern (MD),LDT2,Elec,PMBW,CAT,PM2_5,1.158256291284024e-05
2017,July,Kern (MD),MDV,Elec,HOTSOAK,CAT,TOG,6.968871514289819e-08
2017,July,Kern (MD),MDV,Elec,RESTLOSS,CAT,TOG,9.238328883481967e-08
2017,July,Kern (MD),MDV,Elec,DIURN,CAT,TOG,1.8531704571819185e-07
2017,July,Kern (MD),MDV,Elec,PMTW,CAT,PM,8.312703494174185e-07
2017,July,Kern (MD),MDV,Elec,PMTW,CAT,PM10,8.312703494174185e-07
2017,July,Kern (MD),MDV,Elec,PMTW,CAT,PM2_5,2.0781758735435462e-07
2017,July,Kern (MD),MDV,Elec,PMBW,CAT,PM,3.896579762894149e-06
2017,July,Kern (MD),MDV,Elec,PMBW,CAT,PM10,3.818648167636266e-06
2017,July,Kern (MD),MDV,Elec,PMBW,CAT,PM2_5,1.6365635004155424e-06
2017,July,Kern (MD),SBUS,Gas,RUNEX,CAT,CO,0.0022539840538637404
2017,July,Kern (MD),SBUS,Gas,RUNEX,CAT,NOx,0.0004112232117273602
2017,July,Kern (MD),SBUS,Gas,RUNEX,CAT,SOx,6.51035491440975e-06
2017,July,Kern (MD),SBUS,Gas,RUNEX,CAT,PM,2.856337692665147e-06
2017,July,Kern (MD),SBUS,Gas,RUNEX,CAT,TOG,0.00015278236375757906
2017,July,Kern (MD),SBUS,Gas,RUNEX,CAT,PM10,2.553565897242641e-06
2017,July,Kern (MD),SBUS,Gas,RUNEX,CAT,PM2_5,2.3479095833707515e-06
2017,July,Kern (MD),SBUS,Gas,IDLEX,CAT,CO,0.0006723556689111585
2017,July,Kern (MD),SBUS,Gas,IDLEX,CAT,NOx,7.579723325527961e-06
2017,July,Kern (MD),SBUS,Gas,IDLEX,CAT,SOx,2.2018071370059148e-07
2017,July,Kern (MD),SBUS,Gas,IDLEX,CAT,TOG,0.00012610039838990933
2017,July,Kern (MD),SBUS,Gas,STREX,CAT,CO,0.00019625629826306717
2017,July,Kern (MD),SBUS,Gas,STREX,CAT,NOx,1.93832904834454e-05
2017,July,Kern (MD),SBUS,Gas,STREX,CAT,SOx,1.498555951028653e-08
2017,July,Kern (MD),SBUS,Gas,STREX,CAT,PM,4.5433539512137663e-08
2017,July,Kern (MD),SBUS,Gas,STREX,CAT,TOG,1.0169231741329469e-05
2017,July,Kern (MD),SBUS,Gas,STREX,CAT,PM10,4.061758432385108e-08
2017,July,Kern (MD),SBUS,Gas,STREX,CAT,PM2_5,3.734636947897717e-08
2017,July,Kern (MD),SBUS,Gas,HOTSOAK,CAT,TOG,9.20573687623015e-06
2017,July,Kern (MD),SBUS,Gas,RUNLOSS,CAT,TOG,9.563853734537175e-05
2017,July,Kern (MD),SBUS,Gas,RESTLOSS,CAT,TOG,7.773664353375208e-07
2017,July,Kern (MD),SBUS,Gas,DIURN,CAT,TOG,2.4963326752740297e-06
2017,July,Kern (MD),SBUS,Gas,PMTW,CAT,PM,5.850332866974838e-06
2017,July,Kern (MD),SBUS,Gas,PMTW,CAT,PM10,5.850332866974838e-06
2017,July,Kern (MD),SBUS,Gas,PMTW,CAT,PM2_5,1.4625832167437094e-06
2017,July,Kern (MD),SBUS,Gas,PMBW,CAT,PM,0.0005557816150496931
2017,July,Kern (MD),SBUS,Gas,PMBW,CAT,PM10,0.0005446659827486998
2017,July,Kern (MD),SBUS,Gas,PMBW,CAT,PM2_5,0.00023342827832087125
2017,July,Kern (MD),OBUS,Gas,RUNEX,CAT,CO,0.014461799426547099
2017,July,Kern (MD),OBUS,Gas,RUNEX,CAT,NOx,0.004323488083965794
2017,July,Kern (MD),OBUS,Gas,RUNEX,CAT,SOx,9.605332662385663e-05
2017,July,Kern (MD),OBUS,Gas,RUNEX,CAT,PM,5.156789371435814e-06
2017,July,Kern (MD),OBUS,Gas,RUNEX,CAT,TOG,0.0009169964123286609
2017,July,Kern (MD),OBUS,Gas,RUNEX,CAT,PM10,4.610169698063622e-06
2017,July,Kern (MD),OBUS,Gas,RUNEX,CAT,PM2_5,4.238880863320247e-06
2017,July,Kern (MD),OBUS,Gas,RUNEX,NCAT,CO,0.0029322542253339867
2017,July,Kern (MD),OBUS,Gas,RUNEX,NCAT,NOx,8.085194918165437e-05
2017,July,Kern (MD),OBUS,Gas,RUNEX,NCAT,SOx,4.173395841669721e-07
2017,July,Kern (MD),OBUS,Gas,RUNEX,NCAT,PM,8.238417462974355e-07
2017,July,Kern (MD),OBUS,Gas,RUNEX,NCAT,TOG,0.00013222976255834648
2017,July,Kern (MD),OBUS,Gas,RUNEX,NCAT,PM10,7.917119181918353e-07
2017,July,Kern (MD),OBUS,Gas,RUNEX,NCAT,PM2_5,7.554628813547483e-07
2017,July,Kern (MD),OBUS,Gas,IDLEX,CAT,CO,0.00036276066403108587
2017,July,Kern (MD),OBUS,Gas,IDLEX,CAT,NOx,4.087543156225591e-06
2017,July,Kern (MD),OBUS,Gas,IDLEX,CAT,SOx,2.454472320674278e-07
2017,July,Kern (MD),OBUS,Gas,IDLEX,CAT,TOG,6.826730403382641e-05
2017,July,Kern (MD),OBUS,Gas,IDLEX,NCAT,CO,5.845967376733427e-06
2017,July,Kern (MD),OBUS,Gas,IDLEX,NCAT,NOx,6.61074642620035e-08
2017,July,Kern (MD),OBUS,Gas,IDLEX,NCAT,SOx,4.418185890692607e-09
2017,July,Kern (MD),OBUS,Gas,IDLEX,NCAT,TOG,1.0507640519484672e-06
2017,July,Kern (MD),OBUS,Gas,STREX,CAT,CO,0.0042698473072677896
2017,July,Kern (MD),OBUS,Gas,STREX,CAT,NOx,0.00039831752006567203
2017,July,Kern (MD),OBUS,Gas,STREX,CAT,SOx,3.434497077584729e-07
2017,July,Kern (MD),OBUS,Gas,STREX,CAT,PM,3.5551072807826694e-07
2017,July,Kern (MD),OBUS,Gas,STREX,CAT,TOG,0.0002356121136128074
2017,July,Kern (MD),OBUS,Gas,STREX,CAT,PM10,3.1782659090197034e-07
2017,July,Kern (MD),OBUS,Gas,STREX,CAT,PM2_5,2.9222981848033496e-07
2017,July,Kern (MD),OBUS,Gas,STREX,NCAT,CO,3.565224663429278e-06
2017,July,Kern (MD),OBUS,Gas,STREX,NCAT,NOx,1.156358875816772e-05
2017,July,Kern (MD),OBUS,Gas,STREX,NCAT,SOx,2.887307592703878e-08
2017,July,Kern (MD),OBUS,Gas,STREX,NCAT,PM,3.451622535080234e-07
2017,July,Kern (MD),OBUS,Gas,STREX,NCAT,TOG,6.771077383492654e-05
2017,July,Kern (MD),OBUS,Gas,STREX,NCAT,PM10,3.317009256212106e-07
2017,July,Kern (MD),OBUS,Gas,STREX,NCAT,PM2_5,3.165137864668575e-07
2017,July,Kern (MD),OBUS,Gas,HOTSOAK,CAT,TOG,4.900446753981614e-05
2017,July,Kern (MD),OBUS,Gas,HOTSOAK,NCAT,TOG,1.593809031830532e-05
2017,July,Kern (MD),OBUS,Gas,RUNLOSS,CAT,TOG,0.0005145143707130128
2017,July,Kern (MD),OBUS,Gas,RUNLOSS,NCAT,TOG,4.8706464901025836e-05
2017,July,Kern (MD),OBUS,Gas,RESTLOSS,CAT,TOG,3.905821835989001e-06
2017,July,Kern (MD),OBUS,Gas,RESTLOSS,NCAT,TOG,7.843990000918986e-07
2017,July,Kern (MD),OBUS,Gas,DIURN,CAT,TOG,1.0239024213941825e-05
2017,July,Kern (MD),OBUS,Gas,DIURN,NCAT,TOG,2.179512202157278e-06
2017,July,Kern (MD),OBUS,Gas,PMTW,CAT,PM,6.164963739111093e-05
2017,July,Kern (MD),OBUS,Gas,PMTW,CAT,PM10,6.164963739111093e-05
2017,July,Kern (MD),OBUS,Gas,PMTW,CAT,PM2_5,1.541240934777773e-05
2017,July,Kern (MD),OBUS,Gas,PMTW,NCAT,PM,2.3545086510736245e-07
2017,July,Kern (MD),OBUS,Gas,PMTW,NCAT,PM10,2.3545086510736245e-07
2017,July,Kern (MD),OBUS,Gas,PMTW,NCAT,PM2_5,5.8862716276840613e-08
2017,July,Kern (MD),OBUS,Gas,PMBW,CAT,PM,0.0006832834810848122
2017,July,Kern (MD),OBUS,Gas,PMBW,CAT,PM10,0.0006696178114631165
2017,July,Kern (MD),OBUS,Gas,PMBW,CAT,PM2_5,0.00028697906205562114
2017,July,Kern (MD),OBUS,Gas,PMBW,NCAT,PM,2.6095804216066e-06
2017,July,Kern (MD),OBUS,Gas,PMBW,NCAT,PM10,2.5573888131744683e-06
2017,July,Kern (MD),OBUS,Gas,PMBW,NCAT,PM2_5,1.0960237770747722e-06
2017,July,Kern (MD),MCY,Gas,RUNEX,CAT,CO,0.4804967037028158
2017,July,Kern (MD),MCY,Gas,RUNEX,CAT,NOx,0.032356933968675894
2017,July,Kern (MD),MCY,Gas,RUNEX,CAT,SOx,7.311297466825102e-05
2017,July,Kern (MD),MCY,Gas,RUNEX,CAT,PM,4.5241861159768166e-05
2017,July,Kern (MD),MCY,Gas,RUNEX,CAT,TOG,0.07488457702085842
2017,July,Kern (MD),MCY,Gas,RUNEX,CAT,PM10,4.1795932537416315e-05
2017,July,Kern (MD),MCY,Gas,RUNEX,CAT,PM2_5,3.910257588460467e-05
2017,July,Kern (MD),MCY,Gas,RUNEX,NCAT,CO,1.4581789710350601
2017,July,Kern (MD),MCY,Gas,RUNEX,NCAT,NOx,0.0481931215668467
2017,July,Kern (MD),MCY,Gas,RUNEX,NCAT,SOx,8.928093421889503e-05
2017,July,Kern (MD),MCY,Gas,RUNEX,NCAT,PM,0.00010012923873125014
2017,July,Kern (MD),MCY,Gas,RUNEX,NCAT,TOG,0.13817106990232134
2017,July,Kern (MD),MCY,Gas,RUNEX,NCAT,PM10,9.487448976014775e-05
2017,July,Kern (MD),MCY,Gas,RUNEX,NCAT,PM2_5,8.990474590528102e-05
2017,July,Kern (MD),MCY,Gas,STREX,CAT,CO,0.0236010299223489
2017,July,Kern (MD),MCY,Gas,STREX,CAT,NOx,0.0009908737349715085
2017,July,Kern (MD),MCY,Gas,STREX,CAT,SOx,2.333493991483071e-06
2017,July,Kern (MD),MCY,Gas,STREX,CAT,PM,7.942448313201506e-06
2017,July,Kern (MD),MCY,Gas,STREX,CAT,TOG,0.006257547965014023
2017,July,Kern (MD),MCY,Gas,STREX,CAT,PM10,7.375672462178736e-06
2017,July,Kern (MD),MCY,Gas,STREX,CAT,PM2_5,6.918793239821419e-06
2017,July,Kern (MD),MCY,Gas,STREX,NCAT,CO,0.07618910826396491
2017,July,Kern (MD),MCY,Gas,STREX,NCAT,NOx,0.002063665038442264
2017,July,Kern (MD),MCY,Gas,STREX,NCAT,SOx,5.3102385557542835e-06
2017,July,Kern (MD),MCY,Gas,STREX,NCAT,PM,4.750511274005596e-05
2017,July,Kern (MD),MCY,Gas,STREX,NCAT,TOG,0.016856844556486388
2017,July,Kern (MD),MCY,Gas,STREX,NCAT,PM10,4.537728967301717e-05
2017,July,Kern (MD),MCY,Gas,STREX,NCAT,PM2_5,4.3172087656261494e-05
2017,July,Kern (MD),MCY,Gas,HOTSOAK,CAT,TOG,0.0029947859644108483
2017,July,Kern (MD),MCY,Gas,HOTSOAK,NCAT,TOG,0.015335559784379314
2017,July,Kern (MD),MCY,Gas,RUNLOSS,CAT,TOG,0.0042099592976958655
2017,July,Kern (MD),MCY,Gas,RUNLOSS,NCAT,TOG,0.03256521244021468
2017,July,Kern (MD),MCY,Gas,RESTLOSS,CAT,TOG,0.0058081001700758025
2017,July,Kern (MD),MCY,Gas,RESTLOSS,NCAT,TOG,0.021547797931764538
2017,July,Kern (MD),MCY,Gas,DIURN,CAT,TOG,0.009475831155097552
2017,July,Kern (MD),MCY,Gas,DIURN,NCAT,TOG,0.03569818479236938
2017,July,Kern (MD),MCY,Gas,PMTW,CAT,PM,0.0001410207610445667
2017,July,Kern (MD),MCY,Gas,PMTW,CAT,PM10,0.0001410207610445667
2017,July,Kern (MD),MCY,Gas,PMTW,CAT,PM2_5,3.5255190261141674e-05
2017,July,Kern (MD),MCY,Gas,PMTW,NCAT,PM,0.00016611793545996632
2017,July,Kern (MD),MCY,Gas,PMTW,NCAT,PM10,0.00016611793545996632
2017,July,Kern (MD),MCY,Gas,PMTW,NCAT,PM2_5,4.152948386499158e-05
2017,July,Kern (MD),MCY,Gas,PMBW,CAT,PM,0.0004230622831336998
2017,July,Kern (MD),MCY,Gas,PMBW,CAT,PM10,0.00041460103747102597
2017,July,Kern (MD),MCY,Gas,PMBW,CAT,PM2_5,0.00017768615891615422
2017,July,Kern (MD),MCY,Gas,PMBW,NCAT,PM,0.0004983538063798987
2017,July,Kern (MD),MCY,Gas,PMBW,NCAT,PM10,0.0004883867302523013
2017,July,Kern (MD),MCY,Gas,PMBW,NCAT,PM2_5,0.0002093085986795577
2017,July,Kern (MD),MH,Gas,RUNEX,CAT,CO,0.05417321461797745
2017,July,Kern (MD),MH,Gas,RUNEX,CAT,NOx,0.008716344505599653
2017,July,Kern (MD),MH,Gas,RUNEX,CAT,SOx,0.00021134787398396332
2017,July,Kern (MD),MH,Gas,RUNEX,CAT,PM,3.2636761962166936e-05
2017,July,Kern (MD),MH,Gas,RUNEX,CAT,TOG,0.0028068106078959357
2017,July,Kern (MD),MH,Gas,RUNEX,CAT,PM10,2.9177265194177238e-05
2017,July,Kern (MD),MH,Gas,RUNEX,CAT,PM2_5,2.6827418332901186e-05
2017,July,Kern (MD),MH,Gas,RUNEX,NCAT,CO,0.006451565384467858
2017,July,Kern (MD),MH,Gas,RUNEX,NCAT,NOx,0.00016218191237464704
2017,July,Kern (MD),MH,Gas,RUNEX,NCAT,SOx,9.105805555821365e-07
2017,July,Kern (MD),MH,Gas,RUNEX,NCAT,PM,1.7959613403243513e-06
2017,July,Kern (MD),MH,Gas,RUNEX,NCAT,TOG,0.0002834186330291652
2017,July,Kern (MD),MH,Gas,RUNEX,NCAT,PM10,1.7259188480517012e-06
2017,July,Kern (MD),MH,Gas,RUNEX,NCAT,PM2_5,1.6468965490774304e-06
2017,July,Kern (MD),MH,Gas,STREX,CAT,CO,0.00046316437072585086
2017,July,Kern (MD),MH,Gas,STREX,CAT,NOx,3.930935677684138e-05
2017,July,Kern (MD),MH,Gas,STREX,CAT,SOx,3.6794383728334413e-08
2017,July,Kern (MD),MH,Gas,STREX,CAT,PM,7.679313245465538e-08
2017,July,Kern (MD),MH,Gas,STREX,CAT,TOG,2.355434238143959e-05
2017,July,Kern (MD),MH,Gas,STREX,CAT,PM10,6.865306041446201e-08
2017,July,Kern (MD),MH,Gas,STREX,CAT,PM2_5,6.312395487772692e-08
2017,July,Kern (MD),MH,Gas,STREX,NCAT,CO,1.4077793934941706e-07
2017,July,Kern (MD),MH,Gas,STREX,NCAT,NOx,4.552320420726126e-07
2017,July,Kern (MD),MH,Gas,STREX,NCAT,SOx,1.1382630463515916e-09
2017,July,Kern (MD),MH,Gas,STREX,NCAT,PM,1.3594022369581205e-08
2017,July,Kern (MD),MH,Gas,STREX,NCAT,TOG,2.7034584046446564e-06
2017,July,Kern (MD),MH,Gas,STREX,NCAT,PM10,1.306385549716754e-08
2017,July,Kern (MD),MH,Gas,STREX,NCAT,PM2_5,1.2465718512905968e-08
2017,July,Kern (MD),MH,Gas,HOTSOAK,CAT,TOG,2.2425565460624264e-05
2017,July,Kern (MD),MH,Gas,HOTSOAK,NCAT,TOG,6.236517919955079e-07
2017,July,Kern (MD),MH,Gas,RUNLOSS,CAT,TOG,0.0004363330988577934
2017,July,Kern (MD),MH,Gas,RUNLOSS,NCAT,TOG,3.126329027925461e-06
2017,July,Kern (MD),MH,Gas,RESTLOSS,CAT,TOG,0.00022351473342595906
2017,July,Kern (MD),MH,Gas,RESTLOSS,NCAT,TOG,5.93376750360465e-06
2017,July,Kern (MD),MH,Gas,DIURN,CAT,TOG,0.0006997581989183453
2017,July,Kern (MD),MH,Gas,DIURN,NCAT,TOG,1.6945486454861457e-05
2017,July,Kern (MD),MH,Gas,PMTW,CAT,PM,0.00013591002360087775
2017,July,Kern (MD),MH,Gas,PMTW,CAT,PM10,0.00013591002360087775
2017,July,Kern (MD),MH,Gas,PMTW,CAT,PM2_5,3.397750590021944e-05
2017,July,Kern (MD),MH,Gas,PMTW,NCAT,PM,5.13278980070135e-07
2017,July,Kern (MD),MH,Gas,PMTW,NCAT,PM10,5.13278980070135e-07
2017,July,Kern (MD),MH,Gas,PMTW,NCAT,PM2_5,1.2831974501753374e-07
2017,July,Kern (MD),MH,Gas,PMBW,CAT,PM,0.0015063360949097288
2017,July,Kern (MD),MH,Gas,PMBW,CAT,PM10,0.0014762093730115318
2017,July,Kern (MD),MH,Gas,PMBW,CAT,PM2_5,0.0006326611598620849
2017,July,Kern (MD),MH,Gas,PMBW,NCAT,PM,5.68884202911066e-06
2017,July,Kern (MD),MH,Gas,PMBW,NCAT,PM10,5.575065188528452e-06
2017,July,Kern (MD),MH,Gas,PMBW,NCAT,PM2_5,2.3893136522264794e-06
2017,July,Kern (MD),MH,Dsl,RUNEX,DSL,CO,0.0021326720590671647
2017,July,Kern (MD),MH,Dsl,RUNEX,DSL,NOx,0.02184632691571228
2017,July,Kern (MD),MH,Dsl,RUNEX,DSL,SOx,3.562549317531934e-05
2017,July,Kern (MD),MH,Dsl,RUNEX,DSL,PM,0.0006152886706724459
2017,July,Kern (MD),MH,Dsl,RUNEX,DSL,TOG,0.0006320357895492799
2017,July,Kern (MD),MH,Dsl,RUNEX,DSL,PM10,0.0006115969386484117
2017,July,Kern (MD),MH,Dsl,RUNEX,DSL,PM2_5,0.0005851395258094973
2017,July,Kern (MD),MH,Dsl,PMTW,DSL,PM,5.627735685385437e-05
2017,July,Kern (MD),MH,Dsl,PMTW,DSL,PM10,5.627735685385437e-05
2017,July,Kern (MD),MH,Dsl,PMTW,DSL,PM2_5,1.4069339213463593e-05
2017,July,Kern (MD),MH,Dsl,PMBW,DSL,PM,0.00046780552884766435
2017,July,Kern (MD),MH,Dsl,PMBW,DSL,PM10,0.0004584494182707117
2017,July,Kern (MD),MH,Dsl,PMBW,DSL,PM2_5,0.00019647832211601904
2017,July,Kern (MD),UBUS,Gas,RUNEX,CAT,CO,0.00016539756247023861
2017,July,Kern (MD),UBUS,Gas,RUNEX,CAT,NOx,0.00010380598350042943
2017,July,Kern (MD),UBUS,Gas,RUNEX,CAT,SOx,1.0219699373988858e-05
2017,July,Kern (MD),UBUS,Gas,RUNEX,CAT,PM,8.739268891407266e-07
2017,July,Kern (MD),UBUS,Gas,RUNEX,CAT,TOG,1.7119412708859522e-05
2017,July,Kern (MD),UBUS,Gas,RUNEX,CAT,PM10,7.812906388918097e-07
2017,July,Kern (MD),UBUS,Gas,RUNEX,CAT,PM2_5,7.183679028736771e-07
2017,July,Kern (MD),UBUS,Gas,STREX,CAT,CO,0.00011156075234438172
2017,July,Kern (MD),UBUS,Gas,STREX,CAT,NOx,1.659282053990252e-05
2017,July,Kern (MD),UBUS,Gas,STREX,CAT,SOx,1.571951387838894e-08
2017,July,Kern (MD),UBUS,Gas,STREX,CAT,PM,1.0112899198710828e-08
2017,July,Kern (MD),UBUS,Gas,STREX,CAT,TOG,7.112796472945542e-06
2017,July,Kern (MD),UBUS,Gas,STREX,CAT,PM10,9.04093188364748e-09
2017,July,Kern (MD),UBUS,Gas,STREX,CAT,PM2_5,8.312803141340295e-09
2017,July,Kern (MD),UBUS,Gas,HOTSOAK,CAT,TOG,7.595906256286009e-07
2017,July,Kern (MD),UBUS,Gas,RUNLOSS,CAT,TOG,2.2299109230223858e-06
2017,July,Kern (MD),UBUS,Gas,RESTLOSS,CAT,TOG,9.706676996746595e-08
2017,July,Kern (MD),UBUS,Gas,DIURN,CAT,TOG,1.7482214186204254e-07
2017,July,Kern (MD),UBUS,Gas,PMTW,CAT,PM,5.993530089361904e-06
2017,July,Kern (MD),UBUS,Gas,PMTW,CAT,PM10,5.993530089361904e-06
2017,July,Kern (MD),UBUS,Gas,PMTW,CAT,PM2_5,1.498382522340476e-06
2017,July,Kern (MD),UBUS,Gas,PMBW,CAT,PM,6.722479029113106e-05
2017,July,Kern (MD),UBUS,Gas,PMBW,CAT,PM10,6.588029448530834e-05
2017,July,Kern (MD),UBUS,Gas,PMBW,CAT,PM2_5,2.8234411922275015e-05
2017,July,Kern (MD),UBUS,Dsl,RUNEX,DSL,CO,2.5968015749554895e-05
2017,July,Kern (MD),UBUS,Dsl,RUNEX,DSL,NOx,6.652116808250616e-05
2017,July,Kern (MD),UBUS,Dsl,RUNEX,DSL,SOx,1.5116650067567917e-06
2017,July,Kern (MD),UBUS,Dsl,RUNEX,DSL,PM,9.073048530317771e-07
2017,July,Kern (MD),UBUS,Dsl,RUNEX,DSL,TOG,1.3137372802739705e-05
2017,July,Kern (MD),UBUS,Dsl,RUNEX,DSL,PM10,9.018610239135859e-07
2017,July,Kern (MD),UBUS,Dsl,RUNEX,DSL,PM2_5,8.628469152332193e-07
2017,July,Kern (MD),UBUS,Dsl,PMTW,DSL,PM,2.092232733919282e-06
2017,July,Kern (MD),UBUS,Dsl,PMTW,DSL,PM10,2.092232733919282e-06
2017,July,Kern (MD),UBUS,Dsl,PMTW,DSL,PM2_5,5.230581834798205e-07
2017,July,Kern (MD),UBUS,Dsl,PMBW,DSL,PM,2.076720023131589e-05
2017,July,Kern (MD),UBUS,Dsl,PMBW,DSL,PM10,2.0351856226689558e-05
2017,July,Kern (MD),UBUS,Dsl,PMBW,DSL,PM2_5,8.722224097152672e-06
2017,July,Kern (MD),UBUS,Elec,PMTW,CAT,PM,4.03080656732395e-08
2017,July,Kern (MD),UBUS,Elec,PMTW,CAT,PM10,4.03080656732395e-08
2017,July,Kern (MD),UBUS,Elec,PMTW,CAT,PM2_5,1.0077016418309875e-08
2017,July,Kern (MD),UBUS,Elec,PMBW,CAT,PM,4.4674772787840447e-07
2017,July,Kern (MD),UBUS,Elec,PMBW,CAT,PM10,4.3781277332083636e-07
2017,July,Kern (MD),UBUS,Elec,PMBW,CAT,PM2_5,1.8763404570892984e-07
2017,July,Kern (MD),UBUS,NG,RUNEX,DSL,CO,0.007838231035402593
2017,July,Kern (MD),UBUS,NG,RUNEX,DSL,NOx,0.00011116427097957794
2017,July,Kern (MD),UBUS,NG,RUNEX,DSL,PM,1.0238135165004298e-06
2017,July,Kern (MD),UBUS,NG,RUNEX,DSL,TOG,0.0011534352812483625
2017,July,Kern (MD),UBUS,NG,RUNEX,DSL,PM10,1.017670635401427e-06
2017,July,Kern (MD),UBUS,NG,RUNEX,DSL,PM2_5,9.736466541919088e-07
2017,July,Kern (MD),UBUS,NG,PMTW,DSL,PM,4.637234796443341e-06
2017,July,Kern (MD),UBUS,NG,PMTW,DSL,PM10,4.637234796443341e-06
2017,July,Kern (MD),UBUS,NG,PMTW,DSL,PM2_5,1.1593086991108353e-06
2017,July,Kern (MD),UBUS,NG,PMBW,DSL,PM,4.999994385054256e-05
2017,July,Kern (MD),UBUS,NG,PMBW,DSL,PM10,4.89999449735318e-05
2017,July,Kern (MD),UBUS,NG,PMBW,DSL,PM2_5,2.0999976417227887e-05
2017,July,Kern (MD),SBUS,Dsl,RUNEX,DSL,CO,0.0017272220646244504
2017,July,Kern (MD),SBUS,Dsl,RUNEX,DSL,NOx,0.038190971900262737
2017,July,Kern (MD),SBUS,Dsl,RUNEX,DSL,PM,0.00034343509015654874
2017,July,Kern (MD),SBUS,Dsl,RUNEX,DSL,PM10,0.00034137447961560914
2017,July,Kern (MD),SBUS,Dsl,RUNEX,DSL,PM2_5,0.00032660677073887795
2017,July,Kern (MD),SBUS,Dsl,IDLEX,DSL,CO,0.0007136943015479976
2017,July,Kern (MD),SBUS,Dsl,IDLEX,DSL,NOx,0.007896568621326473
2017,July,Kern (MD),SBUS,Dsl,IDLEX,DSL,PM,1.2335219648937046e-05
2017,July,Kern (MD),SBUS,Dsl,IDLEX,DSL,PM10,1.2261208331043421e-05
2017,July,Kern (MD),SBUS,Dsl,IDLEX,DSL,PM2_5,1.1730793886139129e-05
2017,July,Kern (MD),SBUS,Dsl,STREX,DSL,NOx,0.000956904892901422
2017,July,Kern (MD),SBUS,Dsl,PMTW,DSL,PM,6.069558528968253e-05
2017,July,Kern (MD),SBUS,Dsl,PMTW,DSL,PM10,6.069558528968253e-05
2017,July,Kern (MD),SBUS,Dsl,PMTW,DSL,PM2_5,1.5173896322420633e-05
2017,July,Kern (MD),SBUS,Dsl,PMBW,DSL,PM,0.0038440537350132283
2017,July,Kern (MD),SBUS,Dsl,PMBW,DSL,PM10,0.003767172660312964
2017,July,Kern (MD),SBUS,Dsl,PMBW,DSL,PM2_5,0.0016145025687055565
2017,July,Kern (MD),SBUS,Dsl,RUNEX,DSL,SOx,5.6925089660110074e-05
2017,July,Kern (MD),SBUS,Dsl,IDLEX,DSL,SOx,5.751146853152029e-06
2017,July,Kern (MD),SBUS,Dsl,RUNEX,DSL,TOG,0.0007785360295879098
2017,July,Kern (MD),SBUS,Dsl,IDLEX,DSL,TOG,6.507190775873334e-05
2017,     ,Kern (MD),LDA,Dsl,RUNEX,DSL,NH3,0.000104886
2017,     ,Kern (MD),LDA,Gas,RUNEX,CAT,NH3,0.0786338
2017,     ,Kern (MD),LDT1,Dsl,RUNEX,DSL,NH3,4.95262e-07
2017,     ,Kern (MD),LDT1,Gas,RUNEX,CAT,NH3,0.009941058
2017,     ,Kern (MD),LDT2,Dsl,RUNEX,DSL,NH3,1.01684e-05
2017,     ,Kern (MD),LDT2,Gas,RUNEX,CAT,NH3,0.034637856
2017,     ,Kern (MD),LHD1,Dsl,RUNEX,DSL,NH3,0.012944002
2017,     ,Kern (MD),LHD1,Gas,RUNEX,CAT,NH3,0.00487058
2017,     ,Kern (MD),LHD2,Dsl,RUNEX,DSL,NH3,0.00623414
2017,     ,Kern (MD),LHD2,Gas,RUNEX,CAT,NH3,0.000542349
2017,     ,Kern (MD),MCY,Gas,RUNEX,CAT,NH3,0.001199125
2017,     ,Kern (MD),MDV,Dsl,RUNEX,DSL,NH3,6.44985e-05
2017,     ,Kern (MD),MDV,Gas,RUNEX,CAT,NH3,0.025658065
2017,     ,Kern (MD),MH,Dsl,RUNEX,DSL,NH3,9.50128e-05
2017,     ,Kern (MD),MH,Gas,RUNEX,CAT,NH3,0.000499242
2017,     ,Kern (MD),OBUS,Gas,RUNEX,CAT,NH3,0.000231395
2017,     ,Kern (MD),SBUS,Gas,RUNEX,CAT,NH3,3.29239e-05
2017,     ,Kern (MD),T6TS,Gas,RUNEX,CAT,NH3,0.0004304
2017,     ,Kern (MD),T7IS,Gas,RUNEX,CAT,NH3,4.54578e-07
2017,     ,Kern (MD),UBUS,Dsl,RUNEX,DSL,NH3,3.83231e-05
2017,     ,Kern (MD),UBUS,Gas,RUNEX,CAT,NH3,2.41554e-05
2017,     ,Kern (MD),UBUS,NG,RUNEX,DSL,NH3,1.04244e-05
