calendar_year,season_month,sub_area,vehicle_class,fuel,process,cat_ncat,pollutant,emission
2017,July,Kern (SJV),LDA,Gas,RUNEX,CAT,CO,12.592807570374266
2017,July,Kern (SJV),LDA,Gas,RUNEX,CAT,NOx,0.767182994540497
2017,July,Kern (SJV),LDA,Gas,RUNEX,CAT,SOx,0.032124942757377616
2017,July,Kern (SJV),LDA,Gas,RUNEX,CAT,PM,0.014983475508479283
2017,July,Kern (SJV),LDA,Gas,RUNEX,CAT,TOG,0.3412694461112011
2017,July,Kern (SJV),LDA,Gas,RUNEX,CAT,PM10,0.013397339510095307
2017,July,Kern (SJV),LDA,Gas,RUNEX,CAT,PM2_5,0.012319412069819367
2017,July,Kern (SJV),LDA,Gas,RUNEX,NCAT,CO,0.5772078175682009
2017,July,Kern (SJV),LDA,Gas,RUNEX,NCAT,NOx,0.035618336803754064
2017,July,Kern (SJV),LDA,Gas,RUNEX,NCAT,SOx,4.112496412455682e-05
2017,July,Kern (SJV),LDA,Gas,RUNEX,NCAT,PM,0.0003631785445126061
2017,July,Kern (SJV),LDA,Gas,RUNEX,NCAT,TOG,0.039914479770465965
2017,July,Kern (SJV),LDA,Gas,RUNEX,NCAT,PM10,0.000346902175761774
2017,July,Kern (SJV),LDA,Gas,RUNEX,NCAT,PM2_5,0.0003300395234686597
2017,July,Kern (SJV),LDA,Gas,STREX,CAT,CO,2.595365924121898
2017,July,Kern (SJV),LDA,Gas,STREX,CAT,NOx,0.30577288976174954
2017,July,Kern (SJV),LDA,Gas,STREX,CAT,SOx,0.0007161247828878105
2017,July,Kern (SJV),LDA,Gas,STREX,CAT,PM,0.0026770051233626618
2017,July,Kern (SJV),LDA,Gas,STREX,CAT,TOG,0.40628068896347685
2017,July,Kern (SJV),LDA,Gas,STREX,CAT,PM10,0.002393877055412386
2017,July,Kern (SJV),LDA,Gas,STREX,CAT,PM2_5,0.0022013978403143475
2017,July,Kern (SJV),LDA,Gas,STREX,NCAT,CO,0.045961931417079493
2017,July,Kern (SJV),LDA,Gas,STREX,NCAT,NOx,0.002282464879517803
2017,July,Kern (SJV),LDA,Gas,STREX,NCAT,SOx,3.7189283980301594e-06
2017,July,Kern (SJV),LDA,Gas,STREX,NCAT,PM,9.73657802306279e-05
2017,July,Kern (SJV),LDA,Gas,STREX,NCAT,TOG,0.006586796900098314
2017,July,Kern (SJV),LDA,Gas,STREX,NCAT,PM10,9.29340396754648e-05
2017,July,Kern (SJV),LDA,Gas,STREX,NCAT,PM2_5,8.83847915612467e-05
2017,July,Kern (SJV),LDA,Gas,HOTSOAK,CAT,TOG,0.2370500004791269
2017,July,Kern (SJV),LDA,Gas,HOTSOAK,NCAT,TOG,0.008085608530884796
2017,July,Kern (SJV),LDA,Gas,RUNLOSS,CAT,TOG,0.33250203078659646
2017,July,Kern (SJV),LDA,Gas,RUNLOSS,NCAT,TOG,0.02451501119937336
2017,July,Kern (SJV),LDA,Gas,RESTLOSS,CAT,TOG,0.1801761776348749
2017,July,Kern (SJV),LDA,Gas,RESTLOSS,NCAT,TOG,0.008211074038374162
2017,July,Kern (SJV),LDA,Gas,DIURN,CAT,TOG,0.3528884571558458
2017,July,Kern (SJV),LDA,Gas,DIURN,NCAT,TOG,0.017349037269834097
2017,July,Kern (SJV),LDA,Gas,PMTW,CAT,PM,0.07745788185513099
2017,July,Kern (SJV),LDA,Gas,PMTW,CAT,PM10,0.07745788185513099
2017,July,Kern (SJV),LDA,Gas,PMTW,CAT,PM2_5,0.019364470463782747
2017,July,Kern (SJV),LDA,Gas,PMTW,NCAT,PM,4.911946780450892e-05
2017,July,Kern (SJV),LDA,Gas,PMTW,NCAT,PM10,4.911946780450892e-05
2017,July,Kern (SJV),LDA,Gas,PMTW,NCAT,PM2_5,1.227986695112723e-05
2017,July,Kern (SJV),LDA,Gas,PMBW,CAT,PM,0.3630838211959261
2017,July,Kern (SJV),LDA,Gas,PMBW,CAT,PM10,0.3558221447720078
2017,July,Kern (SJV),LDA,Gas,PMBW,CAT,PM2_5,0.1524952049022892
2017,July,Kern (SJV),LDA,Gas,PMBW,NCAT,PM,0.0002302475053336361
2017,July,Kern (SJV),LDA,Gas,PMBW,NCAT,PM10,0.00022564255522696317
2017,July,Kern (SJV),LDA,Gas,PMBW,NCAT,PM2_5,9.670395224012707e-05
2017,July,Kern (SJV),LDA,Dsl,RUNEX,DSL,CO,0.016618108192247856
2017,July,Kern (SJV),LDA,Dsl,RUNEX,DSL,NOx,0.011943237616944647
2017,July,Kern (SJV),LDA,Dsl,RUNEX,DSL,SOx,0.0001445665816962675
2017,July,Kern (SJV),LDA,Dsl,RUNEX,DSL,PM,0.001014775536400968
2017,July,Kern (SJV),LDA,Dsl,RUNEX,DSL,TOG,0.001735434035880573
2017,July,Kern (SJV),LDA,Dsl,RUNEX,DSL,PM10,0.001008686883182562
2017,July,Kern (SJV),LDA,Dsl,RUNEX,DSL,PM2_5,0.0009650515351173191
2017,July,Kern (SJV),LDA,Dsl,PMTW,DSL,PM,0.0005334512240015318
2017,July,Kern (SJV),LDA,Dsl,PMTW,DSL,PM10,0.0005334512240015318
2017,July,Kern (SJV),LDA,Dsl,PMTW,DSL,PM2_5,0.00013336280600038296
2017,July,Kern (SJV),LDA,Dsl,PMBW,DSL,PM,0.0025005526125071844
2017,July,Kern (SJV),LDA,Dsl,PMBW,DSL,PM10,0.002450541560257038
2017,July,Kern (SJV),LDA,Dsl,PMBW,DSL,PM2_5,0.0010502320972530163
2017,July,Kern (SJV),LDA,Elec,HOTSOAK,CAT,TOG,3.590190636816798e-05
2017,July,Kern (SJV),LDA,Elec,RESTLOSS,CAT,TOG,5.725022965473401e-05
2017,July,Kern (SJV),LDA,Elec,DIURN,CAT,TOG,0.00013769486631437923
2017,July,Kern (SJV),LDA,Elec,PMTW,CAT,PM,0.00042726995649153797
2017,July,Kern (SJV),LDA,Elec,PMTW,CAT,PM10,0.00042726995649153797
2017,July,Kern (SJV),LDA,Elec,PMTW,CAT,PM2_5,0.00010681748912288449
2017,July,Kern (SJV),LDA,Elec,PMBW,CAT,PM,0.0020028279210540846
2017,July,Kern (SJV),LDA,Elec,PMBW,CAT,PM10,0.001962771362633003
2017,July,Kern (SJV),LDA,Elec,PMBW,CAT,PM2_5,0.0008411877268427152
2017,July,Kern (SJV),LDT1,Gas,RUNEX,CAT,CO,3.0134864474189955
2017,July,Kern (SJV),LDT1,Gas,RUNEX,CAT,NOx,0.2443097036959308
2017,July,Kern (SJV),LDT1,Gas,RUNEX,CAT,SOx,0.0037155724524861222
2017,July,Kern (SJV),LDT1,Gas,RUNEX,CAT,PM,0.0030574612203494865
2017,July,Kern (SJV),LDT1,Gas,RUNEX,CAT,TOG,0.09920468331145245
2017,July,Kern (SJV),LDT1,Gas,RUNEX,CAT,PM10,0.002734346051744903
2017,July,Kern (SJV),LDT1,Gas,RUNEX,CAT,PM2_5,0.002514616607776293
2017,July,Kern (SJV),LDT1,Gas,RUNEX,NCAT,CO,0.19566500827628788
2017,July,Kern (SJV),LDT1,Gas,RUNEX,NCAT,NOx,0.012343667118668402
2017,July,Kern (SJV),LDT1,Gas,RUNEX,NCAT,SOx,1.4206901633561563e-05
2017,July,Kern (SJV),LDT1,Gas,RUNEX,NCAT,PM,0.00013108205765638374
2017,July,Kern (SJV),LDT1,Gas,RUNEX,NCAT,TOG,0.01395889471692088
2017,July,Kern (SJV),LDT1,Gas,RUNEX,NCAT,PM10,0.00012499413665532452
2017,July,Kern (SJV),LDT1,Gas,RUNEX,NCAT,PM2_5,0.00011881876222189292
2017,July,Kern (SJV),LDT1,Gas,STREX,CAT,CO,0.32236967943214895
2017,July,Kern (SJV),LDT1,Gas,STREX,CAT,NOx,0.055202937222651016
2017,July,Kern (SJV),LDT1,Gas,STREX,CAT,SOx,9.11932092743434e-05
2017,July,Kern (SJV),LDT1,Gas,STREX,CAT,PM,0.00054622100602063
2017,July,Kern (SJV),LDT1,Gas,STREX,CAT,TOG,0.08424514461418721
2017,July,Kern (SJV),LDT1,Gas,STREX,CAT,PM10,0.0004885393182941642
2017,July,Kern (SJV),LDT1,Gas,STREX,CAT,PM2_5,0.00044930240122677164
2017,July,Kern (SJV),LDT1,Gas,STREX,NCAT,CO,0.014021995823892963
2017,July,Kern (SJV),LDT1,Gas,STREX,NCAT,NOx,0.0006421181983924512
2017,July,Kern (SJV),LDT1,Gas,STREX,NCAT,SOx,1.0660726840917373e-06
2017,July,Kern (SJV),LDT1,Gas,STREX,NCAT,PM,2.7812610559993864e-05
2017,July,Kern (SJV),LDT1,Gas,STREX,NCAT,TOG,0.001908414461166134
2017,July,Kern (SJV),LDT1,Gas,STREX,NCAT,PM10,2.651017983643253e-05
2017,July,Kern (SJV),LDT1,Gas,STREX,NCAT,PM2_5,2.519542960570024e-05
2017,July,Kern (SJV),LDT1,Gas,HOTSOAK,CAT,TOG,0.07083058178718572
2017,July,Kern (SJV),LDT1,Gas,HOTSOAK,NCAT,TOG,0.0022413388689941356
2017,July,Kern (SJV),LDT1,Gas,RUNLOSS,CAT,TOG,0.17321146391502862
2017,July,Kern (SJV),LDT1,Gas,RUNLOSS,NCAT,TOG,0.003145935658347921
2017,July,Kern (SJV),LDT1,Gas,RESTLOSS,CAT,TOG,0.053928560994717434
2017,July,Kern (SJV),LDT1,Gas,RESTLOSS,NCAT,TOG,0.002289375988094424
2017,July,Kern (SJV),LDT1,Gas,DIURN,CAT,TOG,0.11685832706891956
2017,July,Kern (SJV),LDT1,Gas,DIURN,NCAT,TOG,0.004809172567942061
2017,July,Kern (SJV),LDT1,Gas,PMTW,CAT,PM,0.007759086317498597
2017,July,Kern (SJV),LDT1,Gas,PMTW,CAT,PM10,0.007759086317498597
2017,July,Kern (SJV),LDT1,Gas,PMTW,CAT,PM2_5,0.0019397715793746492
2017,July,Kern (SJV),LDT1,Gas,PMTW,NCAT,PM,1.7724528863170876e-05
2017,July,Kern (SJV),LDT1,Gas,PMTW,NCAT,PM10,1.7724528863170876e-05
2017,July,Kern (SJV),LDT1,Gas,PMTW,NCAT,PM2_5,4.431132215792719e-06
2017,July,Kern (SJV),LDT1,Gas,PMBW,CAT,PM,0.03637071711327468
2017,July,Kern (SJV),LDT1,Gas,PMBW,CAT,PM10,0.03564330277100918
2017,July,Kern (SJV),LDT1,Gas,PMBW,CAT,PM2_5,0.015275701187575359
2017,July,Kern (SJV),LDT1,Gas,PMBW,NCAT,PM,8.308372904611351e-05
2017,July,Kern (SJV),LDT1,Gas,PMBW,NCAT,PM10,8.142205446519126e-05
2017,July,Kern (SJV),LDT1,Gas,PMBW,NCAT,PM2_5,3.4895166199367674e-05
2017,July,Kern (SJV),LDT2,Gas,RUNEX,CAT,CO,6.590243024357023
2017,July,Kern (SJV),LDT2,Gas,RUNEX,CAT,NOx,0.612292510118323
2017,July,Kern (SJV),LDT2,Gas,RUNEX,CAT,SOx,0.014981765399509961
2017,July,Kern (SJV),LDT2,Gas,RUNEX,CAT,PM,0.006054776322149251
2017,July,Kern (SJV),LDT2,Gas,RUNEX,CAT,TOG,0.19055298275746174
2017,July,Kern (SJV),LDT2,Gas,RUNEX,CAT,PM10,0.005415056916279001
2017,July,Kern (SJV),LDT2,Gas,RUNEX,CAT,PM2_5,0.004979985151827124
2017,July,Kern (SJV),LDT2,Gas,RUNEX,NCAT,CO,0.32490846412983226
2017,July,Kern (SJV),LDT2,Gas,RUNEX,NCAT,NOx,0.02107217177321409
2017,July,Kern (SJV),LDT2,Gas,RUNEX,NCAT,SOx,2.4047833528770957e-05
2017,July,Kern (SJV),LDT2,Gas,RUNEX,NCAT,PM,0.00022222932739462818
2017,July,Kern (SJV),LDT2,Gas,RUNEX,NCAT,TOG,0.024359406240332712
2017,July,Kern (SJV),LDT2,Gas,RUNEX,NCAT,PM10,0.0002114754993486683
2017,July,Kern (SJV),LDT2,Gas,RUNEX,NCAT,PM2_5,0.00020082527820043975
2017,July,Kern (SJV),LDT2,Gas,STREX,CAT,CO,1.270674389599653
2017,July,Kern (SJV),LDT2,Gas,STREX,CAT,NOx,0.2080494667667754
2017,July,Kern (SJV),LDT2,Gas,STREX,CAT,SOx,0.0003552511705438475
2017,July,Kern (SJV),LDT2,Gas,STREX,CAT,PM,0.0010712603179142454
2017,July,Kern (SJV),LDT2,Gas,STREX,CAT,TOG,0.21580639898228612
2017,July,Kern (SJV),LDT2,Gas,STREX,CAT,PM10,0.0009581675883605367
2017,July,Kern (SJV),LDT2,Gas,STREX,CAT,PM2_5,0.0008812294454119895
2017,July,Kern (SJV),LDT2,Gas,STREX,NCAT,CO,0.02387173607894662
2017,July,Kern (SJV),LDT2,Gas,STREX,NCAT,NOx,0.0010645872608727209
2017,July,Kern (SJV),LDT2,Gas,STREX,NCAT,SOx,1.7794984876763708e-06
2017,July,Kern (SJV),LDT2,Gas,STREX,NCAT,PM,4.6787514500692794e-05
2017,July,Kern (SJV),LDT2,Gas,STREX,NCAT,TOG,0.0033005606635032004
2017,July,Kern (SJV),LDT2,Gas,STREX,NCAT,PM10,4.450193728996301e-05
2017,July,Kern (SJV),LDT2,Gas,STREX,NCAT,PM2_5,4.225068671065374e-05
2017,July,Kern (SJV),LDT2,Gas,HOTSOAK,CAT,TOG,0.11434438090449071
2017,July,Kern (SJV),LDT2,Gas,HOTSOAK,NCAT,TOG,0.0036768839924745432
2017,July,Kern (SJV),LDT2,Gas,RUNLOSS,CAT,TOG,0.27554630920598266
2017,July,Kern (SJV),LDT2,Gas,RUNLOSS,NCAT,TOG,0.004611500168706773
2017,July,Kern (SJV),LDT2,Gas,RESTLOSS,CAT,TOG,0.0941884221569582
2017,July,Kern (SJV),LDT2,Gas,RESTLOSS,NCAT,TOG,0.003937723162269718
2017,July,Kern (SJV),LDT2,Gas,DIURN,CAT,TOG,0.18045609965174786
2017,July,Kern (SJV),LDT2,Gas,DIURN,NCAT,TOG,0.008153510904239098
2017,July,Kern (SJV),LDT2,Gas,PMTW,CAT,PM,0.02835973938263114
2017,July,Kern (SJV),LDT2,Gas,PMTW,CAT,PM10,0.02835973938263114
2017,July,Kern (SJV),LDT2,Gas,PMTW,CAT,PM2_5,0.007089934845657785
2017,July,Kern (SJV),LDT2,Gas,PMTW,NCAT,PM,3.0043559508556382e-05
2017,July,Kern (SJV),LDT2,Gas,PMTW,NCAT,PM10,3.0043559508556382e-05
2017,July,Kern (SJV),LDT2,Gas,PMTW,NCAT,PM2_5,7.5108898771390955e-06
2017,July,Kern (SJV),LDT2,Gas,PMBW,CAT,PM,0.13293627835608343
2017,July,Kern (SJV),LDT2,Gas,PMBW,CAT,PM10,0.1302775527889618
2017,July,Kern (SJV),LDT2,Gas,PMBW,CAT,PM2_5,0.055833236909555106
2017,July,Kern (SJV),LDT2,Gas,PMBW,NCAT,PM,0.00014082918519635795
2017,July,Kern (SJV),LDT2,Gas,PMBW,NCAT,PM10,0.0001380126014924308
2017,July,Kern (SJV),LDT2,Gas,PMBW,NCAT,PM2_5,5.914825778247037e-05
2017,July,Kern (SJV),MDV,Gas,RUNEX,CAT,CO,7.389804820649891
2017,July,Kern (SJV),MDV,Gas,RUNEX,CAT,NOx,0.7207548420247277
2017,July,Kern (SJV),MDV,Gas,RUNEX,CAT,SOx,0.020728591074052147
2017,July,Kern (SJV),MDV,Gas,RUNEX,CAT,PM,0.00646558945482977
2017,July,Kern (SJV),MDV,Gas,RUNEX,CAT,TOG,0.22944155322571647
2017,July,Kern (SJV),MDV,Gas,RUNEX,CAT,PM10,0.0057818152206216165
2017,July,Kern (SJV),MDV,Gas,RUNEX,CAT,PM2_5,0.005316952346203829
2017,July,Kern (SJV),MDV,Gas,RUNEX,NCAT,CO,0.9238608704239868
2017,July,Kern (SJV),MDV,Gas,RUNEX,NCAT,NOx,0.044523700631192535
2017,July,Kern (SJV),MDV,Gas,RUNEX,NCAT,SOx,4.654529527710913e-05
2017,July,Kern (SJV),MDV,Gas,RUNEX,NCAT,PM,0.0003215257507531744
2017,July,Kern (SJV),MDV,Gas,RUNEX,NCAT,TOG,0.039389421411287595
2017,July,Kern (SJV),MDV,Gas,RUNEX,NCAT,PM10,0.0003074079984700005
2017,July,Kern (SJV),MDV,Gas,RUNEX,NCAT,PM2_5,0.00029260129910691445
2017,July,Kern (SJV),MDV,Gas,STREX,CAT,CO,1.7617591537458466
2017,July,Kern (SJV),MDV,Gas,STREX,CAT,NOx,0.2712615342532364
2017,July,Kern (SJV),MDV,Gas,STREX,CAT,SOx,0.0005087878753009323
2017,July,Kern (SJV),MDV,Gas,STREX,CAT,PM,0.0012423078793441036
2017,July,Kern (SJV),MDV,Gas,STREX,CAT,TOG,0.2977230381034194
2017,July,Kern (SJV),MDV,Gas,STREX,CAT,PM10,0.0011109581403979788
2017,July,Kern (SJV),MDV,Gas,STREX,CAT,PM2_5,0.001021651929732992
2017,July,Kern (SJV),MDV,Gas,STREX,NCAT,CO,0.05844789156219531
2017,July,Kern (SJV),MDV,Gas,STREX,NCAT,NOx,0.0021527711483147398
2017,July,Kern (SJV),MDV,Gas,STREX,NCAT,SOx,3.2119089285558945e-06
2017,July,Kern (SJV),MDV,Gas,STREX,NCAT,PM,6.318537712284884e-05
2017,July,Kern (SJV),MDV,Gas,STREX,NCAT,TOG,0.0055282094744643065
2017,July,Kern (SJV),MDV,Gas,STREX,NCAT,PM10,6.038625115070641e-05
2017,July,Kern (SJV),MDV,Gas,STREX,NCAT,PM2_5,5.746613790951246e-05
2017,July,Kern (SJV),MDV,Gas,HOTSOAK,CAT,TOG,0.12228058797738893
2017,July,Kern (SJV),MDV,Gas,HOTSOAK,NCAT,TOG,0.0033247304010881147
2017,July,Kern (SJV),MDV,Gas,RUNLOSS,CAT,TOG,0.29155416210018703
2017,July,Kern (SJV),MDV,Gas,RUNLOSS,NCAT,TOG,0.005102266773819516
2017,July,Kern (SJV),MDV,Gas,RESTLOSS,CAT,TOG,0.10630230531352375
2017,July,Kern (SJV),MDV,Gas,RESTLOSS,NCAT,TOG,0.005399946649937971
2017,July,Kern (SJV),MDV,Gas,DIURN,CAT,TOG,0.19261954808883813
2017,July,Kern (SJV),MDV,Gas,DIURN,NCAT,TOG,0.011024485446502613
2017,July,Kern (SJV),MDV,Gas,PMTW,CAT,PM,0.03320406365163736
2017,July,Kern (SJV),MDV,Gas,PMTW,CAT,PM10,0.03320406365163736
2017,July,Kern (SJV),MDV,Gas,PMTW,CAT,PM2_5,0.00830101591290934
2017,July,Kern (SJV),MDV,Gas,PMTW,NCAT,PM,4.373650873631899e-05
2017,July,Kern (SJV),MDV,Gas,PMTW,NCAT,PM10,4.373650873631899e-05
2017,July,Kern (SJV),MDV,Gas,PMTW,NCAT,PM2_5,1.0934127184079748e-05
2017,July,Kern (SJV),MDV,Gas,PMBW,CAT,PM,0.15564404836705004
2017,July,Kern (SJV),MDV,Gas,PMBW,CAT,PM10,0.1525311673997092
2017,July,Kern (SJV),MDV,Gas,PMBW,CAT,PM2_5,0.06537050031416106
2017,July,Kern (SJV),MDV,Gas,PMBW,NCAT,PM,0.0002050148847014951
2017,July,Kern (SJV),MDV,Gas,PMBW,NCAT,PM10,0.00020091458700746527
2017,July,Kern (SJV),MDV,Gas,PMBW,NCAT,PM2_5,8.610625157462796e-05
2017,July,Kern (SJV),LHD1,Gas,RUNEX,CAT,CO,0.6828574118868302
2017,July,Kern (SJV),LHD1,Gas,RUNEX,CAT,NOx,0.13242524150307539
2017,July,Kern (SJV),LHD1,Gas,RUNEX,CAT,SOx,0.003930638955290102
2017,July,Kern (SJV),LHD1,Gas,RUNEX,CAT,PM,0.0010686749661533437
2017,July,Kern (SJV),LHD1,Gas,RUNEX,CAT,TOG,0.054372962338400235
2017,July,Kern (SJV),LHD1,Gas,RUNEX,CAT,PM10,0.0009553954197410901
2017,July,Kern (SJV),LHD1,Gas,RUNEX,CAT,PM2_5,0.0008784508221780492
2017,July,Kern (SJV),LHD1,Gas,RUNEX,NCAT,CO,0.1935857547320215
2017,July,Kern (SJV),LHD1,Gas,RUNEX,NCAT,NOx,0.004130688374424827
2017,July,Kern (SJV),LHD1,Gas,RUNEX,NCAT,SOx,1.956416295237368e-05
2017,July,Kern (SJV),LHD1,Gas,RUNEX,NCAT,PM,8.728838871858782e-05
2017,July,Kern (SJV),LHD1,Gas,RUNEX,NCAT,TOG,0.009982211202111242
2017,July,Kern (SJV),LHD1,Gas,RUNEX,NCAT,PM10,8.38841415585629e-05
2017,July,Kern (SJV),LHD1,Gas,RUNEX,NCAT,PM2_5,8.004345245494506e-05
2017,July,Kern (SJV),LHD1,Gas,IDLEX,CAT,CO,0.03981200112627176
2017,July,Kern (SJV),LHD1,Gas,IDLEX,CAT,NOx,0.0004461430466343062
2017,July,Kern (SJV),LHD1,Gas,IDLEX,CAT,SOx,1.3177315079845506e-05
2017,July,Kern (SJV),LHD1,Gas,IDLEX,CAT,TOG,0.00744678364480453
2017,July,Kern (SJV),LHD1,Gas,IDLEX,NCAT,CO,0.00035476843441085336
2017,July,Kern (SJV),LHD1,Gas,IDLEX,NCAT,NOx,4.011798234188447e-06
2017,July,Kern (SJV),LHD1,Gas,IDLEX,NCAT,SOx,1.3072204927203616e-07
2017,July,Kern (SJV),LHD1,Gas,IDLEX,NCAT,TOG,6.376667771506812e-05
2017,July,Kern (SJV),LHD1,Gas,STREX,CAT,CO,0.29999388374751534
2017,July,Kern (SJV),LHD1,Gas,STREX,CAT,NOx,0.08978606891639501
2017,July,Kern (SJV),LHD1,Gas,STREX,CAT,SOx,3.054470188967803e-05
2017,July,Kern (SJV),LHD1,Gas,STREX,CAT,PM,8.719666350904756e-05
2017,July,Kern (SJV),LHD1,Gas,STREX,CAT,TOG,0.02741506869139945
2017,July,Kern (SJV),LHD1,Gas,STREX,CAT,PM10,7.795381717708848e-05
2017,July,Kern (SJV),LHD1,Gas,STREX,CAT,PM2_5,7.167565740443687e-05
2017,July,Kern (SJV),LHD1,Gas,STREX,NCAT,CO,0.00017419628272766344
2017,July,Kern (SJV),LHD1,Gas,STREX,NCAT,NOx,0.0005547625453715967
2017,July,Kern (SJV),LHD1,Gas,STREX,NCAT,SOx,1.055795005577605e-06
2017,July,Kern (SJV),LHD1,Gas,STREX,NCAT,PM,2.4199389423354003e-05
2017,July,Kern (SJV),LHD1,Gas,STREX,NCAT,TOG,0.003408742400022492
2017,July,Kern (SJV),LHD1,Gas,STREX,NCAT,PM10,2.3255613235843192e-05
2017,July,Kern (SJV),LHD1,Gas,STREX,NCAT,PM2_5,2.2190840101215616e-05
2017,July,Kern (SJV),LHD1,Gas,HOTSOAK,CAT,TOG,0.0328955134279732
2017,July,Kern (SJV),LHD1,Gas,HOTSOAK,NCAT,TOG,0.0032715921934719293
2017,July,Kern (SJV),LHD1,Gas,RUNLOSS,CAT,TOG,0.16799568998266406
2017,July,Kern (SJV),LHD1,Gas,RUNLOSS,NCAT,TOG,0.005444808343788515
2017,July,Kern (SJV),LHD1,Gas,RESTLOSS,CAT,TOG,0.0008780502041486372
2017,July,Kern (SJV),LHD1,Gas,RESTLOSS,NCAT,TOG,6.497926785153268e-05
2017,July,Kern (SJV),LHD1,Gas,DIURN,CAT,TOG,0.0027336612646975925
2017,July,Kern (SJV),LHD1,Gas,DIURN,NCAT,TOG,0.0002074751302869438
2017,July,Kern (SJV),LHD1,Gas,PMTW,CAT,PM,0.003027908874854127
2017,July,Kern (SJV),LHD1,Gas,PMTW,CAT,PM10,0.003027908874854127
2017,July,Kern (SJV),LHD1,Gas,PMTW,CAT,PM2_5,0.0007569772187135317
2017,July,Kern (SJV),LHD1,Gas,PMTW,NCAT,PM,1.2437649278513496e-05
2017,July,Kern (SJV),LHD1,Gas,PMTW,NCAT,PM10,1.2437649278513496e-05
2017,July,Kern (SJV),LHD1,Gas,PMTW,NCAT,PM2_5,3.109412319628374e-06
2017,July,Kern (SJV),LHD1,Gas,PMBW,CAT,PM,0.029522111529827776
2017,July,Kern (SJV),LHD1,Gas,PMBW,CAT,PM10,0.028931669299231202
2017,July,Kern (SJV),LHD1,Gas,PMBW,CAT,PM2_5,0.012399286842527661
2017,July,Kern (SJV),LHD1,Gas,PMBW,NCAT,PM,0.00012126708046550656
2017,July,Kern (SJV),LHD1,Gas,PMBW,NCAT,PM10,0.00011884173885619641
2017,July,Kern (SJV),LHD1,Gas,PMBW,NCAT,PM2_5,5.09321737955128e-05
2017,July,Kern (SJV),LHD2,Gas,RUNEX,CAT,CO,0.09910554551599296
2017,July,Kern (SJV),LHD2,Gas,RUNEX,CAT,NOx,0.024284468395337395
2017,July,Kern (SJV),LHD2,Gas,RUNEX,CAT,SOx,0.0010191914994616572
2017,July,Kern (SJV),LHD2,Gas,RUNEX,CAT,PM,0.0001842818954299582
2017,July,Kern (SJV),LHD2,Gas,RUNEX,CAT,TOG,0.007850721074055177
2017,July,Kern (SJV),LHD2,Gas,RUNEX,CAT,PM10,0.0001647480145143825
2017,July,Kern (SJV),LHD2,Gas,RUNEX,CAT,PM2_5,0.00015147971804342565
2017,July,Kern (SJV),LHD2,Gas,IDLEX,CAT,CO,0.008738647281006108
2017,July,Kern (SJV),LHD2,Gas,IDLEX,CAT,NOx,9.818302276205355e-05
2017,July,Kern (SJV),LHD2,Gas,IDLEX,CAT,SOx,3.324499548877392e-06
2017,July,Kern (SJV),LHD2,Gas,IDLEX,CAT,TOG,0.0016411022385414483
2017,July,Kern (SJV),LHD2,Gas,STREX,CAT,CO,0.06026587590742955
2017,July,Kern (SJV),LHD2,Gas,STREX,CAT,NOx,0.018782913585622202
2017,July,Kern (SJV),LHD2,Gas,STREX,CAT,SOx,7.576821767367792e-06
2017,July,Kern (SJV),LHD2,Gas,STREX,CAT,PM,1.409681609201306e-05
2017,July,Kern (SJV),LHD2,Gas,STREX,CAT,TOG,0.0051857490105732896
2017,July,Kern (SJV),LHD2,Gas,STREX,CAT,PM10,1.2602553586259682e-05
2017,July,Kern (SJV),LHD2,Gas,STREX,CAT,PM2_5,1.1587582827634724e-05
2017,July,Kern (SJV),LHD2,Gas,HOTSOAK,CAT,TOG,0.005591749831522643
2017,July,Kern (SJV),LHD2,Gas,RUNLOSS,CAT,TOG,0.027976055653216803
2017,July,Kern (SJV),LHD2,Gas,RESTLOSS,CAT,TOG,0.00014537654961186897
2017,July,Kern (SJV),LHD2,Gas,DIURN,CAT,TOG,0.0004454899432821555
2017,July,Kern (SJV),LHD2,Gas,PMTW,CAT,PM,0.0006844565171176423
2017,July,Kern (SJV),LHD2,Gas,PMTW,CAT,PM10,0.0006844565171176423
2017,July,Kern (SJV),LHD2,Gas,PMTW,CAT,PM2_5,0.00017111412927941057
2017,July,Kern (SJV),LHD2,Gas,PMBW,CAT,PM,0.007785692882213179
2017,July,Kern (SJV),LHD2,Gas,PMBW,CAT,PM10,0.007629979024568912
2017,July,Kern (SJV),LHD2,Gas,PMBW,CAT,PM2_5,0.003269991010529534
2017,July,Kern (SJV),T6TS,Gas,RUNEX,CAT,CO,0.3100811737035305
2017,July,Kern (SJV),T6TS,Gas,RUNEX,CAT,NOx,0.06107326946838116
2017,July,Kern (SJV),T6TS,Gas,RUNEX,CAT,SOx,0.0011702069447084228
2017,July,Kern (SJV),T6TS,Gas,RUNEX,CAT,PM,0.00011871435119603324
2017,July,Kern (SJV),T6TS,Gas,RUNEX,CAT,TOG,0.01951012457960692
2017,July,Kern (SJV),T6TS,Gas,RUNEX,CAT,PM10,0.00010613062996925375
2017,July,Kern (SJV),T6TS,Gas,RUNEX,CAT,PM2_5,9.758319668313934e-05
2017,July,Kern (SJV),T6TS,Gas,RUNEX,NCAT,CO,0.05013976445992602
2017,July,Kern (SJV),T6TS,Gas,RUNEX,NCAT,NOx,0.0011870392180921411
2017,July,Kern (SJV),T6TS,Gas,RUNEX,NCAT,SOx,6.715671760831372e-06
2017,July,Kern (SJV),T6TS,Gas,RUNEX,NCAT,PM,1.3071700754241358e-05
2017,July,Kern (SJV),T6TS,Gas,RUNEX,NCAT,TOG,0.0020770180230334713
2017,July,Kern (SJV),T6TS,Gas,RUNEX,NCAT,PM10,1.2561904424825946e-05
2017,July,Kern (SJV),T6TS,Gas,RUNEX,NCAT,PM2_5,1.1986749591639331e-05
2017,July,Kern (SJV),T6TS,Gas,IDLEX,CAT,CO,0.010429043757080076
2017,July,Kern (SJV),T6TS,Gas,IDLEX,CAT,NOx,9.234283856276932e-05
2017,July,Kern (SJV),T6TS,Gas,IDLEX,CAT,SOx,5.918073454819666e-06
2017,July,Kern (SJV),T6TS,Gas,IDLEX,CAT,TOG,0.0013662499364221767
2017,July,Kern (SJV),T6TS,Gas,IDLEX,NCAT,CO,0.00024405363827984655
2017,July,Kern (SJV),T6TS,Gas,IDLEX,NCAT,NOx,2.1680980934565387e-06
2017,July,Kern (SJV),T6TS,Gas,IDLEX,NCAT,SOx,1.5330050649556153e-07
2017,July,Kern (SJV),T6TS,Gas,IDLEX,NCAT,TOG,3.0699394523213515e-05
2017,July,Kern (SJV),T6TS,Gas,STREX,CAT,CO,0.11544533796372312
2017,July,Kern (SJV),T6TS,Gas,STREX,CAT,NOx,0.007555848457082581
2017,July,Kern (SJV),T6TS,Gas,STREX,CAT,SOx,8.45439974635878e-06
2017,July,Kern (SJV),T6TS,Gas,STREX,CAT,PM,1.609107209868904e-05
2017,July,Kern (SJV),T6TS,Gas,STREX,CAT,TOG,0.005586627780686163
2017,July,Kern (SJV),T6TS,Gas,STREX,CAT,PM10,1.4385418456228016e-05
2017,July,Kern (SJV),T6TS,Gas,STREX,CAT,PM2_5,1.3226861265122395e-05
2017,July,Kern (SJV),T6TS,Gas,STREX,NCAT,CO,8.777952292891683e-05
2017,July,Kern (SJV),T6TS,Gas,STREX,NCAT,NOx,0.0002825796053454572
2017,July,Kern (SJV),T6TS,Gas,STREX,NCAT,SOx,7.230249222687707e-07
2017,July,Kern (SJV),T6TS,Gas,STREX,NCAT,PM,8.014969293540561e-06
2017,July,Kern (SJV),T6TS,Gas,STREX,NCAT,TOG,0.0016875954016344493
2017,July,Kern (SJV),T6TS,Gas,STREX,NCAT,PM10,7.702385491092478e-06
2017,July,Kern (SJV),T6TS,Gas,STREX,NCAT,PM2_5,7.3497268421766935e-06
2017,July,Kern (SJV),T6TS,Gas,HOTSOAK,CAT,TOG,0.0037527906337416496
2017,July,Kern (SJV),T6TS,Gas,HOTSOAK,NCAT,TOG,0.0011758079368581974
2017,July,Kern (SJV),T6TS,Gas,RUNLOSS,CAT,TOG,0.01578554669139377
2017,July,Kern (SJV),T6TS,Gas,RUNLOSS,NCAT,TOG,0.0015251105499159145
2017,July,Kern (SJV),T6TS,Gas,RESTLOSS,CAT,TOG,0.00010256390205713362
2017,July,Kern (SJV),T6TS,Gas,RESTLOSS,NCAT,TOG,1.6822948412817264e-05
2017,July,Kern (SJV),T6TS,Gas,DIURN,CAT,TOG,0.0003104823331606702
2017,July,Kern (SJV),T6TS,Gas,DIURN,NCAT,TOG,5.082166297458432e-05
2017,July,Kern (SJV),T6TS,Gas,PMTW,CAT,PM,0.0007631234374044595
2017,July,Kern (SJV),T6TS,Gas,PMTW,CAT,PM10,0.0007631234374044595
2017,July,Kern (SJV),T6TS,Gas,PMTW,CAT,PM2_5,0.00019078085935111489
2017,July,Kern (SJV),T6TS,Gas,PMTW,NCAT,PM,3.7709685661691716e-06
2017,July,Kern (SJV),T6TS,Gas,PMTW,NCAT,PM10,3.7709685661691716e-06
2017,July,Kern (SJV),T6TS,Gas,PMTW,NCAT,PM2_5,9.427421415422929e-07
2017,July,Kern (SJV),T6TS,Gas,PMBW,CAT,PM,0.008457951431232751
2017,July,Kern (SJV),T6TS,Gas,PMBW,CAT,PM10,0.008288792402608103
2017,July,Kern (SJV),T6TS,Gas,PMBW,CAT,PM2_5,0.003552339601117757
2017,July,Kern (SJV),T6TS,Gas,PMBW,NCAT,PM,4.1794901608375e-05
2017,July,Kern (SJV),T6TS,Gas,PMBW,NCAT,PM10,4.095900357620749e-05
2017,July,Kern (SJV),T6TS,Gas,PMBW,NCAT,PM2_5,1.7553858675517496e-05
2017,July,Kern (SJV),T7IS,Gas,RUNEX,CAT,CO,0.008925245611730935
2017,July,Kern (SJV),T7IS,Gas,RUNEX,CAT,NOx,0.001078419585967965
2017,July,Kern (SJV),T7IS,Gas,RUNEX,CAT,SOx,5.36015232607839e-06
2017,July,Kern (SJV),T7IS,Gas,RUNEX,CAT,PM,2.0624174015145443e-07
2017,July,Kern (SJV),T7IS,Gas,RUNEX,CAT,TOG,0.00037656704058992044
2017,July,Kern (SJV),T7IS,Gas,RUNEX,CAT,PM10,1.8438011569540013e-07
2017,July,Kern (SJV),T7IS,Gas,RUNEX,CAT,PM2_5,1.6953071040449544e-07
2017,July,Kern (SJV),T7IS,Gas,STREX,CAT,CO,0.00012451568262286642
2017,July,Kern (SJV),T7IS,Gas,STREX,CAT,NOx,2.9733674535106894e-07
2017,July,Kern (SJV),T7IS,Gas,STREX,CAT,SOx,1.6605213744530665e-08
2017,July,Kern (SJV),T7IS,Gas,STREX,CAT,PM,1.2703603593388901e-08
2017,July,Kern (SJV),T7IS,Gas,STREX,CAT,TOG,7.642406787503209e-08
2017,July,Kern (SJV),T7IS,Gas,STREX,CAT,PM10,1.1357021612489675e-08
2017,July,Kern (SJV),T7IS,Gas,STREX,CAT,PM2_5,1.044236215376568e-08
2017,July,Kern (SJV),T7IS,Gas,HOTSOAK,CAT,TOG,4.11001821171606e-06
2017,July,Kern (SJV),T7IS,Gas,RUNLOSS,CAT,TOG,1.341442838085245e-05
2017,July,Kern (SJV),T7IS,Gas,RESTLOSS,CAT,TOG,8.028449099146453e-08
2017,July,Kern (SJV),T7IS,Gas,DIURN,CAT,TOG,1.9200090555526032e-07
2017,July,Kern (SJV),T7IS,Gas,PMTW,CAT,PM,4.817819024912232e-06
2017,July,Kern (SJV),T7IS,Gas,PMTW,CAT,PM10,4.817819024912232e-06
2017,July,Kern (SJV),T7IS,Gas,PMTW,CAT,PM2_5,1.204454756228058e-06
2017,July,Kern (SJV),T7IS,Gas,PMBW,CAT,PM,1.5176129928473533e-05
2017,July,Kern (SJV),T7IS,Gas,PMBW,CAT,PM10,1.4872607329904059e-05
2017,July,Kern (SJV),T7IS,Gas,PMBW,CAT,PM2_5,6.373974569958881e-06
2017,July,Kern (SJV),LDT1,Dsl,RUNEX,DSL,CO,0.0010859562349808513
2017,July,Kern (SJV),LDT1,Dsl,RUNEX,DSL,NOx,0.0009834008706150633
2017,July,Kern (SJV),LDT1,Dsl,RUNEX,DSL,SOx,2.65722928199249e-06
2017,July,Kern (SJV),LDT1,Dsl,RUNEX,DSL,PM,0.0001245849859603646
2017,July,Kern (SJV),LDT1,Dsl,RUNEX,DSL,TOG,0.00018076222936848075
2017,July,Kern (SJV),LDT1,Dsl,RUNEX,DSL,PM10,0.00012383747604460232
2017,July,Kern (SJV),LDT1,Dsl,RUNEX,DSL,PM2_5,0.00011848032164830664
2017,July,Kern (SJV),LDT1,Dsl,PMTW,DSL,PM,5.11218806585118e-06
2017,July,Kern (SJV),LDT1,Dsl,PMTW,DSL,PM10,5.11218806585118e-06
2017,July,Kern (SJV),LDT1,Dsl,PMTW,DSL,PM2_5,1.278047016462795e-06
2017,July,Kern (SJV),LDT1,Dsl,PMBW,DSL,PM,2.39633815586774e-05
2017,July,Kern (SJV),LDT1,Dsl,PMBW,DSL,PM10,2.3484113927503825e-05
2017,July,Kern (SJV),LDT1,Dsl,PMBW,DSL,PM2_5,1.0064620254644508e-05
2017,July,Kern (SJV),LDT2,Dsl,RUNEX,DSL,CO,0.0017331314479325417
2017,July,Kern (SJV),LDT2,Dsl,RUNEX,DSL,NOx,0.0012508526742681743
2017,July,Kern (SJV),LDT2,Dsl,RUNEX,DSL,SOx,3.5492955325681665e-05
2017,July,Kern (SJV),LDT2,Dsl,RUNEX,DSL,PM,0.0001593128079042206
2017,July,Kern (SJV),LDT2,Dsl,RUNEX,DSL,TOG,0.0002999711772801559
2017,July,Kern (SJV),LDT2,Dsl,RUNEX,DSL,PM10,0.00015835693105679512
2017,July,Kern (SJV),LDT2,Dsl,RUNEX,DSL,PM2_5,0.0001515064803169137
2017,July,Kern (SJV),LDT2,Dsl,PMTW,DSL,PM,9.525345149155839e-05
2017,July,Kern (SJV),LDT2,Dsl,PMTW,DSL,PM10,9.525345149155839e-05
2017,July,Kern (SJV),LDT2,Dsl,PMTW,DSL,PM2_5,2.3813362872889598e-05
2017,July,Kern (SJV),LDT2,Dsl,PMBW,DSL,PM,0.0004465005538666801
2017,July,Kern (SJV),LDT2,Dsl,PMBW,DSL,PM10,0.0004375705427893464
2017,July,Kern (SJV),LDT2,Dsl,PMBW,DSL,PM2_5,0.00018753023262400563
2017,July,Kern (SJV),MDV,Dsl,RUNEX,DSL,CO,0.011504568917106616
2017,July,Kern (SJV),MDV,Dsl,RUNEX,DSL,NOx,0.006308705481082816
2017,July,Kern (SJV),MDV,Dsl,RUNEX,DSL,SOx,0.0002626108271795209
2017,July,Kern (SJV),MDV,Dsl,RUNEX,DSL,PM,0.0004386861150433441
2017,July,Kern (SJV),MDV,Dsl,RUNEX,DSL,TOG,0.0008796234690632377
2017,July,Kern (SJV),MDV,Dsl,RUNEX,DSL,PM10,0.0004360539983530843
2017,July,Kern (SJV),MDV,Dsl,RUNEX,DSL,PM2_5,0.00041719049540622023
2017,July,Kern (SJV),MDV,Dsl,PMTW,DSL,PM,0.0005304835085266569
2017,July,Kern (SJV),MDV,Dsl,PMTW,DSL,PM10,0.0005304835085266569
2017,July,Kern (SJV),MDV,Dsl,PMTW,DSL,PM2_5,0.00013262087713166422
2017,July,Kern (SJV),MDV,Dsl,PMBW,DSL,PM,0.002486641446218701
2017,July,Kern (SJV),MDV,Dsl,PMBW,DSL,PM10,0.0024369086172943283
2017,July,Kern (SJV),MDV,Dsl,PMBW,DSL,PM2_5,0.0010443894074118553
2017,July,Kern (SJV),LHD1,Dsl,RUNEX,DSL,CO,0.361331209431909
2017,July,Kern (SJV),LHD1,Dsl,RUNEX,DSL,NOx,1.2699564499286646
2017,July,Kern (SJV),LHD1,Dsl,RUNEX,DSL,SOx,0.0023321989210812765
2017,July,Kern (SJV),LHD1,Dsl,RUNEX,DSL,PM,0.014544620162119822
2017,July,Kern (SJV),LHD1,Dsl,RUNEX,DSL,TOG,0.08933337740503998
2017,July,Kern (SJV),LHD1,Dsl,RUNEX,DSL,PM10,0.01445735244114711
2017,July,Kern (SJV),LHD1,Dsl,RUNEX,DSL,PM2_5,0.013831933774175971
2017,July,Kern (SJV),LHD1,Dsl,IDLEX,DSL,CO,0.009706506572542845
2017,July,Kern (SJV),LHD1,Dsl,IDLEX,DSL,NOx,0.027325169844405115
2017,July,Kern (SJV),LHD1,Dsl,IDLEX,DSL,SOx,1.4306829907101726e-05
2017,July,Kern (SJV),LHD1,Dsl,IDLEX,DSL,PM,0.00029940208651725375
2017,July,Kern (SJV),LHD1,Dsl,IDLEX,DSL,TOG,0.0013331955128909165
2017,July,Kern (SJV),LHD1,Dsl,IDLEX,DSL,PM10,0.0002976056739981508
2017,July,Kern (SJV),LHD1,Dsl,IDLEX,DSL,PM2_5,0.0002847313842779083
2017,July,Kern (SJV),LHD1,Dsl,PMTW,DSL,PM,0.005013903887669373
2017,July,Kern (SJV),LHD1,Dsl,PMTW,DSL,PM10,0.005013903887669373
2017,July,Kern (SJV),LHD1,Dsl,PMTW,DSL,PM2_5,0.0012534759719173433
2017,July,Kern (SJV),LHD1,Dsl,PMBW,DSL,PM,0.03259037526985091
2017,July,Kern (SJV),LHD1,Dsl,PMBW,DSL,PM10,0.0319385677644539
2017,July,Kern (SJV),LHD1,Dsl,PMBW,DSL,PM2_5,0.01368795761333739
2017,July,Kern (SJV),LHD2,Dsl,RUNEX,DSL,CO,0.13371226008483258
2017,July,Kern (SJV),LHD2,Dsl,RUNEX,DSL,NOx,0.41970956835701206
2017,July,Kern (SJV),LHD2,Dsl,RUNEX,DSL,SOx,0.0010756212007336644
2017,July,Kern (SJV),LHD2,Dsl,RUNEX,DSL,PM,0.005218957566293227
2017,July,Kern (SJV),LHD2,Dsl,RUNEX,DSL,TOG,0.03362457350107724
2017,July,Kern (SJV),LHD2,Dsl,RUNEX,DSL,PM10,0.005187643820895472
2017,July,Kern (SJV),LHD2,Dsl,RUNEX,DSL,PM2_5,0.004963228645544871
2017,July,Kern (SJV),LHD2,Dsl,IDLEX,DSL,CO,0.003935433857995398
2017,July,Kern (SJV),LHD2,Dsl,IDLEX,DSL,NOx,0.011105483144425153
2017,July,Kern (SJV),LHD2,Dsl,IDLEX,DSL,SOx,9.31992756330979e-06
2017,July,Kern (SJV),LHD2,Dsl,IDLEX,DSL,PM,0.00011987554251345326
2017,July,Kern (SJV),LHD2,Dsl,IDLEX,DSL,TOG,0.0005405346116593578
2017,July,Kern (SJV),LHD2,Dsl,IDLEX,DSL,PM10,0.00011915628925837261
2017,July,Kern (SJV),LHD2,Dsl,IDLEX,DSL,PM2_5,0.000114001640930294
2017,July,Kern (SJV),LHD2,Dsl,PMTW,DSL,PM,0.0020590596767142777
2017,July,Kern (SJV),LHD2,Dsl,PMTW,DSL,PM10,0.0020590596767142777
2017,July,Kern (SJV),LHD2,Dsl,PMTW,DSL,PM2_5,0.0005147649191785694
2017,July,Kern (SJV),LHD2,Dsl,PMBW,DSL,PM,0.01561453588174993
2017,July,Kern (SJV),LHD2,Dsl,PMBW,DSL,PM10,0.01530224516411492
2017,July,Kern (SJV),LHD2,Dsl,PMBW,DSL,PM2_5,0.006558105070334963
2017,July,Kern (SJV),LDT1,Elec,HOTSOAK,CAT,TOG,2.711932491773927e-07
2017,July,Kern (SJV),LDT1,Elec,RESTLOSS,CAT,TOG,4.6840350967948857e-07
2017,July,Kern (SJV),LDT1,Elec,DIURN,CAT,TOG,1.1265764178671727e-06
2017,July,Kern (SJV),LDT1,Elec,PMTW,CAT,PM,2.849762440679872e-06
2017,July,Kern (SJV),LDT1,Elec,PMTW,CAT,PM10,2.849762440679872e-06
2017,July,Kern (SJV),LDT1,Elec,PMTW,CAT,PM2_5,7.12440610169968e-07
2017,July,Kern (SJV),LDT1,Elec,PMBW,CAT,PM,1.3358261440686896e-05
2017,July,Kern (SJV),LDT1,Elec,PMBW,CAT,PM10,1.309109621187316e-05
2017,July,Kern (SJV),LDT1,Elec,PMBW,CAT,PM2_5,5.610469805088495e-06
2017,July,Kern (SJV),LDT2,Elec,HOTSOAK,CAT,TOG,2.9050814103667903e-06
2017,July,Kern (SJV),LDT2,Elec,RESTLOSS,CAT,TOG,4.557513638530447e-06
2017,July,Kern (SJV),LDT2,Elec,DIURN,CAT,TOG,1.0961462250335593e-05
2017,July,Kern (SJV),LDT2,Elec,PMTW,CAT,PM,3.388258792230597e-05
2017,July,Kern (SJV),LDT2,Elec,PMTW,CAT,PM10,3.388258792230597e-05
2017,July,Kern (SJV),LDT2,Elec,PMTW,CAT,PM2_5,8.470646980576493e-06
2017,July,Kern (SJV),LDT2,Elec,PMBW,CAT,PM,0.0001588246308858092
2017,July,Kern (SJV),LDT2,Elec,PMBW,CAT,PM10,0.00015564813826809298
2017,July,Kern (SJV),LDT2,Elec,PMBW,CAT,PM2_5,6.670634497203985e-05
2017,July,Kern (SJV),MDV,Elec,HOTSOAK,CAT,TOG,5.036433726115528e-07
2017,July,Kern (SJV),MDV,Elec,RESTLOSS,CAT,TOG,8.574152296759444e-07
2017,July,Kern (SJV),MDV,Elec,DIURN,CAT,TOG,2.062204398797192e-06
2017,July,Kern (SJV),MDV,Elec,PMTW,CAT,PM,5.067386082792398e-06
2017,July,Kern (SJV),MDV,Elec,PMTW,CAT,PM10,5.067386082792398e-06
2017,July,Kern (SJV),MDV,Elec,PMTW,CAT,PM2_5,1.2668465206980994e-06
2017,July,Kern (SJV),MDV,Elec,PMBW,CAT,PM,2.375337226308935e-05
2017,July,Kern (SJV),MDV,Elec,PMBW,CAT,PM10,2.327830481782757e-05
2017,July,Kern (SJV),MDV,Elec,PMBW,CAT,PM2_5,9.97641635049753e-06
2017,July,Kern (SJV),SBUS,Gas,RUNEX,CAT,CO,0.07838410178547621
2017,July,Kern (SJV),SBUS,Gas,RUNEX,CAT,NOx,0.0136192593673907
2017,July,Kern (SJV),SBUS,Gas,RUNEX,CAT,SOx,5.305566696045369e-05
2017,July,Kern (SJV),SBUS,Gas,RUNEX,CAT,PM,3.8922876402726024e-05
2017,July,Kern (SJV),SBUS,Gas,RUNEX,CAT,TOG,0.004988500824905954
2017,July,Kern (SJV),SBUS,Gas,RUNEX,CAT,PM10,3.4797051504037017e-05
2017,July,Kern (SJV),SBUS,Gas,RUNEX,CAT,PM2_5,3.199460440304078e-05
2017,July,Kern (SJV),SBUS,Gas,IDLEX,CAT,CO,0.006736103089365392
2017,July,Kern (SJV),SBUS,Gas,IDLEX,CAT,NOx,7.592363653182455e-05
2017,July,Kern (SJV),SBUS,Gas,IDLEX,CAT,SOx,2.3473664554300125e-06
2017,July,Kern (SJV),SBUS,Gas,IDLEX,CAT,TOG,0.0012458585850008736
2017,July,Kern (SJV),SBUS,Gas,STREX,CAT,CO,0.004514665633715719
2017,July,Kern (SJV),SBUS,Gas,STREX,CAT,NOx,0.00016683202577730103
2017,July,Kern (SJV),SBUS,Gas,STREX,CAT,SOx,2.0172058538050635e-07
2017,July,Kern (SJV),SBUS,Gas,STREX,CAT,PM,5.938665573550994e-07
2017,July,Kern (SJV),SBUS,Gas,STREX,CAT,TOG,0.0002210858505551116
2017,July,Kern (SJV),SBUS,Gas,STREX,CAT,PM10,5.309167022754581e-07
2017,July,Kern (SJV),SBUS,Gas,STREX,CAT,PM2_5,4.881583101458915e-07
2017,July,Kern (SJV),SBUS,Gas,HOTSOAK,CAT,TOG,0.00018254234123810757
2017,July,Kern (SJV),SBUS,Gas,RUNLOSS,CAT,TOG,0.0011412485011342
2017,July,Kern (SJV),SBUS,Gas,RESTLOSS,CAT,TOG,1.525000266251853e-05
2017,July,Kern (SJV),SBUS,Gas,DIURN,CAT,TOG,7.09805560555279e-05
2017,July,Kern (SJV),SBUS,Gas,PMTW,CAT,PM,4.5948368047880964e-05
2017,July,Kern (SJV),SBUS,Gas,PMTW,CAT,PM10,4.5948368047880964e-05
2017,July,Kern (SJV),SBUS,Gas,PMTW,CAT,PM2_5,1.1487092011970241e-05
2017,July,Kern (SJV),SBUS,Gas,PMBW,CAT,PM,0.004365094907113233
2017,July,Kern (SJV),SBUS,Gas,PMBW,CAT,PM10,0.004277793008970974
2017,July,Kern (SJV),SBUS,Gas,PMBW,CAT,PM2_5,0.001833339860987558
2017,July,Kern (SJV),OBUS,Gas,RUNEX,CAT,CO,0.0575674024628386
2017,July,Kern (SJV),OBUS,Gas,RUNEX,CAT,NOx,0.013759037146141616
2017,July,Kern (SJV),OBUS,Gas,RUNEX,CAT,SOx,0.00033300359006543327
2017,July,Kern (SJV),OBUS,Gas,RUNEX,CAT,PM,1.7000284737666936e-05
2017,July,Kern (SJV),OBUS,Gas,RUNEX,CAT,TOG,0.003621165413132598
2017,July,Kern (SJV),OBUS,Gas,RUNEX,CAT,PM10,1.519825455547424e-05
2017,July,Kern (SJV),OBUS,Gas,RUNEX,CAT,PM2_5,1.3974234054362204e-05
2017,July,Kern (SJV),OBUS,Gas,RUNEX,NCAT,CO,0.0037815211838817648
2017,July,Kern (SJV),OBUS,Gas,RUNEX,NCAT,NOx,0.00016127051685066007
2017,July,Kern (SJV),OBUS,Gas,RUNEX,NCAT,SOx,5.0117815198143e-07
2017,July,Kern (SJV),OBUS,Gas,RUNEX,NCAT,PM,9.741566114709905e-07
2017,July,Kern (SJV),OBUS,Gas,RUNEX,NCAT,TOG,0.00015460247760385216
2017,July,Kern (SJV),OBUS,Gas,RUNEX,NCAT,PM10,9.361645036236215e-07
2017,July,Kern (SJV),OBUS,Gas,RUNEX,NCAT,PM2_5,8.933016127188977e-07
2017,July,Kern (SJV),OBUS,Gas,IDLEX,CAT,CO,0.0015870770473439325
2017,July,Kern (SJV),OBUS,Gas,IDLEX,CAT,NOx,1.78820028449486e-05
2017,July,Kern (SJV),OBUS,Gas,IDLEX,CAT,SOx,1.0695679095454454e-06
2017,July,Kern (SJV),OBUS,Gas,IDLEX,CAT,TOG,0.00029893251487658436
2017,July,Kern (SJV),OBUS,Gas,IDLEX,NCAT,CO,9.8750423986015e-06
2017,July,Kern (SJV),OBUS,Gas,IDLEX,NCAT,NOx,1.1166911656905167e-07
2017,July,Kern (SJV),OBUS,Gas,IDLEX,NCAT,SOx,7.463225533747607e-09
2017,July,Kern (SJV),OBUS,Gas,IDLEX,NCAT,TOG,1.7749568027380007e-06
2017,July,Kern (SJV),OBUS,Gas,STREX,CAT,CO,0.019355416235324253
2017,July,Kern (SJV),OBUS,Gas,STREX,CAT,NOx,0.0017290499115322129
2017,July,Kern (SJV),OBUS,Gas,STREX,CAT,SOx,1.5082624883280795e-06
2017,July,Kern (SJV),OBUS,Gas,STREX,CAT,PM,1.4867121099748139e-06
2017,July,Kern (SJV),OBUS,Gas,STREX,CAT,TOG,0.0010282753275064095
2017,July,Kern (SJV),OBUS,Gas,STREX,CAT,PM10,1.329120626317484e-06
2017,July,Kern (SJV),OBUS,Gas,STREX,CAT,PM2_5,1.2220773543992968e-06
2017,July,Kern (SJV),OBUS,Gas,STREX,NCAT,CO,6.854454605183086e-06
2017,July,Kern (SJV),OBUS,Gas,STREX,NCAT,NOx,4.275380681361543e-05
2017,July,Kern (SJV),OBUS,Gas,STREX,NCAT,SOx,4.896442506609079e-08
2017,July,Kern (SJV),OBUS,Gas,STREX,NCAT,PM,5.830501041374515e-07
2017,July,Kern (SJV),OBUS,Gas,STREX,NCAT,TOG,0.00012030438470773732
2017,July,Kern (SJV),OBUS,Gas,STREX,NCAT,PM10,5.603111500760914e-07
2017,July,Kern (SJV),OBUS,Gas,STREX,NCAT,PM2_5,5.346569454940433e-07
2017,July,Kern (SJV),OBUS,Gas,HOTSOAK,CAT,TOG,0.00021008171238675027
2017,July,Kern (SJV),OBUS,Gas,HOTSOAK,NCAT,TOG,2.9101735130146428e-05
2017,July,Kern (SJV),OBUS,Gas,RUNLOSS,CAT,TOG,0.0018280600080556068
2017,July,Kern (SJV),OBUS,Gas,RUNLOSS,NCAT,TOG,8.269498397910034e-05
2017,July,Kern (SJV),OBUS,Gas,RESTLOSS,CAT,TOG,1.325619085725034e-05
2017,July,Kern (SJV),OBUS,Gas,RESTLOSS,NCAT,TOG,1.1385345603162812e-06
2017,July,Kern (SJV),OBUS,Gas,DIURN,CAT,TOG,5.029458369755249e-05
2017,July,Kern (SJV),OBUS,Gas,DIURN,NCAT,TOG,4.640645161486097e-06
2017,July,Kern (SJV),OBUS,Gas,PMTW,CAT,PM,0.00021456365705788808
2017,July,Kern (SJV),OBUS,Gas,PMTW,CAT,PM10,0.00021456365705788808
2017,July,Kern (SJV),OBUS,Gas,PMTW,CAT,PM2_5,5.364091426447202e-05
2017,July,Kern (SJV),OBUS,Gas,PMTW,NCAT,PM,2.8102800312277936e-07
2017,July,Kern (SJV),OBUS,Gas,PMTW,NCAT,PM10,2.8102800312277936e-07
2017,July,Kern (SJV),OBUS,Gas,PMTW,NCAT,PM2_5,7.025700078069484e-08
2017,July,Kern (SJV),OBUS,Gas,PMBW,CAT,PM,0.0023780805323915933
2017,July,Kern (SJV),OBUS,Gas,PMBW,CAT,PM10,0.0023305189217437596
2017,July,Kern (SJV),OBUS,Gas,PMBW,CAT,PM2_5,0.000998793823604469
2017,July,Kern (SJV),OBUS,Gas,PMBW,NCAT,PM,3.114727034610804e-06
2017,July,Kern (SJV),OBUS,Gas,PMBW,NCAT,PM10,3.0524324939185884e-06
2017,July,Kern (SJV),OBUS,Gas,PMBW,NCAT,PM2_5,1.3081853545365378e-06
2017,July,Kern (SJV),MCY,Gas,RUNEX,CAT,CO,0.87519883108315
2017,July,Kern (SJV),MCY,Gas,RUNEX,CAT,NOx,0.0565812427605197
2017,July,Kern (SJV),MCY,Gas,RUNEX,CAT,SOx,0.0001312265962662283
2017,July,Kern (SJV),MCY,Gas,RUNEX,CAT,PM,8.38351354734821e-05
2017,July,Kern (SJV),MCY,Gas,RUNEX,CAT,TOG,0.1326878653392473
2017,July,Kern (SJV),MCY,Gas,RUNEX,CAT,PM10,7.73036445963874e-05
2017,July,Kern (SJV),MCY,Gas,RUNEX,CAT,PM2_5,7.22517079397093e-05
2017,July,Kern (SJV),MCY,Gas,RUNEX,NCAT,CO,2.521338073811241
2017,July,Kern (SJV),MCY,Gas,RUNEX,NCAT,NOx,0.07754932882135468
2017,July,Kern (SJV),MCY,Gas,RUNEX,NCAT,SOx,0.0001470257777262339
2017,July,Kern (SJV),MCY,Gas,RUNEX,NCAT,PM,0.00013831214842532818
2017,July,Kern (SJV),MCY,Gas,RUNEX,NCAT,TOG,0.22584586988196628
2017,July,Kern (SJV),MCY,Gas,RUNEX,NCAT,PM10,0.00013056294115364558
2017,July,Kern (SJV),MCY,Gas,RUNEX,NCAT,PM2_5,0.00012349301352551872
2017,July,Kern (SJV),MCY,Gas,STREX,CAT,CO,0.054389337257575374
2017,July,Kern (SJV),MCY,Gas,STREX,CAT,NOx,0.0022932733418249106
2017,July,Kern (SJV),MCY,Gas,STREX,CAT,SOx,5.401328808090213e-06
2017,July,Kern (SJV),MCY,Gas,STREX,CAT,PM,1.87466553860158e-05
2017,July,Kern (SJV),MCY,Gas,STREX,CAT,TOG,0.014500598462555097
2017,July,Kern (SJV),MCY,Gas,STREX,CAT,PM10,1.7365679965569216e-05
2017,July,Kern (SJV),MCY,Gas,STREX,CAT,PM2_5,1.626924557498789e-05
2017,July,Kern (SJV),MCY,Gas,STREX,NCAT,CO,0.16365422195577592
2017,July,Kern (SJV),MCY,Gas,STREX,NCAT,NOx,0.004259481166910395
2017,July,Kern (SJV),MCY,Gas,STREX,NCAT,SOx,1.093786722529303e-05
2017,July,Kern (SJV),MCY,Gas,STREX,NCAT,PM,8.083683957045208e-05
2017,July,Kern (SJV),MCY,Gas,STREX,NCAT,TOG,0.034759443872492385
2017,July,Kern (SJV),MCY,Gas,STREX,NCAT,PM10,7.707803277673338e-05
2017,July,Kern (SJV),MCY,Gas,STREX,NCAT,PM2_5,7.326788703842154e-05
2017,July,Kern (SJV),MCY,Gas,HOTSOAK,CAT,TOG,0.007696553681235546
2017,July,Kern (SJV),MCY,Gas,HOTSOAK,NCAT,TOG,0.03315225917483607
2017,July,Kern (SJV),MCY,Gas,RUNLOSS,CAT,TOG,0.010091804644499276
2017,July,Kern (SJV),MCY,Gas,RUNLOSS,NCAT,TOG,0.058150817448158774
2017,July,Kern (SJV),MCY,Gas,RESTLOSS,CAT,TOG,0.014547801807250698
2017,July,Kern (SJV),MCY,Gas,RESTLOSS,NCAT,TOG,0.044893847030024366
2017,July,Kern (SJV),MCY,Gas,DIURN,CAT,TOG,0.030083217907216547
2017,July,Kern (SJV),MCY,Gas,DIURN,NCAT,TOG,0.09883732895214331
2017,July,Kern (SJV),MCY,Gas,PMTW,CAT,PM,0.0002509242706959975
2017,July,Kern (SJV),MCY,Gas,PMTW,CAT,PM10,0.0002509242706959975
2017,July,Kern (SJV),MCY,Gas,PMTW,CAT,PM2_5,6.273106767399937e-05
2017,July,Kern (SJV),MCY,Gas,PMTW,NCAT,PM,0.0002701620968006773
2017,July,Kern (SJV),MCY,Gas,PMTW,NCAT,PM10,0.0002701620968006773
2017,July,Kern (SJV),MCY,Gas,PMTW,NCAT,PM2_5,6.754052420016932e-05
2017,July,Kern (SJV),MCY,Gas,PMBW,CAT,PM,0.0007527728120879917
2017,July,Kern (SJV),MCY,Gas,PMBW,CAT,PM10,0.000737717355846232
2017,July,Kern (SJV),MCY,Gas,PMBW,CAT,PM2_5,0.00031616458107695675
2017,July,Kern (SJV),MCY,Gas,PMBW,NCAT,PM,0.0008104862904020322
2017,July,Kern (SJV),MCY,Gas,PMBW,NCAT,PM10,0.0007942765645939918
2017,July,Kern (SJV),MCY,Gas,PMBW,NCAT,PM2_5,0.00034040424196885304
2017,July,Kern (SJV),MH,Gas,RUNEX,CAT,CO,0.06861450840342233
2017,July,Kern (SJV),MH,Gas,RUNEX,CAT,NOx,0.011502294878929665
2017,July,Kern (SJV),MH,Gas,RUNEX,CAT,SOx,0.00035169210404701793
2017,July,Kern (SJV),MH,Gas,RUNEX,CAT,PM,4.4949742480686274e-05
2017,July,Kern (SJV),MH,Gas,RUNEX,CAT,TOG,0.0035752291265460506
2017,July,Kern (SJV),MH,Gas,RUNEX,CAT,PM10,4.018506977773357e-05
2017,July,Kern (SJV),MH,Gas,RUNEX,CAT,PM2_5,3.694868831912418e-05
2017,July,Kern (SJV),MH,Gas,RUNEX,NCAT,CO,0.012712677104657885
2017,July,Kern (SJV),MH,Gas,RUNEX,NCAT,NOx,0.00030123883033492864
2017,July,Kern (SJV),MH,Gas,RUNEX,NCAT,SOx,1.7114239640222566e-06
2017,July,Kern (SJV),MH,Gas,RUNEX,NCAT,PM,3.3332794290050163e-06
2017,July,Kern (SJV),MH,Gas,RUNEX,NCAT,TOG,0.0005321463501987161
2017,July,Kern (SJV),MH,Gas,RUNEX,NCAT,PM10,3.2032815312738207e-06
2017,July,Kern (SJV),MH,Gas,RUNEX,NCAT,PM2_5,3.0566172363976e-06
2017,July,Kern (SJV),MH,Gas,STREX,CAT,CO,0.0006869150382226957
2017,July,Kern (SJV),MH,Gas,STREX,CAT,NOx,6.399970983064089e-05
2017,July,Kern (SJV),MH,Gas,STREX,CAT,SOx,5.817264706600889e-08
2017,July,Kern (SJV),MH,Gas,STREX,CAT,PM,1.0854730859910457e-07
2017,July,Kern (SJV),MH,Gas,STREX,CAT,TOG,3.546733611749004e-05
2017,July,Kern (SJV),MH,Gas,STREX,CAT,PM10,9.704129388759964e-08
2017,July,Kern (SJV),MH,Gas,STREX,CAT,PM2_5,8.922588766846414e-08
2017,July,Kern (SJV),MH,Gas,STREX,NCAT,CO,2.7562935043484656e-07
2017,July,Kern (SJV),MH,Gas,STREX,NCAT,NOx,8.663690242718675e-07
2017,July,Kern (SJV),MH,Gas,STREX,NCAT,SOx,2.1697513783195807e-09
2017,July,Kern (SJV),MH,Gas,STREX,NCAT,PM,2.5879316836452352e-08
2017,July,Kern (SJV),MH,Gas,STREX,NCAT,TOG,5.2357783459629134e-06
2017,July,Kern (SJV),MH,Gas,STREX,NCAT,PM10,2.4870023479830702e-08
2017,July,Kern (SJV),MH,Gas,STREX,NCAT,PM2_5,2.3731333539026813e-08
2017,July,Kern (SJV),MH,Gas,HOTSOAK,CAT,TOG,3.346004030426648e-05
2017,July,Kern (SJV),MH,Gas,HOTSOAK,NCAT,TOG,1.2860337013453641e-06
2017,July,Kern (SJV),MH,Gas,RUNLOSS,CAT,TOG,0.0005909711880908001
2017,July,Kern (SJV),MH,Gas,RUNLOSS,NCAT,TOG,6.040212140323796e-06
2017,July,Kern (SJV),MH,Gas,RESTLOSS,CAT,TOG,0.0002756858889016937
2017,July,Kern (SJV),MH,Gas,RESTLOSS,NCAT,TOG,9.826426096641764e-06
2017,July,Kern (SJV),MH,Gas,DIURN,CAT,TOG,0.0012514053132406792
2017,July,Kern (SJV),MH,Gas,DIURN,NCAT,TOG,4.296421344417688e-05
2017,July,Kern (SJV),MH,Gas,PMTW,CAT,PM,0.00022779812667125487
2017,July,Kern (SJV),MH,Gas,PMTW,CAT,PM10,0.00022779812667125487
2017,July,Kern (SJV),MH,Gas,PMTW,CAT,PM2_5,5.694953166781372e-05
2017,July,Kern (SJV),MH,Gas,PMTW,NCAT,PM,9.615957544742422e-07
2017,July,Kern (SJV),MH,Gas,PMTW,NCAT,PM10,9.615957544742422e-07
2017,July,Kern (SJV),MH,Gas,PMTW,NCAT,PM2_5,2.4039893861856055e-07
2017,July,Kern (SJV),MH,Gas,PMBW,CAT,PM,0.0025247625706064096
2017,July,Kern (SJV),MH,Gas,PMBW,CAT,PM10,0.0024742673191942774
2017,July,Kern (SJV),MH,Gas,PMBW,CAT,PM2_5,0.0010604002796546913
2017,July,Kern (SJV),MH,Gas,PMBW,NCAT,PM,1.0657686278756178e-05
2017,July,Kern (SJV),MH,Gas,PMBW,NCAT,PM10,1.044453255318106e-05
2017,July,Kern (SJV),MH,Gas,PMBW,NCAT,PM2_5,4.476228237077598e-06
2017,July,Kern (SJV),MH,Dsl,RUNEX,DSL,CO,0.0041507916271071475
2017,July,Kern (SJV),MH,Dsl,RUNEX,DSL,NOx,0.04422906069381881
2017,July,Kern (SJV),MH,Dsl,RUNEX,DSL,SOx,8.149172304406986e-05
2017,July,Kern (SJV),MH,Dsl,RUNEX,DSL,PM,0.0012882501407671517
2017,July,Kern (SJV),MH,Dsl,RUNEX,DSL,TOG,0.0012340339408660824
2017,July,Kern (SJV),MH,Dsl,RUNEX,DSL,PM10,0.0012805206399225469
2017,July,Kern (SJV),MH,Dsl,RUNEX,DSL,PM2_5,0.00122512588386956
2017,July,Kern (SJV),MH,Dsl,PMTW,DSL,PM,0.00012915523531793085
2017,July,Kern (SJV),MH,Dsl,PMTW,DSL,PM10,0.00012915523531793085
2017,July,Kern (SJV),MH,Dsl,PMTW,DSL,PM2_5,3.228880882948271e-05
2017,July,Kern (SJV),MH,Dsl,PMBW,DSL,PM,0.0010736028935803
2017,July,Kern (SJV),MH,Dsl,PMBW,DSL,PM10,0.0010521308357086935
2017,July,Kern (SJV),MH,Dsl,PMBW,DSL,PM2_5,0.00045091321530372645
2017,July,Kern (SJV),UBUS,Gas,RUNEX,CAT,CO,0.0015617865747731242
2017,July,Kern (SJV),UBUS,Gas,RUNEX,CAT,NOx,0.0010044337814844055
2017,July,Kern (SJV),UBUS,Gas,RUNEX,CAT,SOx,9.691521461443064e-05
2017,July,Kern (SJV),UBUS,Gas,RUNEX,CAT,PM,3.958469940105866e-06
2017,July,Kern (SJV),UBUS,Gas,RUNEX,CAT,TOG,0.0001466765007265794
2017,July,Kern (SJV),UBUS,Gas,RUNEX,CAT,PM10,3.5388721264546475e-06
2017,July,Kern (SJV),UBUS,Gas,RUNEX,CAT,PM2_5,3.2538622907670244e-06
2017,July,Kern (SJV),UBUS,Gas,STREX,CAT,CO,0.0011285797260255606
2017,July,Kern (SJV),UBUS,Gas,STREX,CAT,NOx,0.00015279080464154264
2017,July,Kern (SJV),UBUS,Gas,STREX,CAT,SOx,1.6395591507330067e-07
2017,July,Kern (SJV),UBUS,Gas,STREX,CAT,PM,5.1588623805499264e-08
2017,July,Kern (SJV),UBUS,Gas,STREX,CAT,TOG,7.976476615370916e-05
2017,July,Kern (SJV),UBUS,Gas,STREX,CAT,PM10,4.612022968211633e-08
2017,July,Kern (SJV),UBUS,Gas,STREX,CAT,PM2_5,4.240584876812038e-08
2017,July,Kern (SJV),UBUS,Gas,HOTSOAK,CAT,TOG,1.0295776670114527e-05
2017,July,Kern (SJV),UBUS,Gas,RUNLOSS,CAT,TOG,3.443113764913331e-05
2017,July,Kern (SJV),UBUS,Gas,RESTLOSS,CAT,TOG,1.0723951208201485e-06
2017,July,Kern (SJV),UBUS,Gas,DIURN,CAT,TOG,2.563025956099693e-06
2017,July,Kern (SJV),UBUS,Gas,PMTW,CAT,PM,5.390206752997973e-05
2017,July,Kern (SJV),UBUS,Gas,PMTW,CAT,PM10,5.390206752997973e-05
2017,July,Kern (SJV),UBUS,Gas,PMTW,CAT,PM2_5,1.3475516882494932e-05
2017,July,Kern (SJV),UBUS,Gas,PMBW,CAT,PM,0.0006020855706313784
2017,July,Kern (SJV),UBUS,Gas,PMBW,CAT,PM10,0.0005900438592187507
2017,July,Kern (SJV),UBUS,Gas,PMBW,CAT,PM2_5,0.0002528759396651788
2017,July,Kern (SJV),UBUS,Dsl,RUNEX,DSL,CO,0.0004833540937618032
2017,July,Kern (SJV),UBUS,Dsl,RUNEX,DSL,NOx,0.0028572717755540582
2017,July,Kern (SJV),UBUS,Dsl,RUNEX,DSL,SOx,1.4895873502706496e-05
2017,July,Kern (SJV),UBUS,Dsl,RUNEX,DSL,PM,1.2775521253084922e-05
2017,July,Kern (SJV),UBUS,Dsl,RUNEX,DSL,TOG,0.00011613877206409281
2017,July,Kern (SJV),UBUS,Dsl,RUNEX,DSL,PM10,1.2698868125566416e-05
2017,July,Kern (SJV),UBUS,Dsl,RUNEX,DSL,PM2_5,1.2149520711683776e-05
2017,July,Kern (SJV),UBUS,Dsl,PMTW,DSL,PM,2.4087369603034435e-05
2017,July,Kern (SJV),UBUS,Dsl,PMTW,DSL,PM10,2.4087369603034435e-05
2017,July,Kern (SJV),UBUS,Dsl,PMTW,DSL,PM2_5,6.021842400758609e-06
2017,July,Kern (SJV),UBUS,Dsl,PMBW,DSL,PM,0.0001267746017650403
2017,July,Kern (SJV),UBUS,Dsl,PMBW,DSL,PM10,0.00012423910972973946
2017,July,Kern (SJV),UBUS,Dsl,PMBW,DSL,PM2_5,5.3245332741316904e-05
2017,July,Kern (SJV),UBUS,Elec,PMTW,CAT,PM,4.343947742940235e-08
2017,July,Kern (SJV),UBUS,Elec,PMTW,CAT,PM10,4.343947742940235e-08
2017,July,Kern (SJV),UBUS,Elec,PMTW,CAT,PM2_5,1.0859869357350588e-08
2017,July,Kern (SJV),UBUS,Elec,PMBW,CAT,PM,4.462450738752099e-07
2017,July,Kern (SJV),UBUS,Elec,PMBW,CAT,PM10,4.373201723977058e-07
2017,July,Kern (SJV),UBUS,Elec,PMBW,CAT,PM2_5,1.874229310275882e-07
2017,July,Kern (SJV),UBUS,NG,RUNEX,DSL,CO,0.5843506309075647
2017,July,Kern (SJV),UBUS,NG,RUNEX,DSL,NOx,0.05431080849642677
2017,July,Kern (SJV),UBUS,NG,RUNEX,DSL,PM,8.942387267719526e-05
2017,July,Kern (SJV),UBUS,NG,RUNEX,DSL,TOG,0.1312933003294108
2017,July,Kern (SJV),UBUS,NG,RUNEX,DSL,PM10,8.888732944113204e-05
2017,July,Kern (SJV),UBUS,NG,RUNEX,DSL,PM2_5,8.504210291601255e-05
2017,July,Kern (SJV),UBUS,NG,PMTW,DSL,PM,0.0005175056433010582
2017,July,Kern (SJV),UBUS,NG,PMTW,DSL,PM10,0.0005175056433010582
2017,July,Kern (SJV),UBUS,NG,PMTW,DSL,PM2_5,0.00012937641082526454
2017,July,Kern (SJV),UBUS,NG,PMBW,DSL,PM,0.0011009798296606377
2017,July,Kern (SJV),UBUS,NG,PMBW,DSL,PM10,0.0010789602330674249
2017,July,Kern (SJV),UBUS,NG,PMBW,DSL,PM2_5,0.0004624115284574688
2017,July,Kern (SJV),SBUS,Dsl,RUNEX,DSL,CO,0.009176303996348695
2017,July,Kern (SJV),SBUS,Dsl,RUNEX,DSL,NOx,0.2246798563277167
2017,July,Kern (SJV),SBUS,Dsl,RUNEX,DSL,PM,0.0017014493524017689
2017,July,Kern (SJV),SBUS,Dsl,RUNEX,DSL,PM10,0.0016912406562873598
2017,July,Kern (SJV),SBUS,Dsl,RUNEX,DSL,PM2_5,0.001618078334134081
2017,July,Kern (SJV),SBUS,Dsl,IDLEX,DSL,CO,0.004580825261742493
2017,July,Kern (SJV),SBUS,Dsl,IDLEX,DSL,NOx,0.04523746950536694
2017,July,Kern (SJV),SBUS,Dsl,IDLEX,DSL,PM,6.596818426315962e-05
2017,July,Kern (SJV),SBUS,Dsl,IDLEX,DSL,PM10,6.557237515758062e-05
2017,July,Kern (SJV),SBUS,Dsl,IDLEX,DSL,PM2_5,6.273574323426478e-05
2017,July,Kern (SJV),SBUS,Dsl,STREX,DSL,NOx,0.006697565877146293
2017,July,Kern (SJV),SBUS,Dsl,PMTW,DSL,PM,0.0003704888120937123
2017,July,Kern (SJV),SBUS,Dsl,PMTW,DSL,PM10,0.0003704888120937123
2017,July,Kern (SJV),SBUS,Dsl,PMTW,DSL,PM2_5,9.262220302342807e-05
2017,July,Kern (SJV),SBUS,Dsl,PMBW,DSL,PM,0.023464291432601796
2017,July,Kern (SJV),SBUS,Dsl,PMBW,DSL,PM10,0.02299500560394975
2017,July,Kern (SJV),SBUS,Dsl,PMBW,DSL,PM2_5,0.009855002401692754
2017,July,Kern (SJV),SBUS,Dsl,RUNEX,DSL,SOx,0.00034325439518599735
2017,July,Kern (SJV),SBUS,Dsl,IDLEX,DSL,SOx,3.514554956927548e-05
2017,July,Kern (SJV),SBUS,Dsl,RUNEX,DSL,TOG,0.004083607103562152
2017,July,Kern (SJV),SBUS,Dsl,IDLEX,DSL,TOG,0.000371587413823436
2017,     ,Kern (SJV),LDA,Dsl,RUNEX,DSL,NH3,0.000206527
2017,     ,Kern (SJV),LDA,Gas,RUNEX,CAT,NH3,0.28115611
2017,     ,Kern (SJV),LDT1,Dsl,RUNEX,DSL,NH3,1.97919e-06
2017,     ,Kern (SJV),LDT1,Gas,RUNEX,CAT,NH3,0.036673674
2017,     ,Kern (SJV),LDT2,Dsl,RUNEX,DSL,NH3,3.68776e-05
2017,     ,Kern (SJV),LDT2,Gas,RUNEX,CAT,NH3,0.108213197
2017,     ,Kern (SJV),LHD1,Dsl,RUNEX,DSL,NH3,0.046628065
2017,     ,Kern (SJV),LHD1,Gas,RUNEX,CAT,NH3,0.016929929
2017,     ,Kern (SJV),LHD2,Dsl,RUNEX,DSL,NH3,0.022265026
2017,     ,Kern (SJV),LHD2,Gas,RUNEX,CAT,NH3,0.003841462
2017,     ,Kern (SJV),MCY,Gas,RUNEX,CAT,NH3,0.002077768
2017,     ,Kern (SJV),MDV,Dsl,RUNEX,DSL,NH3,0.000205378
2017,     ,Kern (SJV),MDV,Gas,RUNEX,CAT,NH3,0.123200582
2017,     ,Kern (SJV),MH,Dsl,RUNEX,DSL,NH3,0.000218052
2017,     ,Kern (SJV),MH,Gas,RUNEX,CAT,NH3,0.000842173
2017,     ,Kern (SJV),OBUS,Gas,RUNEX,CAT,NH3,0.000803355
2017,     ,Kern (SJV),SBUS,Gas,RUNEX,CAT,NH3,0.000258583
2017,     ,Kern (SJV),T6TS,Gas,RUNEX,CAT,NH3,0.002838558
2017,     ,Kern (SJV),T7IS,Gas,RUNEX,CAT,NH3,1.08304e-05
2017,     ,Kern (SJV),UBUS,Dsl,RUNEX,DSL,NH3,0.000179304
2017,     ,Kern (SJV),UBUS,Gas,RUNEX,CAT,NH3,0.000220758
2017,     ,Kern (SJV),UBUS,NG,RUNEX,DSL,NH3,0.000420918
