calendar_year,season_month,sub_area,vehicle_class,fuel,process,cat_ncat,pollutant,emission
2017,July,Kings (SJV),LDA,Gas,RUNEX,CAT,CO,2.418747328733963
2017,July,Kings (SJV),LDA,Gas,RUNEX,CAT,NOx,0.1591939526532896
2017,July,Kings (SJV),LDA,Gas,RUNEX,CAT,SOx,0.006861712424686775
2017,July,Kings (SJV),LDA,Gas,RUNEX,CAT,PM,0.0032600654995731944
2017,July,Kings (SJV),LDA,Gas,RUNEX,CAT,TOG,0.07110475777636113
2017,July,Kings (SJV),LDA,Gas,RUNEX,CAT,PM10,0.0029148456927687947
2017,July,Kings (SJV),LDA,Gas,RUNEX,CAT,PM2_5,0.0026802660486235563
2017,July,Kings (SJV),LDA,Gas,RUNEX,NCAT,CO,0.0564841874067753
2017,July,Kings (SJV),LDA,Gas,RUNEX,NCAT,NOx,0.0038200961241193635
2017,July,Kings (SJV),LDA,Gas,RUNEX,NCAT,SOx,4.382129217745866e-06
2017,July,Kings (SJV),LDA,Gas,RUNEX,NCAT,PM,3.945071925475077e-05
2017,July,Kings (SJV),LDA,Gas,RUNEX,NCAT,TOG,0.004094441032051453
2017,July,Kings (SJV),LDA,Gas,RUNEX,NCAT,PM10,3.756500505345684e-05
2017,July,Kings (SJV),LDA,Gas,RUNEX,NCAT,PM2_5,3.568410158221733e-05
2017,July,Kings (SJV),LDA,Gas,STREX,CAT,CO,0.5125641500661468
2017,July,Kings (SJV),LDA,Gas,STREX,CAT,NOx,0.059905002608970595
2017,July,Kings (SJV),LDA,Gas,STREX,CAT,SOx,0.00014195424221214118
2017,July,Kings (SJV),LDA,Gas,STREX,CAT,PM,0.0005421636532595201
2017,July,Kings (SJV),LDA,Gas,STREX,CAT,TOG,0.08427279708749938
2017,July,Kings (SJV),LDA,Gas,STREX,CAT,PM10,0.0004848658072541556
2017,July,Kings (SJV),LDA,Gas,STREX,CAT,PM2_5,0.00044590169637953033
2017,July,Kings (SJV),LDA,Gas,STREX,NCAT,CO,0.009618912236531073
2017,July,Kings (SJV),LDA,Gas,STREX,NCAT,NOx,0.0004915219066817575
2017,July,Kings (SJV),LDA,Gas,STREX,NCAT,SOx,7.984754457105592e-07
2017,July,Kings (SJV),LDA,Gas,STREX,NCAT,PM,2.1256870967125507e-05
2017,July,Kings (SJV),LDA,Gas,STREX,NCAT,TOG,0.0014211042593940215
2017,July,Kings (SJV),LDA,Gas,STREX,NCAT,PM10,2.025635175926304e-05
2017,July,Kings (SJV),LDA,Gas,STREX,NCAT,PM2_5,1.924937727664911e-05
2017,July,Kings (SJV),LDA,Gas,HOTSOAK,CAT,TOG,0.0448339421839447
2017,July,Kings (SJV),LDA,Gas,HOTSOAK,NCAT,TOG,0.0016192855972901466
2017,July,Kings (SJV),LDA,Gas,RUNLOSS,CAT,TOG,0.06613161262819577
2017,July,Kings (SJV),LDA,Gas,RUNLOSS,NCAT,TOG,0.005258019059897613
2017,July,Kings (SJV),LDA,Gas,RESTLOSS,CAT,TOG,0.03504433522109734
2017,July,Kings (SJV),LDA,Gas,RESTLOSS,NCAT,TOG,0.001650370965834317
2017,July,Kings (SJV),LDA,Gas,DIURN,CAT,TOG,0.05211438438097378
2017,July,Kings (SJV),LDA,Gas,DIURN,NCAT,TOG,0.0025887175510817977
2017,July,Kings (SJV),LDA,Gas,PMTW,CAT,PM,0.016419261976191556
2017,July,Kings (SJV),LDA,Gas,PMTW,CAT,PM10,0.016419261976191556
2017,July,Kings (SJV),LDA,Gas,PMTW,CAT,PM2_5,0.004104815494047889
2017,July,Kings (SJV),LDA,Gas,PMTW,NCAT,PM,5.215598023412294e-06
2017,July,Kings (SJV),LDA,Gas,PMTW,NCAT,PM10,5.215598023412294e-06
2017,July,Kings (SJV),LDA,Gas,PMTW,NCAT,PM2_5,1.3038995058530735e-06
2017,July,Kings (SJV),LDA,Gas,PMBW,CAT,PM,0.07696529051339786
2017,July,Kings (SJV),LDA,Gas,PMBW,CAT,PM10,0.0754259847031298
2017,July,Kings (SJV),LDA,Gas,PMBW,CAT,PM2_5,0.0323254220156271
2017,July,Kings (SJV),LDA,Gas,PMBW,NCAT,PM,2.4448115734745142e-05
2017,July,Kings (SJV),LDA,Gas,PMBW,NCAT,PM10,2.395915342005023e-05
2017,July,Kings (SJV),LDA,Gas,PMBW,NCAT,PM2_5,1.026820860859296e-05
2017,July,Kings (SJV),LDA,Dsl,RUNEX,DSL,CO,0.003557641487465499
2017,July,Kings (SJV),LDA,Dsl,RUNEX,DSL,NOx,0.002443119773284847
2017,July,Kings (SJV),LDA,Dsl,RUNEX,DSL,SOx,2.6257871519394825e-05
2017,July,Kings (SJV),LDA,Dsl,RUNEX,DSL,PM,0.00020194006202488038
2017,July,Kings (SJV),LDA,Dsl,RUNEX,DSL,TOG,0.0003602027815704255
2017,July,Kings (SJV),LDA,Dsl,RUNEX,DSL,PM10,0.00020072842165273118
2017,July,Kings (SJV),LDA,Dsl,RUNEX,DSL,PM2_5,0.00019204499898566114
2017,July,Kings (SJV),LDA,Dsl,PMTW,DSL,PM,9.519179875793523e-05
2017,July,Kings (SJV),LDA,Dsl,PMTW,DSL,PM10,9.519179875793523e-05
2017,July,Kings (SJV),LDA,Dsl,PMTW,DSL,PM2_5,2.3797949689483808e-05
2017,July,Kings (SJV),LDA,Dsl,PMBW,DSL,PM,0.0004462115566778214
2017,July,Kings (SJV),LDA,Dsl,PMBW,DSL,PM10,0.0004372873255442651
2017,July,Kings (SJV),LDA,Dsl,PMBW,DSL,PM2_5,0.00018740885380468496
2017,July,Kings (SJV),LDA,Elec,HOTSOAK,CAT,TOG,6.8418185566718795e-06
2017,July,Kings (SJV),LDA,Elec,RESTLOSS,CAT,TOG,9.125963438479767e-06
2017,July,Kings (SJV),LDA,Elec,DIURN,CAT,TOG,1.8496016586828066e-05
2017,July,Kings (SJV),LDA,Elec,PMTW,CAT,PM,8.244842257455036e-05
2017,July,Kings (SJV),LDA,Elec,PMTW,CAT,PM10,8.244842257455036e-05
2017,July,Kings (SJV),LDA,Elec,PMTW,CAT,PM2_5,2.061210564363759e-05
2017,July,Kings (SJV),LDA,Elec,PMBW,CAT,PM,0.0003864769808182047
2017,July,Kings (SJV),LDA,Elec,PMBW,CAT,PM10,0.0003787474412018407
2017,July,Kings (SJV),LDA,Elec,PMBW,CAT,PM2_5,0.00016232033194364605
2017,July,Kings (SJV),LDT1,Gas,RUNEX,CAT,CO,0.5920658251438633
2017,July,Kings (SJV),LDT1,Gas,RUNEX,CAT,NOx,0.05215549453121406
2017,July,Kings (SJV),LDT1,Gas,RUNEX,CAT,SOx,0.0007205678954256928
2017,July,Kings (SJV),LDT1,Gas,RUNEX,CAT,PM,0.0006554232808877805
2017,July,Kings (SJV),LDT1,Gas,RUNEX,CAT,TOG,0.02117849269289271
2017,July,Kings (SJV),LDT1,Gas,RUNEX,CAT,PM10,0.0005862272176376291
2017,July,Kings (SJV),LDT1,Gas,RUNEX,CAT,PM2_5,0.0005391532567371512
2017,July,Kings (SJV),LDT1,Gas,RUNEX,NCAT,CO,0.0669973940452672
2017,July,Kings (SJV),LDT1,Gas,RUNEX,NCAT,NOx,0.004557488658302552
2017,July,Kings (SJV),LDT1,Gas,RUNEX,NCAT,SOx,5.113385864854807e-06
2017,July,Kings (SJV),LDT1,Gas,RUNEX,NCAT,PM,4.7653458544506374e-05
2017,July,Kings (SJV),LDT1,Gas,RUNEX,NCAT,TOG,0.004986914522074195
2017,July,Kings (SJV),LDT1,Gas,RUNEX,NCAT,PM10,4.551616913731775e-05
2017,July,Kings (SJV),LDT1,Gas,RUNEX,NCAT,PM2_5,4.330290163791647e-05
2017,July,Kings (SJV),LDT1,Gas,STREX,CAT,CO,0.06028721269260416
2017,July,Kings (SJV),LDT1,Gas,STREX,CAT,NOx,0.01041725349531712
2017,July,Kings (SJV),LDT1,Gas,STREX,CAT,SOx,1.7268883333218327e-05
2017,July,Kings (SJV),LDT1,Gas,STREX,CAT,PM,0.0001074494975926521
2017,July,Kings (SJV),LDT1,Gas,STREX,CAT,TOG,0.016856324518646805
2017,July,Kings (SJV),LDT1,Gas,STREX,CAT,PM10,9.611164365514729e-05
2017,July,Kings (SJV),LDT1,Gas,STREX,CAT,PM2_5,8.839692458377244e-05
2017,July,Kings (SJV),LDT1,Gas,STREX,NCAT,CO,0.0036861472904978257
2017,July,Kings (SJV),LDT1,Gas,STREX,NCAT,NOx,0.00017957525191595475
2017,July,Kings (SJV),LDT1,Gas,STREX,NCAT,SOx,2.9310144832295583e-07
2017,July,Kings (SJV),LDT1,Gas,STREX,NCAT,PM,7.679168501038398e-06
2017,July,Kings (SJV),LDT1,Gas,STREX,NCAT,TOG,0.0005202348665952347
2017,July,Kings (SJV),LDT1,Gas,STREX,NCAT,PM10,7.32788812218174e-06
2017,July,Kings (SJV),LDT1,Gas,STREX,NCAT,PM2_5,6.968359952839743e-06
2017,July,Kings (SJV),LDT1,Gas,HOTSOAK,CAT,TOG,0.012752993430087926
2017,July,Kings (SJV),LDT1,Gas,HOTSOAK,NCAT,TOG,0.0005750724958833052
2017,July,Kings (SJV),LDT1,Gas,RUNLOSS,CAT,TOG,0.03364213687688928
2017,July,Kings (SJV),LDT1,Gas,RUNLOSS,NCAT,TOG,0.0008501700913569062
2017,July,Kings (SJV),LDT1,Gas,RESTLOSS,CAT,TOG,0.01012170454305485
2017,July,Kings (SJV),LDT1,Gas,RESTLOSS,NCAT,TOG,0.0005872020016421259
2017,July,Kings (SJV),LDT1,Gas,DIURN,CAT,TOG,0.01676395597726641
2017,July,Kings (SJV),LDT1,Gas,DIURN,NCAT,TOG,0.0009156363823428565
2017,July,Kings (SJV),LDT1,Gas,PMTW,CAT,PM,0.0014782072292217883
2017,July,Kings (SJV),LDT1,Gas,PMTW,CAT,PM10,0.0014782072292217883
2017,July,Kings (SJV),LDT1,Gas,PMTW,CAT,PM2_5,0.0003695518073054471
2017,July,Kings (SJV),LDT1,Gas,PMTW,NCAT,PM,6.29717022664846e-06
2017,July,Kings (SJV),LDT1,Gas,PMTW,NCAT,PM10,6.29717022664846e-06
2017,July,Kings (SJV),LDT1,Gas,PMTW,NCAT,PM2_5,1.574292556662115e-06
2017,July,Kings (SJV),LDT1,Gas,PMBW,CAT,PM,0.006929096386977143
2017,July,Kings (SJV),LDT1,Gas,PMBW,CAT,PM10,0.006790514459237596
2017,July,Kings (SJV),LDT1,Gas,PMBW,CAT,PM2_5,0.002910220482530399
2017,July,Kings (SJV),LDT1,Gas,PMBW,NCAT,PM,2.9517985437414634e-05
2017,July,Kings (SJV),LDT1,Gas,PMBW,NCAT,PM10,2.8927625728666363e-05
2017,July,Kings (SJV),LDT1,Gas,PMBW,NCAT,PM2_5,1.2397553883714156e-05
2017,July,Kings (SJV),LDT2,Gas,RUNEX,CAT,CO,1.2981214504201233
2017,July,Kings (SJV),LDT2,Gas,RUNEX,CAT,NOx,0.13481811642767652
2017,July,Kings (SJV),LDT2,Gas,RUNEX,CAT,SOx,0.0028467792191238764
2017,July,Kings (SJV),LDT2,Gas,RUNEX,CAT,PM,0.001286744335389418
2017,July,Kings (SJV),LDT2,Gas,RUNEX,CAT,TOG,0.042735216702052686
2017,July,Kings (SJV),LDT2,Gas,RUNEX,CAT,PM10,0.001151041392704125
2017,July,Kings (SJV),LDT2,Gas,RUNEX,CAT,PM2_5,0.001058684976559781
2017,July,Kings (SJV),LDT2,Gas,RUNEX,NCAT,CO,0.09620189253599183
2017,July,Kings (SJV),LDT2,Gas,RUNEX,NCAT,NOx,0.006727843282579513
2017,July,Kings (SJV),LDT2,Gas,RUNEX,NCAT,SOx,7.544925629821587e-06
2017,July,Kings (SJV),LDT2,Gas,RUNEX,NCAT,PM,7.042003389821462e-05
2017,July,Kings (SJV),LDT2,Gas,RUNEX,NCAT,TOG,0.007488296502084128
2017,July,Kings (SJV),LDT2,Gas,RUNEX,NCAT,PM10,6.698169571020055e-05
2017,July,Kings (SJV),LDT2,Gas,RUNEX,NCAT,PM2_5,6.359403821498439e-05
2017,July,Kings (SJV),LDT2,Gas,STREX,CAT,CO,0.23773321464224387
2017,July,Kings (SJV),LDT2,Gas,STREX,CAT,NOx,0.03966657545557867
2017,July,Kings (SJV),LDT2,Gas,STREX,CAT,SOx,6.632582622297583e-05
2017,July,Kings (SJV),LDT2,Gas,STREX,CAT,PM,0.00021377161682360795
2017,July,Kings (SJV),LDT2,Gas,STREX,CAT,TOG,0.04386327805987164
2017,July,Kings (SJV),LDT2,Gas,STREX,CAT,PM10,0.0001912327739296848
2017,July,Kings (SJV),LDT2,Gas,STREX,CAT,PM2_5,0.00017589176315573767
2017,July,Kings (SJV),LDT2,Gas,STREX,NCAT,CO,0.005586862785958048
2017,July,Kings (SJV),LDT2,Gas,STREX,NCAT,NOx,0.0002564208400876579
2017,July,Kings (SJV),LDT2,Gas,STREX,NCAT,SOx,4.260324402235768e-07
2017,July,Kings (SJV),LDT2,Gas,STREX,NCAT,PM,1.1343434157118698e-05
2017,July,Kings (SJV),LDT2,Gas,STREX,NCAT,TOG,0.0007896508996775406
2017,July,Kings (SJV),LDT2,Gas,STREX,NCAT,PM10,1.0780091735611678e-05
2017,July,Kings (SJV),LDT2,Gas,STREX,NCAT,PM2_5,1.0230434995345878e-05
2017,July,Kings (SJV),LDT2,Gas,HOTSOAK,CAT,TOG,0.021660723967606897
2017,July,Kings (SJV),LDT2,Gas,HOTSOAK,NCAT,TOG,0.0008083525819825116
2017,July,Kings (SJV),LDT2,Gas,RUNLOSS,CAT,TOG,0.05556611700367227
2017,July,Kings (SJV),LDT2,Gas,RUNLOSS,NCAT,TOG,0.001085210284608869
2017,July,Kings (SJV),LDT2,Gas,RESTLOSS,CAT,TOG,0.018306235922243057
2017,July,Kings (SJV),LDT2,Gas,RESTLOSS,NCAT,TOG,0.0008801590468286206
2017,July,Kings (SJV),LDT2,Gas,DIURN,CAT,TOG,0.026965581229762687
2017,July,Kings (SJV),LDT2,Gas,DIURN,NCAT,TOG,0.001350368286660959
2017,July,Kings (SJV),LDT2,Gas,PMTW,CAT,PM,0.005265415730879091
2017,July,Kings (SJV),LDT2,Gas,PMTW,CAT,PM10,0.005265415730879091
2017,July,Kings (SJV),LDT2,Gas,PMTW,CAT,PM2_5,0.0013163539327197727
2017,July,Kings (SJV),LDT2,Gas,PMTW,NCAT,PM,9.304940027316266e-06
2017,July,Kings (SJV),LDT2,Gas,PMTW,NCAT,PM10,9.304940027316266e-06
2017,July,Kings (SJV),LDT2,Gas,PMTW,NCAT,PM2_5,2.3262350068290665e-06
2017,July,Kings (SJV),LDT2,Gas,PMBW,CAT,PM,0.024681636238495723
2017,July,Kings (SJV),LDT2,Gas,PMBW,CAT,PM10,0.02418800351372582
2017,July,Kings (SJV),LDT2,Gas,PMBW,CAT,PM2_5,0.010366287220168201
2017,July,Kings (SJV),LDT2,Gas,PMBW,NCAT,PM,4.3616906378044976e-05
2017,July,Kings (SJV),LDT2,Gas,PMBW,NCAT,PM10,4.274456825048408e-05
2017,July,Kings (SJV),LDT2,Gas,PMBW,NCAT,PM2_5,1.831910067877887e-05
2017,July,Kings (SJV),MDV,Gas,RUNEX,CAT,CO,1.2776501575198491
2017,July,Kings (SJV),MDV,Gas,RUNEX,CAT,NOx,0.1343916577346982
2017,July,Kings (SJV),MDV,Gas,RUNEX,CAT,SOx,0.003976400390435054
2017,July,Kings (SJV),MDV,Gas,RUNEX,CAT,PM,0.0012784713634439837
2017,July,Kings (SJV),MDV,Gas,RUNEX,CAT,TOG,0.04287130707936171
2017,July,Kings (SJV),MDV,Gas,RUNEX,CAT,PM10,0.0011432364876047948
2017,July,Kings (SJV),MDV,Gas,RUNEX,CAT,PM2_5,0.001051304855156297
2017,July,Kings (SJV),MDV,Gas,RUNEX,NCAT,CO,0.13129190583551553
2017,July,Kings (SJV),MDV,Gas,RUNEX,NCAT,NOx,0.006814972167400132
2017,July,Kings (SJV),MDV,Gas,RUNEX,NCAT,SOx,6.977548220589891e-06
2017,July,Kings (SJV),MDV,Gas,RUNEX,NCAT,PM,4.883778444614671e-05
2017,July,Kings (SJV),MDV,Gas,RUNEX,NCAT,TOG,0.0058094423736405375
2017,July,Kings (SJV),MDV,Gas,RUNEX,NCAT,PM10,4.66500221668741e-05
2017,July,Kings (SJV),MDV,Gas,RUNEX,NCAT,PM2_5,4.4382853931774436e-05
2017,July,Kings (SJV),MDV,Gas,STREX,CAT,CO,0.3368686819599654
2017,July,Kings (SJV),MDV,Gas,STREX,CAT,NOx,0.05189632945180472
2017,July,Kings (SJV),MDV,Gas,STREX,CAT,SOx,9.555141307706127e-05
2017,July,Kings (SJV),MDV,Gas,STREX,CAT,PM,0.0002493387191958846
2017,July,Kings (SJV),MDV,Gas,STREX,CAT,TOG,0.06015557658920689
2017,July,Kings (SJV),MDV,Gas,STREX,CAT,PM10,0.00022299516631866723
2017,July,Kings (SJV),MDV,Gas,STREX,CAT,PM2_5,0.0002050788656710607
2017,July,Kings (SJV),MDV,Gas,STREX,NCAT,CO,0.012393583015454278
2017,July,Kings (SJV),MDV,Gas,STREX,NCAT,NOx,0.000472331579040874
2017,July,Kings (SJV),MDV,Gas,STREX,NCAT,SOx,6.98930624647709e-07
2017,July,Kings (SJV),MDV,Gas,STREX,NCAT,PM,1.3959282783777673e-05
2017,July,Kings (SJV),MDV,Gas,STREX,NCAT,TOG,0.0012056249226468634
2017,July,Kings (SJV),MDV,Gas,STREX,NCAT,PM10,1.3328519397664106e-05
2017,July,Kings (SJV),MDV,Gas,STREX,NCAT,PM2_5,1.267822382068095e-05
2017,July,Kings (SJV),MDV,Gas,HOTSOAK,CAT,TOG,0.02272944904059112
2017,July,Kings (SJV),MDV,Gas,HOTSOAK,NCAT,TOG,0.0006495811308986005
2017,July,Kings (SJV),MDV,Gas,RUNLOSS,CAT,TOG,0.05707218696322467
2017,July,Kings (SJV),MDV,Gas,RUNLOSS,NCAT,TOG,0.0010766091124398865
2017,July,Kings (SJV),MDV,Gas,RESTLOSS,CAT,TOG,0.02019508636832724
2017,July,Kings (SJV),MDV,Gas,RESTLOSS,NCAT,TOG,0.0011062573846237962
2017,July,Kings (SJV),MDV,Gas,DIURN,CAT,TOG,0.027771863435564675
2017,July,Kings (SJV),MDV,Gas,DIURN,NCAT,TOG,0.001669633794210496
2017,July,Kings (SJV),MDV,Gas,PMTW,CAT,PM,0.0062788151443646635
2017,July,Kings (SJV),MDV,Gas,PMTW,CAT,PM10,0.0062788151443646635
2017,July,Kings (SJV),MDV,Gas,PMTW,CAT,PM2_5,0.0015697037860911659
2017,July,Kings (SJV),MDV,Gas,PMTW,NCAT,PM,6.4961415932958135e-06
2017,July,Kings (SJV),MDV,Gas,PMTW,NCAT,PM10,6.4961415932958135e-06
2017,July,Kings (SJV),MDV,Gas,PMTW,NCAT,PM2_5,1.6240353983239534e-06
2017,July,Kings (SJV),MDV,Gas,PMBW,CAT,PM,0.02943194598920937
2017,July,Kings (SJV),MDV,Gas,PMBW,CAT,PM10,0.028843307069425186
2017,July,Kings (SJV),MDV,Gas,PMBW,CAT,PM2_5,0.01236141731546795
2017,July,Kings (SJV),MDV,Gas,PMBW,NCAT,PM,3.0450663718574114e-05
2017,July,Kings (SJV),MDV,Gas,PMBW,NCAT,PM10,2.984165044420266e-05
2017,July,Kings (SJV),MDV,Gas,PMBW,NCAT,PM2_5,1.2789278761801127e-05
2017,July,Kings (SJV),LHD1,Gas,RUNEX,CAT,CO,0.13087270255250855
2017,July,Kings (SJV),LHD1,Gas,RUNEX,CAT,NOx,0.025673587940101477
2017,July,Kings (SJV),LHD1,Gas,RUNEX,CAT,SOx,0.0006880526039704291
2017,July,Kings (SJV),LHD1,Gas,RUNEX,CAT,PM,0.0002013040845590725
2017,July,Kings (SJV),LHD1,Gas,RUNEX,CAT,TOG,0.010433758279437558
2017,July,Kings (SJV),LHD1,Gas,RUNEX,CAT,PM10,0.00017996585159581045
2017,July,Kings (SJV),LHD1,Gas,RUNEX,CAT,PM2_5,0.0001654719575075575
2017,July,Kings (SJV),LHD1,Gas,RUNEX,NCAT,CO,0.031138925990117614
2017,July,Kings (SJV),LHD1,Gas,RUNEX,NCAT,NOx,0.0007179193126727369
2017,July,Kings (SJV),LHD1,Gas,RUNEX,NCAT,SOx,3.2823033187575065e-06
2017,July,Kings (SJV),LHD1,Gas,RUNEX,NCAT,PM,1.4786031440477888e-05
2017,July,Kings (SJV),LHD1,Gas,RUNEX,NCAT,TOG,0.0016690671251811228
2017,July,Kings (SJV),LHD1,Gas,RUNEX,NCAT,PM10,1.4209376214299254e-05
2017,July,Kings (SJV),LHD1,Gas,RUNEX,NCAT,PM2_5,1.355879083091822e-05
2017,July,Kings (SJV),LHD1,Gas,IDLEX,CAT,CO,0.006983638610668404
2017,July,Kings (SJV),LHD1,Gas,IDLEX,CAT,NOx,7.824219413014802e-05
2017,July,Kings (SJV),LHD1,Gas,IDLEX,CAT,SOx,2.3143471730807573e-06
2017,July,Kings (SJV),LHD1,Gas,IDLEX,CAT,TOG,0.0013054578860274074
2017,July,Kings (SJV),LHD1,Gas,IDLEX,NCAT,CO,5.8743671760954686e-05
2017,July,Kings (SJV),LHD1,Gas,IDLEX,NCAT,NOx,6.642861533938487e-07
2017,July,Kings (SJV),LHD1,Gas,IDLEX,NCAT,SOx,2.1645367539838007e-08
2017,July,Kings (SJV),LHD1,Gas,IDLEX,NCAT,TOG,1.055868679861881e-05
2017,July,Kings (SJV),LHD1,Gas,STREX,CAT,CO,0.054560155803020205
2017,July,Kings (SJV),LHD1,Gas,STREX,CAT,NOx,0.0157676458478641
2017,July,Kings (SJV),LHD1,Gas,STREX,CAT,SOx,5.377684775103053e-06
2017,July,Kings (SJV),LHD1,Gas,STREX,CAT,PM,1.633711153699209e-05
2017,July,Kings (SJV),LHD1,Gas,STREX,CAT,TOG,0.005024782974445988
2017,July,Kings (SJV),LHD1,Gas,STREX,CAT,PM10,1.4605377714070941e-05
2017,July,Kings (SJV),LHD1,Gas,STREX,CAT,PM2_5,1.3429105683407524e-05
2017,July,Kings (SJV),LHD1,Gas,STREX,NCAT,CO,2.6535166535192784e-05
2017,July,Kings (SJV),LHD1,Gas,STREX,NCAT,NOx,9.211402213843885e-05
2017,July,Kings (SJV),LHD1,Gas,STREX,NCAT,SOx,1.7425070290117627e-07
2017,July,Kings (SJV),LHD1,Gas,STREX,NCAT,PM,4.0070109153362e-06
2017,July,Kings (SJV),LHD1,Gas,STREX,NCAT,TOG,0.0005466984145776688
2017,July,Kings (SJV),LHD1,Gas,STREX,NCAT,PM10,3.850737489638091e-06
2017,July,Kings (SJV),LHD1,Gas,STREX,NCAT,PM2_5,3.674429009363296e-06
2017,July,Kings (SJV),LHD1,Gas,HOTSOAK,CAT,TOG,0.005607576388325975
2017,July,Kings (SJV),LHD1,Gas,HOTSOAK,NCAT,TOG,0.0004957580589358771
2017,July,Kings (SJV),LHD1,Gas,RUNLOSS,CAT,TOG,0.031085523775122123
2017,July,Kings (SJV),LHD1,Gas,RUNLOSS,NCAT,TOG,0.0008107902796418566
2017,July,Kings (SJV),LHD1,Gas,RESTLOSS,CAT,TOG,0.0001520747461330203
2017,July,Kings (SJV),LHD1,Gas,RESTLOSS,NCAT,TOG,1.008812233577197e-05
2017,July,Kings (SJV),LHD1,Gas,DIURN,CAT,TOG,0.00038407816982789187
2017,July,Kings (SJV),LHD1,Gas,DIURN,NCAT,TOG,2.5381982303164455e-05
2017,July,Kings (SJV),LHD1,Gas,PMTW,CAT,PM,0.0005287253908093433
2017,July,Kings (SJV),LHD1,Gas,PMTW,CAT,PM10,0.0005287253908093433
2017,July,Kings (SJV),LHD1,Gas,PMTW,CAT,PM2_5,0.00013218134770233582
2017,July,Kings (SJV),LHD1,Gas,PMTW,NCAT,PM,2.0979319452415285e-06
2017,July,Kings (SJV),LHD1,Gas,PMTW,NCAT,PM10,2.0979319452415285e-06
2017,July,Kings (SJV),LHD1,Gas,PMTW,NCAT,PM2_5,5.244829863103821e-07
2017,July,Kings (SJV),LHD1,Gas,PMBW,CAT,PM,0.005155072560391104
2017,July,Kings (SJV),LHD1,Gas,PMBW,CAT,PM10,0.005051971109183275
2017,July,Kings (SJV),LHD1,Gas,PMBW,CAT,PM2_5,0.002165130475364262
2017,July,Kings (SJV),LHD1,Gas,PMBW,NCAT,PM,2.0454836466104885e-05
2017,July,Kings (SJV),LHD1,Gas,PMBW,NCAT,PM10,2.00457397367828e-05
2017,July,Kings (SJV),LHD1,Gas,PMBW,NCAT,PM2_5,8.591031315764058e-06
2017,July,Kings (SJV),LHD2,Gas,RUNEX,CAT,CO,0.009146642521033881
2017,July,Kings (SJV),LHD2,Gas,RUNEX,CAT,NOx,0.0026910126365534697
2017,July,Kings (SJV),LHD2,Gas,RUNEX,CAT,SOx,0.00010163098712907083
2017,July,Kings (SJV),LHD2,Gas,RUNEX,CAT,PM,2.0747479897812264e-05
2017,July,Kings (SJV),LHD2,Gas,RUNEX,CAT,TOG,0.0007287069927441131
2017,July,Kings (SJV),LHD2,Gas,RUNEX,CAT,PM10,1.854824702864416e-05
2017,July,Kings (SJV),LHD2,Gas,RUNEX,CAT,PM2_5,1.7054428476001705e-05
2017,July,Kings (SJV),LHD2,Gas,IDLEX,CAT,CO,0.0008874320542308398
2017,July,Kings (SJV),LHD2,Gas,IDLEX,CAT,NOx,9.966875144492246e-06
2017,July,Kings (SJV),LHD2,Gas,IDLEX,CAT,SOx,3.3764445640680453e-07
2017,July,Kings (SJV),LHD2,Gas,IDLEX,CAT,TOG,0.0001665718308006753
2017,July,Kings (SJV),LHD2,Gas,STREX,CAT,CO,0.006289755388998796
2017,July,Kings (SJV),LHD2,Gas,STREX,CAT,NOx,0.001972415280961305
2017,July,Kings (SJV),LHD2,Gas,STREX,CAT,SOx,7.667794633204027e-07
2017,July,Kings (SJV),LHD2,Gas,STREX,CAT,PM,1.598261765936367e-06
2017,July,Kings (SJV),LHD2,Gas,STREX,CAT,TOG,0.0005875639106438745
2017,July,Kings (SJV),LHD2,Gas,STREX,CAT,PM10,1.4288460187471134e-06
2017,July,Kings (SJV),LHD2,Gas,STREX,CAT,PM2_5,1.313771171599694e-06
2017,July,Kings (SJV),LHD2,Gas,HOTSOAK,CAT,TOG,0.0005777386489961206
2017,July,Kings (SJV),LHD2,Gas,RUNLOSS,CAT,TOG,0.0031579701255035793
2017,July,Kings (SJV),LHD2,Gas,RESTLOSS,CAT,TOG,1.4715282484064186e-05
2017,July,Kings (SJV),LHD2,Gas,DIURN,CAT,TOG,3.62880168114399e-05
2017,July,Kings (SJV),LHD2,Gas,PMTW,CAT,PM,6.816706304582515e-05
2017,July,Kings (SJV),LHD2,Gas,PMTW,CAT,PM10,6.816706304582515e-05
2017,July,Kings (SJV),LHD2,Gas,PMTW,CAT,PM2_5,1.7041765761456288e-05
2017,July,Kings (SJV),LHD2,Gas,PMBW,CAT,PM,0.0007754003421462604
2017,July,Kings (SJV),LHD2,Gas,PMBW,CAT,PM10,0.0007598923353033354
2017,July,Kings (SJV),LHD2,Gas,PMBW,CAT,PM2_5,0.0003256681437014294
2017,July,Kings (SJV),T6TS,Gas,RUNEX,CAT,CO,0.040179237625942485
2017,July,Kings (SJV),T6TS,Gas,RUNEX,CAT,NOx,0.008222329536194554
2017,July,Kings (SJV),T6TS,Gas,RUNEX,CAT,SOx,0.000134895627622174
2017,July,Kings (SJV),T6TS,Gas,RUNEX,CAT,PM,1.4484040446749703e-05
2017,July,Kings (SJV),T6TS,Gas,RUNEX,CAT,TOG,0.002526883392376104
2017,July,Kings (SJV),T6TS,Gas,RUNEX,CAT,PM10,1.2948732159394253e-05
2017,July,Kings (SJV),T6TS,Gas,RUNEX,CAT,PM2_5,1.1905881247228255e-05
2017,July,Kings (SJV),T6TS,Gas,RUNEX,NCAT,CO,0.015021217176849235
2017,July,Kings (SJV),T6TS,Gas,RUNEX,NCAT,NOx,0.0004038439113674455
2017,July,Kings (SJV),T6TS,Gas,RUNEX,NCAT,SOx,2.129324010830653e-06
2017,July,Kings (SJV),T6TS,Gas,RUNEX,NCAT,PM,4.17870488270806e-06
2017,July,Kings (SJV),T6TS,Gas,RUNEX,NCAT,TOG,0.0006650316845290691
2017,July,Kings (SJV),T6TS,Gas,RUNEX,NCAT,PM10,4.015735392282446e-06
2017,July,Kings (SJV),T6TS,Gas,RUNEX,NCAT,PM2_5,3.831872377443292e-06
2017,July,Kings (SJV),T6TS,Gas,IDLEX,CAT,CO,0.0012734645045587788
2017,July,Kings (SJV),T6TS,Gas,IDLEX,CAT,NOx,1.1275421973118289e-05
2017,July,Kings (SJV),T6TS,Gas,IDLEX,CAT,SOx,7.222118438084921e-07
2017,July,Kings (SJV),T6TS,Gas,IDLEX,CAT,TOG,0.00016681764871353117
2017,July,Kings (SJV),T6TS,Gas,IDLEX,NCAT,CO,7.437355918730154e-05
2017,July,Kings (SJV),T6TS,Gas,IDLEX,NCAT,NOx,6.607120181206545e-07
2017,July,Kings (SJV),T6TS,Gas,IDLEX,NCAT,SOx,4.671720681425493e-08
2017,July,Kings (SJV),T6TS,Gas,IDLEX,NCAT,TOG,9.35541568517189e-06
2017,July,Kings (SJV),T6TS,Gas,STREX,CAT,CO,0.014777087206231549
2017,July,Kings (SJV),T6TS,Gas,STREX,CAT,NOx,0.0009440463550387317
2017,July,Kings (SJV),T6TS,Gas,STREX,CAT,SOx,1.0431437726342741e-06
2017,July,Kings (SJV),T6TS,Gas,STREX,CAT,PM,1.9617353232854612e-06
2017,July,Kings (SJV),T6TS,Gas,STREX,CAT,TOG,0.0007023585677622908
2017,July,Kings (SJV),T6TS,Gas,STREX,CAT,PM10,1.7537913790172047e-06
2017,July,Kings (SJV),T6TS,Gas,STREX,CAT,PM2_5,1.6125464357406482e-06
2017,July,Kings (SJV),T6TS,Gas,STREX,NCAT,CO,2.519419987635271e-05
2017,July,Kings (SJV),T6TS,Gas,STREX,NCAT,NOx,8.414074627926394e-05
2017,July,Kings (SJV),T6TS,Gas,STREX,NCAT,SOx,2.198637896045866e-07
2017,July,Kings (SJV),T6TS,Gas,STREX,NCAT,PM,2.4425032027345435e-06
2017,July,Kings (SJV),T6TS,Gas,STREX,NCAT,TOG,0.0004994204311751868
2017,July,Kings (SJV),T6TS,Gas,STREX,NCAT,PM10,2.3472455778278966e-06
2017,July,Kings (SJV),T6TS,Gas,STREX,NCAT,PM2_5,2.2397754369075776e-06
2017,July,Kings (SJV),T6TS,Gas,HOTSOAK,CAT,TOG,0.0004257522754790253
2017,July,Kings (SJV),T6TS,Gas,HOTSOAK,NCAT,TOG,0.0003303943411453973
2017,July,Kings (SJV),T6TS,Gas,RUNLOSS,CAT,TOG,0.0020281114444900953
2017,July,Kings (SJV),T6TS,Gas,RUNLOSS,NCAT,TOG,0.00046873128621287866
2017,July,Kings (SJV),T6TS,Gas,RESTLOSS,CAT,TOG,1.1817607347298598e-05
2017,July,Kings (SJV),T6TS,Gas,RESTLOSS,NCAT,TOG,4.781254637584657e-06
2017,July,Kings (SJV),T6TS,Gas,DIURN,CAT,TOG,2.8776947470649172e-05
2017,July,Kings (SJV),T6TS,Gas,DIURN,NCAT,TOG,1.1525878364722906e-05
2017,July,Kings (SJV),T6TS,Gas,PMTW,CAT,PM,8.810062288624624e-05
2017,July,Kings (SJV),T6TS,Gas,PMTW,CAT,PM10,8.810062288624624e-05
2017,July,Kings (SJV),T6TS,Gas,PMTW,CAT,PM2_5,2.202515572156156e-05
2017,July,Kings (SJV),T6TS,Gas,PMTW,NCAT,PM,1.2035796293228988e-06
2017,July,Kings (SJV),T6TS,Gas,PMTW,NCAT,PM10,1.2035796293228988e-06
2017,July,Kings (SJV),T6TS,Gas,PMTW,NCAT,PM2_5,3.008949073307247e-07
2017,July,Kings (SJV),T6TS,Gas,PMBW,CAT,PM,0.0009764485703225623
2017,July,Kings (SJV),T6TS,Gas,PMBW,CAT,PM10,0.0009569195989161118
2017,July,Kings (SJV),T6TS,Gas,PMBW,CAT,PM2_5,0.0004101083995354763
2017,July,Kings (SJV),T6TS,Gas,PMBW,NCAT,PM,1.3339674224995465e-05
2017,July,Kings (SJV),T6TS,Gas,PMBW,NCAT,PM10,1.3072880740495559e-05
2017,July,Kings (SJV),T6TS,Gas,PMBW,NCAT,PM2_5,5.602663174498091e-06
2017,July,Kings (SJV),T7IS,Gas,RUNEX,CAT,CO,0.019419706184363766
2017,July,Kings (SJV),T7IS,Gas,RUNEX,CAT,NOx,0.0023032003619798715
2017,July,Kings (SJV),T7IS,Gas,RUNEX,CAT,SOx,7.278678982546001e-06
2017,July,Kings (SJV),T7IS,Gas,RUNEX,CAT,PM,5.736503878854342e-07
2017,July,Kings (SJV),T7IS,Gas,RUNEX,CAT,TOG,0.0006265028047877549
2017,July,Kings (SJV),T7IS,Gas,RUNEX,CAT,PM10,5.128434467695782e-07
2017,July,Kings (SJV),T7IS,Gas,RUNEX,CAT,PM2_5,4.715406188418267e-07
2017,July,Kings (SJV),T7IS,Gas,STREX,CAT,CO,0.00013328734140473868
2017,July,Kings (SJV),T7IS,Gas,STREX,CAT,NOx,0.00013597618817252658
2017,July,Kings (SJV),T7IS,Gas,STREX,CAT,SOx,2.5613426413410695e-08
2017,July,Kings (SJV),T7IS,Gas,STREX,CAT,PM,9.424801336638994e-08
2017,July,Kings (SJV),T7IS,Gas,STREX,CAT,TOG,1.4706569823501822e-08
2017,July,Kings (SJV),T7IS,Gas,STREX,CAT,PM10,8.425772394955255e-08
2017,July,Kings (SJV),T7IS,Gas,STREX,CAT,PM2_5,7.747186698717259e-08
2017,July,Kings (SJV),T7IS,Gas,HOTSOAK,CAT,TOG,1.6832902058561556e-05
2017,July,Kings (SJV),T7IS,Gas,RUNLOSS,CAT,TOG,0.00010397985495818761
2017,July,Kings (SJV),T7IS,Gas,RESTLOSS,CAT,TOG,5.504715351138889e-07
2017,July,Kings (SJV),T7IS,Gas,DIURN,CAT,TOG,1.0521242706147723e-06
2017,July,Kings (SJV),T7IS,Gas,PMTW,CAT,PM,6.30965318564987e-06
2017,July,Kings (SJV),T7IS,Gas,PMTW,CAT,PM10,6.30965318564987e-06
2017,July,Kings (SJV),T7IS,Gas,PMTW,CAT,PM2_5,1.5774132964124674e-06
2017,July,Kings (SJV),T7IS,Gas,PMBW,CAT,PM,1.987540753479709e-05
2017,July,Kings (SJV),T7IS,Gas,PMBW,CAT,PM10,1.9477899384101133e-05
2017,July,Kings (SJV),T7IS,Gas,PMBW,CAT,PM2_5,8.347671164614769e-06
2017,July,Kings (SJV),LDT1,Dsl,RUNEX,DSL,CO,0.0003044377724210035
2017,July,Kings (SJV),LDT1,Dsl,RUNEX,DSL,NOx,0.00024939801863601354
2017,July,Kings (SJV),LDT1,Dsl,RUNEX,DSL,SOx,6.72458112896759e-07
2017,July,Kings (SJV),LDT1,Dsl,RUNEX,DSL,PM,2.8748834935248333e-05
2017,July,Kings (SJV),LDT1,Dsl,RUNEX,DSL,TOG,4.157769252487621e-05
2017,July,Kings (SJV),LDT1,Dsl,RUNEX,DSL,PM10,2.8576341925636854e-05
2017,July,Kings (SJV),LDT1,Dsl,RUNEX,DSL,PM2_5,2.734014202342117e-05
2017,July,Kings (SJV),LDT1,Dsl,PMTW,DSL,PM,1.2701369624550127e-06
2017,July,Kings (SJV),LDT1,Dsl,PMTW,DSL,PM10,1.2701369624550127e-06
2017,July,Kings (SJV),LDT1,Dsl,PMTW,DSL,PM2_5,3.175342406137532e-07
2017,July,Kings (SJV),LDT1,Dsl,PMBW,DSL,PM,5.953767011507874e-06
2017,July,Kings (SJV),LDT1,Dsl,PMBW,DSL,PM10,5.834691671277716e-06
2017,July,Kings (SJV),LDT1,Dsl,PMBW,DSL,PM2_5,2.5005821448333066e-06
2017,July,Kings (SJV),LDT2,Dsl,RUNEX,DSL,CO,0.000450573370297817
2017,July,Kings (SJV),LDT2,Dsl,RUNEX,DSL,NOx,0.00032188574488443457
2017,July,Kings (SJV),LDT2,Dsl,RUNEX,DSL,SOx,6.423452445107494e-06
2017,July,Kings (SJV),LDT2,Dsl,RUNEX,DSL,PM,5.240957137367468e-05
2017,July,Kings (SJV),LDT2,Dsl,RUNEX,DSL,TOG,9.144033059346908e-05
2017,July,Kings (SJV),LDT2,Dsl,RUNEX,DSL,PM10,5.209511394543267e-05
2017,July,Kings (SJV),LDT2,Dsl,RUNEX,DSL,PM2_5,4.984150237636465e-05
2017,July,Kings (SJV),LDT2,Dsl,PMTW,DSL,PM,1.6904094453984218e-05
2017,July,Kings (SJV),LDT2,Dsl,PMTW,DSL,PM10,1.6904094453984218e-05
2017,July,Kings (SJV),LDT2,Dsl,PMTW,DSL,PM2_5,4.2260236134960545e-06
2017,July,Kings (SJV),LDT2,Dsl,PMBW,DSL,PM,7.923794275305101e-05
2017,July,Kings (SJV),LDT2,Dsl,PMBW,DSL,PM10,7.765318389798996e-05
2017,July,Kings (SJV),LDT2,Dsl,PMBW,DSL,PM2_5,3.32799359562814e-05
2017,July,Kings (SJV),MDV,Dsl,RUNEX,DSL,CO,0.0025601764499708717
2017,July,Kings (SJV),MDV,Dsl,RUNEX,DSL,NOx,0.0011330475992748946
2017,July,Kings (SJV),MDV,Dsl,RUNEX,DSL,SOx,5.202552786799363e-05
2017,July,Kings (SJV),MDV,Dsl,RUNEX,DSL,PM,0.00010698264993075751
2017,July,Kings (SJV),MDV,Dsl,RUNEX,DSL,TOG,0.00021357671555276671
2017,July,Kings (SJV),MDV,Dsl,RUNEX,DSL,PM10,0.00010634075403117309
2017,July,Kings (SJV),MDV,Dsl,RUNEX,DSL,PM2_5,0.00010174050008415062
2017,July,Kings (SJV),MDV,Dsl,PMTW,DSL,PM,0.0001041062874657259
2017,July,Kings (SJV),MDV,Dsl,PMTW,DSL,PM10,0.0001041062874657259
2017,July,Kings (SJV),MDV,Dsl,PMTW,DSL,PM2_5,2.6026571866431475e-05
2017,July,Kings (SJV),MDV,Dsl,PMBW,DSL,PM,0.00048799822249558973
2017,July,Kings (SJV),MDV,Dsl,PMBW,DSL,PM10,0.000478238258045678
2017,July,Kings (SJV),MDV,Dsl,PMBW,DSL,PM2_5,0.0002049592534481478
2017,July,Kings (SJV),LHD1,Dsl,RUNEX,DSL,CO,0.0791430148462054
2017,July,Kings (SJV),LHD1,Dsl,RUNEX,DSL,NOx,0.29113494463048745
2017,July,Kings (SJV),LHD1,Dsl,RUNEX,DSL,SOx,0.0004985623684538507
2017,July,Kings (SJV),LHD1,Dsl,RUNEX,DSL,PM,0.0031987305356597044
2017,July,Kings (SJV),LHD1,Dsl,RUNEX,DSL,TOG,0.01970261896949745
2017,July,Kings (SJV),LHD1,Dsl,RUNEX,DSL,PM10,0.0031795381524457496
2017,July,Kings (SJV),LHD1,Dsl,RUNEX,DSL,PM2_5,0.003041992739412374
2017,July,Kings (SJV),LHD1,Dsl,IDLEX,DSL,CO,0.0020708130872077344
2017,July,Kings (SJV),LHD1,Dsl,IDLEX,DSL,NOx,0.0058203694210545685
2017,July,Kings (SJV),LHD1,Dsl,IDLEX,DSL,SOx,3.051236546929171e-06
2017,July,Kings (SJV),LHD1,Dsl,IDLEX,DSL,PM,6.352877616107591e-05
2017,July,Kings (SJV),LHD1,Dsl,IDLEX,DSL,TOG,0.00028442763575833906
2017,July,Kings (SJV),LHD1,Dsl,IDLEX,DSL,PM10,6.314760350410948e-05
2017,July,Kings (SJV),LHD1,Dsl,IDLEX,DSL,PM2_5,6.04158661291832e-05
2017,July,Kings (SJV),LHD1,Dsl,PMTW,DSL,PM,0.0010725803614524316
2017,July,Kings (SJV),LHD1,Dsl,PMTW,DSL,PM10,0.0010725803614524316
2017,July,Kings (SJV),LHD1,Dsl,PMTW,DSL,PM2_5,0.0002681450903631079
2017,July,Kings (SJV),LHD1,Dsl,PMBW,DSL,PM,0.006971772349440805
2017,July,Kings (SJV),LHD1,Dsl,PMBW,DSL,PM10,0.0068323369024519826
2017,July,Kings (SJV),LHD1,Dsl,PMBW,DSL,PM2_5,0.002928144386765136
2017,July,Kings (SJV),LHD2,Dsl,RUNEX,DSL,CO,0.017807010197144292
2017,July,Kings (SJV),LHD2,Dsl,RUNEX,DSL,NOx,0.05803728458952188
2017,July,Kings (SJV),LHD2,Dsl,RUNEX,DSL,SOx,0.00014361365473573287
2017,July,Kings (SJV),LHD2,Dsl,RUNEX,DSL,PM,0.0007003893332325329
2017,July,Kings (SJV),LHD2,Dsl,RUNEX,DSL,TOG,0.004571206846386027
2017,July,Kings (SJV),LHD2,Dsl,RUNEX,DSL,PM10,0.0006961869972331386
2017,July,Kings (SJV),LHD2,Dsl,RUNEX,DSL,PM2_5,0.0006660702559041391
2017,July,Kings (SJV),LHD2,Dsl,IDLEX,DSL,CO,0.0005189314529249877
2017,July,Kings (SJV),LHD2,Dsl,IDLEX,DSL,NOx,0.0014598097604278124
2017,July,Kings (SJV),LHD2,Dsl,IDLEX,DSL,SOx,1.2256002065043334e-06
2017,July,Kings (SJV),LHD2,Dsl,IDLEX,DSL,PM,1.5951454292260864e-05
2017,July,Kings (SJV),LHD2,Dsl,IDLEX,DSL,TOG,7.127560048169975e-05
2017,July,Kings (SJV),LHD2,Dsl,IDLEX,DSL,PM10,1.5855745566507305e-05
2017,July,Kings (SJV),LHD2,Dsl,IDLEX,DSL,PM2_5,1.5169833031940093e-05
2017,July,Kings (SJV),LHD2,Dsl,PMTW,DSL,PM,0.0002755783037652567
2017,July,Kings (SJV),LHD2,Dsl,PMTW,DSL,PM10,0.0002755783037652567
2017,July,Kings (SJV),LHD2,Dsl,PMTW,DSL,PM2_5,6.889457594131418e-05
2017,July,Kings (SJV),LHD2,Dsl,PMBW,DSL,PM,0.0020898021368865303
2017,July,Kings (SJV),LHD2,Dsl,PMBW,DSL,PM10,0.002048006094148798
2017,July,Kings (SJV),LHD2,Dsl,PMBW,DSL,PM2_5,0.000877716897492342
2017,July,Kings (SJV),LDT1,Elec,HOTSOAK,CAT,TOG,3.330351882277483e-08
2017,July,Kings (SJV),LDT1,Elec,RESTLOSS,CAT,TOG,5.017682984658755e-08
2017,July,Kings (SJV),LDT1,Elec,DIURN,CAT,TOG,1.0169572597712857e-07
2017,July,Kings (SJV),LDT1,Elec,PMTW,CAT,PM,3.388986383844848e-07
2017,July,Kings (SJV),LDT1,Elec,PMTW,CAT,PM10,3.388986383844848e-07
2017,July,Kings (SJV),LDT1,Elec,PMTW,CAT,PM2_5,8.47246595961212e-08
2017,July,Kings (SJV),LDT1,Elec,PMBW,CAT,PM,1.5885873674272724e-06
2017,July,Kings (SJV),LDT1,Elec,PMBW,CAT,PM10,1.556815620078727e-06
2017,July,Kings (SJV),LDT1,Elec,PMBW,CAT,PM2_5,6.672066943194544e-07
2017,July,Kings (SJV),LDT2,Elec,HOTSOAK,CAT,TOG,6.346970722833381e-07
2017,July,Kings (SJV),LDT2,Elec,RESTLOSS,CAT,TOG,8.365249096128159e-07
2017,July,Kings (SJV),LDT2,Elec,DIURN,CAT,TOG,1.6954241278519668e-06
2017,July,Kings (SJV),LDT2,Elec,PMTW,CAT,PM,7.4313533387713265e-06
2017,July,Kings (SJV),LDT2,Elec,PMTW,CAT,PM10,7.4313533387713265e-06
2017,July,Kings (SJV),LDT2,Elec,PMTW,CAT,PM2_5,1.8578383346928316e-06
2017,July,Kings (SJV),LDT2,Elec,PMBW,CAT,PM,3.48344687754906e-05
2017,July,Kings (SJV),LDT2,Elec,PMBW,CAT,PM10,3.413777939998078e-05
2017,July,Kings (SJV),LDT2,Elec,PMBW,CAT,PM2_5,1.4630476885706048e-05
2017,July,Kings (SJV),MDV,Elec,HOTSOAK,CAT,TOG,5.6637970047929284e-08
2017,July,Kings (SJV),MDV,Elec,RESTLOSS,CAT,TOG,7.403653845056066e-08
2017,July,Kings (SJV),MDV,Elec,DIURN,CAT,TOG,1.5005331244686856e-07
2017,July,Kings (SJV),MDV,Elec,PMTW,CAT,PM,6.742743242430222e-07
2017,July,Kings (SJV),MDV,Elec,PMTW,CAT,PM10,6.742743242430222e-07
2017,July,Kings (SJV),MDV,Elec,PMTW,CAT,PM2_5,1.6856858106075555e-07
2017,July,Kings (SJV),MDV,Elec,PMBW,CAT,PM,3.1606608948891664e-06
2017,July,Kings (SJV),MDV,Elec,PMBW,CAT,PM10,3.0974476769913834e-06
2017,July,Kings (SJV),MDV,Elec,PMBW,CAT,PM2_5,1.3274775758534501e-06
2017,July,Kings (SJV),SBUS,Gas,RUNEX,CAT,CO,0.011458107200125172
2017,July,Kings (SJV),SBUS,Gas,RUNEX,CAT,NOx,0.001602087435454203
2017,July,Kings (SJV),SBUS,Gas,RUNEX,CAT,SOx,7.104750191724001e-06
2017,July,Kings (SJV),SBUS,Gas,RUNEX,CAT,PM,6.977217364729442e-06
2017,July,Kings (SJV),SBUS,Gas,RUNEX,CAT,TOG,0.0007119322431901889
2017,July,Kings (SJV),SBUS,Gas,RUNEX,CAT,PM10,6.237632324068121e-06
2017,July,Kings (SJV),SBUS,Gas,RUNEX,CAT,PM2_5,5.7352726738076e-06
2017,July,Kings (SJV),SBUS,Gas,IDLEX,CAT,CO,0.0008532530894327699
2017,July,Kings (SJV),SBUS,Gas,IDLEX,CAT,NOx,9.629212355341121e-06
2017,July,Kings (SJV),SBUS,Gas,IDLEX,CAT,SOx,2.96792440206734e-07
2017,July,Kings (SJV),SBUS,Gas,IDLEX,CAT,TOG,0.00015772868607353554
2017,July,Kings (SJV),SBUS,Gas,STREX,CAT,CO,0.0005413711593082784
2017,July,Kings (SJV),SBUS,Gas,STREX,CAT,NOx,2.9672973541858674e-05
2017,July,Kings (SJV),SBUS,Gas,STREX,CAT,SOx,2.502211782625027e-08
2017,July,Kings (SJV),SBUS,Gas,STREX,CAT,PM,1.3207023802465306e-07
2017,July,Kings (SJV),SBUS,Gas,STREX,CAT,TOG,2.7324242838049973e-05
2017,July,Kings (SJV),SBUS,Gas,STREX,CAT,PM10,1.1807079279403989e-07
2017,July,Kings (SJV),SBUS,Gas,STREX,CAT,PM2_5,1.0856173565626484e-07
2017,July,Kings (SJV),SBUS,Gas,HOTSOAK,CAT,TOG,3.001902567823558e-05
2017,July,Kings (SJV),SBUS,Gas,RUNLOSS,CAT,TOG,0.0003295562559120387
2017,July,Kings (SJV),SBUS,Gas,RESTLOSS,CAT,TOG,2.148826697090192e-06
2017,July,Kings (SJV),SBUS,Gas,DIURN,CAT,TOG,9.005089026367593e-06
2017,July,Kings (SJV),SBUS,Gas,PMTW,CAT,PM,6.139596636024019e-06
2017,July,Kings (SJV),SBUS,Gas,PMTW,CAT,PM10,6.139596636024019e-06
2017,July,Kings (SJV),SBUS,Gas,PMTW,CAT,PM2_5,1.5348991590060048e-06
2017,July,Kings (SJV),SBUS,Gas,PMBW,CAT,PM,0.0005832616727477859
2017,July,Kings (SJV),SBUS,Gas,PMBW,CAT,PM10,0.0005715964392928303
2017,July,Kings (SJV),SBUS,Gas,PMBW,CAT,PM2_5,0.0002449699025540701
2017,July,Kings (SJV),OBUS,Gas,RUNEX,CAT,CO,0.015863480168882966
2017,July,Kings (SJV),OBUS,Gas,RUNEX,CAT,NOx,0.00377245576724962
2017,July,Kings (SJV),OBUS,Gas,RUNEX,CAT,SOx,7.834784704351482e-05
2017,July,Kings (SJV),OBUS,Gas,RUNEX,CAT,PM,4.91502523383534e-06
2017,July,Kings (SJV),OBUS,Gas,RUNEX,CAT,TOG,0.0010039733579172612
2017,July,Kings (SJV),OBUS,Gas,RUNEX,CAT,PM10,4.394032559048794e-06
2017,July,Kings (SJV),OBUS,Gas,RUNEX,CAT,PM2_5,4.040150742212651e-06
2017,July,Kings (SJV),OBUS,Gas,RUNEX,NCAT,CO,0.00156861307195851
2017,July,Kings (SJV),OBUS,Gas,RUNEX,NCAT,NOx,4.330301946907857e-05
2017,July,Kings (SJV),OBUS,Gas,RUNEX,NCAT,SOx,2.2221844828414082e-07
2017,July,Kings (SJV),OBUS,Gas,RUNEX,NCAT,PM,4.359583508600913e-07
2017,July,Kings (SJV),OBUS,Gas,RUNEX,NCAT,TOG,7.093994306089671e-05
2017,July,Kings (SJV),OBUS,Gas,RUNEX,NCAT,PM10,4.189559751765477e-07
2017,July,Kings (SJV),OBUS,Gas,RUNEX,NCAT,PM2_5,3.997738077387036e-07
2017,July,Kings (SJV),OBUS,Gas,IDLEX,CAT,CO,0.000373828029862808
2017,July,Kings (SJV),OBUS,Gas,IDLEX,CAT,NOx,4.2122044899808664e-06
2017,July,Kings (SJV),OBUS,Gas,IDLEX,CAT,SOx,2.523381095436419e-07
2017,July,Kings (SJV),OBUS,Gas,IDLEX,CAT,TOG,7.03365989574366e-05
2017,July,Kings (SJV),OBUS,Gas,IDLEX,NCAT,CO,4.140860237102248e-06
2017,July,Kings (SJV),OBUS,Gas,IDLEX,NCAT,NOx,4.6825743713121425e-08
2017,July,Kings (SJV),OBUS,Gas,IDLEX,NCAT,SOx,3.12952315603205e-09
2017,July,Kings (SJV),OBUS,Gas,IDLEX,NCAT,TOG,7.442852142156687e-07
2017,July,Kings (SJV),OBUS,Gas,STREX,CAT,CO,0.004878657690471951
2017,July,Kings (SJV),OBUS,Gas,STREX,CAT,NOx,0.0004061700890637288
2017,July,Kings (SJV),OBUS,Gas,STREX,CAT,SOx,3.607904701054281e-07
2017,July,Kings (SJV),OBUS,Gas,STREX,CAT,PM,4.311823657660465e-07
2017,July,Kings (SJV),OBUS,Gas,STREX,CAT,TOG,0.00024387422687645454
2017,July,Kings (SJV),OBUS,Gas,STREX,CAT,PM10,3.854770349948456e-07
2017,July,Kings (SJV),OBUS,Gas,STREX,CAT,PM2_5,3.5443190465969033e-07
2017,July,Kings (SJV),OBUS,Gas,STREX,NCAT,CO,2.5866567179828095e-06
2017,July,Kings (SJV),OBUS,Gas,STREX,NCAT,NOx,8.04199342635227e-06
2017,July,Kings (SJV),OBUS,Gas,STREX,NCAT,SOx,2.0469212673283945e-08
2017,July,Kings (SJV),OBUS,Gas,STREX,NCAT,PM,2.444879621785741e-07
2017,July,Kings (SJV),OBUS,Gas,STREX,NCAT,TOG,4.851343509040735e-05
2017,July,Kings (SJV),OBUS,Gas,STREX,NCAT,PM10,2.3495293165360968e-07
2017,July,Kings (SJV),OBUS,Gas,STREX,NCAT,PM2_5,2.241954613177524e-07
2017,July,Kings (SJV),OBUS,Gas,HOTSOAK,CAT,TOG,5.239885060431117e-05
2017,July,Kings (SJV),OBUS,Gas,HOTSOAK,NCAT,TOG,1.1149492155331887e-05
2017,July,Kings (SJV),OBUS,Gas,RUNLOSS,CAT,TOG,0.000532458130835655
2017,July,Kings (SJV),OBUS,Gas,RUNLOSS,NCAT,TOG,3.469305459714692e-05
2017,July,Kings (SJV),OBUS,Gas,RESTLOSS,CAT,TOG,3.3640930335988474e-06
2017,July,Kings (SJV),OBUS,Gas,RESTLOSS,NCAT,TOG,4.5058627231823794e-07
2017,July,Kings (SJV),OBUS,Gas,DIURN,CAT,TOG,1.130221441310634e-05
2017,July,Kings (SJV),OBUS,Gas,DIURN,NCAT,TOG,1.5748971592381805e-06
2017,July,Kings (SJV),OBUS,Gas,PMTW,CAT,PM,5.060669011799561e-05
2017,July,Kings (SJV),OBUS,Gas,PMTW,CAT,PM10,5.060669011799561e-05
2017,July,Kings (SJV),OBUS,Gas,PMTW,CAT,PM2_5,1.2651672529498903e-05
2017,July,Kings (SJV),OBUS,Gas,PMTW,NCAT,PM,1.2556775485622856e-07
2017,July,Kings (SJV),OBUS,Gas,PMTW,NCAT,PM10,1.2556775485622856e-07
2017,July,Kings (SJV),OBUS,Gas,PMTW,NCAT,PM2_5,3.139193871405714e-08
2017,July,Kings (SJV),OBUS,Gas,PMBW,CAT,PM,0.0005608908154744515
2017,July,Kings (SJV),OBUS,Gas,PMBW,CAT,PM10,0.0005496729991649618
2017,July,Kings (SJV),OBUS,Gas,PMBW,CAT,PM2_5,0.00023557414249926933
2017,July,Kings (SJV),OBUS,Gas,PMBW,NCAT,PM,1.391709282989866e-06
2017,July,Kings (SJV),OBUS,Gas,PMBW,NCAT,PM10,1.3638750973300686e-06
2017,July,Kings (SJV),OBUS,Gas,PMBW,NCAT,PM2_5,5.845178988557437e-07
2017,July,Kings (SJV),MCY,Gas,RUNEX,CAT,CO,0.18185534974059522
2017,July,Kings (SJV),MCY,Gas,RUNEX,CAT,NOx,0.012387551694405566
2017,July,Kings (SJV),MCY,Gas,RUNEX,CAT,SOx,2.8581380867806714e-05
2017,July,Kings (SJV),MCY,Gas,RUNEX,CAT,PM,1.810266655870507e-05
2017,July,Kings (SJV),MCY,Gas,RUNEX,CAT,TOG,0.028855330181431535
2017,July,Kings (SJV),MCY,Gas,RUNEX,CAT,PM10,1.6691651738996664e-05
2017,July,Kings (SJV),MCY,Gas,RUNEX,CAT,PM2_5,1.56005030213132e-05
2017,July,Kings (SJV),MCY,Gas,RUNEX,NCAT,CO,0.533463257001736
2017,July,Kings (SJV),MCY,Gas,RUNEX,NCAT,NOx,0.017486956226238422
2017,July,Kings (SJV),MCY,Gas,RUNEX,NCAT,SOx,3.263239885724403e-05
2017,July,Kings (SJV),MCY,Gas,RUNEX,NCAT,PM,3.009936275479708e-05
2017,July,Kings (SJV),MCY,Gas,RUNEX,NCAT,TOG,0.050142122112836904
2017,July,Kings (SJV),MCY,Gas,RUNEX,NCAT,PM10,2.8417619771845626e-05
2017,July,Kings (SJV),MCY,Gas,RUNEX,NCAT,PM2_5,2.6881004536091282e-05
2017,July,Kings (SJV),MCY,Gas,STREX,CAT,CO,0.011388925807507578
2017,July,Kings (SJV),MCY,Gas,STREX,CAT,NOx,0.0004825616598629143
2017,July,Kings (SJV),MCY,Gas,STREX,CAT,SOx,1.1339189568217727e-06
2017,July,Kings (SJV),MCY,Gas,STREX,CAT,PM,3.861819379027906e-06
2017,July,Kings (SJV),MCY,Gas,STREX,CAT,TOG,0.0030623959130165524
2017,July,Kings (SJV),MCY,Gas,STREX,CAT,PM10,3.5772753770932426e-06
2017,July,Kings (SJV),MCY,Gas,STREX,CAT,PM2_5,3.3513833051283726e-06
2017,July,Kings (SJV),MCY,Gas,STREX,NCAT,CO,0.03423802497451234
2017,July,Kings (SJV),MCY,Gas,STREX,NCAT,NOx,0.0009151548709593336
2017,July,Kings (SJV),MCY,Gas,STREX,NCAT,SOx,2.3357190426195845e-06
2017,July,Kings (SJV),MCY,Gas,STREX,NCAT,PM,1.6696705549356793e-05
2017,July,Kings (SJV),MCY,Gas,STREX,NCAT,TOG,0.00744488854087418
2017,July,Kings (SJV),MCY,Gas,STREX,NCAT,PM10,1.5920725180689566e-05
2017,July,Kings (SJV),MCY,Gas,STREX,NCAT,PM2_5,1.513391121319273e-05
2017,July,Kings (SJV),MCY,Gas,HOTSOAK,CAT,TOG,0.001350138286953732
2017,July,Kings (SJV),MCY,Gas,HOTSOAK,NCAT,TOG,0.006122584054404695
2017,July,Kings (SJV),MCY,Gas,RUNLOSS,CAT,TOG,0.0020259495399912054
2017,July,Kings (SJV),MCY,Gas,RUNLOSS,NCAT,TOG,0.012200830122338614
2017,July,Kings (SJV),MCY,Gas,RESTLOSS,CAT,TOG,0.002676463707721387
2017,July,Kings (SJV),MCY,Gas,RESTLOSS,NCAT,TOG,0.008629719149376434
2017,July,Kings (SJV),MCY,Gas,DIURN,CAT,TOG,0.004439399290418101
2017,July,Kings (SJV),MCY,Gas,DIURN,NCAT,TOG,0.014750598245163253
2017,July,Kings (SJV),MCY,Gas,PMTW,CAT,PM,5.316603888017236e-05
2017,July,Kings (SJV),MCY,Gas,PMTW,CAT,PM10,5.316603888017236e-05
2017,July,Kings (SJV),MCY,Gas,PMTW,CAT,PM2_5,1.329150972004309e-05
2017,July,Kings (SJV),MCY,Gas,PMTW,NCAT,PM,5.879157242388697e-05
2017,July,Kings (SJV),MCY,Gas,PMTW,NCAT,PM10,5.879157242388697e-05
2017,July,Kings (SJV),MCY,Gas,PMTW,NCAT,PM2_5,1.4697893105971743e-05
2017,July,Kings (SJV),MCY,Gas,PMBW,CAT,PM,0.00015949811664051715
2017,July,Kings (SJV),MCY,Gas,PMBW,CAT,PM10,0.00015630815430770677
2017,July,Kings (SJV),MCY,Gas,PMBW,CAT,PM2_5,6.698920898901714e-05
2017,July,Kings (SJV),MCY,Gas,PMBW,NCAT,PM,0.00017637471727166072
2017,July,Kings (SJV),MCY,Gas,PMBW,NCAT,PM10,0.00017284722292622767
2017,July,Kings (SJV),MCY,Gas,PMBW,NCAT,PM2_5,7.407738125409747e-05
2017,July,Kings (SJV),MH,Gas,RUNEX,CAT,CO,0.014197645359980257
2017,July,Kings (SJV),MH,Gas,RUNEX,CAT,NOx,0.002295533193053234
2017,July,Kings (SJV),MH,Gas,RUNEX,CAT,SOx,6.136865916975043e-05
2017,July,Kings (SJV),MH,Gas,RUNEX,CAT,PM,8.7989585064058e-06
2017,July,Kings (SJV),MH,Gas,RUNEX,CAT,TOG,0.0007257815757535551
2017,July,Kings (SJV),MH,Gas,RUNEX,CAT,PM10,7.866268904726788e-06
2017,July,Kings (SJV),MH,Gas,RUNEX,CAT,PM2_5,7.23274389226558e-06
2017,July,Kings (SJV),MH,Gas,RUNEX,NCAT,CO,0.0012736614920865804
2017,July,Kings (SJV),MH,Gas,RUNEX,NCAT,NOx,3.4838059040983034e-05
2017,July,Kings (SJV),MH,Gas,RUNEX,NCAT,SOx,1.7827136553127902e-07
2017,July,Kings (SJV),MH,Gas,RUNEX,NCAT,PM,3.491606362684734e-07
2017,July,Kings (SJV),MH,Gas,RUNEX,NCAT,TOG,5.761490600280047e-05
2017,July,Kings (SJV),MH,Gas,RUNEX,NCAT,PM10,3.355433714540029e-07
2017,July,Kings (SJV),MH,Gas,RUNEX,NCAT,PM2_5,3.2018030345819007e-07
2017,July,Kings (SJV),MH,Gas,STREX,CAT,CO,0.00012501935595827978
2017,July,Kings (SJV),MH,Gas,STREX,CAT,NOx,1.115515123968285e-05
2017,July,Kings (SJV),MH,Gas,STREX,CAT,SOx,1.0142961611094914e-08
2017,July,Kings (SJV),MH,Gas,STREX,CAT,PM,2.089888598303454e-08
2017,July,Kings (SJV),MH,Gas,STREX,CAT,TOG,6.368465361074886e-06
2017,July,Kings (SJV),MH,Gas,STREX,CAT,PM10,1.8683604068832865e-08
2017,July,Kings (SJV),MH,Gas,STREX,CAT,PM2_5,1.7178884278054355e-08
2017,July,Kings (SJV),MH,Gas,STREX,NCAT,CO,2.651303779754687e-08
2017,July,Kings (SJV),MH,Gas,STREX,NCAT,NOx,9.004358263263157e-08
2017,July,Kings (SJV),MH,Gas,STREX,NCAT,SOx,2.2788495587231158e-10
2017,July,Kings (SJV),MH,Gas,STREX,NCAT,PM,2.7194489724357023e-09
2017,July,Kings (SJV),MH,Gas,STREX,NCAT,TOG,5.475902672263071e-07
2017,July,Kings (SJV),MH,Gas,STREX,NCAT,PM10,2.6133904625107105e-09
2017,July,Kings (SJV),MH,Gas,STREX,NCAT,PM2_5,2.493734707723539e-09
2017,July,Kings (SJV),MH,Gas,HOTSOAK,CAT,TOG,5.7715287631829735e-06
2017,July,Kings (SJV),MH,Gas,HOTSOAK,NCAT,TOG,1.2449410870087625e-07
2017,July,Kings (SJV),MH,Gas,RUNLOSS,CAT,TOG,0.00011790014756534038
2017,July,Kings (SJV),MH,Gas,RUNLOSS,NCAT,TOG,6.629701029055735e-07
2017,July,Kings (SJV),MH,Gas,RESTLOSS,CAT,TOG,4.696242330670631e-05
2017,July,Kings (SJV),MH,Gas,RESTLOSS,NCAT,TOG,8.530065221808614e-07
2017,July,Kings (SJV),MH,Gas,DIURN,CAT,TOG,0.00018684078298069633
2017,July,Kings (SJV),MH,Gas,DIURN,NCAT,TOG,3.189318249653206e-06
2017,July,Kings (SJV),MH,Gas,PMTW,CAT,PM,3.977453997331091e-05
2017,July,Kings (SJV),MH,Gas,PMTW,CAT,PM10,3.977453997331091e-05
2017,July,Kings (SJV),MH,Gas,PMTW,CAT,PM2_5,9.943634993327728e-06
2017,July,Kings (SJV),MH,Gas,PMTW,NCAT,PM,1.0056767370990158e-07
2017,July,Kings (SJV),MH,Gas,PMTW,NCAT,PM10,1.0056767370990158e-07
2017,July,Kings (SJV),MH,Gas,PMTW,NCAT,PM2_5,2.5141918427475395e-08
2017,July,Kings (SJV),MH,Gas,PMBW,CAT,PM,0.0004408344847041966
2017,July,Kings (SJV),MH,Gas,PMBW,CAT,PM10,0.0004320177950101127
2017,July,Kings (SJV),MH,Gas,PMBW,CAT,PM2_5,0.00018515048357576252
2017,July,Kings (SJV),MH,Gas,PMBW,NCAT,PM,1.114625050284743e-06
2017,July,Kings (SJV),MH,Gas,PMBW,NCAT,PM10,1.092332549279048e-06
2017,July,Kings (SJV),MH,Gas,PMBW,NCAT,PM2_5,4.68142521119592e-07
2017,July,Kings (SJV),MH,Dsl,RUNEX,DSL,CO,0.0006857611511483351
2017,July,Kings (SJV),MH,Dsl,RUNEX,DSL,NOx,0.007399162276326782
2017,July,Kings (SJV),MH,Dsl,RUNEX,DSL,SOx,1.2956326568267046e-05
2017,July,Kings (SJV),MH,Dsl,RUNEX,DSL,PM,0.0002064208810841721
2017,July,Kings (SJV),MH,Dsl,RUNEX,DSL,TOG,0.00020503728743051045
2017,July,Kings (SJV),MH,Dsl,RUNEX,DSL,PM10,0.00020518235579766711
2017,July,Kings (SJV),MH,Dsl,RUNEX,DSL,PM2_5,0.0001963062579110477
2017,July,Kings (SJV),MH,Dsl,PMTW,DSL,PM,2.0356955930834784e-05
2017,July,Kings (SJV),MH,Dsl,PMTW,DSL,PM10,2.0356955930834784e-05
2017,July,Kings (SJV),MH,Dsl,PMTW,DSL,PM2_5,5.089238982708696e-06
2017,July,Kings (SJV),MH,Dsl,PMBW,DSL,PM,0.00016921719617506403
2017,July,Kings (SJV),MH,Dsl,PMBW,DSL,PM10,0.0001658328522515628
2017,July,Kings (SJV),MH,Dsl,PMBW,DSL,PM2_5,7.10712223935269e-05
2017,July,Kings (SJV),UBUS,Gas,RUNEX,CAT,CO,0.00011378625913767663
2017,July,Kings (SJV),UBUS,Gas,RUNEX,CAT,NOx,7.880758926799081e-05
2017,July,Kings (SJV),UBUS,Gas,RUNEX,CAT,SOx,7.37501403883585e-06
2017,July,Kings (SJV),UBUS,Gas,RUNEX,CAT,PM,5.816947726028318e-07
2017,July,Kings (SJV),UBUS,Gas,RUNEX,CAT,TOG,1.1819364594022802e-05
2017,July,Kings (SJV),UBUS,Gas,RUNEX,CAT,PM10,5.200351267069317e-07
2017,July,Kings (SJV),UBUS,Gas,RUNEX,CAT,PM2_5,4.781531030795276e-07
2017,July,Kings (SJV),UBUS,Gas,STREX,CAT,CO,9.330745389038793e-05
2017,July,Kings (SJV),UBUS,Gas,STREX,CAT,NOx,1.3999983415075606e-05
2017,July,Kings (SJV),UBUS,Gas,STREX,CAT,SOx,1.3068973530379582e-08
2017,July,Kings (SJV),UBUS,Gas,STREX,CAT,PM,5.554839901243296e-09
2017,July,Kings (SJV),UBUS,Gas,STREX,CAT,TOG,6.392181272007224e-06
2017,July,Kings (SJV),UBUS,Gas,STREX,CAT,PM10,4.966026871711508e-09
2017,July,Kings (SJV),UBUS,Gas,STREX,CAT,PM2_5,4.566078398821988e-09
2017,July,Kings (SJV),UBUS,Gas,HOTSOAK,CAT,TOG,8.337409596909583e-07
2017,July,Kings (SJV),UBUS,Gas,RUNLOSS,CAT,TOG,2.9569940659643887e-06
2017,July,Kings (SJV),UBUS,Gas,RESTLOSS,CAT,TOG,8.537764982871414e-08
2017,July,Kings (SJV),UBUS,Gas,DIURN,CAT,TOG,1.7985317120422295e-07
2017,July,Kings (SJV),UBUS,Gas,PMTW,CAT,PM,4.457468961524921e-06
2017,July,Kings (SJV),UBUS,Gas,PMTW,CAT,PM10,4.457468961524921e-06
2017,July,Kings (SJV),UBUS,Gas,PMTW,CAT,PM2_5,1.1143672403812303e-06
2017,July,Kings (SJV),UBUS,Gas,PMBW,CAT,PM,5.01628204437829e-05
2017,July,Kings (SJV),UBUS,Gas,PMBW,CAT,PM10,4.915956403490726e-05
2017,July,Kings (SJV),UBUS,Gas,PMBW,CAT,PM2_5,2.1068384586388813e-05
2017,July,Kings (SJV),UBUS,Dsl,RUNEX,DSL,CO,0.00021255005810276857
2017,July,Kings (SJV),UBUS,Dsl,RUNEX,DSL,NOx,0.001617161339751793
2017,July,Kings (SJV),UBUS,Dsl,RUNEX,DSL,SOx,3.418821259636111e-06
2017,July,Kings (SJV),UBUS,Dsl,RUNEX,DSL,PM,2.7121349062768765e-06
2017,July,Kings (SJV),UBUS,Dsl,RUNEX,DSL,TOG,2.234631504739587e-05
2017,July,Kings (SJV),UBUS,Dsl,RUNEX,DSL,PM10,2.695862096839216e-06
2017,July,Kings (SJV),UBUS,Dsl,RUNEX,DSL,PM2_5,2.5792402958693095e-06
2017,July,Kings (SJV),UBUS,Dsl,PMTW,DSL,PM,6.475546525676276e-06
2017,July,Kings (SJV),UBUS,Dsl,PMTW,DSL,PM10,6.475546525676276e-06
2017,July,Kings (SJV),UBUS,Dsl,PMTW,DSL,PM2_5,1.618886631419069e-06
2017,July,Kings (SJV),UBUS,Dsl,PMBW,DSL,PM,1.577523079166383e-05
2017,July,Kings (SJV),UBUS,Dsl,PMBW,DSL,PM10,1.5459726175830546e-05
2017,July,Kings (SJV),UBUS,Dsl,PMBW,DSL,PM2_5,6.625596932498811e-06
2017,July,Kings (SJV),UBUS,NG,RUNEX,DSL,CO,0.049313923866745206
2017,July,Kings (SJV),UBUS,NG,RUNEX,DSL,NOx,0.00146899366001165
2017,July,Kings (SJV),UBUS,NG,RUNEX,DSL,PM,6.3523651810396455e-06
2017,July,Kings (SJV),UBUS,NG,RUNEX,DSL,TOG,0.008132295297045098
2017,July,Kings (SJV),UBUS,NG,RUNEX,DSL,PM10,6.3142509899534125e-06
2017,July,Kings (SJV),UBUS,NG,RUNEX,DSL,PM2_5,6.041099287168701e-06
2017,July,Kings (SJV),UBUS,NG,PMTW,DSL,PM,2.9372913804957494e-05
2017,July,Kings (SJV),UBUS,NG,PMTW,DSL,PM10,2.9372913804957494e-05
2017,July,Kings (SJV),UBUS,NG,PMTW,DSL,PM2_5,7.3432284512393734e-06
2017,July,Kings (SJV),UBUS,NG,PMBW,DSL,PM,0.00030290734452786267
2017,July,Kings (SJV),UBUS,NG,PMBW,DSL,PM10,0.00029684919763730546
2017,July,Kings (SJV),UBUS,NG,PMBW,DSL,PM2_5,0.00012722108470170234
2017,July,Kings (SJV),SBUS,Dsl,RUNEX,DSL,CO,0.0015320274836799987
2017,July,Kings (SJV),SBUS,Dsl,RUNEX,DSL,NOx,0.04080793413120564
2017,July,Kings (SJV),SBUS,Dsl,RUNEX,DSL,PM,0.000297495937121478
2017,July,Kings (SJV),SBUS,Dsl,RUNEX,DSL,PM10,0.00029571096149874924
2017,July,Kings (SJV),SBUS,Dsl,RUNEX,DSL,PM2_5,0.0002829186362025256
2017,July,Kings (SJV),SBUS,Dsl,IDLEX,DSL,CO,0.000540046006069035
2017,July,Kings (SJV),SBUS,Dsl,IDLEX,DSL,NOx,0.007497578141182206
2017,July,Kings (SJV),SBUS,Dsl,IDLEX,DSL,PM,1.1651074405710155e-05
2017,July,Kings (SJV),SBUS,Dsl,IDLEX,DSL,PM10,1.1581167959275892e-05
2017,July,Kings (SJV),SBUS,Dsl,IDLEX,DSL,PM2_5,1.1080171759830353e-05
2017,July,Kings (SJV),SBUS,Dsl,STREX,DSL,NOx,0.0006363963956877584
2017,July,Kings (SJV),SBUS,Dsl,PMTW,DSL,PM,5.352526356150338e-05
2017,July,Kings (SJV),SBUS,Dsl,PMTW,DSL,PM10,5.352526356150338e-05
2017,July,Kings (SJV),SBUS,Dsl,PMTW,DSL,PM2_5,1.3381315890375845e-05
2017,July,Kings (SJV),SBUS,Dsl,PMBW,DSL,PM,0.003389933358895211
2017,July,Kings (SJV),SBUS,Dsl,PMBW,DSL,PM10,0.003322134691717311
2017,July,Kings (SJV),SBUS,Dsl,PMBW,DSL,PM2_5,0.0014237720107359902
2017,July,Kings (SJV),SBUS,Dsl,RUNEX,DSL,SOx,5.060181271966477e-05
2017,July,Kings (SJV),SBUS,Dsl,IDLEX,DSL,SOx,5.181454365401485e-06
2017,July,Kings (SJV),SBUS,Dsl,RUNEX,DSL,TOG,0.0007108486055084668
2017,July,Kings (SJV),SBUS,Dsl,IDLEX,DSL,TOG,5.3851266406039545e-05
2017,     ,Kings (SJV),LDA,Dsl,RUNEX,DSL,NH3,3.68537e-05
2017,     ,Kings (SJV),LDA,Gas,RUNEX,CAT,NH3,0.059712296
2017,     ,Kings (SJV),LDT1,Dsl,RUNEX,DSL,NH3,4.91736e-07
2017,     ,Kings (SJV),LDT1,Gas,RUNEX,CAT,NH3,0.007098845
2017,     ,Kings (SJV),LDT2,Dsl,RUNEX,DSL,NH3,6.54446e-06
2017,     ,Kings (SJV),LDT2,Gas,RUNEX,CAT,NH3,0.020662539
2017,     ,Kings (SJV),LHD1,Dsl,RUNEX,DSL,NH3,0.009639453
2017,     ,Kings (SJV),LHD1,Gas,RUNEX,CAT,NH3,0.00295391
2017,     ,Kings (SJV),LHD2,Dsl,RUNEX,DSL,NH3,0.002985218
2017,     ,Kings (SJV),LHD2,Gas,RUNEX,CAT,NH3,0.000383095
2017,     ,Kings (SJV),MCY,Gas,RUNEX,CAT,NH3,0.000444
2017,     ,Kings (SJV),MDV,Dsl,RUNEX,DSL,NH3,4.0305e-05
2017,     ,Kings (SJV),MDV,Gas,RUNEX,CAT,NH3,0.02343513
2017,     ,Kings (SJV),MH,Dsl,RUNEX,DSL,NH3,3.43686e-05
2017,     ,Kings (SJV),MH,Gas,RUNEX,CAT,NH3,0.000146154
2017,     ,Kings (SJV),OBUS,Gas,RUNEX,CAT,NH3,0.000189055
2017,     ,Kings (SJV),SBUS,Gas,RUNEX,CAT,NH3,3.45518e-05
2017,     ,Kings (SJV),T6TS,Gas,RUNEX,CAT,NH3,0.000327753
2017,     ,Kings (SJV),T7IS,Gas,RUNEX,CAT,NH3,1.33862e-05
2017,     ,Kings (SJV),UBUS,Dsl,RUNEX,DSL,NH3,9.74526e-06
2017,     ,Kings (SJV),UBUS,Gas,RUNEX,CAT,NH3,2.15613e-05
2017,     ,Kings (SJV),UBUS,NG,RUNEX,DSL,NH3,6.27681e-05
