calendar_year,season_month,sub_area,vehicle_class,fuel,process,cat_ncat,pollutant,emission
2017,July,Lake (LC),LDA,Gas,RUNEX,CAT,CO,2.210682976327414
2017,July,Lake (LC),LDA,Gas,RUNEX,CAT,NOx,0.18978561443626696
2017,July,Lake (LC),LDA,Gas,RUNEX,CAT,SOx,0.003450051858096601
2017,July,Lake (LC),LDA,Gas,RUNEX,CAT,PM,0.003068534432705616
2017,July,Lake (LC),LDA,Gas,RUNEX,CAT,TOG,0.08630799640719118
2017,July,Lake (LC),LDA,Gas,RUNEX,CAT,PM10,0.0027444094692420547
2017,July,Lake (LC),LDA,Gas,RUNEX,CAT,PM2_5,0.0025239512769423393
2017,July,Lake (LC),LDA,Gas,RUNEX,NCAT,CO,0.11272286748639831
2017,July,Lake (LC),LDA,Gas,RUNEX,NCAT,NOx,0.010250702107640777
2017,July,Lake (LC),LDA,Gas,RUNEX,NCAT,SOx,1.1127849872916144e-05
2017,July,Lake (LC),LDA,Gas,RUNEX,NCAT,PM,0.00011190461373937191
2017,July,Lake (LC),LDA,Gas,RUNEX,NCAT,TOG,0.01116230867564281
2017,July,Lake (LC),LDA,Gas,RUNEX,NCAT,PM10,0.0001064006474002968
2017,July,Lake (LC),LDA,Gas,RUNEX,NCAT,PM2_5,0.00010100055754067934
2017,July,Lake (LC),LDA,Gas,STREX,CAT,CO,0.38939479493068596
2017,July,Lake (LC),LDA,Gas,STREX,CAT,NOx,0.047608266489040194
2017,July,Lake (LC),LDA,Gas,STREX,CAT,SOx,8.552070692999403e-05
2017,July,Lake (LC),LDA,Gas,STREX,CAT,PM,0.0004405378399075995
2017,July,Lake (LC),LDA,Gas,STREX,CAT,TOG,0.0874981489948281
2017,July,Lake (LC),LDA,Gas,STREX,CAT,PM10,0.0003940527217117458
2017,July,Lake (LC),LDA,Gas,STREX,CAT,PM2_5,0.0003624225494676804
2017,July,Lake (LC),LDA,Gas,STREX,NCAT,CO,0.008324440391495406
2017,July,Lake (LC),LDA,Gas,STREX,NCAT,NOx,0.00045619353087079055
2017,July,Lake (LC),LDA,Gas,STREX,NCAT,SOx,7.061867490370231e-07
2017,July,Lake (LC),LDA,Gas,STREX,NCAT,PM,1.9093052605428865e-05
2017,July,Lake (LC),LDA,Gas,STREX,NCAT,TOG,0.0014612224370728368
2017,July,Lake (LC),LDA,Gas,STREX,NCAT,PM10,1.8136530719465076e-05
2017,July,Lake (LC),LDA,Gas,STREX,NCAT,PM2_5,1.7207884175544757e-05
2017,July,Lake (LC),LDA,Gas,HOTSOAK,CAT,TOG,0.03663933249349744
2017,July,Lake (LC),LDA,Gas,HOTSOAK,NCAT,TOG,0.0009799747870122815
2017,July,Lake (LC),LDA,Gas,RUNLOSS,CAT,TOG,0.061267122477503884
2017,July,Lake (LC),LDA,Gas,RUNLOSS,NCAT,TOG,0.005203948960777906
2017,July,Lake (LC),LDA,Gas,RESTLOSS,CAT,TOG,0.011913243748586676
2017,July,Lake (LC),LDA,Gas,RESTLOSS,NCAT,TOG,0.00037009726761870286
2017,July,Lake (LC),LDA,Gas,DIURN,CAT,TOG,0.019013266616492993
2017,July,Lake (LC),LDA,Gas,DIURN,NCAT,TOG,0.0006442224842269748
2017,July,Lake (LC),LDA,Gas,PMTW,CAT,PM,0.008885990826823726
2017,July,Lake (LC),LDA,Gas,PMTW,CAT,PM10,0.008885990826823726
2017,July,Lake (LC),LDA,Gas,PMTW,CAT,PM2_5,0.0022214977067059314
2017,July,Lake (LC),LDA,Gas,PMTW,NCAT,PM,1.4783937751531623e-05
2017,July,Lake (LC),LDA,Gas,PMTW,NCAT,PM10,1.4783937751531623e-05
2017,July,Lake (LC),LDA,Gas,PMTW,NCAT,PM2_5,3.6959844378829057e-06
2017,July,Lake (LC),LDA,Gas,PMBW,CAT,PM,0.04165308200073618
2017,July,Lake (LC),LDA,Gas,PMBW,CAT,PM10,0.04082002036072146
2017,July,Lake (LC),LDA,Gas,PMBW,CAT,PM2_5,0.01749429444030922
2017,July,Lake (LC),LDA,Gas,PMBW,NCAT,PM,6.929970821030453e-05
2017,July,Lake (LC),LDA,Gas,PMBW,NCAT,PM10,6.79137140460984e-05
2017,July,Lake (LC),LDA,Gas,PMBW,NCAT,PM2_5,2.9105877448327884e-05
2017,July,Lake (LC),LDA,Dsl,RUNEX,DSL,CO,0.006930551244758838
2017,July,Lake (LC),LDA,Dsl,RUNEX,DSL,NOx,0.0066793180553471575
2017,July,Lake (LC),LDA,Dsl,RUNEX,DSL,SOx,2.8358139159469848e-05
2017,July,Lake (LC),LDA,Dsl,RUNEX,DSL,PM,0.0005646363151328867
2017,July,Lake (LC),LDA,Dsl,RUNEX,DSL,TOG,0.0009407826727681722
2017,July,Lake (LC),LDA,Dsl,RUNEX,DSL,PM10,0.0005612484972420892
2017,July,Lake (LC),LDA,Dsl,RUNEX,DSL,PM2_5,0.000536969135691374
2017,July,Lake (LC),LDA,Dsl,PMTW,DSL,PM,9.617010226730352e-05
2017,July,Lake (LC),LDA,Dsl,PMTW,DSL,PM10,9.617010226730352e-05
2017,July,Lake (LC),LDA,Dsl,PMTW,DSL,PM2_5,2.404252556682588e-05
2017,July,Lake (LC),LDA,Dsl,PMBW,DSL,PM,0.00045079735437798514
2017,July,Lake (LC),LDA,Dsl,PMBW,DSL,PM10,0.0004417814072904257
2017,July,Lake (LC),LDA,Dsl,PMBW,DSL,PM2_5,0.0001893348888387539
2017,July,Lake (LC),LDA,Elec,HOTSOAK,CAT,TOG,2.6498022256014382e-06
2017,July,Lake (LC),LDA,Elec,RESTLOSS,CAT,TOG,4.427323601130412e-07
2017,July,Lake (LC),LDA,Elec,DIURN,CAT,TOG,2.0955344635514285e-06
2017,July,Lake (LC),LDA,Elec,PMTW,CAT,PM,3.344571214348499e-05
2017,July,Lake (LC),LDA,Elec,PMTW,CAT,PM10,3.344571214348499e-05
2017,July,Lake (LC),LDA,Elec,PMTW,CAT,PM2_5,8.361428035871248e-06
2017,July,Lake (LC),LDA,Elec,PMBW,CAT,PM,0.00015677677567258594
2017,July,Lake (LC),LDA,Elec,PMBW,CAT,PM10,0.00015364124015913419
2017,July,Lake (LC),LDA,Elec,PMBW,CAT,PM2_5,6.584624578248606e-05
2017,July,Lake (LC),LDT1,Gas,RUNEX,CAT,CO,0.7838782817199549
2017,July,Lake (LC),LDT1,Gas,RUNEX,CAT,NOx,0.0797155372043444
2017,July,Lake (LC),LDT1,Gas,RUNEX,CAT,SOx,0.0006504986398381753
2017,July,Lake (LC),LDT1,Gas,RUNEX,CAT,PM,0.000987374984858081
2017,July,Lake (LC),LDT1,Gas,RUNEX,CAT,TOG,0.03127209280903429
2017,July,Lake (LC),LDT1,Gas,RUNEX,CAT,PM10,0.0008833660540783647
2017,July,Lake (LC),LDT1,Gas,RUNEX,CAT,PM2_5,0.0008125478744704745
2017,July,Lake (LC),LDT1,Gas,RUNEX,NCAT,CO,0.04904858518904754
2017,July,Lake (LC),LDT1,Gas,RUNEX,NCAT,NOx,0.0043064560600429855
2017,July,Lake (LC),LDT1,Gas,RUNEX,NCAT,SOx,4.7450216500889426e-06
2017,July,Lake (LC),LDT1,Gas,RUNEX,NCAT,PM,4.7984996599504405e-05
2017,July,Lake (LC),LDT1,Gas,RUNEX,NCAT,TOG,0.00467583614001259
2017,July,Lake (LC),LDT1,Gas,RUNEX,NCAT,PM10,4.546076411688289e-05
2017,July,Lake (LC),LDT1,Gas,RUNEX,NCAT,PM2_5,4.307660496461298e-05
2017,July,Lake (LC),LDT1,Gas,STREX,CAT,CO,0.09314527593700377
2017,July,Lake (LC),LDT1,Gas,STREX,CAT,NOx,0.015229987551125087
2017,July,Lake (LC),LDT1,Gas,STREX,CAT,SOx,1.8989290084775856e-05
2017,July,Lake (LC),LDT1,Gas,STREX,CAT,PM,0.00016146224277192205
2017,July,Lake (LC),LDT1,Gas,STREX,CAT,TOG,0.029963666297353555
2017,July,Lake (LC),LDT1,Gas,STREX,CAT,PM10,0.00014452744937613288
2017,July,Lake (LC),LDT1,Gas,STREX,CAT,PM2_5,0.00013297747717215145
2017,July,Lake (LC),LDT1,Gas,STREX,NCAT,CO,0.006669699102115834
2017,July,Lake (LC),LDT1,Gas,STREX,NCAT,NOx,0.00030460543406619786
2017,July,Lake (LC),LDT1,Gas,STREX,NCAT,SOx,4.929551292379741e-07
2017,July,Lake (LC),LDT1,Gas,STREX,NCAT,PM,1.3191658146047817e-05
2017,July,Lake (LC),LDT1,Gas,STREX,NCAT,TOG,0.0010163861320611417
2017,July,Lake (LC),LDT1,Gas,STREX,NCAT,PM10,1.2496979140316905e-05
2017,July,Lake (LC),LDT1,Gas,STREX,NCAT,PM2_5,1.1841236906294064e-05
2017,July,Lake (LC),LDT1,Gas,HOTSOAK,CAT,TOG,0.015238782120016205
2017,July,Lake (LC),LDT1,Gas,HOTSOAK,NCAT,TOG,0.0006372431819824378
2017,July,Lake (LC),LDT1,Gas,RUNLOSS,CAT,TOG,0.059271814565447674
2017,July,Lake (LC),LDT1,Gas,RUNLOSS,NCAT,TOG,0.001631355059699495
2017,July,Lake (LC),LDT1,Gas,RESTLOSS,CAT,TOG,0.005321840085803591
2017,July,Lake (LC),LDT1,Gas,RESTLOSS,NCAT,TOG,0.00024326472257630134
2017,July,Lake (LC),LDT1,Gas,DIURN,CAT,TOG,0.00918141231521471
2017,July,Lake (LC),LDT1,Gas,DIURN,NCAT,TOG,0.00041709659991575454
2017,July,Lake (LC),LDT1,Gas,PMTW,CAT,PM,0.001411177953093609
2017,July,Lake (LC),LDT1,Gas,PMTW,CAT,PM10,0.001411177953093609
2017,July,Lake (LC),LDT1,Gas,PMTW,CAT,PM2_5,0.00035279448827340226
2017,July,Lake (LC),LDT1,Gas,PMTW,NCAT,PM,6.338395991015684e-06
2017,July,Lake (LC),LDT1,Gas,PMTW,NCAT,PM10,6.338395991015684e-06
2017,July,Lake (LC),LDT1,Gas,PMTW,NCAT,PM2_5,1.584598997753921e-06
2017,July,Lake (LC),LDT1,Gas,PMBW,CAT,PM,0.006614896655126298
2017,July,Lake (LC),LDT1,Gas,PMBW,CAT,PM10,0.006482598722023775
2017,July,Lake (LC),LDT1,Gas,PMBW,CAT,PM2_5,0.0027782565951530434
2017,July,Lake (LC),LDT1,Gas,PMBW,NCAT,PM,2.9711231207886028e-05
2017,July,Lake (LC),LDT1,Gas,PMBW,NCAT,PM10,2.9117006583728296e-05
2017,July,Lake (LC),LDT1,Gas,PMBW,NCAT,PM2_5,1.2478717107312121e-05
2017,July,Lake (LC),LDT2,Gas,RUNEX,CAT,CO,1.2462599270578192
2017,July,Lake (LC),LDT2,Gas,RUNEX,CAT,NOx,0.15782821112505271
2017,July,Lake (LC),LDT2,Gas,RUNEX,CAT,SOx,0.0020160113288430386
2017,July,Lake (LC),LDT2,Gas,RUNEX,CAT,PM,0.001366330858337603
2017,July,Lake (LC),LDT2,Gas,RUNEX,CAT,TOG,0.04758454597142608
2017,July,Lake (LC),LDT2,Gas,RUNEX,CAT,PM10,0.001222058733677319
2017,July,Lake (LC),LDT2,Gas,RUNEX,CAT,PM2_5,0.001123916501385341
2017,July,Lake (LC),LDT2,Gas,RUNEX,NCAT,CO,0.0432037674474849
2017,July,Lake (LC),LDT2,Gas,RUNEX,NCAT,NOx,0.003837753570037237
2017,July,Lake (LC),LDT2,Gas,RUNEX,NCAT,SOx,4.193856828690289e-06
2017,July,Lake (LC),LDT2,Gas,RUNEX,NCAT,PM,4.2248880497690187e-05
2017,July,Lake (LC),LDT2,Gas,RUNEX,NCAT,TOG,0.004156205908936004
2017,July,Lake (LC),LDT2,Gas,RUNEX,NCAT,PM10,4.0042227834779404e-05
2017,July,Lake (LC),LDT2,Gas,RUNEX,NCAT,PM2_5,3.7949687584552295e-05
2017,July,Lake (LC),LDT2,Gas,STREX,CAT,CO,0.2326405787951405
2017,July,Lake (LC),LDT2,Gas,STREX,CAT,NOx,0.04030809241908918
2017,July,Lake (LC),LDT2,Gas,STREX,CAT,SOx,5.2220791345024216e-05
2017,July,Lake (LC),LDT2,Gas,STREX,CAT,PM,0.00021226105005888184
2017,July,Lake (LC),LDT2,Gas,STREX,CAT,TOG,0.05425268871333668
2017,July,Lake (LC),LDT2,Gas,STREX,CAT,PM10,0.00018991498417598735
2017,July,Lake (LC),LDT2,Gas,STREX,CAT,PM2_5,0.00017469638188299718
2017,July,Lake (LC),LDT2,Gas,STREX,NCAT,CO,0.00581377416144732
2017,July,Lake (LC),LDT2,Gas,STREX,NCAT,NOx,0.00026801778167748506
2017,July,Lake (LC),LDT2,Gas,STREX,NCAT,SOx,4.316344454741155e-07
2017,July,Lake (LC),LDT2,Gas,STREX,NCAT,PM,1.1502984408409092e-05
2017,July,Lake (LC),LDT2,Gas,STREX,NCAT,TOG,0.0008921225371386435
2017,July,Lake (LC),LDT2,Gas,STREX,NCAT,PM10,1.0900762593134317e-05
2017,July,Lake (LC),LDT2,Gas,STREX,NCAT,PM2_5,1.0330437967914904e-05
2017,July,Lake (LC),LDT2,Gas,HOTSOAK,CAT,TOG,0.01968549145501934
2017,July,Lake (LC),LDT2,Gas,HOTSOAK,NCAT,TOG,0.0005574138021991878
2017,July,Lake (LC),LDT2,Gas,RUNLOSS,CAT,TOG,0.07398223029893204
2017,July,Lake (LC),LDT2,Gas,RUNLOSS,NCAT,TOG,0.00139912127549264
2017,July,Lake (LC),LDT2,Gas,RESTLOSS,CAT,TOG,0.006778704374551043
2017,July,Lake (LC),LDT2,Gas,RESTLOSS,NCAT,TOG,0.00021728121947451416
2017,July,Lake (LC),LDT2,Gas,DIURN,CAT,TOG,0.010696365982819154
2017,July,Lake (LC),LDT2,Gas,DIURN,NCAT,TOG,0.0003683775754935695
2017,July,Lake (LC),LDT2,Gas,PMTW,CAT,PM,0.003946678150433672
2017,July,Lake (LC),LDT2,Gas,PMTW,CAT,PM10,0.003946678150433672
2017,July,Lake (LC),LDT2,Gas,PMTW,CAT,PM2_5,0.000986669537608418
2017,July,Lake (LC),LDT2,Gas,PMTW,NCAT,PM,5.580143914043501e-06
2017,July,Lake (LC),LDT2,Gas,PMTW,NCAT,PM10,5.580143914043501e-06
2017,July,Lake (LC),LDT2,Gas,PMTW,NCAT,PM2_5,1.3950359785108753e-06
2017,July,Lake (LC),LDT2,Gas,PMBW,CAT,PM,0.018500053830157837
2017,July,Lake (LC),LDT2,Gas,PMBW,CAT,PM10,0.01813005275355467
2017,July,Lake (LC),LDT2,Gas,PMBW,CAT,PM2_5,0.007770022608666295
2017,July,Lake (LC),LDT2,Gas,PMBW,NCAT,PM,2.6156924597078904e-05
2017,July,Lake (LC),LDT2,Gas,PMBW,NCAT,PM10,2.5633786105137324e-05
2017,July,Lake (LC),LDT2,Gas,PMBW,NCAT,PM2_5,1.0985908330773137e-05
2017,July,Lake (LC),MDV,Gas,RUNEX,CAT,CO,1.0351557030637055
2017,July,Lake (LC),MDV,Gas,RUNEX,CAT,NOx,0.1355899249668663
2017,July,Lake (LC),MDV,Gas,RUNEX,CAT,SOx,0.0020775284897445244
2017,July,Lake (LC),MDV,Gas,RUNEX,CAT,PM,0.001122770083030572
2017,July,Lake (LC),MDV,Gas,RUNEX,CAT,TOG,0.04248644974224502
2017,July,Lake (LC),MDV,Gas,RUNEX,CAT,PM10,0.001004288633685211
2017,July,Lake (LC),MDV,Gas,RUNEX,CAT,PM2_5,0.0009236715910617066
2017,July,Lake (LC),MDV,Gas,RUNEX,NCAT,CO,0.18529285918327243
2017,July,Lake (LC),MDV,Gas,RUNEX,NCAT,NOx,0.012096350272313395
2017,July,Lake (LC),MDV,Gas,RUNEX,NCAT,SOx,1.1163934569119236e-05
2017,July,Lake (LC),MDV,Gas,RUNEX,NCAT,PM,8.252203404436687e-05
2017,July,Lake (LC),MDV,Gas,RUNEX,NCAT,TOG,0.010168746645198923
2017,July,Lake (LC),MDV,Gas,RUNEX,NCAT,PM10,7.87714952607569e-05
2017,July,Lake (LC),MDV,Gas,RUNEX,NCAT,PM2_5,7.491812240810885e-05
2017,July,Lake (LC),MDV,Gas,STREX,CAT,CO,0.27823764835933945
2017,July,Lake (LC),MDV,Gas,STREX,CAT,NOx,0.04058681331140997
2017,July,Lake (LC),MDV,Gas,STREX,CAT,SOx,5.632651061707008e-05
2017,July,Lake (LC),MDV,Gas,STREX,CAT,PM,0.00022257240161282742
2017,July,Lake (LC),MDV,Gas,STREX,CAT,TOG,0.058327862381816205
2017,July,Lake (LC),MDV,Gas,STREX,CAT,PM10,0.00019919413623887349
2017,July,Lake (LC),MDV,Gas,STREX,CAT,PM2_5,0.00018325852716627423
2017,July,Lake (LC),MDV,Gas,STREX,NCAT,CO,0.030728980729131217
2017,July,Lake (LC),MDV,Gas,STREX,NCAT,NOx,0.0013049814253050065
2017,July,Lake (LC),MDV,Gas,STREX,NCAT,SOx,1.7449603840362641e-06
2017,July,Lake (LC),MDV,Gas,STREX,NCAT,PM,3.363092463804013e-05
2017,July,Lake (LC),MDV,Gas,STREX,NCAT,TOG,0.0034719841475031343
2017,July,Lake (LC),MDV,Gas,STREX,NCAT,PM10,3.210490938015087e-05
2017,July,Lake (LC),MDV,Gas,STREX,NCAT,PM2_5,3.0535544852552376e-05
2017,July,Lake (LC),MDV,Gas,HOTSOAK,CAT,TOG,0.018119475825030647
2017,July,Lake (LC),MDV,Gas,HOTSOAK,NCAT,TOG,0.0014047620641037127
2017,July,Lake (LC),MDV,Gas,RUNLOSS,CAT,TOG,0.06548798024087929
2017,July,Lake (LC),MDV,Gas,RUNLOSS,NCAT,TOG,0.0032466584752908877
2017,July,Lake (LC),MDV,Gas,RESTLOSS,CAT,TOG,0.006350201887160207
2017,July,Lake (LC),MDV,Gas,RESTLOSS,NCAT,TOG,0.0007154045368700873
2017,July,Lake (LC),MDV,Gas,DIURN,CAT,TOG,0.009572805032071615
2017,July,Lake (LC),MDV,Gas,DIURN,NCAT,TOG,0.0011512055667966372
2017,July,Lake (LC),MDV,Gas,PMTW,CAT,PM,0.0034713095155360267
2017,July,Lake (LC),MDV,Gas,PMTW,CAT,PM10,0.0034713095155360267
2017,July,Lake (LC),MDV,Gas,PMTW,CAT,PM2_5,0.0008678273788840067
2017,July,Lake (LC),MDV,Gas,PMTW,NCAT,PM,1.0954086781118057e-05
2017,July,Lake (LC),MDV,Gas,PMTW,NCAT,PM10,1.0954086781118057e-05
2017,July,Lake (LC),MDV,Gas,PMTW,NCAT,PM2_5,2.7385216952795142e-06
2017,July,Lake (LC),MDV,Gas,PMBW,CAT,PM,0.016271763354075118
2017,July,Lake (LC),MDV,Gas,PMBW,CAT,PM10,0.01594632808699362
2017,July,Lake (LC),MDV,Gas,PMBW,CAT,PM2_5,0.0068341406087115445
2017,July,Lake (LC),MDV,Gas,PMBW,NCAT,PM,5.134728178649089e-05
2017,July,Lake (LC),MDV,Gas,PMBW,NCAT,PM10,5.03203361507611e-05
2017,July,Lake (LC),MDV,Gas,PMBW,NCAT,PM2_5,2.1565858350326188e-05
2017,July,Lake (LC),LHD1,Gas,RUNEX,CAT,CO,0.33212979824832617
2017,July,Lake (LC),LHD1,Gas,RUNEX,CAT,NOx,0.05271483588325151
2017,July,Lake (LC),LHD1,Gas,RUNEX,CAT,SOx,0.0007307264456969164
2017,July,Lake (LC),LHD1,Gas,RUNEX,CAT,PM,0.00037989028845874205
2017,July,Lake (LC),LHD1,Gas,RUNEX,CAT,TOG,0.025776370732130318
2017,July,Lake (LC),LHD1,Gas,RUNEX,CAT,PM10,0.0003396219178821148
2017,July,Lake (LC),LHD1,Gas,RUNEX,CAT,PM2_5,0.0003122698171130862
2017,July,Lake (LC),LHD1,Gas,RUNEX,NCAT,CO,0.07772555952368117
2017,July,Lake (LC),LHD1,Gas,RUNEX,NCAT,NOx,0.001986276113736823
2017,July,Lake (LC),LHD1,Gas,RUNEX,NCAT,SOx,8.656163159320281e-06
2017,July,Lake (LC),LHD1,Gas,RUNEX,NCAT,PM,3.934936798131863e-05
2017,July,Lake (LC),LHD1,Gas,RUNEX,NCAT,TOG,0.004502586409502304
2017,July,Lake (LC),LHD1,Gas,RUNEX,NCAT,PM10,3.78147426300472e-05
2017,July,Lake (LC),LHD1,Gas,RUNEX,NCAT,PM2_5,3.608337043886919e-05
2017,July,Lake (LC),LHD1,Gas,IDLEX,CAT,CO,0.007931570750496678
2017,July,Lake (LC),LHD1,Gas,IDLEX,CAT,NOx,8.914615334056124e-05
2017,July,Lake (LC),LHD1,Gas,IDLEX,CAT,SOx,2.681448992630528e-06
2017,July,Lake (LC),LHD1,Gas,IDLEX,CAT,TOG,0.0014782875606844299
2017,July,Lake (LC),LHD1,Gas,IDLEX,NCAT,CO,0.0001480145302470102
2017,July,Lake (LC),LHD1,Gas,IDLEX,NCAT,NOx,1.6737803408730254e-06
2017,July,Lake (LC),LHD1,Gas,IDLEX,NCAT,SOx,5.453913268258628e-08
2017,July,Lake (LC),LHD1,Gas,IDLEX,NCAT,TOG,2.6604381709106022e-05
2017,July,Lake (LC),LHD1,Gas,STREX,CAT,CO,0.08618872524811474
2017,July,Lake (LC),LHD1,Gas,STREX,CAT,NOx,0.017122562496591588
2017,July,Lake (LC),LHD1,Gas,STREX,CAT,SOx,6.495623302381236e-06
2017,July,Lake (LC),LHD1,Gas,STREX,CAT,PM,3.285353498190379e-05
2017,July,Lake (LC),LHD1,Gas,STREX,CAT,TOG,0.007201005730761801
2017,July,Lake (LC),LHD1,Gas,STREX,CAT,PM10,2.9371060273822016e-05
2017,July,Lake (LC),LHD1,Gas,STREX,CAT,PM2_5,2.7005605755124927e-05
2017,July,Lake (LC),LHD1,Gas,STREX,NCAT,CO,6.036712454032117e-05
2017,July,Lake (LC),LHD1,Gas,STREX,NCAT,NOx,0.0002537946587582159
2017,July,Lake (LC),LHD1,Gas,STREX,NCAT,SOx,4.392205604147421e-07
2017,July,Lake (LC),LHD1,Gas,STREX,NCAT,PM,1.0096335835826062e-05
2017,July,Lake (LC),LHD1,Gas,STREX,NCAT,TOG,0.0013863998034974424
2017,July,Lake (LC),LHD1,Gas,STREX,NCAT,PM10,9.702578738228844e-06
2017,July,Lake (LC),LHD1,Gas,STREX,NCAT,PM2_5,9.258339961452498e-06
2017,July,Lake (LC),LHD1,Gas,HOTSOAK,CAT,TOG,0.009346846091755264
2017,July,Lake (LC),LHD1,Gas,HOTSOAK,NCAT,TOG,0.0008133907529563768
2017,July,Lake (LC),LHD1,Gas,RUNLOSS,CAT,TOG,0.09391736361565542
2017,July,Lake (LC),LHD1,Gas,RUNLOSS,NCAT,TOG,0.0024738086503323085
2017,July,Lake (LC),LHD1,Gas,RESTLOSS,CAT,TOG,0.00011205977203010375
2017,July,Lake (LC),LHD1,Gas,RESTLOSS,NCAT,TOG,7.820300558397362e-06
2017,July,Lake (LC),LHD1,Gas,DIURN,CAT,TOG,0.00029191602817918634
2017,July,Lake (LC),LHD1,Gas,DIURN,NCAT,TOG,1.8832621228416275e-05
2017,July,Lake (LC),LHD1,Gas,PMTW,CAT,PM,0.0005569274937505686
2017,July,Lake (LC),LHD1,Gas,PMTW,CAT,PM10,0.0005569274937505686
2017,July,Lake (LC),LHD1,Gas,PMTW,CAT,PM2_5,0.00013923187343764214
2017,July,Lake (LC),LHD1,Gas,PMTW,NCAT,PM,5.583127319523463e-06
2017,July,Lake (LC),LHD1,Gas,PMTW,NCAT,PM10,5.583127319523463e-06
2017,July,Lake (LC),LHD1,Gas,PMTW,NCAT,PM2_5,1.3957818298808657e-06
2017,July,Lake (LC),LHD1,Gas,PMBW,CAT,PM,0.005430043064068042
2017,July,Lake (LC),LHD1,Gas,PMBW,CAT,PM10,0.005321442202786677
2017,July,Lake (LC),LHD1,Gas,PMBW,CAT,PM2_5,0.0022806180869085787
2017,July,Lake (LC),LHD1,Gas,PMBW,NCAT,PM,5.443549136535375e-05
2017,July,Lake (LC),LHD1,Gas,PMBW,NCAT,PM10,5.334678153804666e-05
2017,July,Lake (LC),LHD1,Gas,PMBW,NCAT,PM2_5,2.286290637344856e-05
2017,July,Lake (LC),LHD2,Gas,RUNEX,CAT,CO,0.0241146552492123
2017,July,Lake (LC),LHD2,Gas,RUNEX,CAT,NOx,0.003750803544876788
2017,July,Lake (LC),LHD2,Gas,RUNEX,CAT,SOx,6.458046896008403e-05
2017,July,Lake (LC),LHD2,Gas,RUNEX,CAT,PM,2.5340903180907845e-05
2017,July,Lake (LC),LHD2,Gas,RUNEX,CAT,TOG,0.0018037222779452831
2017,July,Lake (LC),LHD2,Gas,RUNEX,CAT,PM10,2.2654767443731618e-05
2017,July,Lake (LC),LHD2,Gas,RUNEX,CAT,PM2_5,2.0830222414706206e-05
2017,July,Lake (LC),LHD2,Gas,IDLEX,CAT,CO,0.0005811015993336314
2017,July,Lake (LC),LHD2,Gas,IDLEX,CAT,NOx,6.529152578560893e-06
2017,July,Lake (LC),LHD2,Gas,IDLEX,CAT,SOx,2.2524780107822752e-07
2017,July,Lake (LC),LHD2,Gas,IDLEX,CAT,TOG,0.00010845801431242745
2017,July,Lake (LC),LHD2,Gas,STREX,CAT,CO,0.0064152448261154005
2017,July,Lake (LC),LHD2,Gas,STREX,CAT,NOx,0.001200193958608218
2017,July,Lake (LC),LHD2,Gas,STREX,CAT,SOx,5.3813077144299e-07
2017,July,Lake (LC),LHD2,Gas,STREX,CAT,PM,2.0734814368612565e-06
2017,July,Lake (LC),LHD2,Gas,STREX,CAT,TOG,0.0005316585528911947
2017,July,Lake (LC),LHD2,Gas,STREX,CAT,PM10,1.8536924045539611e-06
2017,July,Lake (LC),LHD2,Gas,STREX,CAT,PM2_5,1.7044017410999514e-06
2017,July,Lake (LC),LHD2,Gas,HOTSOAK,CAT,TOG,0.0005834180403843553
2017,July,Lake (LC),LHD2,Gas,RUNLOSS,CAT,TOG,0.00596036789200546
2017,July,Lake (LC),LHD2,Gas,RESTLOSS,CAT,TOG,6.938410627467516e-06
2017,July,Lake (LC),LHD2,Gas,DIURN,CAT,TOG,1.7883043209663445e-05
2017,July,Lake (LC),LHD2,Gas,PMTW,CAT,PM,4.308329511223262e-05
2017,July,Lake (LC),LHD2,Gas,PMTW,CAT,PM10,4.308329511223262e-05
2017,July,Lake (LC),LHD2,Gas,PMTW,CAT,PM2_5,1.0770823778058155e-05
2017,July,Lake (LC),LHD2,Gas,PMBW,CAT,PM,0.0004900724819016468
2017,July,Lake (LC),LHD2,Gas,PMBW,CAT,PM10,0.000480271032263613
2017,July,Lake (LC),LHD2,Gas,PMBW,CAT,PM2_5,0.00020583044239869122
2017,July,Lake (LC),T6TS,Gas,RUNEX,CAT,CO,0.04111645467832823
2017,July,Lake (LC),T6TS,Gas,RUNEX,CAT,NOx,0.007406474090810688
2017,July,Lake (LC),T6TS,Gas,RUNEX,CAT,SOx,7.498189826917435e-05
2017,July,Lake (LC),T6TS,Gas,RUNEX,CAT,PM,1.459735810284134e-05
2017,July,Lake (LC),T6TS,Gas,RUNEX,CAT,TOG,0.002609358140225558
2017,July,Lake (LC),T6TS,Gas,RUNEX,CAT,PM10,1.3050038143940172e-05
2017,July,Lake (LC),T6TS,Gas,RUNEX,CAT,PM2_5,1.1999028360535572e-05
2017,July,Lake (LC),T6TS,Gas,RUNEX,NCAT,CO,0.012914157826014147
2017,July,Lake (LC),T6TS,Gas,RUNEX,NCAT,NOx,0.0003904065707064338
2017,July,Lake (LC),T6TS,Gas,RUNEX,NCAT,SOx,1.903360874719323e-06
2017,July,Lake (LC),T6TS,Gas,RUNEX,NCAT,PM,3.751508428266274e-06
2017,July,Lake (LC),T6TS,Gas,RUNEX,NCAT,TOG,0.0006202150114477286
2017,July,Lake (LC),T6TS,Gas,RUNEX,NCAT,PM10,3.6051995995638903e-06
2017,July,Lake (LC),T6TS,Gas,RUNEX,NCAT,PM2_5,3.4401332287201725e-06
2017,July,Lake (LC),T6TS,Gas,IDLEX,CAT,CO,0.0011541068472674114
2017,July,Lake (LC),T6TS,Gas,IDLEX,CAT,NOx,1.0227544077828672e-05
2017,July,Lake (LC),T6TS,Gas,IDLEX,CAT,SOx,6.773919040271809e-07
2017,July,Lake (LC),T6TS,Gas,IDLEX,CAT,TOG,0.0001497382570808482
2017,July,Lake (LC),T6TS,Gas,IDLEX,NCAT,CO,9.122502992832824e-05
2017,July,Lake (LC),T6TS,Gas,IDLEX,NCAT,NOx,8.104153449920393e-07
2017,July,Lake (LC),T6TS,Gas,IDLEX,NCAT,SOx,5.730233481317586e-08
2017,July,Lake (LC),T6TS,Gas,IDLEX,NCAT,TOG,1.1475154412369082e-05
2017,July,Lake (LC),T6TS,Gas,STREX,CAT,CO,0.01628461431220806
2017,July,Lake (LC),T6TS,Gas,STREX,CAT,NOx,0.0008767038704223534
2017,July,Lake (LC),T6TS,Gas,STREX,CAT,SOx,1.0202809613651562e-06
2017,July,Lake (LC),T6TS,Gas,STREX,CAT,PM,3.5424259583893134e-06
2017,July,Lake (LC),T6TS,Gas,STREX,CAT,TOG,0.0007544720740106586
2017,July,Lake (LC),T6TS,Gas,STREX,CAT,PM10,3.1669288068000444e-06
2017,July,Lake (LC),T6TS,Gas,STREX,CAT,PM2_5,2.9118741377960133e-06
2017,July,Lake (LC),T6TS,Gas,STREX,NCAT,CO,2.7031571042432564e-05
2017,July,Lake (LC),T6TS,Gas,STREX,NCAT,NOx,0.00011126169223664479
2017,July,Lake (LC),T6TS,Gas,STREX,NCAT,SOx,2.6945819641542254e-07
2017,July,Lake (LC),T6TS,Gas,STREX,NCAT,PM,2.99592261287853e-06
2017,July,Lake (LC),T6TS,Gas,STREX,NCAT,TOG,0.000607230361949182
2017,July,Lake (LC),T6TS,Gas,STREX,NCAT,PM10,2.879081630976268e-06
2017,July,Lake (LC),T6TS,Gas,STREX,NCAT,PM2_5,2.7472610360096118e-06
2017,July,Lake (LC),T6TS,Gas,HOTSOAK,CAT,TOG,0.0006367371107307311
2017,July,Lake (LC),T6TS,Gas,HOTSOAK,NCAT,TOG,0.00025808551568635713
2017,July,Lake (LC),T6TS,Gas,RUNLOSS,CAT,TOG,0.004851945210164548
2017,July,Lake (LC),T6TS,Gas,RUNLOSS,NCAT,TOG,0.0007743345084803632
2017,July,Lake (LC),T6TS,Gas,RESTLOSS,CAT,TOG,7.734795672180648e-06
2017,July,Lake (LC),T6TS,Gas,RESTLOSS,NCAT,TOG,1.9057826648629502e-06
2017,July,Lake (LC),T6TS,Gas,DIURN,CAT,TOG,1.9191609290188638e-05
2017,July,Lake (LC),T6TS,Gas,DIURN,NCAT,TOG,4.407221225193283e-06
2017,July,Lake (LC),T6TS,Gas,PMTW,CAT,PM,4.860193341901396e-05
2017,July,Lake (LC),T6TS,Gas,PMTW,CAT,PM10,4.860193341901396e-05
2017,July,Lake (LC),T6TS,Gas,PMTW,CAT,PM2_5,1.215048335475349e-05
2017,July,Lake (LC),T6TS,Gas,PMTW,NCAT,PM,1.0805355368192393e-06
2017,July,Lake (LC),T6TS,Gas,PMTW,NCAT,PM10,1.0805355368192393e-06
2017,July,Lake (LC),T6TS,Gas,PMTW,NCAT,PM2_5,2.701338842048098e-07
2017,July,Lake (LC),T6TS,Gas,PMBW,CAT,PM,0.0005386714287274058
2017,July,Lake (LC),T6TS,Gas,PMBW,CAT,PM10,0.0005278980001528572
2017,July,Lake (LC),T6TS,Gas,PMBW,CAT,PM2_5,0.0002262420000655101
2017,July,Lake (LC),T6TS,Gas,PMBW,NCAT,PM,1.1975935533079896e-05
2017,July,Lake (LC),T6TS,Gas,PMBW,NCAT,PM10,1.1736416822418302e-05
2017,July,Lake (LC),T6TS,Gas,PMBW,NCAT,PM2_5,5.029892923893559e-06
2017,July,Lake (LC),T7IS,Gas,RUNEX,CAT,CO,0.005709300830013374
2017,July,Lake (LC),T7IS,Gas,RUNEX,CAT,NOx,0.0014719589563833607
2017,July,Lake (LC),T7IS,Gas,RUNEX,CAT,SOx,1.2845037405193398e-06
2017,July,Lake (LC),T7IS,Gas,RUNEX,CAT,PM,4.4012231432270746e-07
2017,July,Lake (LC),T7IS,Gas,RUNEX,CAT,TOG,0.00025328801329009055
2017,July,Lake (LC),T7IS,Gas,RUNEX,CAT,PM10,3.9346934900450024e-07
2017,July,Lake (LC),T7IS,Gas,RUNEX,CAT,PM2_5,3.617805423732655e-07
2017,July,Lake (LC),T7IS,Gas,RUNEX,NCAT,CO,0.002823049826631063
2017,July,Lake (LC),T7IS,Gas,RUNEX,NCAT,NOx,0.00013421943608935658
2017,July,Lake (LC),T7IS,Gas,RUNEX,NCAT,SOx,2.229979901879545e-07
2017,July,Lake (LC),T7IS,Gas,RUNEX,NCAT,PM,2.892614774824439e-07
2017,July,Lake (LC),T7IS,Gas,RUNEX,NCAT,TOG,0.00010156756214830199
2017,July,Lake (LC),T7IS,Gas,RUNEX,NCAT,PM10,2.7798027986062863e-07
2017,July,Lake (LC),T7IS,Gas,RUNEX,NCAT,PM2_5,2.6525277485140107e-07
2017,July,Lake (LC),T7IS,Gas,STREX,CAT,CO,1.714264105184199e-05
2017,July,Lake (LC),T7IS,Gas,STREX,CAT,NOx,0.00018053208557189737
2017,July,Lake (LC),T7IS,Gas,STREX,CAT,SOx,1.6147324032178163e-08
2017,July,Lake (LC),T7IS,Gas,STREX,CAT,PM,8.226581705251877e-08
2017,July,Lake (LC),T7IS,Gas,STREX,CAT,TOG,6.0601423914311575e-09
2017,July,Lake (LC),T7IS,Gas,STREX,CAT,PM10,7.354564044495176e-08
2017,July,Lake (LC),T7IS,Gas,STREX,CAT,PM2_5,6.762250161717049e-08
2017,July,Lake (LC),T7IS,Gas,STREX,NCAT,CO,0.0
2017,July,Lake (LC),T7IS,Gas,STREX,NCAT,NOx,0.0
2017,July,Lake (LC),T7IS,Gas,STREX,NCAT,SOx,1.817289787118797e-08
2017,July,Lake (LC),T7IS,Gas,STREX,NCAT,PM,1.7056714293781726e-07
2017,July,Lake (LC),T7IS,Gas,STREX,NCAT,TOG,0.0
2017,July,Lake (LC),T7IS,Gas,STREX,NCAT,PM10,1.6391502436324238e-07
2017,July,Lake (LC),T7IS,Gas,STREX,NCAT,PM2_5,1.5641007007397843e-07
2017,July,Lake (LC),T7IS,Gas,HOTSOAK,CAT,TOG,1.2840457966124274e-05
2017,July,Lake (LC),T7IS,Gas,HOTSOAK,NCAT,TOG,1.4699162259352186e-05
2017,July,Lake (LC),T7IS,Gas,RUNLOSS,CAT,TOG,0.0001405816383486579
2017,July,Lake (LC),T7IS,Gas,RUNLOSS,NCAT,TOG,6.0288158253776914e-05
2017,July,Lake (LC),T7IS,Gas,RESTLOSS,CAT,TOG,1.442244319392674e-07
2017,July,Lake (LC),T7IS,Gas,RESTLOSS,NCAT,TOG,1.070521594500636e-07
2017,July,Lake (LC),T7IS,Gas,DIURN,CAT,TOG,3.6066090162786395e-07
2017,July,Lake (LC),T7IS,Gas,DIURN,NCAT,TOG,2.4890678643234924e-07
2017,July,Lake (LC),T7IS,Gas,PMTW,CAT,PM,1.0801373404234453e-06
2017,July,Lake (LC),T7IS,Gas,PMTW,CAT,PM10,1.0801373404234453e-06
2017,July,Lake (LC),T7IS,Gas,PMTW,CAT,PM2_5,2.700343351058613e-07
2017,July,Lake (LC),T7IS,Gas,PMTW,NCAT,PM,1.5887834302590862e-07
2017,July,Lake (LC),T7IS,Gas,PMTW,NCAT,PM10,1.5887834302590862e-07
2017,July,Lake (LC),T7IS,Gas,PMTW,NCAT,PM2_5,3.9719585756477156e-08
2017,July,Lake (LC),T7IS,Gas,PMBW,CAT,PM,3.4024326223338506e-06
2017,July,Lake (LC),T7IS,Gas,PMBW,CAT,PM10,3.3343839698871747e-06
2017,July,Lake (LC),T7IS,Gas,PMBW,CAT,PM2_5,1.4290217013802177e-06
2017,July,Lake (LC),T7IS,Gas,PMBW,NCAT,PM,5.004667805316121e-07
2017,July,Lake (LC),T7IS,Gas,PMBW,NCAT,PM10,4.904574449209798e-07
2017,July,Lake (LC),T7IS,Gas,PMBW,NCAT,PM2_5,2.1019604782327708e-07
2017,July,Lake (LC),LDT1,Dsl,RUNEX,DSL,CO,0.00030200560854483425
2017,July,Lake (LC),LDT1,Dsl,RUNEX,DSL,NOx,0.0002873049581126411
2017,July,Lake (LC),LDT1,Dsl,RUNEX,DSL,SOx,7.25484104849936e-07
2017,July,Lake (LC),LDT1,Dsl,RUNEX,DSL,PM,4.7167095092286554e-05
2017,July,Lake (LC),LDT1,Dsl,RUNEX,DSL,TOG,6.249873018945031e-05
2017,July,Lake (LC),LDT1,Dsl,RUNEX,DSL,PM10,4.688409252173287e-05
2017,July,Lake (LC),LDT1,Dsl,RUNEX,DSL,PM2_5,4.485590743276453e-05
2017,July,Lake (LC),LDT1,Dsl,PMTW,DSL,PM,1.4628697727316485e-06
2017,July,Lake (LC),LDT1,Dsl,PMTW,DSL,PM10,1.4628697727316485e-06
2017,July,Lake (LC),LDT1,Dsl,PMTW,DSL,PM2_5,3.657174431829121e-07
2017,July,Lake (LC),LDT1,Dsl,PMBW,DSL,PM,6.857202059679598e-06
2017,July,Lake (LC),LDT1,Dsl,PMBW,DSL,PM10,6.720058018486007e-06
2017,July,Lake (LC),LDT1,Dsl,PMBW,DSL,PM2_5,2.8800248650654314e-06
2017,July,Lake (LC),LDT2,Dsl,RUNEX,DSL,CO,0.0005081331498173689
2017,July,Lake (LC),LDT2,Dsl,RUNEX,DSL,NOx,0.0005012002232386905
2017,July,Lake (LC),LDT2,Dsl,RUNEX,DSL,SOx,4.368061387075541e-06
2017,July,Lake (LC),LDT2,Dsl,RUNEX,DSL,PM,3.347748523759476e-05
2017,July,Lake (LC),LDT2,Dsl,RUNEX,DSL,TOG,6.769636088601909e-05
2017,July,Lake (LC),LDT2,Dsl,RUNEX,DSL,PM10,3.327662032616921e-05
2017,July,Lake (LC),LDT2,Dsl,RUNEX,DSL,PM2_5,3.1837088460952634e-05
2017,July,Lake (LC),LDT2,Dsl,PMTW,DSL,PM,1.1246270563336423e-05
2017,July,Lake (LC),LDT2,Dsl,PMTW,DSL,PM10,1.1246270563336423e-05
2017,July,Lake (LC),LDT2,Dsl,PMTW,DSL,PM2_5,2.8115676408341058e-06
2017,July,Lake (LC),LDT2,Dsl,PMBW,DSL,PM,5.271689326563952e-05
2017,July,Lake (LC),LDT2,Dsl,PMBW,DSL,PM10,5.1662555400326744e-05
2017,July,Lake (LC),LDT2,Dsl,PMBW,DSL,PM2_5,2.2141095171568584e-05
2017,July,Lake (LC),MDV,Dsl,RUNEX,DSL,CO,0.002854869381630853
2017,July,Lake (LC),MDV,Dsl,RUNEX,DSL,NOx,0.0017900110584823218
2017,July,Lake (LC),MDV,Dsl,RUNEX,DSL,SOx,3.571018381659473e-05
2017,July,Lake (LC),MDV,Dsl,RUNEX,DSL,PM,0.00010537404603136164
2017,July,Lake (LC),MDV,Dsl,RUNEX,DSL,TOG,0.0002419718250299058
2017,July,Lake (LC),MDV,Dsl,RUNEX,DSL,PM10,0.0001047418017551734
2017,July,Lake (LC),MDV,Dsl,RUNEX,DSL,PM2_5,0.00010021071777582484
2017,July,Lake (LC),MDV,Dsl,PMTW,DSL,PM,7.177317909647508e-05
2017,July,Lake (LC),MDV,Dsl,PMTW,DSL,PM10,7.177317909647508e-05
2017,July,Lake (LC),MDV,Dsl,PMTW,DSL,PM2_5,1.794329477411877e-05
2017,July,Lake (LC),MDV,Dsl,PMBW,DSL,PM,0.00033643677701472683
2017,July,Lake (LC),MDV,Dsl,PMBW,DSL,PM10,0.0003297080414744322
2017,July,Lake (LC),MDV,Dsl,PMBW,DSL,PM2_5,0.0001413034463461852
2017,July,Lake (LC),LHD1,Dsl,RUNEX,DSL,CO,0.11141579175032379
2017,July,Lake (LC),LHD1,Dsl,RUNEX,DSL,NOx,0.47562111053772516
2017,July,Lake (LC),LHD1,Dsl,RUNEX,DSL,SOx,0.0005917138848674133
2017,July,Lake (LC),LHD1,Dsl,RUNEX,DSL,PM,0.004936337007094768
2017,July,Lake (LC),LHD1,Dsl,RUNEX,DSL,TOG,0.027896523442182224
2017,July,Lake (LC),LHD1,Dsl,RUNEX,DSL,PM10,0.004906718985052199
2017,July,Lake (LC),LHD1,Dsl,RUNEX,DSL,PM2_5,0.004694456493747125
2017,July,Lake (LC),LHD1,Dsl,IDLEX,DSL,CO,0.0026071533781886055
2017,July,Lake (LC),LHD1,Dsl,IDLEX,DSL,NOx,0.0073738365515493105
2017,July,Lake (LC),LHD1,Dsl,IDLEX,DSL,SOx,3.856058538699562e-06
2017,July,Lake (LC),LHD1,Dsl,IDLEX,DSL,PM,8.778777764523291e-05
2017,July,Lake (LC),LHD1,Dsl,IDLEX,DSL,TOG,0.00035809435240601305
2017,July,Lake (LC),LHD1,Dsl,IDLEX,DSL,PM10,8.726105097936148e-05
2017,July,Lake (LC),LHD1,Dsl,IDLEX,DSL,PM2_5,8.34861765406165e-05
2017,July,Lake (LC),LHD1,Dsl,PMTW,DSL,PM,0.001266406437126197
2017,July,Lake (LC),LHD1,Dsl,PMTW,DSL,PM10,0.001266406437126197
2017,July,Lake (LC),LHD1,Dsl,PMTW,DSL,PM2_5,0.00031660160928154927
2017,July,Lake (LC),LHD1,Dsl,PMBW,DSL,PM,0.008231641841320267
2017,July,Lake (LC),LHD1,Dsl,PMBW,DSL,PM10,0.008067009004493864
2017,July,Lake (LC),LHD1,Dsl,PMBW,DSL,PM2_5,0.0034572895733545137
2017,July,Lake (LC),LHD2,Dsl,RUNEX,DSL,CO,0.026071157018039973
2017,July,Lake (LC),LHD2,Dsl,RUNEX,DSL,NOx,0.10003936873192705
2017,July,Lake (LC),LHD2,Dsl,RUNEX,DSL,SOx,0.0001782513104680427
2017,July,Lake (LC),LHD2,Dsl,RUNEX,DSL,PM,0.0010650229485537688
2017,July,Lake (LC),LHD2,Dsl,RUNEX,DSL,TOG,0.006537063504350483
2017,July,Lake (LC),LHD2,Dsl,RUNEX,DSL,PM10,0.0010586328108624467
2017,July,Lake (LC),LHD2,Dsl,RUNEX,DSL,PM2_5,0.001012836824074636
2017,July,Lake (LC),LHD2,Dsl,IDLEX,DSL,CO,0.0006591556485967844
2017,July,Lake (LC),LHD2,Dsl,IDLEX,DSL,NOx,0.001866190210208443
2017,July,Lake (LC),LHD2,Dsl,IDLEX,DSL,SOx,1.5587301653718858e-06
2017,July,Lake (LC),LHD2,Dsl,IDLEX,DSL,PM,2.023894800940724e-05
2017,July,Lake (LC),LHD2,Dsl,IDLEX,DSL,TOG,9.053549250064709e-05
2017,July,Lake (LC),LHD2,Dsl,IDLEX,DSL,PM10,2.0117514321350802e-05
2017,July,Lake (LC),LHD2,Dsl,IDLEX,DSL,PM2_5,1.9247239556946295e-05
2017,July,Lake (LC),LHD2,Dsl,PMTW,DSL,PM,0.0003404430624561552
2017,July,Lake (LC),LHD2,Dsl,PMTW,DSL,PM10,0.0003404430624561552
2017,July,Lake (LC),LHD2,Dsl,PMTW,DSL,PM2_5,8.51107656140388e-05
2017,July,Lake (LC),LHD2,Dsl,PMBW,DSL,PM,0.0025816932236258456
2017,July,Lake (LC),LHD2,Dsl,PMBW,DSL,PM10,0.002530059359153327
2017,July,Lake (LC),LHD2,Dsl,PMBW,DSL,PM2_5,0.0010843111539228548
2017,July,Lake (LC),LDT1,Elec,HOTSOAK,CAT,TOG,4.1835502465034705e-08
2017,July,Lake (LC),LDT1,Elec,RESTLOSS,CAT,TOG,7.023700733001555e-09
2017,July,Lake (LC),LDT1,Elec,DIURN,CAT,TOG,3.3244479675978945e-08
2017,July,Lake (LC),LDT1,Elec,PMTW,CAT,PM,5.215933115351527e-07
2017,July,Lake (LC),LDT1,Elec,PMTW,CAT,PM10,5.215933115351527e-07
2017,July,Lake (LC),LDT1,Elec,PMTW,CAT,PM2_5,1.3039832788378816e-07
2017,July,Lake (LC),LDT1,Elec,PMBW,CAT,PM,2.4449686478210284e-06
2017,July,Lake (LC),LDT1,Elec,PMBW,CAT,PM10,2.3960692748646076e-06
2017,July,Lake (LC),LDT1,Elec,PMBW,CAT,PM2_5,1.0268868320848316e-06
2017,July,Lake (LC),LDT2,Elec,HOTSOAK,CAT,TOG,1.5773514531645408e-07
2017,July,Lake (LC),LDT2,Elec,RESTLOSS,CAT,TOG,2.5781172844328328e-08
2017,July,Lake (LC),LDT2,Elec,DIURN,CAT,TOG,1.220270779219123e-07
2017,July,Lake (LC),LDT2,Elec,PMTW,CAT,PM,1.973965236356862e-06
2017,July,Lake (LC),LDT2,Elec,PMTW,CAT,PM10,1.973965236356862e-06
2017,July,Lake (LC),LDT2,Elec,PMTW,CAT,PM2_5,4.934913090892155e-07
2017,July,Lake (LC),LDT2,Elec,PMBW,CAT,PM,9.252962045422791e-06
2017,July,Lake (LC),LDT2,Elec,PMBW,CAT,PM10,9.067902804514332e-06
2017,July,Lake (LC),LDT2,Elec,PMBW,CAT,PM2_5,3.886244059077572e-06
2017,July,Lake (LC),MDV,Elec,HOTSOAK,CAT,TOG,2.2287259175728423e-08
2017,July,Lake (LC),MDV,Elec,RESTLOSS,CAT,TOG,3.6427625554408296e-09
2017,July,Lake (LC),MDV,Elec,DIURN,CAT,TOG,1.72418715350102e-08
2017,July,Lake (LC),MDV,Elec,PMTW,CAT,PM,2.7891231683529025e-07
2017,July,Lake (LC),MDV,Elec,PMTW,CAT,PM10,2.7891231683529025e-07
2017,July,Lake (LC),MDV,Elec,PMTW,CAT,PM2_5,6.972807920882256e-08
2017,July,Lake (LC),MDV,Elec,PMBW,CAT,PM,1.3074014851654232e-06
2017,July,Lake (LC),MDV,Elec,PMBW,CAT,PM10,1.2812534554621149e-06
2017,July,Lake (LC),MDV,Elec,PMBW,CAT,PM2_5,5.491086237694778e-07
2017,July,Lake (LC),SBUS,Gas,RUNEX,CAT,CO,7.059744417913713e-05
2017,July,Lake (LC),SBUS,Gas,RUNEX,CAT,NOx,4.223170072771171e-05
2017,July,Lake (LC),SBUS,Gas,RUNEX,CAT,SOx,3.10931937546795e-06
2017,July,Lake (LC),SBUS,Gas,RUNEX,CAT,PM,3.9266534046003595e-07
2017,July,Lake (LC),SBUS,Gas,RUNEX,CAT,TOG,7.081160694790357e-06
2017,July,Lake (LC),SBUS,Gas,RUNEX,CAT,PM10,3.5104281437127216e-07
2017,July,Lake (LC),SBUS,Gas,RUNEX,CAT,PM2_5,3.227709098581496e-07
2017,July,Lake (LC),SBUS,Gas,IDLEX,CAT,CO,0.0005998960492482956
2017,July,Lake (LC),SBUS,Gas,IDLEX,CAT,NOx,6.758462976273249e-06
2017,July,Lake (LC),SBUS,Gas,IDLEX,CAT,SOx,1.8929471534068017e-07
2017,July,Lake (LC),SBUS,Gas,IDLEX,CAT,TOG,0.0001132676729728865
2017,July,Lake (LC),SBUS,Gas,STREX,CAT,CO,0.00027255583217525065
2017,July,Lake (LC),SBUS,Gas,STREX,CAT,NOx,1.6036403360195146e-05
2017,July,Lake (LC),SBUS,Gas,STREX,CAT,SOx,1.4526856247987759e-08
2017,July,Lake (LC),SBUS,Gas,STREX,CAT,PM,1.4138062436367152e-08
2017,July,Lake (LC),SBUS,Gas,STREX,CAT,TOG,1.0129813291383464e-05
2017,July,Lake (LC),SBUS,Gas,STREX,CAT,PM10,1.2639427818112233e-08
2017,July,Lake (LC),SBUS,Gas,STREX,CAT,PM2_5,1.1621487322693798e-08
2017,July,Lake (LC),SBUS,Gas,HOTSOAK,CAT,TOG,3.7337056672974e-07
2017,July,Lake (LC),SBUS,Gas,RUNLOSS,CAT,TOG,3.1946989322727747e-06
2017,July,Lake (LC),SBUS,Gas,RESTLOSS,CAT,TOG,2.814017329798638e-08
2017,July,Lake (LC),SBUS,Gas,DIURN,CAT,TOG,7.381372660954157e-08
2017,July,Lake (LC),SBUS,Gas,PMTW,CAT,PM,2.863553766584465e-06
2017,July,Lake (LC),SBUS,Gas,PMTW,CAT,PM10,2.863553766584465e-06
2017,July,Lake (LC),SBUS,Gas,PMTW,CAT,PM2_5,7.158884416461162e-07
2017,July,Lake (LC),SBUS,Gas,PMBW,CAT,PM,0.0002720376042460821
2017,July,Lake (LC),SBUS,Gas,PMBW,CAT,PM10,0.00026659685216116034
2017,July,Lake (LC),SBUS,Gas,PMBW,CAT,PM2_5,0.00011425579378335442
2017,July,Lake (LC),OBUS,Gas,RUNEX,CAT,CO,0.008122975123989995
2017,July,Lake (LC),OBUS,Gas,RUNEX,CAT,NOx,0.0022041458723478275
2017,July,Lake (LC),OBUS,Gas,RUNEX,CAT,SOx,2.2351970812618758e-05
2017,July,Lake (LC),OBUS,Gas,RUNEX,CAT,PM,2.009047319282482e-06
2017,July,Lake (LC),OBUS,Gas,RUNEX,CAT,TOG,0.0005064958149106593
2017,July,Lake (LC),OBUS,Gas,RUNEX,CAT,PM10,1.7960883034385393e-06
2017,July,Lake (LC),OBUS,Gas,RUNEX,CAT,PM2_5,1.651436896450201e-06
2017,July,Lake (LC),OBUS,Gas,RUNEX,NCAT,CO,0.0014661890553031962
2017,July,Lake (LC),OBUS,Gas,RUNEX,NCAT,NOx,4.604367191650112e-05
2017,July,Lake (LC),OBUS,Gas,RUNEX,NCAT,SOx,2.159984715833437e-07
2017,July,Lake (LC),OBUS,Gas,RUNEX,NCAT,PM,4.255672621578206e-07
2017,July,Lake (LC),OBUS,Gas,RUNEX,NCAT,TOG,7.25241693792566e-05
2017,July,Lake (LC),OBUS,Gas,RUNEX,NCAT,PM10,4.089701389336655e-07
2017,July,Lake (LC),OBUS,Gas,RUNEX,NCAT,PM2_5,3.902451793987215e-07
2017,July,Lake (LC),OBUS,Gas,IDLEX,CAT,CO,0.00016812153094353816
2017,July,Lake (LC),OBUS,Gas,IDLEX,CAT,NOx,1.8949791480384475e-06
2017,July,Lake (LC),OBUS,Gas,IDLEX,CAT,SOx,1.1485266344479498e-07
2017,July,Lake (LC),OBUS,Gas,IDLEX,CAT,TOG,3.1550901331428115e-05
2017,July,Lake (LC),OBUS,Gas,IDLEX,NCAT,CO,5.721785151612166e-06
2017,July,Lake (LC),OBUS,Gas,IDLEX,NCAT,NOx,6.47031847852051e-08
2017,July,Lake (LC),OBUS,Gas,IDLEX,NCAT,SOx,4.324333133817979e-09
2017,July,Lake (LC),OBUS,Gas,IDLEX,NCAT,TOG,1.0284433290228277e-06
2017,July,Lake (LC),OBUS,Gas,STREX,CAT,CO,0.0030001121436067776
2017,July,Lake (LC),OBUS,Gas,STREX,CAT,NOx,0.000225278470179775
2017,July,Lake (LC),OBUS,Gas,STREX,CAT,SOx,1.774989434291814e-07
2017,July,Lake (LC),OBUS,Gas,STREX,CAT,PM,3.3502392300865015e-07
2017,July,Lake (LC),OBUS,Gas,STREX,CAT,TOG,0.0001441053538253156
2017,July,Lake (LC),OBUS,Gas,STREX,CAT,PM10,2.9951138716973335e-07
2017,July,Lake (LC),OBUS,Gas,STREX,CAT,PM2_5,2.753896647131109e-07
2017,July,Lake (LC),OBUS,Gas,STREX,NCAT,CO,3.1332092383092566e-06
2017,July,Lake (LC),OBUS,Gas,STREX,NCAT,NOx,1.1875263770514732e-05
2017,July,Lake (LC),OBUS,Gas,STREX,NCAT,SOx,2.8284821403758445e-08
2017,July,Lake (LC),OBUS,Gas,STREX,NCAT,PM,3.3783018784527476e-07
2017,July,Lake (LC),OBUS,Gas,STREX,NCAT,TOG,6.72889638570866e-05
2017,July,Lake (LC),OBUS,Gas,STREX,NCAT,PM10,3.246548105193092e-07
2017,July,Lake (LC),OBUS,Gas,STREX,NCAT,PM2_5,3.09790282254117e-07
2017,July,Lake (LC),OBUS,Gas,HOTSOAK,CAT,TOG,3.464586116274773e-05
2017,July,Lake (LC),OBUS,Gas,HOTSOAK,NCAT,TOG,9.897909446302819e-06
2017,July,Lake (LC),OBUS,Gas,RUNLOSS,CAT,TOG,0.0006047570146565751
2017,July,Lake (LC),OBUS,Gas,RUNLOSS,NCAT,TOG,7.203286814873101e-05
2017,July,Lake (LC),OBUS,Gas,RESTLOSS,CAT,TOG,1.1678318393245051e-06
2017,July,Lake (LC),OBUS,Gas,RESTLOSS,NCAT,TOG,2.400572819377889e-07
2017,July,Lake (LC),OBUS,Gas,DIURN,CAT,TOG,3.226146141963769e-06
2017,July,Lake (LC),OBUS,Gas,DIURN,NCAT,TOG,6.676175637856468e-07
2017,July,Lake (LC),OBUS,Gas,PMTW,CAT,PM,1.4317491225049905e-05
2017,July,Lake (LC),OBUS,Gas,PMTW,CAT,PM10,1.4317491225049905e-05
2017,July,Lake (LC),OBUS,Gas,PMTW,CAT,PM2_5,3.5793728062624763e-06
2017,July,Lake (LC),OBUS,Gas,PMTW,NCAT,PM,1.22574841256829e-07
2017,July,Lake (LC),OBUS,Gas,PMTW,NCAT,PM10,1.22574841256829e-07
2017,July,Lake (LC),OBUS,Gas,PMTW,NCAT,PM2_5,3.064371031420725e-08
2017,July,Lake (LC),OBUS,Gas,PMBW,CAT,PM,0.00015868552774430305
2017,July,Lake (LC),OBUS,Gas,PMBW,CAT,PM10,0.000155511817189417
2017,July,Lake (LC),OBUS,Gas,PMBW,CAT,PM2_5,6.664792165260729e-05
2017,July,Lake (LC),OBUS,Gas,PMBW,NCAT,PM,1.3585378239298546e-06
2017,July,Lake (LC),OBUS,Gas,PMBW,NCAT,PM10,1.331367067451257e-06
2017,July,Lake (LC),OBUS,Gas,PMBW,NCAT,PM2_5,5.705858860505387e-07
2017,July,Lake (LC),MCY,Gas,RUNEX,CAT,CO,0.10318980063689683
2017,July,Lake (LC),MCY,Gas,RUNEX,CAT,NOx,0.007718587467091566
2017,July,Lake (LC),MCY,Gas,RUNEX,CAT,SOx,1.6103360560386162e-05
2017,July,Lake (LC),MCY,Gas,RUNEX,CAT,PM,1.090219728725519e-05
2017,July,Lake (LC),MCY,Gas,RUNEX,CAT,TOG,0.018152292533748317
2017,July,Lake (LC),MCY,Gas,RUNEX,CAT,PM10,1.0095515683925111e-05
2017,July,Lake (LC),MCY,Gas,RUNEX,CAT,PM2_5,9.456387877083509e-06
2017,July,Lake (LC),MCY,Gas,RUNEX,NCAT,CO,0.34262470486909374
2017,July,Lake (LC),MCY,Gas,RUNEX,NCAT,NOx,0.013240965162790844
2017,July,Lake (LC),MCY,Gas,RUNEX,NCAT,SOx,2.298207112811875e-05
2017,July,Lake (LC),MCY,Gas,RUNEX,NCAT,PM,3.039394366317924e-05
2017,July,Lake (LC),MCY,Gas,RUNEX,NCAT,TOG,0.03905028585519618
2017,July,Lake (LC),MCY,Gas,RUNEX,NCAT,PM10,2.8859628551196293e-05
2017,July,Lake (LC),MCY,Gas,RUNEX,NCAT,PM2_5,2.7376464632175643e-05
2017,July,Lake (LC),MCY,Gas,STREX,CAT,CO,0.010774742868520289
2017,July,Lake (LC),MCY,Gas,STREX,CAT,NOx,0.00042215967979230374
2017,July,Lake (LC),MCY,Gas,STREX,CAT,SOx,9.71948134800469e-07
2017,July,Lake (LC),MCY,Gas,STREX,CAT,PM,3.3208821333202358e-06
2017,July,Lake (LC),MCY,Gas,STREX,CAT,TOG,0.002946510870958474
2017,July,Lake (LC),MCY,Gas,STREX,CAT,PM10,3.0953024730042007e-06
2017,July,Lake (LC),MCY,Gas,STREX,CAT,PM2_5,2.9090369845222427e-06
2017,July,Lake (LC),MCY,Gas,STREX,NCAT,CO,0.03759750698091107
2017,July,Lake (LC),MCY,Gas,STREX,NCAT,NOx,0.0010709012789935786
2017,July,Lake (LC),MCY,Gas,STREX,NCAT,SOx,2.6914987427825596e-06
2017,July,Lake (LC),MCY,Gas,STREX,NCAT,PM,2.6266549668694203e-05
2017,July,Lake (LC),MCY,Gas,STREX,NCAT,TOG,0.009810570964348406
2017,July,Lake (LC),MCY,Gas,STREX,NCAT,PM10,2.5115720385799237e-05
2017,July,Lake (LC),MCY,Gas,STREX,NCAT,PM2_5,2.3907154175259554e-05
2017,July,Lake (LC),MCY,Gas,HOTSOAK,CAT,TOG,0.0006107805375627454
2017,July,Lake (LC),MCY,Gas,HOTSOAK,NCAT,TOG,0.004508755372996136
2017,July,Lake (LC),MCY,Gas,RUNLOSS,CAT,TOG,0.0014862350103386273
2017,July,Lake (LC),MCY,Gas,RUNLOSS,NCAT,TOG,0.01678680155206537
2017,July,Lake (LC),MCY,Gas,RESTLOSS,CAT,TOG,0.0004822192038096318
2017,July,Lake (LC),MCY,Gas,RESTLOSS,NCAT,TOG,0.002537401923887978
2017,July,Lake (LC),MCY,Gas,DIURN,CAT,TOG,0.0011001789545377414
2017,July,Lake (LC),MCY,Gas,DIURN,NCAT,TOG,0.005199996735271771
2017,July,Lake (LC),MCY,Gas,PMTW,CAT,PM,3.09002821216357e-05
2017,July,Lake (LC),MCY,Gas,PMTW,CAT,PM10,3.09002821216357e-05
2017,July,Lake (LC),MCY,Gas,PMTW,CAT,PM2_5,7.725070530408924e-06
2017,July,Lake (LC),MCY,Gas,PMTW,NCAT,PM,4.271051400019116e-05
2017,July,Lake (LC),MCY,Gas,PMTW,NCAT,PM10,4.271051400019116e-05
2017,July,Lake (LC),MCY,Gas,PMTW,NCAT,PM2_5,1.067762850004779e-05
2017,July,Lake (LC),MCY,Gas,PMBW,CAT,PM,9.270084636490697e-05
2017,July,Lake (LC),MCY,Gas,PMBW,CAT,PM10,9.084682943760884e-05
2017,July,Lake (LC),MCY,Gas,PMBW,CAT,PM2_5,3.893435547326091e-05
2017,July,Lake (LC),MCY,Gas,PMBW,NCAT,PM,0.00012813154200057338
2017,July,Lake (LC),MCY,Gas,PMBW,NCAT,PM10,0.00012556891116056196
2017,July,Lake (LC),MCY,Gas,PMBW,NCAT,PM2_5,5.3815247640240886e-05
2017,July,Lake (LC),MH,Gas,RUNEX,CAT,CO,0.05415029962126089
2017,July,Lake (LC),MH,Gas,RUNEX,CAT,NOx,0.007949059742565854
2017,July,Lake (LC),MH,Gas,RUNEX,CAT,SOx,0.00010600421132244812
2017,July,Lake (LC),MH,Gas,RUNEX,CAT,PM,2.637909041233098e-05
2017,July,Lake (LC),MH,Gas,RUNEX,CAT,TOG,0.0025985395874653532
2017,July,Lake (LC),MH,Gas,RUNEX,CAT,PM10,2.3582906828623876e-05
2017,July,Lake (LC),MH,Gas,RUNEX,CAT,PM2_5,2.1683612318936022e-05
2017,July,Lake (LC),MH,Gas,RUNEX,NCAT,CO,0.0020806258329110895
2017,July,Lake (LC),MH,Gas,RUNEX,NCAT,NOx,5.418315855404914e-05
2017,July,Lake (LC),MH,Gas,RUNEX,NCAT,SOx,3.104108608481912e-07
2017,July,Lake (LC),MH,Gas,RUNEX,NCAT,PM,6.131551575689173e-07
2017,July,Lake (LC),MH,Gas,RUNEX,NCAT,TOG,9.436928805881682e-05
2017,July,Lake (LC),MH,Gas,RUNEX,NCAT,PM10,5.892421064237293e-07
2017,July,Lake (LC),MH,Gas,RUNEX,NCAT,PM2_5,5.622632794906971e-07
2017,July,Lake (LC),MH,Gas,STREX,CAT,CO,0.00034885727638952547
2017,July,Lake (LC),MH,Gas,STREX,CAT,NOx,2.1710631346434724e-05
2017,July,Lake (LC),MH,Gas,STREX,CAT,SOx,2.1731472649372435e-08
2017,July,Lake (LC),MH,Gas,STREX,CAT,PM,6.239881596067256e-08
2017,July,Lake (LC),MH,Gas,STREX,CAT,TOG,1.626020019991541e-05
2017,July,Lake (LC),MH,Gas,STREX,CAT,PM10,5.578454146884134e-08
2017,July,Lake (LC),MH,Gas,STREX,CAT,PM2_5,5.129182671967284e-08
2017,July,Lake (LC),MH,Gas,STREX,NCAT,CO,3.8619615452737195e-08
2017,July,Lake (LC),MH,Gas,STREX,NCAT,NOx,1.6030897554649954e-07
2017,July,Lake (LC),MH,Gas,STREX,NCAT,SOx,3.66976874019652e-10
2017,July,Lake (LC),MH,Gas,STREX,NCAT,PM,4.392485247206282e-09
2017,July,Lake (LC),MH,Gas,STREX,NCAT,TOG,8.500145945405027e-07
2017,July,Lake (LC),MH,Gas,STREX,NCAT,PM10,4.221178322565239e-09
2017,July,Lake (LC),MH,Gas,STREX,NCAT,PM2_5,4.0279089716881625e-09
2017,July,Lake (LC),MH,Gas,HOTSOAK,CAT,TOG,1.2072805146322546e-05
2017,July,Lake (LC),MH,Gas,HOTSOAK,NCAT,TOG,1.2787069393660567e-07
2017,July,Lake (LC),MH,Gas,RUNLOSS,CAT,TOG,0.0003997811714250641
2017,July,Lake (LC),MH,Gas,RUNLOSS,NCAT,TOG,9.586211925232311e-07
2017,July,Lake (LC),MH,Gas,RESTLOSS,CAT,TOG,6.060525299580778e-05
2017,July,Lake (LC),MH,Gas,RESTLOSS,NCAT,TOG,6.214407868893341e-07
2017,July,Lake (LC),MH,Gas,DIURN,CAT,TOG,0.00020367223564146363
2017,July,Lake (LC),MH,Gas,DIURN,NCAT,TOG,1.731150571818896e-06
2017,July,Lake (LC),MH,Gas,PMTW,CAT,PM,6.777026262207126e-05
2017,July,Lake (LC),MH,Gas,PMTW,CAT,PM10,6.777026262207126e-05
2017,July,Lake (LC),MH,Gas,PMTW,CAT,PM2_5,1.6942565655517816e-05
2017,July,Lake (LC),MH,Gas,PMTW,NCAT,PM,1.766052109453477e-07
2017,July,Lake (LC),MH,Gas,PMTW,NCAT,PM10,1.766052109453477e-07
2017,July,Lake (LC),MH,Gas,PMTW,NCAT,PM2_5,4.4151302736336924e-08
2017,July,Lake (LC),MH,Gas,PMBW,CAT,PM,0.0007511204107279567
2017,July,Lake (LC),MH,Gas,PMBW,CAT,PM10,0.0007360980025133972
2017,July,Lake (LC),MH,Gas,PMBW,CAT,PM2_5,0.00031547057250574186
2017,July,Lake (LC),MH,Gas,PMBW,NCAT,PM,1.9573744213109373e-06
2017,July,Lake (LC),MH,Gas,PMBW,NCAT,PM10,1.9182269328847187e-06
2017,July,Lake (LC),MH,Gas,PMBW,NCAT,PM2_5,8.220972569505932e-07
2017,July,Lake (LC),MH,Dsl,RUNEX,DSL,CO,0.001116547479915156
2017,July,Lake (LC),MH,Dsl,RUNEX,DSL,NOx,0.011029095689525682
2017,July,Lake (LC),MH,Dsl,RUNEX,DSL,SOx,1.5905571673170107e-05
2017,July,Lake (LC),MH,Dsl,RUNEX,DSL,PM,0.00030545786473830687
2017,July,Lake (LC),MH,Dsl,RUNEX,DSL,TOG,0.00033216707460349544
2017,July,Lake (LC),MH,Dsl,RUNEX,DSL,PM10,0.00030362511754987713
2017,July,Lake (LC),MH,Dsl,RUNEX,DSL,PM2_5,0.0002904904293661299
2017,July,Lake (LC),MH,Dsl,PMTW,DSL,PM,2.491359778532898e-05
2017,July,Lake (LC),MH,Dsl,PMTW,DSL,PM10,2.491359778532898e-05
2017,July,Lake (LC),MH,Dsl,PMTW,DSL,PM2_5,6.228399446332245e-06
2017,July,Lake (LC),MH,Dsl,PMBW,DSL,PM,0.00020709428159054744
2017,July,Lake (LC),MH,Dsl,PMBW,DSL,PM10,0.0002029523959587363
2017,July,Lake (LC),MH,Dsl,PMBW,DSL,PM2_5,8.697959826802966e-05
2017,July,Lake (LC),SBUS,Dsl,RUNEX,DSL,CO,0.0009702367573882225
2017,July,Lake (LC),SBUS,Dsl,RUNEX,DSL,NOx,0.02293428305407805
2017,July,Lake (LC),SBUS,Dsl,RUNEX,DSL,PM,0.0001840797952386894
2017,July,Lake (LC),SBUS,Dsl,RUNEX,DSL,PM10,0.00018297531646725753
2017,July,Lake (LC),SBUS,Dsl,RUNEX,DSL,PM2_5,0.00017505988527199366
2017,July,Lake (LC),SBUS,Dsl,IDLEX,DSL,CO,0.00048614725958083413
2017,July,Lake (LC),SBUS,Dsl,IDLEX,DSL,NOx,0.0038066675832718676
2017,July,Lake (LC),SBUS,Dsl,IDLEX,DSL,PM,7.211643422955946e-06
2017,July,Lake (LC),SBUS,Dsl,IDLEX,DSL,PM10,7.168373562418207e-06
2017,July,Lake (LC),SBUS,Dsl,IDLEX,DSL,PM2_5,6.858272895231097e-06
2017,July,Lake (LC),SBUS,Dsl,STREX,DSL,NOx,0.0007343657162042556
2017,July,Lake (LC),SBUS,Dsl,PMTW,DSL,PM,3.4796405126308663e-05
2017,July,Lake (LC),SBUS,Dsl,PMTW,DSL,PM10,3.4796405126308663e-05
2017,July,Lake (LC),SBUS,Dsl,PMTW,DSL,PM2_5,8.699101281577166e-06
2017,July,Lake (LC),SBUS,Dsl,PMBW,DSL,PM,0.0022037723246662137
2017,July,Lake (LC),SBUS,Dsl,PMBW,DSL,PM10,0.0021596968781728886
2017,July,Lake (LC),SBUS,Dsl,PMBW,DSL,PM2_5,0.000925584376359809
2017,July,Lake (LC),SBUS,Dsl,RUNEX,DSL,SOx,3.2574201249811456e-05
2017,July,Lake (LC),SBUS,Dsl,IDLEX,DSL,SOx,3.193820317542314e-06
2017,July,Lake (LC),SBUS,Dsl,RUNEX,DSL,TOG,0.000442902791387785
2017,July,Lake (LC),SBUS,Dsl,IDLEX,DSL,TOG,3.9332105645633614e-05
2017,     ,Lake (LC),LDA,Dsl,RUNEX,DSL,NH3,3.72325e-05
2017,     ,Lake (LC),LDA,Gas,RUNEX,CAT,NH3,0.036819158
2017,     ,Lake (LC),LDT1,Dsl,RUNEX,DSL,NH3,5.66353e-07
2017,     ,Lake (LC),LDT1,Gas,RUNEX,CAT,NH3,0.007717703
2017,     ,Lake (LC),LDT2,Dsl,RUNEX,DSL,NH3,4.35402e-06
2017,     ,Lake (LC),LDT2,Gas,RUNEX,CAT,NH3,0.016847267
2017,     ,Lake (LC),LHD1,Dsl,RUNEX,DSL,NH3,0.008311654
2017,     ,Lake (LC),LHD1,Gas,RUNEX,CAT,NH3,0.003077604
2017,     ,Lake (LC),LHD2,Dsl,RUNEX,DSL,NH3,0.002913832
2017,     ,Lake (LC),LHD2,Gas,RUNEX,CAT,NH3,0.000239445
2017,     ,Lake (LC),MCY,Gas,RUNEX,CAT,NH3,0.000277074
2017,     ,Lake (LC),MDV,Dsl,RUNEX,DSL,NH3,2.77871e-05
2017,     ,Lake (LC),MDV,Gas,RUNEX,CAT,NH3,0.014911961
2017,     ,Lake (LC),MH,Dsl,RUNEX,DSL,NH3,4.20615e-05
2017,     ,Lake (LC),MH,Gas,RUNEX,CAT,NH3,0.000239868
2017,     ,Lake (LC),OBUS,Gas,RUNEX,CAT,NH3,5.31874e-05
2017,     ,Lake (LC),SBUS,Gas,RUNEX,CAT,NH3,1.61152e-05
2017,     ,Lake (LC),T6TS,Gas,RUNEX,CAT,NH3,0.000176799
2017,     ,Lake (LC),T7IS,Gas,RUNEX,CAT,NH3,2.05248e-06
