calendar_year,season_month,sub_area,vehicle_class,fuel,process,cat_ncat,pollutant,emission
2017,July,Los Angeles (MD),LDA,Gas,RUNEX,CAT,CO,10.001703268504718
2017,July,Los Angeles (MD),LDA,Gas,RUNEX,CAT,NOx,0.5887506346639966
2017,July,Los Angeles (MD),LDA,Gas,RUNEX,CAT,SOx,0.02138760475321375
2017,July,Los Angeles (MD),LDA,Gas,RUNEX,CAT,PM,0.011523953128433219
2017,July,Los Angeles (MD),LDA,Gas,RUNEX,CAT,TOG,0.29302119354618567
2017,July,Los Angeles (MD),LDA,Gas,RUNEX,CAT,PM10,0.010303431986363281
2017,July,Los Angeles (MD),LDA,Gas,RUNEX,CAT,PM2_5,0.00947413274779118
2017,July,Los Angeles (MD),LDA,Gas,RUNEX,NCAT,CO,0.21876159818357366
2017,July,Los Angeles (MD),LDA,Gas,RUNEX,NCAT,NOx,0.015591856729100998
2017,July,Los Angeles (MD),LDA,Gas,RUNEX,NCAT,SOx,1.8465907647717006e-05
2017,July,Los Angeles (MD),LDA,Gas,RUNEX,NCAT,PM,0.00017162775229646345
2017,July,Los Angeles (MD),LDA,Gas,RUNEX,NCAT,TOG,0.01817655475583603
2017,July,Los Angeles (MD),LDA,Gas,RUNEX,NCAT,PM10,0.00016391638041292057
2017,July,Los Angeles (MD),LDA,Gas,RUNEX,NCAT,PM2_5,0.0001559393726367799
2017,July,Los Angeles (MD),LDA,Gas,STREX,CAT,CO,1.2920339525404458
2017,July,Los Angeles (MD),LDA,Gas,STREX,CAT,NOx,0.16172567400694304
2017,July,Los Angeles (MD),LDA,Gas,STREX,CAT,SOx,0.0003759057694856984
2017,July,Los Angeles (MD),LDA,Gas,STREX,CAT,PM,0.0014425886627218122
2017,July,Los Angeles (MD),LDA,Gas,STREX,CAT,TOG,0.2275381358876754
2017,July,Los Angeles (MD),LDA,Gas,STREX,CAT,PM10,0.001289950801169096
2017,July,Los Angeles (MD),LDA,Gas,STREX,CAT,PM2_5,0.0011861999850274873
2017,July,Los Angeles (MD),LDA,Gas,STREX,NCAT,CO,0.020431148991907507
2017,July,Los Angeles (MD),LDA,Gas,STREX,NCAT,NOx,0.0010753661899540713
2017,July,Los Angeles (MD),LDA,Gas,STREX,NCAT,SOx,1.7261403296642595e-06
2017,July,Los Angeles (MD),LDA,Gas,STREX,NCAT,PM,4.559795737750844e-05
2017,July,Los Angeles (MD),LDA,Gas,STREX,NCAT,TOG,0.0030053063490090457
2017,July,Los Angeles (MD),LDA,Gas,STREX,NCAT,PM10,4.3543100343990244e-05
2017,July,Los Angeles (MD),LDA,Gas,STREX,NCAT,PM2_5,4.1421222645017645e-05
2017,July,Los Angeles (MD),LDA,Gas,HOTSOAK,CAT,TOG,0.12214787069175745
2017,July,Los Angeles (MD),LDA,Gas,HOTSOAK,NCAT,TOG,0.0034555725029728783
2017,July,Los Angeles (MD),LDA,Gas,RUNLOSS,CAT,TOG,0.1753890821979266
2017,July,Los Angeles (MD),LDA,Gas,RUNLOSS,NCAT,TOG,0.011466668726217029
2017,July,Los Angeles (MD),LDA,Gas,RESTLOSS,CAT,TOG,0.10263000373165515
2017,July,Los Angeles (MD),LDA,Gas,RESTLOSS,NCAT,TOG,0.0037957770296516103
2017,July,Los Angeles (MD),LDA,Gas,DIURN,CAT,TOG,0.13550092516438383
2017,July,Los Angeles (MD),LDA,Gas,DIURN,NCAT,TOG,0.005211240103319375
2017,July,Los Angeles (MD),LDA,Gas,PMTW,CAT,PM,0.051443748129192196
2017,July,Los Angeles (MD),LDA,Gas,PMTW,CAT,PM10,0.051443748129192196
2017,July,Los Angeles (MD),LDA,Gas,PMTW,CAT,PM2_5,0.012860937032298049
2017,July,Los Angeles (MD),LDA,Gas,PMTW,NCAT,PM,2.3055440025886542e-05
2017,July,Los Angeles (MD),LDA,Gas,PMTW,NCAT,PM10,2.3055440025886542e-05
2017,July,Los Angeles (MD),LDA,Gas,PMTW,NCAT,PM2_5,5.7638600064716355e-06
2017,July,Los Angeles (MD),LDA,Gas,PMBW,CAT,PM,0.24114256935558848
2017,July,Los Angeles (MD),LDA,Gas,PMBW,CAT,PM10,0.23631971796847712
2017,July,Los Angeles (MD),LDA,Gas,PMBW,CAT,PM2_5,0.10127987912934722
2017,July,Los Angeles (MD),LDA,Gas,PMBW,NCAT,PM,0.00010807237512134306
2017,July,Los Angeles (MD),LDA,Gas,PMBW,NCAT,PM10,0.00010591092761891622
2017,July,Los Angeles (MD),LDA,Gas,PMBW,NCAT,PM2_5,4.539039755096412e-05
2017,July,Los Angeles (MD),LDA,Dsl,RUNEX,DSL,CO,0.01583945664242354
2017,July,Los Angeles (MD),LDA,Dsl,RUNEX,DSL,NOx,0.011972651341582844
2017,July,Los Angeles (MD),LDA,Dsl,RUNEX,DSL,SOx,9.662662042718208e-05
2017,July,Los Angeles (MD),LDA,Dsl,RUNEX,DSL,PM,0.0009101596521344388
2017,July,Los Angeles (MD),LDA,Dsl,RUNEX,DSL,TOG,0.0017065197420533167
2017,July,Los Angeles (MD),LDA,Dsl,RUNEX,DSL,PM10,0.0009046986942216318
2017,July,Los Angeles (MD),LDA,Dsl,RUNEX,DSL,PM2_5,0.0008655618291798492
2017,July,Los Angeles (MD),LDA,Dsl,PMTW,DSL,PM,0.0003517009083613471
2017,July,Los Angeles (MD),LDA,Dsl,PMTW,DSL,PM10,0.0003517009083613471
2017,July,Los Angeles (MD),LDA,Dsl,PMTW,DSL,PM2_5,8.792522709033678e-05
2017,July,Los Angeles (MD),LDA,Dsl,PMBW,DSL,PM,0.001648598007943813
2017,July,Los Angeles (MD),LDA,Dsl,PMBW,DSL,PM10,0.0016156260477849383
2017,July,Los Angeles (MD),LDA,Dsl,PMBW,DSL,PM2_5,0.0006924111633364018
2017,July,Los Angeles (MD),LDA,Elec,HOTSOAK,CAT,TOG,1.0818664513594833e-05
2017,July,Los Angeles (MD),LDA,Elec,RESTLOSS,CAT,TOG,1.517589039438897e-05
2017,July,Los Angeles (MD),LDA,Elec,DIURN,CAT,TOG,2.834989544302248e-05
2017,July,Los Angeles (MD),LDA,Elec,PMTW,CAT,PM,0.00013423814574623692
2017,July,Los Angeles (MD),LDA,Elec,PMTW,CAT,PM10,0.00013423814574623692
2017,July,Los Angeles (MD),LDA,Elec,PMTW,CAT,PM2_5,3.355953643655923e-05
2017,July,Los Angeles (MD),LDA,Elec,PMBW,CAT,PM,0.0006292413081854859
2017,July,Los Angeles (MD),LDA,Elec,PMBW,CAT,PM10,0.0006166564820217759
2017,July,Los Angeles (MD),LDA,Elec,PMBW,CAT,PM2_5,0.00026428134943790407
2017,July,Los Angeles (MD),LDT1,Gas,RUNEX,CAT,CO,2.119554476904968
2017,July,Los Angeles (MD),LDT1,Gas,RUNEX,CAT,NOx,0.16235908150674752
2017,July,Los Angeles (MD),LDT1,Gas,RUNEX,CAT,SOx,0.0021979055141651666
2017,July,Los Angeles (MD),LDT1,Gas,RUNEX,CAT,PM,0.002227124902033307
2017,July,Los Angeles (MD),LDT1,Gas,RUNEX,CAT,TOG,0.07420559207508934
2017,July,Los Angeles (MD),LDT1,Gas,RUNEX,CAT,PM10,0.0019915888216939016
2017,July,Los Angeles (MD),LDT1,Gas,RUNEX,CAT,PM2_5,0.0018314611490420024
2017,July,Los Angeles (MD),LDT1,Gas,RUNEX,NCAT,CO,0.09575904374417851
2017,July,Los Angeles (MD),LDT1,Gas,RUNEX,NCAT,NOx,0.007032924860531872
2017,July,Los Angeles (MD),LDT1,Gas,RUNEX,NCAT,SOx,8.21198122307924e-06
2017,July,Los Angeles (MD),LDT1,Gas,RUNEX,NCAT,PM,7.92659224772902e-05
2017,July,Los Angeles (MD),LDT1,Gas,RUNEX,NCAT,TOG,0.008341950087910296
2017,July,Los Angeles (MD),LDT1,Gas,RUNEX,NCAT,PM10,7.563539222455149e-05
2017,July,Los Angeles (MD),LDT1,Gas,RUNEX,NCAT,PM2_5,7.192237134105087e-05
2017,July,Los Angeles (MD),LDT1,Gas,STREX,CAT,CO,0.14126099610981843
2017,July,Los Angeles (MD),LDT1,Gas,STREX,CAT,NOx,0.026469609824367874
2017,July,Los Angeles (MD),LDT1,Gas,STREX,CAT,SOx,4.300851766132054e-05
2017,July,Los Angeles (MD),LDT1,Gas,STREX,CAT,PM,0.00026770479519068366
2017,July,Los Angeles (MD),LDT1,Gas,STREX,CAT,TOG,0.04221100123942801
2017,July,Los Angeles (MD),LDT1,Gas,STREX,CAT,PM10,0.0002394090613495582
2017,July,Los Angeles (MD),LDT1,Gas,STREX,CAT,PM2_5,0.00022016815616410402
2017,July,Los Angeles (MD),LDT1,Gas,STREX,NCAT,CO,0.005327457694063546
2017,July,Los Angeles (MD),LDT1,Gas,STREX,NCAT,NOx,0.0002645397051518612
2017,July,Los Angeles (MD),LDT1,Gas,STREX,NCAT,SOx,4.2880995404998196e-07
2017,July,Los Angeles (MD),LDT1,Gas,STREX,NCAT,PM,1.131769973072028e-05
2017,July,Los Angeles (MD),LDT1,Gas,STREX,NCAT,TOG,0.0007642081371681431
2017,July,Los Angeles (MD),LDT1,Gas,STREX,NCAT,PM10,1.0795334992135098e-05
2017,July,Los Angeles (MD),LDT1,Gas,STREX,NCAT,PM2_5,1.0263516135708208e-05
2017,July,Los Angeles (MD),LDT1,Gas,HOTSOAK,CAT,TOG,0.03182852653041332
2017,July,Los Angeles (MD),LDT1,Gas,HOTSOAK,NCAT,TOG,0.0008349979663618122
2017,July,Los Angeles (MD),LDT1,Gas,RUNLOSS,CAT,TOG,0.08499488352066507
2017,July,Los Angeles (MD),LDT1,Gas,RUNLOSS,NCAT,TOG,0.001267930246766115
2017,July,Los Angeles (MD),LDT1,Gas,RESTLOSS,CAT,TOG,0.026996793756385504
2017,July,Los Angeles (MD),LDT1,Gas,RESTLOSS,NCAT,TOG,0.0009201709995826022
2017,July,Los Angeles (MD),LDT1,Gas,DIURN,CAT,TOG,0.03971322083620427
2017,July,Los Angeles (MD),LDT1,Gas,DIURN,NCAT,TOG,0.0012551834289852009
2017,July,Los Angeles (MD),LDT1,Gas,PMTW,CAT,PM,0.004548790442810473
2017,July,Los Angeles (MD),LDT1,Gas,PMTW,CAT,PM10,0.004548790442810473
2017,July,Los Angeles (MD),LDT1,Gas,PMTW,CAT,PM2_5,0.0011371976107026182
2017,July,Los Angeles (MD),LDT1,Gas,PMTW,NCAT,PM,1.0646072782803736e-05
2017,July,Los Angeles (MD),LDT1,Gas,PMTW,NCAT,PM10,1.0646072782803736e-05
2017,July,Los Angeles (MD),LDT1,Gas,PMTW,NCAT,PM2_5,2.661518195700934e-06
2017,July,Los Angeles (MD),LDT1,Gas,PMBW,CAT,PM,0.0213224552006741
2017,July,Los Angeles (MD),LDT1,Gas,PMBW,CAT,PM10,0.02089600609666063
2017,July,Los Angeles (MD),LDT1,Gas,PMBW,CAT,PM2_5,0.008955431184283127
2017,July,Los Angeles (MD),LDT1,Gas,PMBW,NCAT,PM,4.990346616939253e-05
2017,July,Los Angeles (MD),LDT1,Gas,PMBW,NCAT,PM10,4.890539684600468e-05
2017,July,Los Angeles (MD),LDT1,Gas,PMBW,NCAT,PM2_5,2.0959455791144848e-05
2017,July,Los Angeles (MD),LDT2,Gas,RUNEX,CAT,CO,3.9068868268625527
2017,July,Los Angeles (MD),LDT2,Gas,RUNEX,CAT,NOx,0.3457720086153533
2017,July,Los Angeles (MD),LDT2,Gas,RUNEX,CAT,SOx,0.007657435744258291
2017,July,Los Angeles (MD),LDT2,Gas,RUNEX,CAT,PM,0.0034647349477363843
2017,July,Los Angeles (MD),LDT2,Gas,RUNEX,CAT,TOG,0.1174767420567129
2017,July,Los Angeles (MD),LDT2,Gas,RUNEX,CAT,PM10,0.003098322787377233
2017,July,Los Angeles (MD),LDT2,Gas,RUNEX,CAT,PM2_5,0.002849216988077904
2017,July,Los Angeles (MD),LDT2,Gas,RUNEX,NCAT,CO,0.1421136942867401
2017,July,Los Angeles (MD),LDT2,Gas,RUNEX,NCAT,NOx,0.010490481564681376
2017,July,Los Angeles (MD),LDT2,Gas,RUNEX,NCAT,SOx,1.2296783497532089e-05
2017,July,Los Angeles (MD),LDT2,Gas,RUNEX,NCAT,PM,0.00011864927343639956
2017,July,Los Angeles (MD),LDT2,Gas,RUNEX,NCAT,TOG,0.012457900752597456
2017,July,Los Angeles (MD),LDT2,Gas,RUNEX,NCAT,PM10,0.0001131722076714772
2017,July,Los Angeles (MD),LDT2,Gas,RUNEX,NCAT,PM2_5,0.00010759652270258491
2017,July,Los Angeles (MD),LDT2,Gas,STREX,CAT,CO,0.5094462608957373
2017,July,Los Angeles (MD),LDT2,Gas,STREX,CAT,NOx,0.08810243461310699
2017,July,Los Angeles (MD),LDT2,Gas,STREX,CAT,SOx,0.0001468568313038687
2017,July,Los Angeles (MD),LDT2,Gas,STREX,CAT,PM,0.00043960174155939106
2017,July,Los Angeles (MD),LDT2,Gas,STREX,CAT,TOG,0.09254253307135647
2017,July,Los Angeles (MD),LDT2,Gas,STREX,CAT,PM10,0.0003931320394382856
2017,July,Los Angeles (MD),LDT2,Gas,STREX,CAT,PM2_5,0.0003615342410543271
2017,July,Los Angeles (MD),LDT2,Gas,STREX,NCAT,CO,0.007980314230457825
2017,July,Los Angeles (MD),LDT2,Gas,STREX,NCAT,NOx,0.0003935509980207399
2017,July,Los Angeles (MD),LDT2,Gas,STREX,NCAT,SOx,6.407357522640051e-07
2017,July,Los Angeles (MD),LDT2,Gas,STREX,NCAT,PM,1.6936620635848715e-05
2017,July,Los Angeles (MD),LDT2,Gas,STREX,NCAT,TOG,0.0011348224984781775
2017,July,Los Angeles (MD),LDT2,Gas,STREX,NCAT,PM10,1.6148009946860815e-05
2017,July,Los Angeles (MD),LDT2,Gas,STREX,NCAT,PM2_5,1.534927163056534e-05
2017,July,Los Angeles (MD),LDT2,Gas,HOTSOAK,CAT,TOG,0.04446299948444295
2017,July,Los Angeles (MD),LDT2,Gas,HOTSOAK,NCAT,TOG,0.0012426262499934464
2017,July,Los Angeles (MD),LDT2,Gas,RUNLOSS,CAT,TOG,0.11383865383700795
2017,July,Los Angeles (MD),LDT2,Gas,RUNLOSS,NCAT,TOG,0.0017156164598353086
2017,July,Los Angeles (MD),LDT2,Gas,RESTLOSS,CAT,TOG,0.04069085277965524
2017,July,Los Angeles (MD),LDT2,Gas,RESTLOSS,NCAT,TOG,0.0014172211117118045
2017,July,Los Angeles (MD),LDT2,Gas,DIURN,CAT,TOG,0.05103512747273024
2017,July,Los Angeles (MD),LDT2,Gas,DIURN,NCAT,TOG,0.0019070081671285087
2017,July,Los Angeles (MD),LDT2,Gas,PMTW,CAT,PM,0.014161228467466232
2017,July,Los Angeles (MD),LDT2,Gas,PMTW,CAT,PM10,0.014161228467466232
2017,July,Los Angeles (MD),LDT2,Gas,PMTW,CAT,PM2_5,0.003540307116866558
2017,July,Los Angeles (MD),LDT2,Gas,PMTW,NCAT,PM,1.5935446865723592e-05
2017,July,Los Angeles (MD),LDT2,Gas,PMTW,NCAT,PM10,1.5935446865723592e-05
2017,July,Los Angeles (MD),LDT2,Gas,PMTW,NCAT,PM2_5,3.983861716430898e-06
2017,July,Los Angeles (MD),LDT2,Gas,PMBW,CAT,PM,0.06638075844124794
2017,July,Los Angeles (MD),LDT2,Gas,PMBW,CAT,PM10,0.06505314327242302
2017,July,Los Angeles (MD),LDT2,Gas,PMBW,CAT,PM2_5,0.02787991854532412
2017,July,Los Angeles (MD),LDT2,Gas,PMBW,NCAT,PM,7.469740718307921e-05
2017,July,Los Angeles (MD),LDT2,Gas,PMBW,NCAT,PM10,7.320345903941772e-05
2017,July,Los Angeles (MD),LDT2,Gas,PMBW,NCAT,PM2_5,3.137291101689329e-05
2017,July,Los Angeles (MD),MDV,Gas,RUNEX,CAT,CO,3.6927888413860916
2017,July,Los Angeles (MD),MDV,Gas,RUNEX,CAT,NOx,0.3535219438534732
2017,July,Los Angeles (MD),MDV,Gas,RUNEX,CAT,SOx,0.008044437715275781
2017,July,Los Angeles (MD),MDV,Gas,RUNEX,CAT,PM,0.003171686800853479
2017,July,Los Angeles (MD),MDV,Gas,RUNEX,CAT,TOG,0.12473271289451571
2017,July,Los Angeles (MD),MDV,Gas,RUNEX,CAT,PM10,0.002836646438491123
2017,July,Los Angeles (MD),MDV,Gas,RUNEX,CAT,PM2_5,0.0026087691123936633
2017,July,Los Angeles (MD),MDV,Gas,RUNEX,NCAT,CO,0.5818388851807015
2017,July,Los Angeles (MD),MDV,Gas,RUNEX,NCAT,NOx,0.032813983182658275
2017,July,Los Angeles (MD),MDV,Gas,RUNEX,NCAT,SOx,3.479975472179391e-05
2017,July,Los Angeles (MD),MDV,Gas,RUNEX,NCAT,PM,0.0002634398635505716
2017,July,Los Angeles (MD),MDV,Gas,RUNEX,NCAT,TOG,0.031155220980058802
2017,July,Los Angeles (MD),MDV,Gas,RUNEX,NCAT,PM10,0.00025200727034398223
2017,July,Los Angeles (MD),MDV,Gas,RUNEX,NCAT,PM2_5,0.0002399317927837681
2017,July,Los Angeles (MD),MDV,Gas,STREX,CAT,CO,0.584072017583108
2017,July,Los Angeles (MD),MDV,Gas,STREX,CAT,NOx,0.09765687598783068
2017,July,Los Angeles (MD),MDV,Gas,STREX,CAT,SOx,0.00016476651255724708
2017,July,Los Angeles (MD),MDV,Gas,STREX,CAT,PM,0.0004501091319686689
2017,July,Los Angeles (MD),MDV,Gas,STREX,CAT,TOG,0.11079273117942363
2017,July,Los Angeles (MD),MDV,Gas,STREX,CAT,PM10,0.0004025554483939351
2017,July,Los Angeles (MD),MDV,Gas,STREX,CAT,PM2_5,0.00037021357243831695
2017,July,Los Angeles (MD),MDV,Gas,STREX,NCAT,CO,0.027028871335316323
2017,July,Los Angeles (MD),MDV,Gas,STREX,NCAT,NOx,0.0010719534406351912
2017,July,Los Angeles (MD),MDV,Gas,STREX,NCAT,SOx,1.5863291969213203e-06
2017,July,Los Angeles (MD),MDV,Gas,STREX,NCAT,PM,3.2516161424768875e-05
2017,July,Los Angeles (MD),MDV,Gas,STREX,NCAT,TOG,0.002738317634646696
2017,July,Los Angeles (MD),MDV,Gas,STREX,NCAT,PM10,3.109014671525775e-05
2017,July,Los Angeles (MD),MDV,Gas,STREX,NCAT,PM2_5,2.9593454066441605e-05
2017,July,Los Angeles (MD),MDV,Gas,HOTSOAK,CAT,TOG,0.042279137605685066
2017,July,Los Angeles (MD),MDV,Gas,HOTSOAK,NCAT,TOG,0.001667095074469776
2017,July,Los Angeles (MD),MDV,Gas,RUNLOSS,CAT,TOG,0.10633982992763419
2017,July,Los Angeles (MD),MDV,Gas,RUNLOSS,NCAT,TOG,0.00271178952790572
2017,July,Los Angeles (MD),MDV,Gas,RESTLOSS,CAT,TOG,0.04011278469064845
2017,July,Los Angeles (MD),MDV,Gas,RESTLOSS,NCAT,TOG,0.0027688985165237297
2017,July,Los Angeles (MD),MDV,Gas,DIURN,CAT,TOG,0.04817950808547036
2017,July,Los Angeles (MD),MDV,Gas,DIURN,NCAT,TOG,0.0036653272786730195
2017,July,Los Angeles (MD),MDV,Gas,PMTW,CAT,PM,0.012612138696495348
2017,July,Los Angeles (MD),MDV,Gas,PMTW,CAT,PM10,0.012612138696495348
2017,July,Los Angeles (MD),MDV,Gas,PMTW,CAT,PM2_5,0.003153034674123837
2017,July,Los Angeles (MD),MDV,Gas,PMTW,NCAT,PM,3.550624509656417e-05
2017,July,Los Angeles (MD),MDV,Gas,PMTW,NCAT,PM10,3.550624509656417e-05
2017,July,Los Angeles (MD),MDV,Gas,PMTW,NCAT,PM2_5,8.876561274141042e-06
2017,July,Los Angeles (MD),MDV,Gas,PMBW,CAT,PM,0.05911940013982192
2017,July,Los Angeles (MD),MDV,Gas,PMBW,CAT,PM10,0.057937012137025415
2017,July,Los Angeles (MD),MDV,Gas,PMBW,CAT,PM2_5,0.02483014805872518
2017,July,Los Angeles (MD),MDV,Gas,PMBW,NCAT,PM,0.00016643552389014455
2017,July,Los Angeles (MD),MDV,Gas,PMBW,NCAT,PM10,0.00016310681341234168
2017,July,Los Angeles (MD),MDV,Gas,PMBW,NCAT,PM2_5,6.990292003386072e-05
2017,July,Los Angeles (MD),LHD1,Gas,RUNEX,CAT,CO,0.29556999808881307
2017,July,Los Angeles (MD),LHD1,Gas,RUNEX,CAT,NOx,0.058334990463416524
2017,July,Los Angeles (MD),LHD1,Gas,RUNEX,CAT,SOx,0.0011603353656497908
2017,July,Los Angeles (MD),LHD1,Gas,RUNEX,CAT,PM,0.00026650092596770765
2017,July,Los Angeles (MD),LHD1,Gas,RUNEX,CAT,TOG,0.016215504351024104
2017,July,Los Angeles (MD),LHD1,Gas,RUNEX,CAT,PM10,0.0002382518278151307
2017,July,Los Angeles (MD),LHD1,Gas,RUNEX,CAT,PM2_5,0.0002190637611454556
2017,July,Los Angeles (MD),LHD1,Gas,RUNEX,NCAT,CO,0.11459625117716501
2017,July,Los Angeles (MD),LHD1,Gas,RUNEX,NCAT,NOx,0.003280624664022837
2017,July,Los Angeles (MD),LHD1,Gas,RUNEX,NCAT,SOx,1.0241532005308263e-05
2017,July,Los Angeles (MD),LHD1,Gas,RUNEX,NCAT,PM,3.786256585993123e-05
2017,July,Los Angeles (MD),LHD1,Gas,RUNEX,NCAT,TOG,0.004258162558020166
2017,July,Los Angeles (MD),LHD1,Gas,RUNEX,NCAT,PM10,3.638592579139393e-05
2017,July,Los Angeles (MD),LHD1,Gas,RUNEX,NCAT,PM2_5,3.471997289355695e-05
2017,July,Los Angeles (MD),LHD1,Gas,IDLEX,CAT,CO,0.015196142818532212
2017,July,Los Angeles (MD),LHD1,Gas,IDLEX,CAT,NOx,0.00017049499203956425
2017,July,Los Angeles (MD),LHD1,Gas,IDLEX,CAT,SOx,5.0605438216649544e-06
2017,July,Los Angeles (MD),LHD1,Gas,IDLEX,CAT,TOG,0.0028412384350396096
2017,July,Los Angeles (MD),LHD1,Gas,IDLEX,NCAT,CO,0.00021902283944480884
2017,July,Los Angeles (MD),LHD1,Gas,IDLEX,NCAT,NOx,2.476757668677026e-06
2017,July,Los Angeles (MD),LHD1,Gas,IDLEX,NCAT,SOx,8.070366930234891e-08
2017,July,Los Angeles (MD),LHD1,Gas,IDLEX,NCAT,TOG,3.936753515940469e-05
2017,July,Los Angeles (MD),LHD1,Gas,STREX,CAT,CO,0.1287831070495998
2017,July,Los Angeles (MD),LHD1,Gas,STREX,CAT,NOx,0.03365484721379751
2017,July,Los Angeles (MD),LHD1,Gas,STREX,CAT,SOx,1.181331138186084e-05
2017,July,Los Angeles (MD),LHD1,Gas,STREX,CAT,PM,4.177175751921501e-05
2017,July,Los Angeles (MD),LHD1,Gas,STREX,CAT,TOG,0.012156115103607631
2017,July,Los Angeles (MD),LHD1,Gas,STREX,CAT,PM10,3.734395122217833e-05
2017,July,Los Angeles (MD),LHD1,Gas,STREX,CAT,PM2_5,3.433638468079484e-05
2017,July,Los Angeles (MD),LHD1,Gas,STREX,NCAT,CO,0.0001040616649121443
2017,July,Los Angeles (MD),LHD1,Gas,STREX,NCAT,NOx,0.0003422293821811364
2017,July,Los Angeles (MD),LHD1,Gas,STREX,NCAT,SOx,6.506519803797889e-07
2017,July,Los Angeles (MD),LHD1,Gas,STREX,NCAT,PM,1.4939939606339215e-05
2017,July,Los Angeles (MD),LHD1,Gas,STREX,NCAT,TOG,0.0020677245020779187
2017,July,Los Angeles (MD),LHD1,Gas,STREX,NCAT,PM10,1.4357281961691984e-05
2017,July,Los Angeles (MD),LHD1,Gas,STREX,NCAT,PM2_5,1.3699924619013065e-05
2017,July,Los Angeles (MD),LHD1,Gas,HOTSOAK,CAT,TOG,0.014998576864686504
2017,July,Los Angeles (MD),LHD1,Gas,HOTSOAK,NCAT,TOG,0.001865725864843418
2017,July,Los Angeles (MD),LHD1,Gas,RUNLOSS,CAT,TOG,0.08521845884362218
2017,July,Los Angeles (MD),LHD1,Gas,RUNLOSS,NCAT,TOG,0.0033737649948072214
2017,July,Los Angeles (MD),LHD1,Gas,RESTLOSS,CAT,TOG,0.00047233175399689014
2017,July,Los Angeles (MD),LHD1,Gas,RESTLOSS,NCAT,TOG,4.4855116106101536e-05
2017,July,Los Angeles (MD),LHD1,Gas,DIURN,CAT,TOG,0.0009172039111976373
2017,July,Los Angeles (MD),LHD1,Gas,DIURN,NCAT,TOG,8.347079224522004e-05
2017,July,Los Angeles (MD),LHD1,Gas,PMTW,CAT,PM,0.0011165747078265397
2017,July,Los Angeles (MD),LHD1,Gas,PMTW,CAT,PM10,0.0011165747078265397
2017,July,Los Angeles (MD),LHD1,Gas,PMTW,CAT,PM2_5,0.00027914367695663493
2017,July,Los Angeles (MD),LHD1,Gas,PMTW,NCAT,PM,7.983849446712686e-06
2017,July,Los Angeles (MD),LHD1,Gas,PMTW,NCAT,PM10,7.983849446712686e-06
2017,July,Los Angeles (MD),LHD1,Gas,PMTW,NCAT,PM2_5,1.9959623616781716e-06
2017,July,Los Angeles (MD),LHD1,Gas,PMBW,CAT,PM,0.010886603401308774
2017,July,Los Angeles (MD),LHD1,Gas,PMBW,CAT,PM10,0.010668871333282606
2017,July,Los Angeles (MD),LHD1,Gas,PMBW,CAT,PM2_5,0.004572373428549679
2017,July,Los Angeles (MD),LHD1,Gas,PMBW,NCAT,PM,7.784253210544871e-05
2017,July,Los Angeles (MD),LHD1,Gas,PMBW,NCAT,PM10,7.628568146333978e-05
2017,July,Los Angeles (MD),LHD1,Gas,PMBW,NCAT,PM2_5,3.2693863484288446e-05
2017,July,Los Angeles (MD),LHD2,Gas,RUNEX,CAT,CO,0.02406627105388347
2017,July,Los Angeles (MD),LHD2,Gas,RUNEX,CAT,NOx,0.005932584027179734
2017,July,Los Angeles (MD),LHD2,Gas,RUNEX,CAT,SOx,0.0001620310079434553
2017,July,Los Angeles (MD),LHD2,Gas,RUNEX,CAT,PM,2.6675193223192744e-05
2017,July,Los Angeles (MD),LHD2,Gas,RUNEX,CAT,TOG,0.0013499022997909647
2017,July,Los Angeles (MD),LHD2,Gas,RUNEX,CAT,PM10,2.384762274153429e-05
2017,July,Los Angeles (MD),LHD2,Gas,RUNEX,CAT,PM2_5,2.1927008829464438e-05
2017,July,Los Angeles (MD),LHD2,Gas,IDLEX,CAT,CO,0.001800113171114666
2017,July,Los Angeles (MD),LHD2,Gas,IDLEX,CAT,NOx,2.0200260007279497e-05
2017,July,Los Angeles (MD),LHD2,Gas,IDLEX,CAT,SOx,6.880861111148994e-07
2017,July,Los Angeles (MD),LHD2,Gas,IDLEX,CAT,TOG,0.0003370957402901277
2017,July,Los Angeles (MD),LHD2,Gas,STREX,CAT,CO,0.01406753346978272
2017,July,Los Angeles (MD),LHD2,Gas,STREX,CAT,NOx,0.003985960498759444
2017,July,Los Angeles (MD),LHD2,Gas,STREX,CAT,SOx,1.5693657212369706e-06
2017,July,Los Angeles (MD),LHD2,Gas,STREX,CAT,PM,4.024695235193077e-06
2017,July,Los Angeles (MD),LHD2,Gas,STREX,CAT,TOG,0.0013176422536042404
2017,July,Los Angeles (MD),LHD2,Gas,STREX,CAT,PM10,3.5980775402626066e-06
2017,July,Los Angeles (MD),LHD2,Gas,STREX,CAT,PM2_5,3.308299483328706e-06
2017,July,Los Angeles (MD),LHD2,Gas,HOTSOAK,CAT,TOG,0.001510133657690776
2017,July,Los Angeles (MD),LHD2,Gas,RUNLOSS,CAT,TOG,0.00839110700781967
2017,July,Los Angeles (MD),LHD2,Gas,RESTLOSS,CAT,TOG,4.570402407829846e-05
2017,July,Los Angeles (MD),LHD2,Gas,DIURN,CAT,TOG,8.798492920409811e-05
2017,July,Los Angeles (MD),LHD2,Gas,PMTW,CAT,PM,0.00013639517454062242
2017,July,Los Angeles (MD),LHD2,Gas,PMTW,CAT,PM10,0.00013639517454062242
2017,July,Los Angeles (MD),LHD2,Gas,PMTW,CAT,PM2_5,3.4098793635155604e-05
2017,July,Los Angeles (MD),LHD2,Gas,PMBW,CAT,PM,0.0015514951103995818
2017,July,Los Angeles (MD),LHD2,Gas,PMBW,CAT,PM10,0.0015204652081915898
2017,July,Los Angeles (MD),LHD2,Gas,PMBW,CAT,PM2_5,0.0006516279463678237
2017,July,Los Angeles (MD),T6TS,Gas,RUNEX,CAT,CO,0.10905219319535127
2017,July,Los Angeles (MD),T6TS,Gas,RUNEX,CAT,NOx,0.0241930019926561
2017,July,Los Angeles (MD),T6TS,Gas,RUNEX,CAT,SOx,0.00036009426423772896
2017,July,Los Angeles (MD),T6TS,Gas,RUNEX,CAT,PM,3.465662830636821e-05
2017,July,Los Angeles (MD),T6TS,Gas,RUNEX,CAT,TOG,0.006042138407421375
2017,July,Los Angeles (MD),T6TS,Gas,RUNEX,CAT,PM10,3.098302570589316e-05
2017,July,Los Angeles (MD),T6TS,Gas,RUNEX,CAT,PM2_5,2.848774846783465e-05
2017,July,Los Angeles (MD),T6TS,Gas,RUNEX,NCAT,CO,0.010869177263772798
2017,July,Los Angeles (MD),T6TS,Gas,RUNEX,NCAT,NOx,0.000275788775589942
2017,July,Los Angeles (MD),T6TS,Gas,RUNEX,NCAT,SOx,1.3453010157310676e-06
2017,July,Los Angeles (MD),T6TS,Gas,RUNEX,NCAT,PM,2.4851093644709247e-06
2017,July,Los Angeles (MD),T6TS,Gas,RUNEX,NCAT,TOG,0.0003906973706240621
2017,July,Los Angeles (MD),T6TS,Gas,RUNEX,NCAT,PM10,2.3881900992565583e-06
2017,July,Los Angeles (MD),T6TS,Gas,RUNEX,NCAT,PM2_5,2.2788452872198366e-06
2017,July,Los Angeles (MD),T6TS,Gas,IDLEX,CAT,CO,0.0022082862501775066
2017,July,Los Angeles (MD),T6TS,Gas,IDLEX,CAT,NOx,1.955192082092961e-05
2017,July,Los Angeles (MD),T6TS,Gas,IDLEX,CAT,SOx,1.2541450828555486e-06
2017,July,Los Angeles (MD),T6TS,Gas,IDLEX,CAT,TOG,0.00028920276858619215
2017,July,Los Angeles (MD),T6TS,Gas,IDLEX,NCAT,CO,3.130579485257635e-05
2017,July,Los Angeles (MD),T6TS,Gas,IDLEX,NCAT,NOx,2.781111341441421e-07
2017,July,Los Angeles (MD),T6TS,Gas,IDLEX,NCAT,SOx,1.9664505888836844e-08
2017,July,Los Angeles (MD),T6TS,Gas,IDLEX,NCAT,TOG,3.937941486207262e-06
2017,July,Los Angeles (MD),T6TS,Gas,STREX,CAT,CO,0.02736061945862205
2017,July,Los Angeles (MD),T6TS,Gas,STREX,CAT,NOx,0.00175312433224093
2017,July,Los Angeles (MD),T6TS,Gas,STREX,CAT,SOx,1.841538323998694e-06
2017,July,Los Angeles (MD),T6TS,Gas,STREX,CAT,PM,3.4452162914229455e-06
2017,July,Los Angeles (MD),T6TS,Gas,STREX,CAT,TOG,0.0013301467721898812
2017,July,Los Angeles (MD),T6TS,Gas,STREX,CAT,PM10,3.080023364532111e-06
2017,July,Los Angeles (MD),T6TS,Gas,STREX,CAT,PM2_5,2.831967791549665e-06
2017,July,Los Angeles (MD),T6TS,Gas,STREX,NCAT,CO,1.067398897013734e-05
2017,July,Los Angeles (MD),T6TS,Gas,STREX,NCAT,NOx,3.59494792895819e-05
2017,July,Los Angeles (MD),T6TS,Gas,STREX,NCAT,SOx,9.255168952254994e-08
2017,July,Los Angeles (MD),T6TS,Gas,STREX,NCAT,PM,1.0281140909096607e-06
2017,July,Los Angeles (MD),T6TS,Gas,STREX,NCAT,TOG,0.00021035619462115145
2017,July,Los Angeles (MD),T6TS,Gas,STREX,NCAT,PM10,9.880176413641838e-07
2017,July,Los Angeles (MD),T6TS,Gas,STREX,NCAT,PM2_5,9.42780621364159e-07
2017,July,Los Angeles (MD),T6TS,Gas,HOTSOAK,CAT,TOG,0.0007434448547405792
2017,July,Los Angeles (MD),T6TS,Gas,HOTSOAK,NCAT,TOG,0.00013630775202069803
2017,July,Los Angeles (MD),T6TS,Gas,RUNLOSS,CAT,TOG,0.0036788320821234746
2017,July,Los Angeles (MD),T6TS,Gas,RUNLOSS,NCAT,TOG,0.00019270013590624646
2017,July,Los Angeles (MD),T6TS,Gas,RESTLOSS,CAT,TOG,2.404954527651647e-05
2017,July,Los Angeles (MD),T6TS,Gas,RESTLOSS,NCAT,TOG,2.4484288576571973e-06
2017,July,Los Angeles (MD),T6TS,Gas,DIURN,CAT,TOG,4.425673509314962e-05
2017,July,Los Angeles (MD),T6TS,Gas,DIURN,NCAT,TOG,4.347510555929471e-06
2017,July,Los Angeles (MD),T6TS,Gas,PMTW,CAT,PM,0.00025057953384796975
2017,July,Los Angeles (MD),T6TS,Gas,PMTW,CAT,PM10,0.00025057953384796975
2017,July,Los Angeles (MD),T6TS,Gas,PMTW,CAT,PM2_5,6.264488346199244e-05
2017,July,Los Angeles (MD),T6TS,Gas,PMTW,NCAT,PM,7.960277956534015e-07
2017,July,Los Angeles (MD),T6TS,Gas,PMTW,NCAT,PM10,7.960277956534015e-07
2017,July,Los Angeles (MD),T6TS,Gas,PMTW,NCAT,PM2_5,1.9900694891335039e-07
2017,July,Los Angeles (MD),T6TS,Gas,PMBW,CAT,PM,0.0027772565001483313
2017,July,Los Angeles (MD),T6TS,Gas,PMBW,CAT,PM10,0.0027217113701453665
2017,July,Los Angeles (MD),T6TS,Gas,PMBW,CAT,PM2_5,0.0011664477300622992
2017,July,Los Angeles (MD),T6TS,Gas,PMBW,NCAT,PM,8.822641401825205e-06
2017,July,Los Angeles (MD),T6TS,Gas,PMBW,NCAT,PM10,8.646188573788703e-06
2017,July,Los Angeles (MD),T6TS,Gas,PMBW,NCAT,PM2_5,3.705509388766586e-06
2017,July,Los Angeles (MD),T7IS,Gas,RUNEX,CAT,CO,0.0004267276212924853
2017,July,Los Angeles (MD),T7IS,Gas,RUNEX,CAT,NOx,4.924833116741238e-05
2017,July,Los Angeles (MD),T7IS,Gas,RUNEX,CAT,SOx,5.022561220864658e-07
2017,July,Los Angeles (MD),T7IS,Gas,RUNEX,CAT,PM,3.038388111527192e-08
2017,July,Los Angeles (MD),T7IS,Gas,RUNEX,CAT,TOG,6.675113881148294e-06
2017,July,Los Angeles (MD),T7IS,Gas,RUNEX,CAT,PM10,2.71631897170531e-08
2017,July,Los Angeles (MD),T7IS,Gas,RUNEX,CAT,PM2_5,2.4975550276753524e-08
2017,July,Los Angeles (MD),T7IS,Gas,STREX,CAT,CO,1.0899194021917522e-05
2017,July,Los Angeles (MD),T7IS,Gas,STREX,CAT,NOx,1.3644125623318174e-07
2017,July,Los Angeles (MD),T7IS,Gas,STREX,CAT,SOx,4.80158663370033e-10
2017,July,Los Angeles (MD),T7IS,Gas,STREX,CAT,PM,4.0765826059333786e-10
2017,July,Los Angeles (MD),T7IS,Gas,STREX,CAT,TOG,3.5101130800883515e-08
2017,July,Los Angeles (MD),T7IS,Gas,STREX,CAT,PM10,3.6444648497044414e-10
2017,July,Los Angeles (MD),T7IS,Gas,STREX,CAT,PM2_5,3.350950902077237e-10
2017,July,Los Angeles (MD),T7IS,Gas,HOTSOAK,CAT,TOG,8.788626806777516e-09
2017,July,Los Angeles (MD),T7IS,Gas,RUNLOSS,CAT,TOG,6.3293230766490135e-09
2017,July,Los Angeles (MD),T7IS,Gas,RESTLOSS,CAT,TOG,3.6688565836115494e-10
2017,July,Los Angeles (MD),T7IS,Gas,DIURN,CAT,TOG,5.945434062638544e-10
2017,July,Los Angeles (MD),T7IS,Gas,PMTW,CAT,PM,5.222341147296075e-07
2017,July,Los Angeles (MD),T7IS,Gas,PMTW,CAT,PM10,5.222341147296075e-07
2017,July,Los Angeles (MD),T7IS,Gas,PMTW,CAT,PM2_5,1.3055852868240188e-07
2017,July,Los Angeles (MD),T7IS,Gas,PMBW,CAT,PM,1.645037461398264e-06
2017,July,Los Angeles (MD),T7IS,Gas,PMBW,CAT,PM10,1.6121367121702983e-06
2017,July,Los Angeles (MD),T7IS,Gas,PMBW,CAT,PM2_5,6.909157337872709e-07
2017,July,Los Angeles (MD),LDT1,Dsl,RUNEX,DSL,CO,0.0005420325691627079
2017,July,Los Angeles (MD),LDT1,Dsl,RUNEX,DSL,NOx,0.0005104016780999129
2017,July,Los Angeles (MD),LDT1,Dsl,RUNEX,DSL,SOx,1.3340791083961445e-06
2017,July,Los Angeles (MD),LDT1,Dsl,RUNEX,DSL,PM,8.449314947004273e-05
2017,July,Los Angeles (MD),LDT1,Dsl,RUNEX,DSL,TOG,0.00010425608584037524
2017,July,Los Angeles (MD),LDT1,Dsl,RUNEX,DSL,PM10,8.398619057322245e-05
2017,July,Los Angeles (MD),LDT1,Dsl,RUNEX,DSL,PM2_5,8.03529851460106e-05
2017,July,Los Angeles (MD),LDT1,Dsl,PMTW,DSL,PM,2.6942967926065785e-06
2017,July,Los Angeles (MD),LDT1,Dsl,PMTW,DSL,PM10,2.6942967926065785e-06
2017,July,Los Angeles (MD),LDT1,Dsl,PMTW,DSL,PM2_5,6.735741981516446e-07
2017,July,Los Angeles (MD),LDT1,Dsl,PMBW,DSL,PM,1.2629516215343323e-05
2017,July,Los Angeles (MD),LDT1,Dsl,PMBW,DSL,PM10,1.2376925891036456e-05
2017,July,Los Angeles (MD),LDT1,Dsl,PMBW,DSL,PM2_5,5.304396810444201e-06
2017,July,Los Angeles (MD),LDT2,Dsl,RUNEX,DSL,CO,0.000696477915064729
2017,July,Los Angeles (MD),LDT2,Dsl,RUNEX,DSL,NOx,0.00048570197608689914
2017,July,Los Angeles (MD),LDT2,Dsl,RUNEX,DSL,SOx,1.0418547714393772e-05
2017,July,Los Angeles (MD),LDT2,Dsl,RUNEX,DSL,PM,8.102826392996073e-05
2017,July,Los Angeles (MD),LDT2,Dsl,RUNEX,DSL,TOG,0.00015942515937587435
2017,July,Los Angeles (MD),LDT2,Dsl,RUNEX,DSL,PM10,8.054209434638088e-05
2017,July,Los Angeles (MD),LDT2,Dsl,RUNEX,DSL,PM2_5,7.70578789973925e-05
2017,July,Los Angeles (MD),LDT2,Dsl,PMTW,DSL,PM,2.8535391856656973e-05
2017,July,Los Angeles (MD),LDT2,Dsl,PMTW,DSL,PM10,2.8535391856656973e-05
2017,July,Los Angeles (MD),LDT2,Dsl,PMTW,DSL,PM2_5,7.133847964164243e-06
2017,July,Los Angeles (MD),LDT2,Dsl,PMBW,DSL,PM,0.0001337596493280795
2017,July,Los Angeles (MD),LDT2,Dsl,PMBW,DSL,PM10,0.0001310844563415179
2017,July,Los Angeles (MD),LDT2,Dsl,PMBW,DSL,PM2_5,5.617905271779341e-05
2017,July,Los Angeles (MD),MDV,Dsl,RUNEX,DSL,CO,0.006316527398771486
2017,July,Los Angeles (MD),MDV,Dsl,RUNEX,DSL,NOx,0.0031600725356256414
2017,July,Los Angeles (MD),MDV,Dsl,RUNEX,DSL,SOx,9.708021551460448e-05
2017,July,Los Angeles (MD),MDV,Dsl,RUNEX,DSL,PM,0.00022252285303906864
2017,July,Los Angeles (MD),MDV,Dsl,RUNEX,DSL,TOG,0.0005071693265672662
2017,July,Los Angeles (MD),MDV,Dsl,RUNEX,DSL,PM10,0.0002211877159208343
2017,July,Los Angeles (MD),MDV,Dsl,RUNEX,DSL,PM2_5,0.00021161923324015405
2017,July,Los Angeles (MD),MDV,Dsl,PMTW,DSL,PM,0.00019817642300587482
2017,July,Los Angeles (MD),MDV,Dsl,PMTW,DSL,PM10,0.00019817642300587482
2017,July,Los Angeles (MD),MDV,Dsl,PMTW,DSL,PM2_5,4.9544105751468704e-05
2017,July,Los Angeles (MD),MDV,Dsl,PMBW,DSL,PM,0.000928951982840038
2017,July,Los Angeles (MD),MDV,Dsl,PMBW,DSL,PM10,0.0009103729431832376
2017,July,Los Angeles (MD),MDV,Dsl,PMBW,DSL,PM2_5,0.0003901598327928162
2017,July,Los Angeles (MD),LHD1,Dsl,RUNEX,DSL,CO,0.12947021923713062
2017,July,Los Angeles (MD),LHD1,Dsl,RUNEX,DSL,NOx,0.634902689497404
2017,July,Los Angeles (MD),LHD1,Dsl,RUNEX,DSL,SOx,0.0006658907686035491
2017,July,Los Angeles (MD),LHD1,Dsl,RUNEX,DSL,PM,0.004161292005316315
2017,July,Los Angeles (MD),LHD1,Dsl,RUNEX,DSL,TOG,0.021533465527068425
2017,July,Los Angeles (MD),LHD1,Dsl,RUNEX,DSL,PM10,0.004136324253284417
2017,July,Los Angeles (MD),LHD1,Dsl,RUNEX,DSL,PM2_5,0.003957388697055815
2017,July,Los Angeles (MD),LHD1,Dsl,IDLEX,DSL,CO,0.003271875258811799
2017,July,Los Angeles (MD),LHD1,Dsl,IDLEX,DSL,NOx,0.009200155378245256
2017,July,Los Angeles (MD),LHD1,Dsl,IDLEX,DSL,SOx,4.826201956589605e-06
2017,July,Los Angeles (MD),LHD1,Dsl,IDLEX,DSL,PM,0.00010157606230894708
2017,July,Los Angeles (MD),LHD1,Dsl,IDLEX,DSL,TOG,0.0004493943707951313
2017,July,Los Angeles (MD),LHD1,Dsl,IDLEX,DSL,PM10,0.00010096660593509317
2017,July,Los Angeles (MD),LHD1,Dsl,IDLEX,DSL,PM2_5,9.659883525580849e-05
2017,July,Los Angeles (MD),LHD1,Dsl,PMTW,DSL,PM,0.0016601487606695178
2017,July,Los Angeles (MD),LHD1,Dsl,PMTW,DSL,PM10,0.0016601487606695178
2017,July,Los Angeles (MD),LHD1,Dsl,PMTW,DSL,PM2_5,0.00041503719016737945
2017,July,Los Angeles (MD),LHD1,Dsl,PMBW,DSL,PM,0.010790966944351872
2017,July,Los Angeles (MD),LHD1,Dsl,PMBW,DSL,PM10,0.010575147605464831
2017,July,Los Angeles (MD),LHD1,Dsl,PMBW,DSL,PM2_5,0.004532206116627783
2017,July,Los Angeles (MD),LHD2,Dsl,RUNEX,DSL,CO,0.039379152127517636
2017,July,Los Angeles (MD),LHD2,Dsl,RUNEX,DSL,NOx,0.18828165672840133
2017,July,Los Angeles (MD),LHD2,Dsl,RUNEX,DSL,SOx,0.000272805790703884
2017,July,Los Angeles (MD),LHD2,Dsl,RUNEX,DSL,PM,0.0013171672854090388
2017,July,Los Angeles (MD),LHD2,Dsl,RUNEX,DSL,TOG,0.00670137856113331
2017,July,Los Angeles (MD),LHD2,Dsl,RUNEX,DSL,PM10,0.0013092642816965854
2017,July,Los Angeles (MD),LHD2,Dsl,RUNEX,DSL,PM2_5,0.0012526260884239949
2017,July,Los Angeles (MD),LHD2,Dsl,IDLEX,DSL,CO,0.00119030038030631
2017,July,Los Angeles (MD),LHD2,Dsl,IDLEX,DSL,NOx,0.003350521080206342
2017,July,Los Angeles (MD),LHD2,Dsl,IDLEX,DSL,SOx,2.8125254874182102e-06
2017,July,Los Angeles (MD),LHD2,Dsl,IDLEX,DSL,PM,3.6127676885379224e-05
2017,July,Los Angeles (MD),LHD2,Dsl,IDLEX,DSL,TOG,0.00016348859542378056
2017,July,Los Angeles (MD),LHD2,Dsl,IDLEX,DSL,PM10,3.591091082406694e-05
2017,July,Los Angeles (MD),LHD2,Dsl,IDLEX,DSL,PM2_5,3.435742071799561e-05
2017,July,Los Angeles (MD),LHD2,Dsl,PMTW,DSL,PM,0.0006249501263067575
2017,July,Los Angeles (MD),LHD2,Dsl,PMTW,DSL,PM10,0.0006249501263067575
2017,July,Los Angeles (MD),LHD2,Dsl,PMTW,DSL,PM2_5,0.00015623753157668937
2017,July,Los Angeles (MD),LHD2,Dsl,PMBW,DSL,PM,0.00473920512449291
2017,July,Los Angeles (MD),LHD2,Dsl,PMBW,DSL,PM10,0.004644421022003049
2017,July,Los Angeles (MD),LHD2,Dsl,PMBW,DSL,PM2_5,0.0019904661522870217
2017,July,Los Angeles (MD),LDT1,Elec,HOTSOAK,CAT,TOG,9.954448516645995e-08
2017,July,Los Angeles (MD),LDT1,Elec,RESTLOSS,CAT,TOG,1.5980118656711e-07
2017,July,Los Angeles (MD),LDT1,Elec,DIURN,CAT,TOG,2.985226443466879e-07
2017,July,Los Angeles (MD),LDT1,Elec,PMTW,CAT,PM,9.908059931070537e-07
2017,July,Los Angeles (MD),LDT1,Elec,PMTW,CAT,PM10,9.908059931070537e-07
2017,July,Los Angeles (MD),LDT1,Elec,PMTW,CAT,PM2_5,2.477014982767634e-07
2017,July,Los Angeles (MD),LDT1,Elec,PMBW,CAT,PM,4.6444030926893135e-06
2017,July,Los Angeles (MD),LDT1,Elec,PMBW,CAT,PM10,4.551515030835526e-06
2017,July,Los Angeles (MD),LDT1,Elec,PMBW,CAT,PM2_5,1.950649298929512e-06
2017,July,Los Angeles (MD),LDT2,Elec,HOTSOAK,CAT,TOG,9.70103615347679e-07
2017,July,Los Angeles (MD),LDT2,Elec,RESTLOSS,CAT,TOG,1.3362407666699064e-06
2017,July,Los Angeles (MD),LDT2,Elec,DIURN,CAT,TOG,2.496215051460992e-06
2017,July,Los Angeles (MD),LDT2,Elec,PMTW,CAT,PM,1.1829792795938166e-05
2017,July,Los Angeles (MD),LDT2,Elec,PMTW,CAT,PM10,1.1829792795938166e-05
2017,July,Los Angeles (MD),LDT2,Elec,PMTW,CAT,PM2_5,2.9574481989845415e-06
2017,July,Los Angeles (MD),LDT2,Elec,PMBW,CAT,PM,5.5452153730960155e-05
2017,July,Los Angeles (MD),LDT2,Elec,PMBW,CAT,PM10,5.434311065634094e-05
2017,July,Los Angeles (MD),LDT2,Elec,PMBW,CAT,PM2_5,2.3289904567003258e-05
2017,July,Los Angeles (MD),MDV,Elec,HOTSOAK,CAT,TOG,1.489192599799429e-07
2017,July,Los Angeles (MD),MDV,Elec,RESTLOSS,CAT,TOG,2.0983204899725745e-07
2017,July,Los Angeles (MD),MDV,Elec,DIURN,CAT,TOG,3.919846872290839e-07
2017,July,Los Angeles (MD),MDV,Elec,PMTW,CAT,PM,1.7472766951700425e-06
2017,July,Los Angeles (MD),MDV,Elec,PMTW,CAT,PM10,1.7472766951700425e-06
2017,July,Los Angeles (MD),MDV,Elec,PMTW,CAT,PM2_5,4.3681917379251064e-07
2017,July,Los Angeles (MD),MDV,Elec,PMBW,CAT,PM,8.190359508609573e-06
2017,July,Los Angeles (MD),MDV,Elec,PMBW,CAT,PM10,8.026552318437382e-06
2017,July,Los Angeles (MD),MDV,Elec,PMBW,CAT,PM2_5,3.439950993616021e-06
2017,July,Los Angeles (MD),SBUS,Gas,RUNEX,CAT,CO,0.004151708537322738
2017,July,Los Angeles (MD),SBUS,Gas,RUNEX,CAT,NOx,0.0005835104374847864
2017,July,Los Angeles (MD),SBUS,Gas,RUNEX,CAT,SOx,7.175198008148475e-06
2017,July,Los Angeles (MD),SBUS,Gas,RUNEX,CAT,PM,2.163896172553312e-06
2017,July,Los Angeles (MD),SBUS,Gas,RUNEX,CAT,TOG,0.0002560773897100525
2017,July,Los Angeles (MD),SBUS,Gas,RUNEX,CAT,PM10,1.934523178262662e-06
2017,July,Los Angeles (MD),SBUS,Gas,RUNEX,CAT,PM2_5,1.7787226538388236e-06
2017,July,Los Angeles (MD),SBUS,Gas,IDLEX,CAT,CO,0.0007109290184800676
2017,July,Los Angeles (MD),SBUS,Gas,IDLEX,CAT,NOx,8.010743413567194e-06
2017,July,Los Angeles (MD),SBUS,Gas,IDLEX,CAT,SOx,2.299933381602355e-07
2017,July,Los Angeles (MD),SBUS,Gas,IDLEX,CAT,TOG,0.0001335442097962577
2017,July,Los Angeles (MD),SBUS,Gas,STREX,CAT,CO,0.0002655655838504527
2017,July,Los Angeles (MD),SBUS,Gas,STREX,CAT,NOx,1.7200877324987853e-05
2017,July,Los Angeles (MD),SBUS,Gas,STREX,CAT,SOx,1.6695812426675327e-08
2017,July,Los Angeles (MD),SBUS,Gas,STREX,CAT,PM,3.03732564234847e-08
2017,July,Los Angeles (MD),SBUS,Gas,STREX,CAT,TOG,1.4019088220320274e-05
2017,July,Los Angeles (MD),SBUS,Gas,STREX,CAT,PM10,2.715369124259532e-08
2017,July,Los Angeles (MD),SBUS,Gas,STREX,CAT,PM2_5,2.496681678010441e-08
2017,July,Los Angeles (MD),SBUS,Gas,HOTSOAK,CAT,TOG,4.801478611051416e-06
2017,July,Los Angeles (MD),SBUS,Gas,RUNLOSS,CAT,TOG,2.6767081651228733e-05
2017,July,Los Angeles (MD),SBUS,Gas,RESTLOSS,CAT,TOG,6.395689822759807e-07
2017,July,Los Angeles (MD),SBUS,Gas,DIURN,CAT,TOG,1.622309325724307e-06
2017,July,Los Angeles (MD),SBUS,Gas,PMTW,CAT,PM,6.487684993447563e-06
2017,July,Los Angeles (MD),SBUS,Gas,PMTW,CAT,PM10,6.487684993447563e-06
2017,July,Los Angeles (MD),SBUS,Gas,PMTW,CAT,PM2_5,1.6219212483618907e-06
2017,July,Los Angeles (MD),SBUS,Gas,PMBW,CAT,PM,0.0006163300662679123
2017,July,Los Angeles (MD),SBUS,Gas,PMBW,CAT,PM10,0.0006040034649425541
2017,July,Los Angeles (MD),SBUS,Gas,PMBW,CAT,PM2_5,0.00025885862783252305
2017,July,Los Angeles (MD),OBUS,Gas,RUNEX,CAT,CO,0.01892152232212926
2017,July,Los Angeles (MD),OBUS,Gas,RUNEX,CAT,NOx,0.004804598488921269
2017,July,Los Angeles (MD),OBUS,Gas,RUNEX,CAT,SOx,9.82444686143625e-05
2017,July,Los Angeles (MD),OBUS,Gas,RUNEX,CAT,PM,4.8470333936200694e-06
2017,July,Los Angeles (MD),OBUS,Gas,RUNEX,CAT,TOG,0.0010246351941140344
2017,July,Los Angeles (MD),OBUS,Gas,RUNEX,CAT,PM10,4.33324785389634e-06
2017,July,Los Angeles (MD),OBUS,Gas,RUNEX,CAT,PM2_5,3.984261449555698e-06
2017,July,Los Angeles (MD),OBUS,Gas,IDLEX,CAT,CO,0.0003606856577906886
2017,July,Los Angeles (MD),OBUS,Gas,IDLEX,CAT,NOx,4.064040409158792e-06
2017,July,Los Angeles (MD),OBUS,Gas,IDLEX,CAT,SOx,2.433573801233279e-07
2017,July,Los Angeles (MD),OBUS,Gas,IDLEX,CAT,TOG,6.788761524036794e-05
2017,July,Los Angeles (MD),OBUS,Gas,STREX,CAT,CO,0.004462353660072067
2017,July,Los Angeles (MD),OBUS,Gas,STREX,CAT,NOx,0.0004277846365768103
2017,July,Los Angeles (MD),OBUS,Gas,STREX,CAT,SOx,3.4432303469298534e-07
2017,July,Los Angeles (MD),OBUS,Gas,STREX,CAT,PM,3.618271692591818e-07
2017,July,Los Angeles (MD),OBUS,Gas,STREX,CAT,TOG,0.00024126868290000984
2017,July,Los Angeles (MD),OBUS,Gas,STREX,CAT,PM10,3.2347348931770906e-07
2017,July,Los Angeles (MD),OBUS,Gas,STREX,CAT,PM2_5,2.974219331310477e-07
2017,July,Los Angeles (MD),OBUS,Gas,HOTSOAK,CAT,TOG,4.9983095966223235e-05
2017,July,Los Angeles (MD),OBUS,Gas,RUNLOSS,CAT,TOG,0.0005013284534246397
2017,July,Los Angeles (MD),OBUS,Gas,RESTLOSS,CAT,TOG,4.326250407967316e-06
2017,July,Los Angeles (MD),OBUS,Gas,DIURN,CAT,TOG,9.097297499783129e-06
2017,July,Los Angeles (MD),OBUS,Gas,PMTW,CAT,PM,6.851216246938038e-05
2017,July,Los Angeles (MD),OBUS,Gas,PMTW,CAT,PM10,6.851216246938038e-05
2017,July,Los Angeles (MD),OBUS,Gas,PMTW,CAT,PM2_5,1.7128040617345095e-05
2017,July,Los Angeles (MD),OBUS,Gas,PMBW,CAT,PM,0.0007593431340356326
2017,July,Los Angeles (MD),OBUS,Gas,PMBW,CAT,PM10,0.0007441562713549201
2017,July,Los Angeles (MD),OBUS,Gas,PMBW,CAT,PM2_5,0.0003189241162949659
2017,July,Los Angeles (MD),MCY,Gas,RUNEX,CAT,CO,0.5769523067580095
2017,July,Los Angeles (MD),MCY,Gas,RUNEX,CAT,NOx,0.040296331242635694
2017,July,Los Angeles (MD),MCY,Gas,RUNEX,CAT,SOx,9.486608684051638e-05
2017,July,Los Angeles (MD),MCY,Gas,RUNEX,CAT,PM,6.501815411138216e-05
2017,July,Los Angeles (MD),MCY,Gas,RUNEX,CAT,TOG,0.10039649093131167
2017,July,Los Angeles (MD),MCY,Gas,RUNEX,CAT,PM10,5.9961847540138986e-05
2017,July,Los Angeles (MD),MCY,Gas,RUNEX,CAT,PM2_5,5.604766428602651e-05
2017,July,Los Angeles (MD),MCY,Gas,RUNEX,NCAT,CO,1.6618571465976302
2017,July,Los Angeles (MD),MCY,Gas,RUNEX,NCAT,NOx,0.05624308781382103
2017,July,Los Angeles (MD),MCY,Gas,RUNEX,NCAT,SOx,0.0001074770798412427
2017,July,Los Angeles (MD),MCY,Gas,RUNEX,NCAT,PM,0.00011201694398007722
2017,July,Los Angeles (MD),MCY,Gas,RUNEX,NCAT,TOG,0.17297172827062565
2017,July,Los Angeles (MD),MCY,Gas,RUNEX,NCAT,PM10,0.00010581266540029078
2017,July,Los Angeles (MD),MCY,Gas,RUNEX,NCAT,PM2_5,0.00010011679602326036
2017,July,Los Angeles (MD),MCY,Gas,STREX,CAT,CO,0.028920445740384812
2017,July,Los Angeles (MD),MCY,Gas,STREX,CAT,NOx,0.0012348410275960233
2017,July,Los Angeles (MD),MCY,Gas,STREX,CAT,SOx,2.903024949458184e-06
2017,July,Los Angeles (MD),MCY,Gas,STREX,CAT,PM,1.0305110556927025e-05
2017,July,Los Angeles (MD),MCY,Gas,STREX,CAT,TOG,0.007744131276729793
2017,July,Los Angeles (MD),MCY,Gas,STREX,CAT,PM10,9.55301501346223e-06
2017,July,Los Angeles (MD),MCY,Gas,STREX,CAT,PM2_5,8.953239484944757e-06
2017,July,Los Angeles (MD),MCY,Gas,STREX,NCAT,CO,0.08954068043862379
2017,July,Los Angeles (MD),MCY,Gas,STREX,NCAT,NOx,0.002427983219748351
2017,July,Los Angeles (MD),MCY,Gas,STREX,NCAT,SOx,6.210477852396044e-06
2017,July,Los Angeles (MD),MCY,Gas,STREX,NCAT,PM,4.7540920223249715e-05
2017,July,Los Angeles (MD),MCY,Gas,STREX,NCAT,TOG,0.019525906247059452
2017,July,Los Angeles (MD),MCY,Gas,STREX,NCAT,PM10,4.53465781589735e-05
2017,July,Los Angeles (MD),MCY,Gas,STREX,NCAT,PM2_5,4.311258523756915e-05
2017,July,Los Angeles (MD),MCY,Gas,HOTSOAK,CAT,TOG,0.0033758163051250158
2017,July,Los Angeles (MD),MCY,Gas,HOTSOAK,NCAT,TOG,0.01637536359067462
2017,July,Los Angeles (MD),MCY,Gas,RUNLOSS,CAT,TOG,0.005153663582097972
2017,July,Los Angeles (MD),MCY,Gas,RUNLOSS,NCAT,TOG,0.033910530644953064
2017,July,Los Angeles (MD),MCY,Gas,RESTLOSS,CAT,TOG,0.007278861850902685
2017,July,Los Angeles (MD),MCY,Gas,RESTLOSS,NCAT,TOG,0.024794572987542562
2017,July,Los Angeles (MD),MCY,Gas,DIURN,CAT,TOG,0.010874766891026705
2017,July,Los Angeles (MD),MCY,Gas,DIURN,NCAT,TOG,0.037953374974485754
2017,July,Los Angeles (MD),MCY,Gas,PMTW,CAT,PM,0.00018167653200083596
2017,July,Los Angeles (MD),MCY,Gas,PMTW,CAT,PM10,0.00018167653200083596
2017,July,Los Angeles (MD),MCY,Gas,PMTW,CAT,PM2_5,4.541913300020899e-05
2017,July,Los Angeles (MD),MCY,Gas,PMTW,NCAT,PM,0.00020217828485538243
2017,July,Los Angeles (MD),MCY,Gas,PMTW,NCAT,PM10,0.00020217828485538243
2017,July,Los Angeles (MD),MCY,Gas,PMTW,NCAT,PM2_5,5.054457121384561e-05
2017,July,Los Angeles (MD),MCY,Gas,PMBW,CAT,PM,0.0005450295960025077
2017,July,Los Angeles (MD),MCY,Gas,PMBW,CAT,PM10,0.0005341290040824577
2017,July,Los Angeles (MD),MCY,Gas,PMBW,CAT,PM2_5,0.00022891243032105324
2017,July,Los Angeles (MD),MCY,Gas,PMBW,NCAT,PM,0.0006065348545661474
2017,July,Los Angeles (MD),MCY,Gas,PMBW,NCAT,PM10,0.000594404157474825
2017,July,Los Angeles (MD),MCY,Gas,PMBW,NCAT,PM2_5,0.00025474463891778196
2017,July,Los Angeles (MD),MH,Gas,RUNEX,CAT,CO,0.04570443906029667
2017,July,Los Angeles (MD),MH,Gas,RUNEX,CAT,NOx,0.007871769085630151
2017,July,Los Angeles (MD),MH,Gas,RUNEX,CAT,SOx,0.0002196172168877847
2017,July,Los Angeles (MD),MH,Gas,RUNEX,CAT,PM,2.462740509976569e-05
2017,July,Los Angeles (MD),MH,Gas,RUNEX,CAT,TOG,0.0020312552738594664
2017,July,Los Angeles (MD),MH,Gas,RUNEX,CAT,PM10,2.201690015919053e-05
2017,July,Los Angeles (MD),MH,Gas,RUNEX,CAT,PM2_5,2.024372699200737e-05
2017,July,Los Angeles (MD),MH,Gas,RUNEX,NCAT,CO,0.009180425300320894
2017,July,Los Angeles (MD),MH,Gas,RUNEX,NCAT,NOx,0.00022586280060679038
2017,July,Los Angeles (MD),MH,Gas,RUNEX,NCAT,SOx,1.1349174683457175e-06
2017,July,Los Angeles (MD),MH,Gas,RUNEX,NCAT,PM,2.0960686831835352e-06
2017,July,Los Angeles (MD),MH,Gas,RUNEX,NCAT,TOG,0.00033023715487907483
2017,July,Los Angeles (MD),MH,Gas,RUNEX,NCAT,PM10,2.0143220045393776e-06
2017,July,Los Angeles (MD),MH,Gas,RUNEX,NCAT,PM2_5,1.9220949824793016e-06
2017,July,Los Angeles (MD),MH,Gas,STREX,CAT,CO,0.0004577104955550264
2017,July,Los Angeles (MD),MH,Gas,STREX,CAT,NOx,4.174156657938375e-05
2017,July,Los Angeles (MD),MH,Gas,STREX,CAT,SOx,3.8038600772693245e-08
2017,July,Los Angeles (MD),MH,Gas,STREX,CAT,PM,7.071787518267869e-08
2017,July,Los Angeles (MD),MH,Gas,STREX,CAT,TOG,2.3598280505861994e-05
2017,July,Los Angeles (MD),MH,Gas,STREX,CAT,PM10,6.322178041331492e-08
2017,July,Los Angeles (MD),MH,Gas,STREX,CAT,PM2_5,5.8130093400161835e-08
2017,July,Los Angeles (MD),MH,Gas,STREX,NCAT,CO,1.7585799891544142e-07
2017,July,Los Angeles (MD),MH,Gas,STREX,NCAT,NOx,5.823531325457324e-07
2017,July,Los Angeles (MD),MH,Gas,STREX,NCAT,SOx,1.4564627100932206e-09
2017,July,Los Angeles (MD),MH,Gas,STREX,NCAT,PM,1.7397805343886134e-08
2017,July,Los Angeles (MD),MH,Gas,STREX,NCAT,TOG,3.4521841238791104e-06
2017,July,Los Angeles (MD),MH,Gas,STREX,NCAT,PM10,1.6719290935474588e-08
2017,July,Los Angeles (MD),MH,Gas,STREX,NCAT,PM2_5,1.59537875003436e-08
2017,July,Los Angeles (MD),MH,Gas,HOTSOAK,CAT,TOG,2.03435795323548e-05
2017,July,Los Angeles (MD),MH,Gas,HOTSOAK,NCAT,TOG,7.900522285757267e-07
2017,July,Los Angeles (MD),MH,Gas,RUNLOSS,CAT,TOG,0.000399367430018594
2017,July,Los Angeles (MD),MH,Gas,RUNLOSS,NCAT,TOG,4.054397156755385e-06
2017,July,Los Angeles (MD),MH,Gas,RESTLOSS,CAT,TOG,0.000223164749414052
2017,July,Los Angeles (MD),MH,Gas,RESTLOSS,NCAT,TOG,8.07623057009277e-06
2017,July,Los Angeles (MD),MH,Gas,DIURN,CAT,TOG,0.0005756054852374983
2017,July,Los Angeles (MD),MH,Gas,DIURN,NCAT,TOG,1.8683412956314232e-05
2017,July,Los Angeles (MD),MH,Gas,PMTW,CAT,PM,0.00015113561188356944
2017,July,Los Angeles (MD),MH,Gas,PMTW,CAT,PM10,0.00015113561188356944
2017,July,Los Angeles (MD),MH,Gas,PMTW,CAT,PM2_5,3.778390297089236e-05
2017,July,Los Angeles (MD),MH,Gas,PMTW,NCAT,PM,6.71410665972017e-07
2017,July,Los Angeles (MD),MH,Gas,PMTW,NCAT,PM10,6.71410665972017e-07
2017,July,Los Angeles (MD),MH,Gas,PMTW,NCAT,PM2_5,1.6785266649300424e-07
2017,July,Los Angeles (MD),MH,Gas,PMBW,CAT,PM,0.0016750863650428968
2017,July,Los Angeles (MD),MH,Gas,PMBW,CAT,PM10,0.0016415846377420406
2017,July,Los Angeles (MD),MH,Gas,PMBW,CAT,PM2_5,0.0007035362733180157
2017,July,Los Angeles (MD),MH,Gas,PMBW,NCAT,PM,7.441468214523182e-06
2017,July,Los Angeles (MD),MH,Gas,PMBW,NCAT,PM10,7.292638850232723e-06
2017,July,Los Angeles (MD),MH,Gas,PMBW,NCAT,PM2_5,3.1254166500997388e-06
2017,July,Los Angeles (MD),MH,Dsl,RUNEX,DSL,CO,0.0014639939313040482
2017,July,Los Angeles (MD),MH,Dsl,RUNEX,DSL,NOx,0.017553685991219956
2017,July,Los Angeles (MD),MH,Dsl,RUNEX,DSL,SOx,3.1235440884842355e-05
2017,July,Los Angeles (MD),MH,Dsl,RUNEX,DSL,PM,0.0006007133488735806
2017,July,Los Angeles (MD),MH,Dsl,RUNEX,DSL,TOG,0.00037128616696504473
2017,July,Los Angeles (MD),MH,Dsl,RUNEX,DSL,PM10,0.0005971090687803388
2017,July,Los Angeles (MD),MH,Dsl,RUNEX,DSL,PM2_5,0.0005712783947787745
2017,July,Los Angeles (MD),MH,Dsl,PMTW,DSL,PM,5.368236676043039e-05
2017,July,Los Angeles (MD),MH,Dsl,PMTW,DSL,PM10,5.368236676043039e-05
2017,July,Los Angeles (MD),MH,Dsl,PMTW,DSL,PM2_5,1.3420591690107597e-05
2017,July,Los Angeles (MD),MH,Dsl,PMBW,DSL,PM,0.000446234673696078
2017,July,Los Angeles (MD),MH,Dsl,PMBW,DSL,PM10,0.00043730998022215625
2017,July,Los Angeles (MD),MH,Dsl,PMBW,DSL,PM2_5,0.00018741856295235282
2017,July,Los Angeles (MD),UBUS,Gas,RUNEX,CAT,CO,0.00028225524018810717
2017,July,Los Angeles (MD),UBUS,Gas,RUNEX,CAT,NOx,0.00019970302971385838
2017,July,Los Angeles (MD),UBUS,Gas,RUNEX,CAT,SOx,1.4691984850263455e-05
2017,July,Los Angeles (MD),UBUS,Gas,RUNEX,CAT,PM,1.9332528581742295e-07
2017,July,Los Angeles (MD),UBUS,Gas,RUNEX,CAT,TOG,2.1514245014114165e-05
2017,July,Los Angeles (MD),UBUS,Gas,RUNEX,CAT,PM10,1.7283280552077608e-07
2017,July,Los Angeles (MD),UBUS,Gas,RUNEX,CAT,PM2_5,1.589133849419216e-07
2017,July,Los Angeles (MD),UBUS,Gas,STREX,CAT,CO,9.36819139853283e-05
2017,July,Los Angeles (MD),UBUS,Gas,STREX,CAT,NOx,1.2662377859322343e-05
2017,July,Los Angeles (MD),UBUS,Gas,STREX,CAT,SOx,1.3402966308822315e-08
2017,July,Los Angeles (MD),UBUS,Gas,STREX,CAT,PM,1.076106526813409e-09
2017,July,Los Angeles (MD),UBUS,Gas,STREX,CAT,TOG,7.988534427366053e-06
2017,July,Los Angeles (MD),UBUS,Gas,STREX,CAT,PM10,9.620392349711867e-10
2017,July,Los Angeles (MD),UBUS,Gas,STREX,CAT,PM2_5,8.84559565040622e-10
2017,July,Los Angeles (MD),UBUS,Gas,HOTSOAK,CAT,TOG,1.3387061216788347e-06
2017,July,Los Angeles (MD),UBUS,Gas,RUNLOSS,CAT,TOG,7.080208317012285e-06
2017,July,Los Angeles (MD),UBUS,Gas,RESTLOSS,CAT,TOG,1.415530397947106e-07
2017,July,Los Angeles (MD),UBUS,Gas,DIURN,CAT,TOG,1.949110250374076e-07
2017,July,Los Angeles (MD),UBUS,Gas,PMTW,CAT,PM,7.60709776784527e-06
2017,July,Los Angeles (MD),UBUS,Gas,PMTW,CAT,PM10,7.60709776784527e-06
2017,July,Los Angeles (MD),UBUS,Gas,PMTW,CAT,PM2_5,1.9017744419613175e-06
2017,July,Los Angeles (MD),UBUS,Gas,PMBW,CAT,PM,8.431200026028501e-05
2017,July,Los Angeles (MD),UBUS,Gas,PMBW,CAT,PM10,8.262576025507938e-05
2017,July,Los Angeles (MD),UBUS,Gas,PMBW,CAT,PM2_5,3.541104010931973e-05
2017,July,Los Angeles (MD),UBUS,Dsl,RUNEX,DSL,CO,0.006087049762152714
2017,July,Los Angeles (MD),UBUS,Dsl,RUNEX,DSL,NOx,0.05268334749764367
2017,July,Los Angeles (MD),UBUS,Dsl,RUNEX,DSL,SOx,0.00014720749923113956
2017,July,Los Angeles (MD),UBUS,Dsl,RUNEX,DSL,PM,8.403764983370969e-05
2017,July,Los Angeles (MD),UBUS,Dsl,RUNEX,DSL,TOG,0.0010151374910935534
2017,July,Los Angeles (MD),UBUS,Dsl,RUNEX,DSL,PM10,8.353342393470744e-05
2017,July,Los Angeles (MD),UBUS,Dsl,RUNEX,DSL,PM2_5,7.991980499185791e-05
2017,July,Los Angeles (MD),UBUS,Dsl,PMTW,DSL,PM,0.0003178203891939526
2017,July,Los Angeles (MD),UBUS,Dsl,PMTW,DSL,PM10,0.0003178203891939526
2017,July,Los Angeles (MD),UBUS,Dsl,PMTW,DSL,PM2_5,7.945509729848815e-05
2017,July,Los Angeles (MD),UBUS,Dsl,PMBW,DSL,PM,0.0005561856810894171
2017,July,Los Angeles (MD),UBUS,Dsl,PMBW,DSL,PM10,0.0005450619674676285
2017,July,Los Angeles (MD),UBUS,Dsl,PMBW,DSL,PM2_5,0.0002335979860575552
2017,July,Los Angeles (MD),UBUS,Elec,PMTW,CAT,PM,5.839400649125808e-06
2017,July,Los Angeles (MD),UBUS,Elec,PMTW,CAT,PM10,5.839400649125808e-06
2017,July,Los Angeles (MD),UBUS,Elec,PMTW,CAT,PM2_5,1.459850162281452e-06
2017,July,Los Angeles (MD),UBUS,Elec,PMBW,CAT,PM,1.0218951135970165e-05
2017,July,Los Angeles (MD),UBUS,Elec,PMBW,CAT,PM10,1.0014572113250762e-05
2017,July,Los Angeles (MD),UBUS,Elec,PMBW,CAT,PM2_5,4.291959477107471e-06
2017,July,Los Angeles (MD),UBUS,NG,RUNEX,DSL,CO,0.0666851208590995
2017,July,Los Angeles (MD),UBUS,NG,RUNEX,DSL,NOx,0.0006443543839344541
2017,July,Los Angeles (MD),UBUS,NG,RUNEX,DSL,PM,4.371260733712298e-06
2017,July,Los Angeles (MD),UBUS,NG,RUNEX,DSL,TOG,0.008709467144294797
2017,July,Los Angeles (MD),UBUS,NG,RUNEX,DSL,PM10,4.345033169310022e-06
2017,July,Los Angeles (MD),UBUS,NG,RUNEX,DSL,PM2_5,4.157068957760394e-06
2017,July,Los Angeles (MD),UBUS,NG,PMTW,DSL,PM,4.5856010313935743e-05
2017,July,Los Angeles (MD),UBUS,NG,PMTW,DSL,PM10,4.5856010313935743e-05
2017,July,Los Angeles (MD),UBUS,NG,PMTW,DSL,PM2_5,1.1464002578483936e-05
2017,July,Los Angeles (MD),UBUS,NG,PMBW,DSL,PM,8.02480180493876e-05
2017,July,Los Angeles (MD),UBUS,NG,PMBW,DSL,PM10,7.864305768839982e-05
2017,July,Los Angeles (MD),UBUS,NG,PMBW,DSL,PM2_5,3.370416758074278e-05
2017,July,Los Angeles (MD),SBUS,Dsl,RUNEX,DSL,CO,0.007011483002313043
2017,July,Los Angeles (MD),SBUS,Dsl,RUNEX,DSL,NOx,0.13950823952880334
2017,July,Los Angeles (MD),SBUS,Dsl,RUNEX,DSL,PM,0.0011499828287078178
2017,July,Los Angeles (MD),SBUS,Dsl,RUNEX,DSL,PM10,0.0011430829317355695
2017,July,Los Angeles (MD),SBUS,Dsl,RUNEX,DSL,PM2_5,0.0010936336701011353
2017,July,Los Angeles (MD),SBUS,Dsl,IDLEX,DSL,CO,0.002016888288516025
2017,July,Los Angeles (MD),SBUS,Dsl,IDLEX,DSL,NOx,0.02503027473462427
2017,July,Los Angeles (MD),SBUS,Dsl,IDLEX,DSL,PM,4.147126621541458e-05
2017,July,Los Angeles (MD),SBUS,Dsl,IDLEX,DSL,PM10,4.122243861812208e-05
2017,July,Los Angeles (MD),SBUS,Dsl,IDLEX,DSL,PM2_5,3.943917417085925e-05
2017,July,Los Angeles (MD),SBUS,Dsl,STREX,DSL,NOx,0.0024627154313498745
2017,July,Los Angeles (MD),SBUS,Dsl,PMTW,DSL,PM,0.00018694442452190068
2017,July,Los Angeles (MD),SBUS,Dsl,PMTW,DSL,PM10,0.00018694442452190068
2017,July,Los Angeles (MD),SBUS,Dsl,PMTW,DSL,PM2_5,4.673610613047517e-05
2017,July,Los Angeles (MD),SBUS,Dsl,PMBW,DSL,PM,0.01183981355305371
2017,July,Los Angeles (MD),SBUS,Dsl,PMBW,DSL,PM10,0.011603017281992627
2017,July,Los Angeles (MD),SBUS,Dsl,PMBW,DSL,PM2_5,0.004972721692282559
2017,July,Los Angeles (MD),SBUS,Dsl,RUNEX,DSL,SOx,0.00019003337971619706
2017,July,Los Angeles (MD),SBUS,Dsl,IDLEX,DSL,SOx,1.7938187865057546e-05
2017,July,Los Angeles (MD),SBUS,Dsl,RUNEX,DSL,TOG,0.003067165100139167
2017,July,Los Angeles (MD),SBUS,Dsl,IDLEX,DSL,TOG,0.00020041321964790672
2017,     ,Los Angeles (MD),LDA,Dsl,RUNEX,DSL,NH3,0.000136162
2017,     ,Los Angeles (MD),LDA,Gas,RUNEX,CAT,NH3,0.191789358
2017,     ,Los Angeles (MD),LDT1,Dsl,RUNEX,DSL,NH3,1.0431e-06
2017,     ,Los Angeles (MD),LDT1,Gas,RUNEX,CAT,NH3,0.022758167
2017,     ,Los Angeles (MD),LDT2,Dsl,RUNEX,DSL,NH3,1.10475e-05
2017,     ,Los Angeles (MD),LDT2,Gas,RUNEX,CAT,NH3,0.05621842
2017,     ,Los Angeles (MD),LHD1,Dsl,RUNEX,DSL,NH3,0.01280091
2017,     ,Los Angeles (MD),LHD1,Gas,RUNEX,CAT,NH3,0.006236924
2017,     ,Los Angeles (MD),LHD2,Dsl,RUNEX,DSL,NH3,0.005964764
2017,     ,Los Angeles (MD),LHD2,Gas,RUNEX,CAT,NH3,0.000763625
2017,     ,Los Angeles (MD),MCY,Gas,RUNEX,CAT,NH3,0.00151849
2017,     ,Los Angeles (MD),MDV,Dsl,RUNEX,DSL,NH3,7.67244e-05
2017,     ,Los Angeles (MD),MDV,Gas,RUNEX,CAT,NH3,0.051124463
2017,     ,Los Angeles (MD),MH,Dsl,RUNEX,DSL,NH3,9.06317e-05
2017,     ,Los Angeles (MD),MH,Gas,RUNEX,CAT,NH3,0.00055915
2017,     ,Los Angeles (MD),OBUS,Gas,RUNEX,CAT,NH3,0.00025639
2017,     ,Los Angeles (MD),SBUS,Gas,RUNEX,CAT,NH3,3.65107e-05
2017,     ,Los Angeles (MD),T6TS,Gas,RUNEX,CAT,NH3,0.000934186
2017,     ,Los Angeles (MD),T7IS,Gas,RUNEX,CAT,NH3,1.17397e-06
2017,     ,Los Angeles (MD),UBUS,Dsl,RUNEX,DSL,NH3,0.000938468
2017,     ,Los Angeles (MD),UBUS,Gas,RUNEX,CAT,NH3,2.85398e-05
2017,     ,Los Angeles (MD),UBUS,NG,RUNEX,DSL,NH3,3.43611e-05
