calendar_year,season_month,sub_area,vehicle_class,fuel,process,cat_ncat,pollutant,emission
2017,July,Los Angeles (SC),LDA,Gas,RUNEX,CAT,CO,179.1959045141709
2017,July,Los Angeles (SC),LDA,Gas,RUNEX,CAT,NOx,9.796894250822358
2017,July,Los Angeles (SC),LDA,Gas,RUNEX,CAT,SOx,0.4409173493222329
2017,July,Los Angeles (SC),LDA,Gas,RUNEX,CAT,PM,0.27687741525834975
2017,July,Los Angeles (SC),LDA,Gas,RUNEX,CAT,TOG,5.390491384180968
2017,July,Los Angeles (SC),LDA,Gas,RUNEX,CAT,PM10,0.24755495205198247
2017,July,Los Angeles (SC),LDA,Gas,RUNEX,CAT,PM2_5,0.2276308706714185
2017,July,Los Angeles (SC),LDA,Gas,RUNEX,NCAT,CO,3.68874313814979
2017,July,Los Angeles (SC),LDA,Gas,RUNEX,NCAT,NOx,0.2783313531350266
2017,July,Los Angeles (SC),LDA,Gas,RUNEX,NCAT,SOx,0.00036229957656191795
2017,July,Los Angeles (SC),LDA,Gas,RUNEX,NCAT,PM,0.0036939799245437515
2017,July,Los Angeles (SC),LDA,Gas,RUNEX,NCAT,TOG,0.3635021515886705
2017,July,Los Angeles (SC),LDA,Gas,RUNEX,NCAT,PM10,0.003523371896468713
2017,July,Los Angeles (SC),LDA,Gas,RUNEX,NCAT,PM2_5,0.003349744261751485
2017,July,Los Angeles (SC),LDA,Gas,STREX,CAT,CO,32.83512803811609
2017,July,Los Angeles (SC),LDA,Gas,STREX,CAT,NOx,3.9137821940231365
2017,July,Los Angeles (SC),LDA,Gas,STREX,CAT,SOx,0.00967729962620463
2017,July,Los Angeles (SC),LDA,Gas,STREX,CAT,PM,0.03880386728006193
2017,July,Los Angeles (SC),LDA,Gas,STREX,CAT,TOG,5.771172058748044
2017,July,Los Angeles (SC),LDA,Gas,STREX,CAT,PM10,0.034699520607932494
2017,July,Los Angeles (SC),LDA,Gas,STREX,CAT,PM2_5,0.03190934621253815
2017,July,Los Angeles (SC),LDA,Gas,STREX,NCAT,CO,0.5094560767409105
2017,July,Los Angeles (SC),LDA,Gas,STREX,NCAT,NOx,0.029170291964366258
2017,July,Los Angeles (SC),LDA,Gas,STREX,NCAT,SOx,4.600419538195481e-05
2017,July,Los Angeles (SC),LDA,Gas,STREX,NCAT,PM,0.0012447794972979336
2017,July,Los Angeles (SC),LDA,Gas,STREX,NCAT,TOG,0.07872328422587485
2017,July,Los Angeles (SC),LDA,Gas,STREX,NCAT,PM10,0.0011873698373462034
2017,July,Los Angeles (SC),LDA,Gas,STREX,NCAT,PM2_5,0.001128895490694959
2017,July,Los Angeles (SC),LDA,Gas,HOTSOAK,CAT,TOG,2.4804250211472567
2017,July,Los Angeles (SC),LDA,Gas,HOTSOAK,NCAT,TOG,0.0779312398399833
2017,July,Los Angeles (SC),LDA,Gas,RUNLOSS,CAT,TOG,4.141620157439336
2017,July,Los Angeles (SC),LDA,Gas,RUNLOSS,NCAT,TOG,0.29700689264922703
2017,July,Los Angeles (SC),LDA,Gas,RESTLOSS,CAT,TOG,1.9021301966694175
2017,July,Los Angeles (SC),LDA,Gas,RESTLOSS,NCAT,TOG,0.0774656875786629
2017,July,Los Angeles (SC),LDA,Gas,DIURN,CAT,TOG,1.9982326945870406
2017,July,Los Angeles (SC),LDA,Gas,DIURN,NCAT,TOG,0.08170187112961426
2017,July,Los Angeles (SC),LDA,Gas,PMTW,CAT,PM,1.1117388589396662
2017,July,Los Angeles (SC),LDA,Gas,PMTW,CAT,PM10,1.1117388589396662
2017,July,Los Angeles (SC),LDA,Gas,PMTW,CAT,PM2_5,0.27793471473491654
2017,July,Los Angeles (SC),LDA,Gas,PMTW,NCAT,PM,0.0004659117705202034
2017,July,Los Angeles (SC),LDA,Gas,PMTW,NCAT,PM10,0.0004659117705202034
2017,July,Los Angeles (SC),LDA,Gas,PMTW,NCAT,PM2_5,0.00011647794263005085
2017,July,Los Angeles (SC),LDA,Gas,PMBW,CAT,PM,5.2112759012796825
2017,July,Los Angeles (SC),LDA,Gas,PMBW,CAT,PM10,5.107050383254096
2017,July,Los Angeles (SC),LDA,Gas,PMBW,CAT,PM2_5,2.1887358785374693
2017,July,Los Angeles (SC),LDA,Gas,PMBW,NCAT,PM,0.002183961424313453
2017,July,Los Angeles (SC),LDA,Gas,PMBW,NCAT,PM10,0.0021402821958271846
2017,July,Los Angeles (SC),LDA,Gas,PMBW,NCAT,PM2_5,0.0009172637982116502
2017,July,Los Angeles (SC),LDA,Dsl,RUNEX,DSL,CO,0.2939546542834311
2017,July,Los Angeles (SC),LDA,Dsl,RUNEX,DSL,NOx,0.1663305326126043
2017,July,Los Angeles (SC),LDA,Dsl,RUNEX,DSL,SOx,0.001874733229081348
2017,July,Los Angeles (SC),LDA,Dsl,RUNEX,DSL,PM,0.01971724214342597
2017,July,Los Angeles (SC),LDA,Dsl,RUNEX,DSL,TOG,0.035596345763272946
2017,July,Los Angeles (SC),LDA,Dsl,RUNEX,DSL,PM10,0.019598938690565434
2017,July,Los Angeles (SC),LDA,Dsl,RUNEX,DSL,PM2_5,0.01875109727839809
2017,July,Los Angeles (SC),LDA,Dsl,PMTW,DSL,PM,0.006611410632657858
2017,July,Los Angeles (SC),LDA,Dsl,PMTW,DSL,PM10,0.006611410632657858
2017,July,Los Angeles (SC),LDA,Dsl,PMTW,DSL,PM2_5,0.0016528526581644646
2017,July,Los Angeles (SC),LDA,Dsl,PMBW,DSL,PM,0.0309909873405837
2017,July,Los Angeles (SC),LDA,Dsl,PMBW,DSL,PM10,0.030371167593772036
2017,July,Los Angeles (SC),LDA,Dsl,PMBW,DSL,PM2_5,0.013016214683045162
2017,July,Los Angeles (SC),LDA,Elec,HOTSOAK,CAT,TOG,0.0007988519773338727
2017,July,Los Angeles (SC),LDA,Elec,RESTLOSS,CAT,TOG,0.0006183645410367776
2017,July,Los Angeles (SC),LDA,Elec,DIURN,CAT,TOG,0.0013631054800766138
2017,July,Los Angeles (SC),LDA,Elec,PMTW,CAT,PM,0.009732855528961958
2017,July,Los Angeles (SC),LDA,Elec,PMTW,CAT,PM10,0.009732855528961958
2017,July,Los Angeles (SC),LDA,Elec,PMTW,CAT,PM2_5,0.0024332138822404895
2017,July,Los Angeles (SC),LDA,Elec,PMBW,CAT,PM,0.04562276029200918
2017,July,Los Angeles (SC),LDA,Elec,PMBW,CAT,PM10,0.044710305086169015
2017,July,Los Angeles (SC),LDA,Elec,PMBW,CAT,PM2_5,0.019161559322643858
2017,July,Los Angeles (SC),LDT1,Gas,RUNEX,CAT,CO,38.11050479392219
2017,July,Los Angeles (SC),LDT1,Gas,RUNEX,CAT,NOx,2.7737378395301513
2017,July,Los Angeles (SC),LDT1,Gas,RUNEX,CAT,SOx,0.04954077703354931
2017,July,Los Angeles (SC),LDT1,Gas,RUNEX,CAT,PM,0.05169675096376355
2017,July,Los Angeles (SC),LDT1,Gas,RUNEX,CAT,TOG,1.3701174223666361
2017,July,Los Angeles (SC),LDT1,Gas,RUNEX,CAT,PM10,0.04623143704759113
2017,July,Los Angeles (SC),LDT1,Gas,RUNEX,CAT,PM2_5,0.04251534810070204
2017,July,Los Angeles (SC),LDT1,Gas,RUNEX,NCAT,CO,1.4924221129655983
2017,July,Los Angeles (SC),LDT1,Gas,RUNEX,NCAT,NOx,0.11040501973466452
2017,July,Los Angeles (SC),LDT1,Gas,RUNEX,NCAT,SOx,0.00014625242349346836
2017,July,Los Angeles (SC),LDT1,Gas,RUNEX,NCAT,PM,0.0015239379410439638
2017,July,Los Angeles (SC),LDT1,Gas,RUNEX,NCAT,TOG,0.14380026608353494
2017,July,Los Angeles (SC),LDT1,Gas,RUNEX,NCAT,PM10,0.001449962675356689
2017,July,Los Angeles (SC),LDT1,Gas,RUNEX,NCAT,PM2_5,0.0013768322834489103
2017,July,Los Angeles (SC),LDT1,Gas,STREX,CAT,CO,3.5953818715121373
2017,July,Los Angeles (SC),LDT1,Gas,STREX,CAT,NOx,0.5869413756119107
2017,July,Los Angeles (SC),LDT1,Gas,STREX,CAT,SOx,0.0011258915087220675
2017,July,Los Angeles (SC),LDT1,Gas,STREX,CAT,PM,0.006376126149356393
2017,July,Los Angeles (SC),LDT1,Gas,STREX,CAT,TOG,0.9368262825061752
2017,July,Los Angeles (SC),LDT1,Gas,STREX,CAT,PM10,0.0057023281914106464
2017,July,Los Angeles (SC),LDT1,Gas,STREX,CAT,PM2_5,0.005244112774161586
2017,July,Los Angeles (SC),LDT1,Gas,STREX,NCAT,CO,0.08732980807613393
2017,July,Los Angeles (SC),LDT1,Gas,STREX,NCAT,NOx,0.004438493034744017
2017,July,Los Angeles (SC),LDT1,Gas,STREX,NCAT,SOx,7.254555875248962e-06
2017,July,Los Angeles (SC),LDT1,Gas,STREX,NCAT,PM,0.0001982518602325508
2017,July,Los Angeles (SC),LDT1,Gas,STREX,NCAT,TOG,0.012268250886756907
2017,July,Los Angeles (SC),LDT1,Gas,STREX,NCAT,PM10,0.00018844862379745756
2017,July,Los Angeles (SC),LDT1,Gas,STREX,NCAT,PM2_5,0.0001788598764426187
2017,July,Los Angeles (SC),LDT1,Gas,HOTSOAK,CAT,TOG,0.5331004998493611
2017,July,Los Angeles (SC),LDT1,Gas,HOTSOAK,NCAT,TOG,0.011564440430285209
2017,July,Los Angeles (SC),LDT1,Gas,RUNLOSS,CAT,TOG,1.6306963713125386
2017,July,Los Angeles (SC),LDT1,Gas,RUNLOSS,NCAT,TOG,0.020050487364364395
2017,July,Los Angeles (SC),LDT1,Gas,RESTLOSS,CAT,TOG,0.4272000270299697
2017,July,Los Angeles (SC),LDT1,Gas,RESTLOSS,NCAT,TOG,0.011842682077602655
2017,July,Los Angeles (SC),LDT1,Gas,DIURN,CAT,TOG,0.4961904575450636
2017,July,Los Angeles (SC),LDT1,Gas,DIURN,NCAT,TOG,0.012398977317151198
2017,July,Los Angeles (SC),LDT1,Gas,PMTW,CAT,PM,0.10817545044147038
2017,July,Los Angeles (SC),LDT1,Gas,PMTW,CAT,PM10,0.10817545044147038
2017,July,Los Angeles (SC),LDT1,Gas,PMTW,CAT,PM2_5,0.027043862610367595
2017,July,Los Angeles (SC),LDT1,Gas,PMTW,NCAT,PM,0.0001922150313358781
2017,July,Los Angeles (SC),LDT1,Gas,PMTW,NCAT,PM10,0.0001922150313358781
2017,July,Los Angeles (SC),LDT1,Gas,PMTW,NCAT,PM2_5,4.8053757833969524e-05
2017,July,Los Angeles (SC),LDT1,Gas,PMBW,CAT,PM,0.5070724239443921
2017,July,Los Angeles (SC),LDT1,Gas,PMBW,CAT,PM10,0.4969309754655044
2017,July,Los Angeles (SC),LDT1,Gas,PMBW,CAT,PM2_5,0.2129704180566447
2017,July,Los Angeles (SC),LDT1,Gas,PMBW,NCAT,PM,0.000901007959386929
2017,July,Los Angeles (SC),LDT1,Gas,PMBW,NCAT,PM10,0.0008829878001991911
2017,July,Los Angeles (SC),LDT1,Gas,PMBW,NCAT,PM2_5,0.00037842334294251035
2017,July,Los Angeles (SC),LDT2,Gas,RUNEX,CAT,CO,82.94565001271256
2017,July,Los Angeles (SC),LDT2,Gas,RUNEX,CAT,NOx,6.819763002968273
2017,July,Los Angeles (SC),LDT2,Gas,RUNEX,CAT,SOx,0.18579400339185365
2017,July,Los Angeles (SC),LDT2,Gas,RUNEX,CAT,PM,0.0968527580994592
2017,July,Los Angeles (SC),LDT2,Gas,RUNEX,CAT,TOG,2.6233536693050166
2017,July,Los Angeles (SC),LDT2,Gas,RUNEX,CAT,PM10,0.08660834204024352
2017,July,Los Angeles (SC),LDT2,Gas,RUNEX,CAT,PM2_5,0.07964412758217433
2017,July,Los Angeles (SC),LDT2,Gas,RUNEX,NCAT,CO,2.5764226204094283
2017,July,Los Angeles (SC),LDT2,Gas,RUNEX,NCAT,NOx,0.19668038941183644
2017,July,Los Angeles (SC),LDT2,Gas,RUNEX,NCAT,SOx,0.0002535895286712919
2017,July,Los Angeles (SC),LDT2,Gas,RUNEX,NCAT,PM,0.0026421618425803532
2017,July,Los Angeles (SC),LDT2,Gas,RUNEX,NCAT,TOG,0.2611935818667206
2017,July,Los Angeles (SC),LDT2,Gas,RUNEX,NCAT,PM10,0.002517141231392713
2017,July,Los Angeles (SC),LDT2,Gas,RUNEX,NCAT,PM2_5,0.0023917019852272956
2017,July,Los Angeles (SC),LDT2,Gas,STREX,CAT,CO,14.347855848267194
2017,July,Los Angeles (SC),LDT2,Gas,STREX,CAT,NOx,2.317585911019104
2017,July,Los Angeles (SC),LDT2,Gas,STREX,CAT,SOx,0.004252462215141529
2017,July,Los Angeles (SC),LDT2,Gas,STREX,CAT,PM,0.012774586988105414
2017,July,Los Angeles (SC),LDT2,Gas,STREX,CAT,TOG,2.5695729560523164
2017,July,Los Angeles (SC),LDT2,Gas,STREX,CAT,PM10,0.011423549730410577
2017,July,Los Angeles (SC),LDT2,Gas,STREX,CAT,PM2_5,0.010505062018987026
2017,July,Los Angeles (SC),LDT2,Gas,STREX,NCAT,CO,0.14939157148705112
2017,July,Los Angeles (SC),LDT2,Gas,STREX,NCAT,NOx,0.00784785358481137
2017,July,Los Angeles (SC),LDT2,Gas,STREX,NCAT,SOx,1.259710545558645e-05
2017,July,Los Angeles (SC),LDT2,Gas,STREX,NCAT,PM,0.00034115192542511126
2017,July,Los Angeles (SC),LDT2,Gas,STREX,NCAT,TOG,0.021942586849626546
2017,July,Los Angeles (SC),LDT2,Gas,STREX,NCAT,PM10,0.0003247780372891996
2017,July,Los Angeles (SC),LDT2,Gas,STREX,NCAT,PM2_5,0.0003084848008504749
2017,July,Los Angeles (SC),LDT2,Gas,HOTSOAK,CAT,TOG,0.9532791700162274
2017,July,Los Angeles (SC),LDT2,Gas,HOTSOAK,NCAT,TOG,0.020327039944067735
2017,July,Los Angeles (SC),LDT2,Gas,RUNLOSS,CAT,TOG,2.6322841936459054
2017,July,Los Angeles (SC),LDT2,Gas,RUNLOSS,NCAT,TOG,0.03205448013777306
2017,July,Los Angeles (SC),LDT2,Gas,RESTLOSS,CAT,TOG,0.7950524507415098
2017,July,Los Angeles (SC),LDT2,Gas,RESTLOSS,NCAT,TOG,0.021294531347057135
2017,July,Los Angeles (SC),LDT2,Gas,DIURN,CAT,TOG,0.7761680742556357
2017,July,Los Angeles (SC),LDT2,Gas,DIURN,NCAT,TOG,0.02192961399624281
2017,July,Los Angeles (SC),LDT2,Gas,PMTW,CAT,PM,0.36200500310356454
2017,July,Los Angeles (SC),LDT2,Gas,PMTW,CAT,PM10,0.36200500310356454
2017,July,Los Angeles (SC),LDT2,Gas,PMTW,CAT,PM2_5,0.09050125077589113
2017,July,Los Angeles (SC),LDT2,Gas,PMTW,NCAT,PM,0.0003331753340842695
2017,July,Los Angeles (SC),LDT2,Gas,PMTW,NCAT,PM10,0.0003331753340842695
2017,July,Los Angeles (SC),LDT2,Gas,PMTW,NCAT,PM2_5,8.329383352106737e-05
2017,July,Los Angeles (SC),LDT2,Gas,PMBW,CAT,PM,1.6968984520479589
2017,July,Los Angeles (SC),LDT2,Gas,PMBW,CAT,PM10,1.6629604830069993
2017,July,Los Angeles (SC),LDT2,Gas,PMBW,CAT,PM2_5,0.7126973498601427
2017,July,Los Angeles (SC),LDT2,Gas,PMBW,NCAT,PM,0.0015617593785200142
2017,July,Los Angeles (SC),LDT2,Gas,PMBW,NCAT,PM10,0.0015305241909496134
2017,July,Los Angeles (SC),LDT2,Gas,PMBW,NCAT,PM2_5,0.0006559389389784061
2017,July,Los Angeles (SC),MDV,Gas,RUNEX,CAT,CO,58.91318962842644
2017,July,Los Angeles (SC),MDV,Gas,RUNEX,CAT,NOx,5.263298971554834
2017,July,Los Angeles (SC),MDV,Gas,RUNEX,CAT,SOx,0.14151404592582875
2017,July,Los Angeles (SC),MDV,Gas,RUNEX,CAT,PM,0.06557206761332474
2017,July,Los Angeles (SC),MDV,Gas,RUNEX,CAT,TOG,2.1139582342051817
2017,July,Los Angeles (SC),MDV,Gas,RUNEX,CAT,PM10,0.058644830505089875
2017,July,Los Angeles (SC),MDV,Gas,RUNEX,CAT,PM2_5,0.053933421601792736
2017,July,Los Angeles (SC),MDV,Gas,RUNEX,NCAT,CO,9.508638482086592
2017,July,Los Angeles (SC),MDV,Gas,RUNEX,NCAT,NOx,0.5510299197359287
2017,July,Los Angeles (SC),MDV,Gas,RUNEX,NCAT,SOx,0.0006267761938820204
2017,July,Los Angeles (SC),MDV,Gas,RUNEX,NCAT,PM,0.005091528687367317
2017,July,Los Angeles (SC),MDV,Gas,RUNEX,NCAT,TOG,0.5790063718672888
2017,July,Los Angeles (SC),MDV,Gas,RUNEX,NCAT,PM10,0.00486955700978246
2017,July,Los Angeles (SC),MDV,Gas,RUNEX,NCAT,PM2_5,0.0046357497826760435
2017,July,Los Angeles (SC),MDV,Gas,STREX,CAT,CO,11.819667726815169
2017,July,Los Angeles (SC),MDV,Gas,STREX,CAT,NOx,1.8621797517807959
2017,July,Los Angeles (SC),MDV,Gas,STREX,CAT,SOx,0.0034807402251563206
2017,July,Los Angeles (SC),MDV,Gas,STREX,CAT,PM,0.00966037546367807
2017,July,Los Angeles (SC),MDV,Gas,STREX,CAT,TOG,2.233153175742874
2017,July,Los Angeles (SC),MDV,Gas,STREX,CAT,PM10,0.008639625860898432
2017,July,Los Angeles (SC),MDV,Gas,STREX,CAT,PM2_5,0.007945437118534
2017,July,Los Angeles (SC),MDV,Gas,STREX,NCAT,CO,0.5006081728222995
2017,July,Los Angeles (SC),MDV,Gas,STREX,NCAT,NOx,0.021502627543546548
2017,July,Los Angeles (SC),MDV,Gas,STREX,NCAT,SOx,3.061423657296566e-05
2017,July,Los Angeles (SC),MDV,Gas,STREX,NCAT,PM,0.0006307062470486887
2017,July,Los Angeles (SC),MDV,Gas,STREX,NCAT,TOG,0.05180069732025612
2017,July,Los Angeles (SC),MDV,Gas,STREX,NCAT,PM10,0.0006028585070435578
2017,July,Los Angeles (SC),MDV,Gas,STREX,NCAT,PM2_5,0.0005737491411530206
2017,July,Los Angeles (SC),MDV,Gas,HOTSOAK,CAT,TOG,0.6856486072009509
2017,July,Los Angeles (SC),MDV,Gas,HOTSOAK,NCAT,TOG,0.02522766250547931
2017,July,Los Angeles (SC),MDV,Gas,RUNLOSS,CAT,TOG,1.8483470374086126
2017,July,Los Angeles (SC),MDV,Gas,RUNLOSS,NCAT,TOG,0.04738311485854409
2017,July,Los Angeles (SC),MDV,Gas,RESTLOSS,CAT,TOG,0.5964912612519164
2017,July,Los Angeles (SC),MDV,Gas,RESTLOSS,NCAT,TOG,0.040697873018707455
2017,July,Los Angeles (SC),MDV,Gas,DIURN,CAT,TOG,0.5573957067307735
2017,July,Los Angeles (SC),MDV,Gas,DIURN,NCAT,TOG,0.04096986120703529
2017,July,Los Angeles (SC),MDV,Gas,PMTW,CAT,PM,0.23083478346653213
2017,July,Los Angeles (SC),MDV,Gas,PMTW,CAT,PM10,0.23083478346653213
2017,July,Los Angeles (SC),MDV,Gas,PMTW,CAT,PM2_5,0.057708695866633034
2017,July,Los Angeles (SC),MDV,Gas,PMTW,NCAT,PM,0.0006461575598663818
2017,July,Los Angeles (SC),MDV,Gas,PMTW,NCAT,PM10,0.0006461575598663818
2017,July,Los Angeles (SC),MDV,Gas,PMTW,NCAT,PM2_5,0.00016153938996659546
2017,July,Los Angeles (SC),MDV,Gas,PMBW,CAT,PM,1.0820380474993692
2017,July,Los Angeles (SC),MDV,Gas,PMBW,CAT,PM10,1.060397286549382
2017,July,Los Angeles (SC),MDV,Gas,PMBW,CAT,PM2_5,0.45445597994973536
2017,July,Los Angeles (SC),MDV,Gas,PMBW,NCAT,PM,0.0030288635618736636
2017,July,Los Angeles (SC),MDV,Gas,PMBW,NCAT,PM10,0.0029682862906361923
2017,July,Los Angeles (SC),MDV,Gas,PMBW,NCAT,PM2_5,0.001272122695986941
2017,July,Los Angeles (SC),LHD1,Gas,RUNEX,CAT,CO,4.11442348933299
2017,July,Los Angeles (SC),LHD1,Gas,RUNEX,CAT,NOx,0.7697286698444518
2017,July,Los Angeles (SC),LHD1,Gas,RUNEX,CAT,SOx,0.02190953525517029
2017,July,Los Angeles (SC),LHD1,Gas,RUNEX,CAT,PM,0.0043371844259528875
2017,July,Los Angeles (SC),LHD1,Gas,RUNEX,CAT,TOG,0.23921919535252467
2017,July,Los Angeles (SC),LHD1,Gas,RUNEX,CAT,PM10,0.0038774428768018772
2017,July,Los Angeles (SC),LHD1,Gas,RUNEX,CAT,PM2_5,0.003565165598133274
2017,July,Los Angeles (SC),LHD1,Gas,RUNEX,NCAT,CO,0.8185657357781962
2017,July,Los Angeles (SC),LHD1,Gas,RUNEX,NCAT,NOx,0.02635544147619989
2017,July,Los Angeles (SC),LHD1,Gas,RUNEX,NCAT,SOx,8.837195495255183e-05
2017,July,Los Angeles (SC),LHD1,Gas,RUNEX,NCAT,PM,0.0003396173818467767
2017,July,Los Angeles (SC),LHD1,Gas,RUNEX,NCAT,TOG,0.03702766820839898
2017,July,Los Angeles (SC),LHD1,Gas,RUNEX,NCAT,PM10,0.00032637230395475233
2017,July,Los Angeles (SC),LHD1,Gas,RUNEX,NCAT,PM2_5,0.00031142913915349434
2017,July,Los Angeles (SC),LHD1,Gas,IDLEX,CAT,CO,0.25886031151249017
2017,July,Los Angeles (SC),LHD1,Gas,IDLEX,CAT,NOx,0.0028890447057958566
2017,July,Los Angeles (SC),LHD1,Gas,IDLEX,CAT,SOx,8.551406926478471e-05
2017,July,Los Angeles (SC),LHD1,Gas,IDLEX,CAT,TOG,0.048206239116764915
2017,July,Los Angeles (SC),LHD1,Gas,IDLEX,NCAT,CO,0.001988881973373436
2017,July,Los Angeles (SC),LHD1,Gas,IDLEX,NCAT,NOx,2.2490707782497917e-05
2017,July,Los Angeles (SC),LHD1,Gas,IDLEX,NCAT,SOx,7.32846279718602e-07
2017,July,Los Angeles (SC),LHD1,Gas,IDLEX,NCAT,TOG,0.0003574850057334541
2017,July,Los Angeles (SC),LHD1,Gas,STREX,CAT,CO,1.9984992182063255
2017,July,Los Angeles (SC),LHD1,Gas,STREX,CAT,NOx,0.56915901319759
2017,July,Los Angeles (SC),LHD1,Gas,STREX,CAT,SOx,0.00019919894384943073
2017,July,Los Angeles (SC),LHD1,Gas,STREX,CAT,PM,0.0006025241408245419
2017,July,Los Angeles (SC),LHD1,Gas,STREX,CAT,TOG,0.17536026624993675
2017,July,Los Angeles (SC),LHD1,Gas,STREX,CAT,PM10,0.0005386565818971404
2017,July,Los Angeles (SC),LHD1,Gas,STREX,CAT,PM2_5,0.000495274843757773
2017,July,Los Angeles (SC),LHD1,Gas,STREX,NCAT,CO,0.000817854334820049
2017,July,Los Angeles (SC),LHD1,Gas,STREX,NCAT,NOx,0.003119339295206795
2017,July,Los Angeles (SC),LHD1,Gas,STREX,NCAT,SOx,5.8710107956709345e-06
2017,July,Los Angeles (SC),LHD1,Gas,STREX,NCAT,PM,0.00013566519656879622
2017,July,Los Angeles (SC),LHD1,Gas,STREX,NCAT,TOG,0.01760380617967043
2017,July,Los Angeles (SC),LHD1,Gas,STREX,NCAT,PM10,0.00013037425390261326
2017,July,Los Angeles (SC),LHD1,Gas,STREX,NCAT,PM2_5,0.00012440498525358623
2017,July,Los Angeles (SC),LHD1,Gas,HOTSOAK,CAT,TOG,0.16041947999615616
2017,July,Los Angeles (SC),LHD1,Gas,HOTSOAK,NCAT,TOG,0.013863849658275824
2017,July,Los Angeles (SC),LHD1,Gas,RUNLOSS,CAT,TOG,1.0557505978878372
2017,July,Los Angeles (SC),LHD1,Gas,RUNLOSS,NCAT,TOG,0.02883021285363611
2017,July,Los Angeles (SC),LHD1,Gas,RESTLOSS,CAT,TOG,0.004494748275014704
2017,July,Los Angeles (SC),LHD1,Gas,RESTLOSS,NCAT,TOG,0.0002811779119463305
2017,July,Los Angeles (SC),LHD1,Gas,DIURN,CAT,TOG,0.007601350168125799
2017,July,Los Angeles (SC),LHD1,Gas,DIURN,NCAT,TOG,0.00044757800872910665
2017,July,Los Angeles (SC),LHD1,Gas,PMTW,CAT,PM,0.021347859412023516
2017,July,Los Angeles (SC),LHD1,Gas,PMTW,CAT,PM10,0.021347859412023516
2017,July,Los Angeles (SC),LHD1,Gas,PMTW,CAT,PM2_5,0.005336964853005879
2017,July,Los Angeles (SC),LHD1,Gas,PMTW,NCAT,PM,7.180575735026985e-05
2017,July,Los Angeles (SC),LHD1,Gas,PMTW,NCAT,PM10,7.180575735026985e-05
2017,July,Los Angeles (SC),LHD1,Gas,PMTW,NCAT,PM2_5,1.7951439337567463e-05
2017,July,Los Angeles (SC),LHD1,Gas,PMBW,CAT,PM,0.20814162926722943
2017,July,Los Angeles (SC),LHD1,Gas,PMBW,CAT,PM10,0.20397879668188473
2017,July,Los Angeles (SC),LHD1,Gas,PMBW,CAT,PM2_5,0.08741948429223638
2017,July,Los Angeles (SC),LHD1,Gas,PMBW,NCAT,PM,0.0007001061341651305
2017,July,Los Angeles (SC),LHD1,Gas,PMBW,NCAT,PM10,0.0006861040114818278
2017,July,Los Angeles (SC),LHD1,Gas,PMBW,NCAT,PM2_5,0.0002940445763493548
2017,July,Los Angeles (SC),LHD2,Gas,RUNEX,CAT,CO,0.556070981653402
2017,July,Los Angeles (SC),LHD2,Gas,RUNEX,CAT,NOx,0.12300433600767283
2017,July,Los Angeles (SC),LHD2,Gas,RUNEX,CAT,SOx,0.0037586711929646554
2017,July,Los Angeles (SC),LHD2,Gas,RUNEX,CAT,PM,0.0005989442731310653
2017,July,Los Angeles (SC),LHD2,Gas,RUNEX,CAT,TOG,0.03088907681854518
2017,July,Los Angeles (SC),LHD2,Gas,RUNEX,CAT,PM10,0.0005354561801791721
2017,July,Los Angeles (SC),LHD2,Gas,RUNEX,CAT,PM2_5,0.0004923321925137354
2017,July,Los Angeles (SC),LHD2,Gas,RUNEX,NCAT,CO,0.0029452046737424467
2017,July,Los Angeles (SC),LHD2,Gas,RUNEX,NCAT,NOx,9.942046429713844e-05
2017,July,Los Angeles (SC),LHD2,Gas,RUNEX,NCAT,SOx,3.58113496780454e-07
2017,July,Los Angeles (SC),LHD2,Gas,RUNEX,NCAT,PM,1.226252199417234e-06
2017,July,Los Angeles (SC),LHD2,Gas,RUNEX,NCAT,TOG,0.00013683703709557559
2017,July,Los Angeles (SC),LHD2,Gas,RUNEX,NCAT,PM10,1.1784283636399623e-06
2017,July,Los Angeles (SC),LHD2,Gas,RUNEX,NCAT,PM2_5,1.1244732668656037e-06
2017,July,Los Angeles (SC),LHD2,Gas,IDLEX,CAT,CO,0.0409850304372508
2017,July,Los Angeles (SC),LHD2,Gas,IDLEX,CAT,NOx,0.0004590693628991262
2017,July,Los Angeles (SC),LHD2,Gas,IDLEX,CAT,SOx,1.5634297333336934e-05
2017,July,Los Angeles (SC),LHD2,Gas,IDLEX,CAT,TOG,0.00766337144330823
2017,July,Los Angeles (SC),LHD2,Gas,IDLEX,NCAT,CO,6.813558953926151e-06
2017,July,Los Angeles (SC),LHD2,Gas,IDLEX,NCAT,NOx,7.704919922002952e-08
2017,July,Los Angeles (SC),LHD2,Gas,IDLEX,NCAT,SOx,2.897239342622501e-09
2017,July,Los Angeles (SC),LHD2,Gas,IDLEX,NCAT,TOG,1.224680596595753e-06
2017,July,Los Angeles (SC),LHD2,Gas,STREX,CAT,CO,0.31938052502382885
2017,July,Los Angeles (SC),LHD2,Gas,STREX,CAT,NOx,0.09013475316796399
2017,July,Los Angeles (SC),LHD2,Gas,STREX,CAT,SOx,3.58934680273671e-05
2017,July,Los Angeles (SC),LHD2,Gas,STREX,CAT,PM,8.377997794534477e-05
2017,July,Los Angeles (SC),LHD2,Gas,STREX,CAT,TOG,0.028597352861663396
2017,July,Los Angeles (SC),LHD2,Gas,STREX,CAT,PM10,7.489930028313827e-05
2017,July,Los Angeles (SC),LHD2,Gas,STREX,CAT,PM2_5,6.886714187107343e-05
2017,July,Los Angeles (SC),LHD2,Gas,STREX,NCAT,CO,2.6436250236867347e-06
2017,July,Los Angeles (SC),LHD2,Gas,STREX,NCAT,NOx,1.0391166284975014e-05
2017,July,Los Angeles (SC),LHD2,Gas,STREX,NCAT,SOx,2.309264259559649e-08
2017,July,Los Angeles (SC),LHD2,Gas,STREX,NCAT,PM,4.6476504246736066e-07
2017,July,Los Angeles (SC),LHD2,Gas,STREX,NCAT,TOG,6.03508990334241e-05
2017,July,Los Angeles (SC),LHD2,Gas,STREX,NCAT,PM10,4.466392058111337e-07
2017,July,Los Angeles (SC),LHD2,Gas,STREX,NCAT,PM2_5,4.2618954394256976e-07
2017,July,Los Angeles (SC),LHD2,Gas,HOTSOAK,CAT,TOG,0.02552368557134868
2017,July,Los Angeles (SC),LHD2,Gas,HOTSOAK,NCAT,TOG,4.74801613076446e-05
2017,July,Los Angeles (SC),LHD2,Gas,RUNLOSS,CAT,TOG,0.1679596674662403
2017,July,Los Angeles (SC),LHD2,Gas,RUNLOSS,NCAT,TOG,9.568185327174591e-05
2017,July,Los Angeles (SC),LHD2,Gas,RESTLOSS,CAT,TOG,0.0006726239971127552
2017,July,Los Angeles (SC),LHD2,Gas,RESTLOSS,NCAT,TOG,9.84003683286939e-07
2017,July,Los Angeles (SC),LHD2,Gas,DIURN,CAT,TOG,0.0011459654323427045
2017,July,Los Angeles (SC),LHD2,Gas,DIURN,NCAT,TOG,1.5557644031592898e-06
2017,July,Los Angeles (SC),LHD2,Gas,PMTW,CAT,PM,0.0031851489354213927
2017,July,Los Angeles (SC),LHD2,Gas,PMTW,CAT,PM10,0.0031851489354213927
2017,July,Los Angeles (SC),LHD2,Gas,PMTW,CAT,PM2_5,0.0007962872338553482
2017,July,Los Angeles (SC),LHD2,Gas,PMTW,NCAT,PM,2.5926814288119834e-07
2017,July,Los Angeles (SC),LHD2,Gas,PMTW,NCAT,PM10,2.5926814288119834e-07
2017,July,Los Angeles (SC),LHD2,Gas,PMTW,NCAT,PM2_5,6.481703572029959e-08
2017,July,Los Angeles (SC),LHD2,Gas,PMBW,CAT,PM,0.03623106914041829
2017,July,Los Angeles (SC),LHD2,Gas,PMBW,CAT,PM10,0.03550644775760995
2017,July,Los Angeles (SC),LHD2,Gas,PMBW,CAT,PM2_5,0.015217049038975722
2017,July,Los Angeles (SC),LHD2,Gas,PMBW,NCAT,PM,2.949175125273631e-06
2017,July,Los Angeles (SC),LHD2,Gas,PMBW,NCAT,PM10,2.890191622768158e-06
2017,July,Los Angeles (SC),LHD2,Gas,PMBW,NCAT,PM2_5,1.2386535526149247e-06
2017,July,Los Angeles (SC),T6TS,Gas,RUNEX,CAT,CO,2.8863822293407844
2017,July,Los Angeles (SC),T6TS,Gas,RUNEX,CAT,NOx,0.5885989267413255
2017,July,Los Angeles (SC),T6TS,Gas,RUNEX,CAT,SOx,0.01156281571618881
2017,July,Los Angeles (SC),T6TS,Gas,RUNEX,CAT,PM,0.000905646384231781
2017,July,Los Angeles (SC),T6TS,Gas,RUNEX,CAT,TOG,0.15710088529814145
2017,July,Los Angeles (SC),T6TS,Gas,RUNEX,CAT,PM10,0.0008096478675032131
2017,July,Los Angeles (SC),T6TS,Gas,RUNEX,CAT,PM2_5,0.0007444413278385233
2017,July,Los Angeles (SC),T6TS,Gas,RUNEX,NCAT,CO,0.2637043233166918
2017,July,Los Angeles (SC),T6TS,Gas,RUNEX,NCAT,NOx,0.007503400018782644
2017,July,Los Angeles (SC),T6TS,Gas,RUNEX,NCAT,SOx,4.0244009471927274e-05
2017,July,Los Angeles (SC),T6TS,Gas,RUNEX,NCAT,PM,7.656704172956529e-05
2017,July,Los Angeles (SC),T6TS,Gas,RUNEX,NCAT,TOG,0.011551710498380647
2017,July,Los Angeles (SC),T6TS,Gas,RUNEX,NCAT,PM10,7.358092710211225e-05
2017,July,Los Angeles (SC),T6TS,Gas,RUNEX,NCAT,PM2_5,7.021197726601137e-05
2017,July,Los Angeles (SC),T6TS,Gas,IDLEX,CAT,CO,0.12429458453541212
2017,July,Los Angeles (SC),T6TS,Gas,IDLEX,CAT,NOx,0.0011004033775661793
2017,July,Los Angeles (SC),T6TS,Gas,IDLEX,CAT,SOx,7.006822203775086e-05
2017,July,Los Angeles (SC),T6TS,Gas,IDLEX,CAT,TOG,0.016319198823669535
2017,July,Los Angeles (SC),T6TS,Gas,IDLEX,NCAT,CO,0.001806971632727102
2017,July,Los Angeles (SC),T6TS,Gas,IDLEX,NCAT,NOx,1.605258491313053e-05
2017,July,Los Angeles (SC),T6TS,Gas,IDLEX,NCAT,SOx,1.1350360046775483e-06
2017,July,Los Angeles (SC),T6TS,Gas,IDLEX,NCAT,TOG,0.00022729812772443077
2017,July,Los Angeles (SC),T6TS,Gas,STREX,CAT,CO,1.3598616186655401
2017,July,Los Angeles (SC),T6TS,Gas,STREX,CAT,NOx,0.09421845357346917
2017,July,Los Angeles (SC),T6TS,Gas,STREX,CAT,SOx,0.00010002760770710176
2017,July,Los Angeles (SC),T6TS,Gas,STREX,CAT,PM,0.00015660348011860896
2017,July,Los Angeles (SC),T6TS,Gas,STREX,CAT,TOG,0.06808061324752225
2017,July,Los Angeles (SC),T6TS,Gas,STREX,CAT,PM10,0.00014000351122603666
2017,July,Los Angeles (SC),T6TS,Gas,STREX,CAT,PM2_5,0.00012872806065749687
2017,July,Los Angeles (SC),T6TS,Gas,STREX,NCAT,CO,0.0005426740733151273
2017,July,Los Angeles (SC),T6TS,Gas,STREX,NCAT,NOx,0.0020871144231499423
2017,July,Los Angeles (SC),T6TS,Gas,STREX,NCAT,SOx,5.319607593952973e-06
2017,July,Los Angeles (SC),T6TS,Gas,STREX,NCAT,PM,5.934278322046443e-05
2017,July,Los Angeles (SC),T6TS,Gas,STREX,NCAT,TOG,0.011434808810775778
2017,July,Los Angeles (SC),T6TS,Gas,STREX,NCAT,PM10,5.702841467486631e-05
2017,July,Los Angeles (SC),T6TS,Gas,STREX,NCAT,PM2_5,5.441733221316587e-05
2017,July,Los Angeles (SC),T6TS,Gas,HOTSOAK,CAT,TOG,0.02850821241872866
2017,July,Los Angeles (SC),T6TS,Gas,HOTSOAK,NCAT,TOG,0.0064550650202796715
2017,July,Los Angeles (SC),T6TS,Gas,RUNLOSS,CAT,TOG,0.1451287586850093
2017,July,Los Angeles (SC),T6TS,Gas,RUNLOSS,NCAT,TOG,0.010595960067587095
2017,July,Los Angeles (SC),T6TS,Gas,RESTLOSS,CAT,TOG,0.0007402500507936379
2017,July,Los Angeles (SC),T6TS,Gas,RESTLOSS,NCAT,TOG,9.854328758027899e-05
2017,July,Los Angeles (SC),T6TS,Gas,DIURN,CAT,TOG,0.0011964798198879068
2017,July,Los Angeles (SC),T6TS,Gas,DIURN,NCAT,TOG,0.00014779526176227387
2017,July,Los Angeles (SC),T6TS,Gas,PMTW,CAT,PM,0.00803847172953627
2017,July,Los Angeles (SC),T6TS,Gas,PMTW,CAT,PM10,0.00803847172953627
2017,July,Los Angeles (SC),T6TS,Gas,PMTW,CAT,PM2_5,0.0020096179323840675
2017,July,Los Angeles (SC),T6TS,Gas,PMTW,NCAT,PM,2.4514942072614664e-05
2017,July,Los Angeles (SC),T6TS,Gas,PMTW,NCAT,PM10,2.4514942072614664e-05
2017,July,Los Angeles (SC),T6TS,Gas,PMTW,NCAT,PM2_5,6.128735518153666e-06
2017,July,Los Angeles (SC),T6TS,Gas,PMBW,CAT,PM,0.08909306166902696
2017,July,Los Angeles (SC),T6TS,Gas,PMBW,CAT,PM10,0.0873112004356464
2017,July,Los Angeles (SC),T6TS,Gas,PMBW,CAT,PM2_5,0.037419085900991356
2017,July,Los Angeles (SC),T6TS,Gas,PMBW,NCAT,PM,0.00027170727463814593
2017,July,Los Angeles (SC),T6TS,Gas,PMBW,NCAT,PM10,0.000266273129145383
2017,July,Los Angeles (SC),T6TS,Gas,PMBW,NCAT,PM2_5,0.00011411705534802126
2017,July,Los Angeles (SC),T7IS,Gas,RUNEX,CAT,CO,0.2615692841558711
2017,July,Los Angeles (SC),T7IS,Gas,RUNEX,CAT,NOx,0.03264139130064272
2017,July,Los Angeles (SC),T7IS,Gas,RUNEX,CAT,SOx,0.00011775739205367024
2017,July,Los Angeles (SC),T7IS,Gas,RUNEX,CAT,PM,1.0873771557447595e-05
2017,July,Los Angeles (SC),T7IS,Gas,RUNEX,CAT,TOG,0.00795864210035051
2017,July,Los Angeles (SC),T7IS,Gas,RUNEX,CAT,PM10,9.721151772358182e-06
2017,July,Los Angeles (SC),T7IS,Gas,RUNEX,CAT,PM2_5,8.938240220221942e-06
2017,July,Los Angeles (SC),T7IS,Gas,RUNEX,NCAT,CO,0.06312724375188718
2017,July,Los Angeles (SC),T7IS,Gas,RUNEX,NCAT,NOx,0.00210976399835644
2017,July,Los Angeles (SC),T7IS,Gas,RUNEX,NCAT,SOx,4.708859246481674e-06
2017,July,Los Angeles (SC),T7IS,Gas,RUNEX,NCAT,PM,6.067392722899861e-06
2017,July,Los Angeles (SC),T7IS,Gas,RUNEX,NCAT,TOG,0.0019397025176853624
2017,July,Los Angeles (SC),T7IS,Gas,RUNEX,NCAT,PM10,5.830764406706766e-06
2017,July,Los Angeles (SC),T7IS,Gas,RUNEX,NCAT,PM2_5,5.563799126899175e-06
2017,July,Los Angeles (SC),T7IS,Gas,STREX,CAT,CO,0.005797908296697651
2017,July,Los Angeles (SC),T7IS,Gas,STREX,CAT,NOx,0.0017779009108189394
2017,July,Los Angeles (SC),T7IS,Gas,STREX,CAT,SOx,6.593987322522486e-07
2017,July,Los Angeles (SC),T7IS,Gas,STREX,CAT,PM,2.0353655224737223e-06
2017,July,Los Angeles (SC),T7IS,Gas,STREX,CAT,TOG,1.319676012253831e-06
2017,July,Los Angeles (SC),T7IS,Gas,STREX,CAT,PM10,1.8196167770915038e-06
2017,July,Los Angeles (SC),T7IS,Gas,STREX,CAT,PM2_5,1.673070459473397e-06
2017,July,Los Angeles (SC),T7IS,Gas,STREX,NCAT,CO,0.0
2017,July,Los Angeles (SC),T7IS,Gas,STREX,NCAT,NOx,0.0
2017,July,Los Angeles (SC),T7IS,Gas,STREX,NCAT,SOx,3.2854939125437583e-07
2017,July,Los Angeles (SC),T7IS,Gas,STREX,NCAT,PM,3.0836981188930543e-06
2017,July,Los Angeles (SC),T7IS,Gas,STREX,NCAT,TOG,0.0
2017,July,Los Angeles (SC),T7IS,Gas,STREX,NCAT,PM10,2.9634338922562275e-06
2017,July,Los Angeles (SC),T7IS,Gas,STREX,NCAT,PM2_5,2.827751175024932e-06
2017,July,Los Angeles (SC),T7IS,Gas,HOTSOAK,CAT,TOG,0.00031260512431846273
2017,July,Los Angeles (SC),T7IS,Gas,HOTSOAK,NCAT,TOG,0.00033578697411215875
2017,July,Los Angeles (SC),T7IS,Gas,RUNLOSS,CAT,TOG,0.0016630992580394274
2017,July,Los Angeles (SC),T7IS,Gas,RUNLOSS,NCAT,TOG,0.001047736385435769
2017,July,Los Angeles (SC),T7IS,Gas,RESTLOSS,CAT,TOG,1.0023029417521083e-05
2017,July,Los Angeles (SC),T7IS,Gas,RESTLOSS,NCAT,TOG,4.208746720562998e-06
2017,July,Los Angeles (SC),T7IS,Gas,DIURN,CAT,TOG,1.3706670986544471e-05
2017,July,Los Angeles (SC),T7IS,Gas,DIURN,NCAT,TOG,6.1231538229584666e-06
2017,July,Los Angeles (SC),T7IS,Gas,PMTW,CAT,PM,0.00010497668711242187
2017,July,Los Angeles (SC),T7IS,Gas,PMTW,CAT,PM10,0.00010497668711242187
2017,July,Los Angeles (SC),T7IS,Gas,PMTW,CAT,PM2_5,2.6244171778105468e-05
2017,July,Los Angeles (SC),T7IS,Gas,PMTW,NCAT,PM,3.3159938562360497e-06
2017,July,Los Angeles (SC),T7IS,Gas,PMTW,NCAT,PM10,3.3159938562360497e-06
2017,July,Los Angeles (SC),T7IS,Gas,PMTW,NCAT,PM2_5,8.289984640590124e-07
2017,July,Los Angeles (SC),T7IS,Gas,PMBW,CAT,PM,0.0003306765644041292
2017,July,Los Angeles (SC),T7IS,Gas,PMBW,CAT,PM10,0.00032406303311604574
2017,July,Los Angeles (SC),T7IS,Gas,PMBW,CAT,PM2_5,0.0001388841570497342
2017,July,Los Angeles (SC),T7IS,Gas,PMBW,NCAT,PM,1.0445380647143557e-05
2017,July,Los Angeles (SC),T7IS,Gas,PMBW,NCAT,PM10,1.023647303420068e-05
2017,July,Los Angeles (SC),T7IS,Gas,PMBW,NCAT,PM2_5,4.387059871800293e-06
2017,July,Los Angeles (SC),LDT1,Dsl,RUNEX,DSL,CO,0.013564322310741693
2017,July,Los Angeles (SC),LDT1,Dsl,RUNEX,DSL,NOx,0.012044215826745268
2017,July,Los Angeles (SC),LDT1,Dsl,RUNEX,DSL,SOx,4.285949708606779e-05
2017,July,Los Angeles (SC),LDT1,Dsl,RUNEX,DSL,PM,0.001733003261555284
2017,July,Los Angeles (SC),LDT1,Dsl,RUNEX,DSL,TOG,0.002587381754018616
2017,July,Los Angeles (SC),LDT1,Dsl,RUNEX,DSL,PM10,0.0017226052419859542
2017,July,Los Angeles (SC),LDT1,Dsl,RUNEX,DSL,PM2_5,0.0016480861017390742
2017,July,Los Angeles (SC),LDT1,Dsl,PMTW,DSL,PM,7.740147505680921e-05
2017,July,Los Angeles (SC),LDT1,Dsl,PMTW,DSL,PM10,7.740147505680921e-05
2017,July,Los Angeles (SC),LDT1,Dsl,PMTW,DSL,PM2_5,1.9350368764202303e-05
2017,July,Los Angeles (SC),LDT1,Dsl,PMBW,DSL,PM,0.0003628194143287938
2017,July,Los Angeles (SC),LDT1,Dsl,PMBW,DSL,PM10,0.00035556302604221774
2017,July,Los Angeles (SC),LDT1,Dsl,PMBW,DSL,PM2_5,0.00015238415401809313
2017,July,Los Angeles (SC),LDT2,Dsl,RUNEX,DSL,CO,0.03204955101623282
2017,July,Los Angeles (SC),LDT2,Dsl,RUNEX,DSL,NOx,0.014913030721882374
2017,July,Los Angeles (SC),LDT2,Dsl,RUNEX,DSL,SOx,0.0005800048635869857
2017,July,Los Angeles (SC),LDT2,Dsl,RUNEX,DSL,PM,0.002383027676154695
2017,July,Los Angeles (SC),LDT2,Dsl,RUNEX,DSL,TOG,0.005799400268178692
2017,July,Los Angeles (SC),LDT2,Dsl,RUNEX,DSL,PM10,0.0023687295100977648
2017,July,Los Angeles (SC),LDT2,Dsl,RUNEX,DSL,PM2_5,0.0022662593200231144
2017,July,Los Angeles (SC),LDT2,Dsl,PMTW,DSL,PM,0.0015024539501199757
2017,July,Los Angeles (SC),LDT2,Dsl,PMTW,DSL,PM10,0.0015024539501199757
2017,July,Los Angeles (SC),LDT2,Dsl,PMTW,DSL,PM2_5,0.0003756134875299939
2017,July,Los Angeles (SC),LDT2,Dsl,PMBW,DSL,PM,0.007042752891187389
2017,July,Los Angeles (SC),LDT2,Dsl,PMBW,DSL,PM10,0.006901897833363638
2017,July,Los Angeles (SC),LDT2,Dsl,PMBW,DSL,PM2_5,0.0029579562142987036
2017,July,Los Angeles (SC),MDV,Dsl,RUNEX,DSL,CO,0.09736925494153924
2017,July,Los Angeles (SC),MDV,Dsl,RUNEX,DSL,NOx,0.035173573511886845
2017,July,Los Angeles (SC),MDV,Dsl,RUNEX,DSL,SOx,0.0015469351362762103
2017,July,Los Angeles (SC),MDV,Dsl,RUNEX,DSL,PM,0.0036366991864042976
2017,July,Los Angeles (SC),MDV,Dsl,RUNEX,DSL,TOG,0.008420130658030366
2017,July,Los Angeles (SC),MDV,Dsl,RUNEX,DSL,PM10,0.003614878991285874
2017,July,Los Angeles (SC),MDV,Dsl,RUNEX,DSL,PM2_5,0.00345850092627049
2017,July,Los Angeles (SC),MDV,Dsl,PMTW,DSL,PM,0.003072988839603064
2017,July,Los Angeles (SC),MDV,Dsl,PMTW,DSL,PM10,0.003072988839603064
2017,July,Los Angeles (SC),MDV,Dsl,PMTW,DSL,PM2_5,0.000768247209900766
2017,July,Los Angeles (SC),MDV,Dsl,PMBW,DSL,PM,0.014404635185639371
2017,July,Los Angeles (SC),MDV,Dsl,PMBW,DSL,PM10,0.014116542481926574
2017,July,Los Angeles (SC),MDV,Dsl,PMBW,DSL,PM2_5,0.006049946777968531
2017,July,Los Angeles (SC),LHD1,Dsl,RUNEX,DSL,CO,0.7299728027812441
2017,July,Los Angeles (SC),LHD1,Dsl,RUNEX,DSL,NOx,3.3319979295308055
2017,July,Los Angeles (SC),LHD1,Dsl,RUNEX,DSL,SOx,0.005294659064430299
2017,July,Los Angeles (SC),LHD1,Dsl,RUNEX,DSL,PM,0.026939608769449883
2017,July,Los Angeles (SC),LHD1,Dsl,RUNEX,DSL,TOG,0.13480869409941124
2017,July,Los Angeles (SC),LHD1,Dsl,RUNEX,DSL,PM10,0.026777971116833152
2017,July,Los Angeles (SC),LHD1,Dsl,RUNEX,DSL,PM2_5,0.025619567939746825
2017,July,Los Angeles (SC),LHD1,Dsl,IDLEX,DSL,CO,0.023543604399800966
2017,July,Los Angeles (SC),LHD1,Dsl,IDLEX,DSL,NOx,0.06474553072362722
2017,July,Los Angeles (SC),LHD1,Dsl,IDLEX,DSL,SOx,3.4408940759219196e-05
2017,July,Los Angeles (SC),LHD1,Dsl,IDLEX,DSL,PM,0.0007524239280832546
2017,July,Los Angeles (SC),LHD1,Dsl,IDLEX,DSL,TOG,0.0032337306433070923
2017,July,Los Angeles (SC),LHD1,Dsl,IDLEX,DSL,PM10,0.0007479093845147561
2017,July,Los Angeles (SC),LHD1,Dsl,IDLEX,DSL,PM2_5,0.0007155551556071758
2017,July,Los Angeles (SC),LHD1,Dsl,PMTW,DSL,PM,0.013415182709694475
2017,July,Los Angeles (SC),LHD1,Dsl,PMTW,DSL,PM10,0.013415182709694475
2017,July,Los Angeles (SC),LHD1,Dsl,PMTW,DSL,PM2_5,0.0033537956774236186
2017,July,Los Angeles (SC),LHD1,Dsl,PMBW,DSL,PM,0.087198687613014
2017,July,Los Angeles (SC),LHD1,Dsl,PMBW,DSL,PM10,0.0854547138607538
2017,July,Los Angeles (SC),LHD1,Dsl,PMBW,DSL,PM2_5,0.03662344879746592
2017,July,Los Angeles (SC),LHD2,Dsl,RUNEX,DSL,CO,0.27103829845284017
2017,July,Los Angeles (SC),LHD2,Dsl,RUNEX,DSL,NOx,1.2199452526165706
2017,July,Los Angeles (SC),LHD2,Dsl,RUNEX,DSL,SOx,0.0022908303987359377
2017,July,Los Angeles (SC),LHD2,Dsl,RUNEX,DSL,PM,0.010752474661890244
2017,July,Los Angeles (SC),LHD2,Dsl,RUNEX,DSL,TOG,0.05078032743144187
2017,July,Los Angeles (SC),LHD2,Dsl,RUNEX,DSL,PM10,0.010687959813918908
2017,July,Los Angeles (SC),LHD2,Dsl,RUNEX,DSL,PM2_5,0.010225603403457623
2017,July,Los Angeles (SC),LHD2,Dsl,IDLEX,DSL,CO,0.009509529726043601
2017,July,Los Angeles (SC),LHD2,Dsl,IDLEX,DSL,NOx,0.026271165476246586
2017,July,Los Angeles (SC),LHD2,Dsl,IDLEX,DSL,SOx,2.217961836351055e-05
2017,July,Los Angeles (SC),LHD2,Dsl,IDLEX,DSL,PM,0.000310027442626207
2017,July,Los Angeles (SC),LHD2,Dsl,IDLEX,DSL,TOG,0.0013061406043165958
2017,July,Los Angeles (SC),LHD2,Dsl,IDLEX,DSL,PM10,0.00030816727797044986
2017,July,Los Angeles (SC),LHD2,Dsl,IDLEX,DSL,PM2_5,0.00029483609793752304
2017,July,Los Angeles (SC),LHD2,Dsl,PMTW,DSL,PM,0.005262081031902805
2017,July,Los Angeles (SC),LHD2,Dsl,PMTW,DSL,PM10,0.005262081031902805
2017,July,Los Angeles (SC),LHD2,Dsl,PMTW,DSL,PM2_5,0.0013155202579757013
2017,July,Los Angeles (SC),LHD2,Dsl,PMBW,DSL,PM,0.03990411449192963
2017,July,Los Angeles (SC),LHD2,Dsl,PMBW,DSL,PM10,0.03910603220209104
2017,July,Los Angeles (SC),LHD2,Dsl,PMBW,DSL,PM2_5,0.016759728086610432
2017,July,Los Angeles (SC),LDT1,Elec,HOTSOAK,CAT,TOG,1.9441153564310477e-05
2017,July,Los Angeles (SC),LDT1,Elec,RESTLOSS,CAT,TOG,1.6075255499573285e-05
2017,July,Los Angeles (SC),LDT1,Elec,DIURN,CAT,TOG,3.543584311668482e-05
2017,July,Los Angeles (SC),LDT1,Elec,PMTW,CAT,PM,0.00020803437115732212
2017,July,Los Angeles (SC),LDT1,Elec,PMTW,CAT,PM10,0.00020803437115732212
2017,July,Los Angeles (SC),LDT1,Elec,PMTW,CAT,PM2_5,5.200859278933053e-05
2017,July,Los Angeles (SC),LDT1,Elec,PMBW,CAT,PM,0.0009751611147999475
2017,July,Los Angeles (SC),LDT1,Elec,PMBW,CAT,PM10,0.0009556578925039482
2017,July,Los Angeles (SC),LDT1,Elec,PMBW,CAT,PM2_5,0.0004095676682159776
2017,July,Los Angeles (SC),LDT2,Elec,HOTSOAK,CAT,TOG,7.166902032171195e-05
2017,July,Los Angeles (SC),LDT2,Elec,RESTLOSS,CAT,TOG,5.479651241954076e-05
2017,July,Los Angeles (SC),LDT2,Elec,DIURN,CAT,TOG,0.00012079189767726317
2017,July,Los Angeles (SC),LDT2,Elec,PMTW,CAT,PM,0.0008501623649391147
2017,July,Los Angeles (SC),LDT2,Elec,PMTW,CAT,PM10,0.0008501623649391147
2017,July,Los Angeles (SC),LDT2,Elec,PMTW,CAT,PM2_5,0.00021254059123477869
2017,July,Los Angeles (SC),LDT2,Elec,PMBW,CAT,PM,0.0039851360856521
2017,July,Los Angeles (SC),LDT2,Elec,PMBW,CAT,PM10,0.0039054333639390584
2017,July,Los Angeles (SC),LDT2,Elec,PMBW,CAT,PM2_5,0.0016737571559738817
2017,July,Los Angeles (SC),MDV,Elec,HOTSOAK,CAT,TOG,6.669130162303979e-06
2017,July,Los Angeles (SC),MDV,Elec,RESTLOSS,CAT,TOG,5.313873564027306e-06
2017,July,Los Angeles (SC),MDV,Elec,DIURN,CAT,TOG,1.1713754096273547e-05
2017,July,Los Angeles (SC),MDV,Elec,PMTW,CAT,PM,7.405993617439331e-05
2017,July,Los Angeles (SC),MDV,Elec,PMTW,CAT,PM10,7.405993617439331e-05
2017,July,Los Angeles (SC),MDV,Elec,PMTW,CAT,PM2_5,1.851498404359833e-05
2017,July,Los Angeles (SC),MDV,Elec,PMBW,CAT,PM,0.00034715595081746863
2017,July,Los Angeles (SC),MDV,Elec,PMBW,CAT,PM10,0.00034021283180111914
2017,July,Los Angeles (SC),MDV,Elec,PMBW,CAT,PM2_5,0.00014580549934333683
2017,July,Los Angeles (SC),SBUS,Gas,RUNEX,CAT,CO,0.09941652593937311
2017,July,Los Angeles (SC),SBUS,Gas,RUNEX,CAT,NOx,0.020174792835645532
2017,July,Los Angeles (SC),SBUS,Gas,RUNEX,CAT,SOx,0.00038139192652511777
2017,July,Los Angeles (SC),SBUS,Gas,RUNEX,CAT,PM,5.0814989420837644e-05
2017,July,Los Angeles (SC),SBUS,Gas,RUNEX,CAT,TOG,0.006383784109101998
2017,July,Los Angeles (SC),SBUS,Gas,RUNEX,CAT,PM10,4.542860054222889e-05
2017,July,Los Angeles (SC),SBUS,Gas,RUNEX,CAT,PM2_5,4.1769921303928587e-05
2017,July,Los Angeles (SC),SBUS,Gas,IDLEX,CAT,CO,0.07908726116410453
2017,July,Los Angeles (SC),SBUS,Gas,IDLEX,CAT,NOx,0.0008910547867489361
2017,July,Los Angeles (SC),SBUS,Gas,IDLEX,CAT,SOx,2.580883220975465e-05
2017,July,Los Angeles (SC),SBUS,Gas,IDLEX,CAT,TOG,0.014907253723948868
2017,July,Los Angeles (SC),SBUS,Gas,STREX,CAT,CO,0.02618271680253429
2017,July,Los Angeles (SC),SBUS,Gas,STREX,CAT,NOx,0.002122757754508971
2017,July,Los Angeles (SC),SBUS,Gas,STREX,CAT,SOx,1.8088593499513294e-06
2017,July,Los Angeles (SC),SBUS,Gas,STREX,CAT,PM,1.5661147631989666e-06
2017,July,Los Angeles (SC),SBUS,Gas,STREX,CAT,TOG,0.0012876748970945635
2017,July,Los Angeles (SC),SBUS,Gas,STREX,CAT,PM10,1.4001065982998748e-06
2017,July,Los Angeles (SC),SBUS,Gas,STREX,CAT,PM2_5,1.2873463353495493e-06
2017,July,Los Angeles (SC),SBUS,Gas,HOTSOAK,CAT,TOG,0.0003352845241338845
2017,July,Los Angeles (SC),SBUS,Gas,RUNLOSS,CAT,TOG,0.0024359194833361354
2017,July,Los Angeles (SC),SBUS,Gas,RESTLOSS,CAT,TOG,2.8244160960947248e-05
2017,July,Los Angeles (SC),SBUS,Gas,DIURN,CAT,TOG,5.969387522242379e-05
2017,July,Los Angeles (SC),SBUS,Gas,PMTW,CAT,PM,0.00033946764577793225
2017,July,Los Angeles (SC),SBUS,Gas,PMTW,CAT,PM10,0.00033946764577793225
2017,July,Los Angeles (SC),SBUS,Gas,PMTW,CAT,PM2_5,8.486691144448306e-05
2017,July,Los Angeles (SC),SBUS,Gas,PMBW,CAT,PM,0.03224942592456903
2017,July,Los Angeles (SC),SBUS,Gas,PMBW,CAT,PM10,0.03160443740607763
2017,July,Los Angeles (SC),SBUS,Gas,PMBW,CAT,PM2_5,0.013544758888318997
2017,July,Los Angeles (SC),OBUS,Gas,RUNEX,CAT,CO,0.5832125541890317
2017,July,Los Angeles (SC),OBUS,Gas,RUNEX,CAT,NOx,0.13926335865755649
2017,July,Los Angeles (SC),OBUS,Gas,RUNEX,CAT,SOx,0.0037325641442209237
2017,July,Los Angeles (SC),OBUS,Gas,RUNEX,CAT,PM,0.0001975077701886421
2017,July,Los Angeles (SC),OBUS,Gas,RUNEX,CAT,TOG,0.03285290311098138
2017,July,Los Angeles (SC),OBUS,Gas,RUNEX,CAT,PM10,0.0001765719465486461
2017,July,Los Angeles (SC),OBUS,Gas,RUNEX,CAT,PM2_5,0.0001623513870950641
2017,July,Los Angeles (SC),OBUS,Gas,RUNEX,NCAT,CO,0.028777936554729766
2017,July,Los Angeles (SC),OBUS,Gas,RUNEX,NCAT,NOx,0.0009758758587953238
2017,July,Los Angeles (SC),OBUS,Gas,RUNEX,NCAT,SOx,4.556149370600672e-06
2017,July,Los Angeles (SC),OBUS,Gas,RUNEX,NCAT,PM,8.80084964174694e-06
2017,July,Los Angeles (SC),OBUS,Gas,RUNEX,NCAT,TOG,0.0013646882448035097
2017,July,Los Angeles (SC),OBUS,Gas,RUNEX,NCAT,PM10,8.457616505718814e-06
2017,July,Los Angeles (SC),OBUS,Gas,RUNEX,NCAT,PM2_5,8.070379121481944e-06
2017,July,Los Angeles (SC),OBUS,Gas,IDLEX,CAT,CO,0.02568042999410055
2017,July,Los Angeles (SC),OBUS,Gas,IDLEX,CAT,NOx,0.0002893464914890226
2017,July,Los Angeles (SC),OBUS,Gas,IDLEX,CAT,SOx,1.7221601813680822e-05
2017,July,Los Angeles (SC),OBUS,Gas,IDLEX,CAT,TOG,0.004836183107528567
2017,July,Los Angeles (SC),OBUS,Gas,IDLEX,NCAT,CO,0.000142183972605124
2017,July,Los Angeles (SC),OBUS,Gas,IDLEX,NCAT,NOx,1.6078471332276006e-06
2017,July,Los Angeles (SC),OBUS,Gas,IDLEX,NCAT,SOx,1.0745787329343626e-07
2017,July,Los Angeles (SC),OBUS,Gas,IDLEX,NCAT,TOG,2.555638742893082e-05
2017,July,Los Angeles (SC),OBUS,Gas,STREX,CAT,CO,0.3133961167058742
2017,July,Los Angeles (SC),OBUS,Gas,STREX,CAT,NOx,0.029264214627087462
2017,July,Los Angeles (SC),OBUS,Gas,STREX,CAT,SOx,2.431324327386382e-05
2017,July,Los Angeles (SC),OBUS,Gas,STREX,CAT,PM,2.5495430144662333e-05
2017,July,Los Angeles (SC),OBUS,Gas,STREX,CAT,TOG,0.016676668603934457
2017,July,Los Angeles (SC),OBUS,Gas,STREX,CAT,PM10,2.2792914549328088e-05
2017,July,Los Angeles (SC),OBUS,Gas,STREX,CAT,PM2_5,2.0957243578912438e-05
2017,July,Los Angeles (SC),OBUS,Gas,STREX,NCAT,CO,7.584501813824559e-05
2017,July,Los Angeles (SC),OBUS,Gas,STREX,NCAT,NOx,0.0003377412977330842
2017,July,Los Angeles (SC),OBUS,Gas,STREX,NCAT,SOx,6.997787493744065e-07
2017,July,Los Angeles (SC),OBUS,Gas,STREX,NCAT,PM,8.394939149409058e-06
2017,July,Los Angeles (SC),OBUS,Gas,STREX,NCAT,TOG,0.0015708145003550259
2017,July,Los Angeles (SC),OBUS,Gas,STREX,NCAT,PM10,8.067536522582107e-06
2017,July,Los Angeles (SC),OBUS,Gas,STREX,NCAT,PM2_5,7.69815920000811e-06
2017,July,Los Angeles (SC),OBUS,Gas,HOTSOAK,CAT,TOG,0.002608643099405079
2017,July,Los Angeles (SC),OBUS,Gas,HOTSOAK,NCAT,TOG,0.0003169038738714857
2017,July,Los Angeles (SC),OBUS,Gas,RUNLOSS,CAT,TOG,0.02900675652466967
2017,July,Los Angeles (SC),OBUS,Gas,RUNLOSS,NCAT,TOG,0.0014688306663203123
2017,July,Los Angeles (SC),OBUS,Gas,RESTLOSS,CAT,TOG,0.00016560695773481894
2017,July,Los Angeles (SC),OBUS,Gas,RESTLOSS,NCAT,TOG,1.2790520487334487e-05
2017,July,Los Angeles (SC),OBUS,Gas,DIURN,CAT,TOG,0.00033648114019083785
2017,July,Los Angeles (SC),OBUS,Gas,DIURN,NCAT,TOG,2.668936790604376e-05
2017,July,Los Angeles (SC),OBUS,Gas,PMTW,CAT,PM,0.0025385560761888534
2017,July,Los Angeles (SC),OBUS,Gas,PMTW,CAT,PM10,0.0025385560761888534
2017,July,Los Angeles (SC),OBUS,Gas,PMTW,CAT,PM2_5,0.0006346390190472133
2017,July,Los Angeles (SC),OBUS,Gas,PMTW,NCAT,PM,2.7325209344519573e-06
2017,July,Los Angeles (SC),OBUS,Gas,PMTW,NCAT,PM10,2.7325209344519573e-06
2017,July,Los Angeles (SC),OBUS,Gas,PMTW,NCAT,PM2_5,6.831302336129893e-07
2017,July,Los Angeles (SC),OBUS,Gas,PMBW,CAT,PM,0.028135663177759774
2017,July,Los Angeles (SC),OBUS,Gas,PMBW,CAT,PM10,0.027572949914204597
2017,July,Los Angeles (SC),OBUS,Gas,PMBW,CAT,PM2_5,0.011816978534659107
2017,July,Los Angeles (SC),OBUS,Gas,PMBW,NCAT,PM,3.028544035684252e-05
2017,July,Los Angeles (SC),OBUS,Gas,PMBW,NCAT,PM10,2.9679731549705675e-05
2017,July,Los Angeles (SC),OBUS,Gas,PMBW,NCAT,PM2_5,1.2719884949873861e-05
2017,July,Los Angeles (SC),MCY,Gas,RUNEX,CAT,CO,5.425245223307766
2017,July,Los Angeles (SC),MCY,Gas,RUNEX,CAT,NOx,0.404569123333221
2017,July,Los Angeles (SC),MCY,Gas,RUNEX,CAT,SOx,0.0010263818427858262
2017,July,Los Angeles (SC),MCY,Gas,RUNEX,CAT,PM,0.0007878110921149003
2017,July,Los Angeles (SC),MCY,Gas,RUNEX,CAT,TOG,1.1338880043596535
2017,July,Los Angeles (SC),MCY,Gas,RUNEX,CAT,PM10,0.00072468822686404
2017,July,Los Angeles (SC),MCY,Gas,RUNEX,CAT,PM2_5,0.0006764849788940499
2017,July,Los Angeles (SC),MCY,Gas,RUNEX,NCAT,CO,13.582596762644064
2017,July,Los Angeles (SC),MCY,Gas,RUNEX,NCAT,NOx,0.4663728706935642
2017,July,Los Angeles (SC),MCY,Gas,RUNEX,NCAT,SOx,0.0009354406292675212
2017,July,Los Angeles (SC),MCY,Gas,RUNEX,NCAT,PM,0.0010742912660354892
2017,July,Los Angeles (SC),MCY,Gas,RUNEX,NCAT,TOG,1.617508054552441
2017,July,Los Angeles (SC),MCY,Gas,RUNEX,NCAT,PM10,0.0010120087961467865
2017,July,Los Angeles (SC),MCY,Gas,RUNEX,NCAT,PM2_5,0.0009562208297789422
2017,July,Los Angeles (SC),MCY,Gas,STREX,CAT,CO,0.5187074634915805
2017,July,Los Angeles (SC),MCY,Gas,STREX,CAT,NOx,0.023568558399508898
2017,July,Los Angeles (SC),MCY,Gas,STREX,CAT,SOx,5.4389191097522596e-05
2017,July,Los Angeles (SC),MCY,Gas,STREX,CAT,PM,0.00019933624283092154
2017,July,Los Angeles (SC),MCY,Gas,STREX,CAT,TOG,0.14535880393448414
2017,July,Los Angeles (SC),MCY,Gas,STREX,CAT,PM10,0.0001840798309938731
2017,July,Los Angeles (SC),MCY,Gas,STREX,CAT,PM2_5,0.00017218210564862624
2017,July,Los Angeles (SC),MCY,Gas,STREX,NCAT,CO,1.4097149545601102
2017,July,Los Angeles (SC),MCY,Gas,STREX,NCAT,NOx,0.03870363253906912
2017,July,Los Angeles (SC),MCY,Gas,STREX,NCAT,SOx,9.512729586321031e-05
2017,July,Los Angeles (SC),MCY,Gas,STREX,NCAT,PM,0.0008375083035173836
2017,July,Los Angeles (SC),MCY,Gas,STREX,NCAT,TOG,0.3047505503004278
2017,July,Los Angeles (SC),MCY,Gas,STREX,NCAT,PM10,0.0007989722497771765
2017,July,Los Angeles (SC),MCY,Gas,STREX,NCAT,PM2_5,0.0007596674002838332
2017,July,Los Angeles (SC),MCY,Gas,HOTSOAK,CAT,TOG,0.03597893391045558
2017,July,Los Angeles (SC),MCY,Gas,HOTSOAK,NCAT,TOG,0.18312207508918166
2017,July,Los Angeles (SC),MCY,Gas,RUNLOSS,CAT,TOG,0.08697566557330925
2017,July,Los Angeles (SC),MCY,Gas,RUNLOSS,NCAT,TOG,0.5340549487827035
2017,July,Los Angeles (SC),MCY,Gas,RESTLOSS,CAT,TOG,0.08371366355342923
2017,July,Los Angeles (SC),MCY,Gas,RESTLOSS,NCAT,TOG,0.26764165000392026
2017,July,Los Angeles (SC),MCY,Gas,DIURN,CAT,TOG,0.11514706841790442
2017,July,Los Angeles (SC),MCY,Gas,DIURN,NCAT,TOG,0.3463156122313657
2017,July,Los Angeles (SC),MCY,Gas,PMTW,CAT,PM,0.0019147251915292136
2017,July,Los Angeles (SC),MCY,Gas,PMTW,CAT,PM10,0.0019147251915292136
2017,July,Los Angeles (SC),MCY,Gas,PMTW,CAT,PM2_5,0.0004786812978823034
2017,July,Los Angeles (SC),MCY,Gas,PMTW,NCAT,PM,0.0017733542722161552
2017,July,Los Angeles (SC),MCY,Gas,PMTW,NCAT,PM10,0.0017733542722161552
2017,July,Los Angeles (SC),MCY,Gas,PMTW,NCAT,PM2_5,0.0004433385680540388
2017,July,Los Angeles (SC),MCY,Gas,PMBW,CAT,PM,0.0057441755745876386
2017,July,Los Angeles (SC),MCY,Gas,PMBW,CAT,PM10,0.0056292920630958915
2017,July,Los Angeles (SC),MCY,Gas,PMBW,CAT,PM2_5,0.0024125537413268094
2017,July,Los Angeles (SC),MCY,Gas,PMBW,NCAT,PM,0.005320062816648463
2017,July,Los Angeles (SC),MCY,Gas,PMBW,NCAT,PM10,0.005213661560315489
2017,July,Los Angeles (SC),MCY,Gas,PMBW,NCAT,PM2_5,0.0022344263829923556
2017,July,Los Angeles (SC),MH,Gas,RUNEX,CAT,CO,0.8317723712607024
2017,July,Los Angeles (SC),MH,Gas,RUNEX,CAT,NOx,0.11462381950295457
2017,July,Los Angeles (SC),MH,Gas,RUNEX,CAT,SOx,0.0035041208934860116
2017,July,Los Angeles (SC),MH,Gas,RUNEX,CAT,PM,0.0004387332062700249
2017,July,Los Angeles (SC),MH,Gas,RUNEX,CAT,TOG,0.037444654004616267
2017,July,Los Angeles (SC),MH,Gas,RUNEX,CAT,PM10,0.00039222748640540243
2017,July,Los Angeles (SC),MH,Gas,RUNEX,CAT,PM2_5,0.0003606386955539609
2017,July,Los Angeles (SC),MH,Gas,RUNEX,NCAT,CO,0.184994045370085
2017,July,Los Angeles (SC),MH,Gas,RUNEX,NCAT,NOx,0.005180588294488353
2017,July,Los Angeles (SC),MH,Gas,RUNEX,NCAT,SOx,2.8383260756858684e-05
2017,July,Los Angeles (SC),MH,Gas,RUNEX,NCAT,PM,5.403624891966108e-05
2017,July,Los Angeles (SC),MH,Gas,RUNEX,NCAT,TOG,0.008118238222369985
2017,July,Los Angeles (SC),MH,Gas,RUNEX,NCAT,PM10,5.192883521179432e-05
2017,July,Los Angeles (SC),MH,Gas,RUNEX,NCAT,PM2_5,4.955124025932925e-05
2017,July,Los Angeles (SC),MH,Gas,STREX,CAT,CO,0.00683892696988088
2017,July,Los Angeles (SC),MH,Gas,STREX,CAT,NOx,0.0006083963517419947
2017,July,Los Angeles (SC),MH,Gas,STREX,CAT,SOx,5.556079380761102e-07
2017,July,Los Angeles (SC),MH,Gas,STREX,CAT,PM,1.1587262151033784e-06
2017,July,Los Angeles (SC),MH,Gas,STREX,CAT,TOG,0.0003406214919518505
2017,July,Los Angeles (SC),MH,Gas,STREX,CAT,PM10,1.0359012363024203e-06
2017,July,Los Angeles (SC),MH,Gas,STREX,CAT,PM2_5,9.524729488149762e-07
2017,July,Los Angeles (SC),MH,Gas,STREX,NCAT,CO,3.998333599911642e-06
2017,July,Los Angeles (SC),MH,Gas,STREX,NCAT,NOx,1.5177558167830006e-05
2017,July,Los Angeles (SC),MH,Gas,STREX,NCAT,SOx,3.760019298675006e-08
2017,July,Los Angeles (SC),MH,Gas,STREX,NCAT,PM,4.514011543053651e-07
2017,July,Los Angeles (SC),MH,Gas,STREX,NCAT,TOG,8.359863233629186e-05
2017,July,Los Angeles (SC),MH,Gas,STREX,NCAT,PM10,4.3379650928745585e-07
2017,July,Los Angeles (SC),MH,Gas,STREX,NCAT,PM2_5,4.1393485849801985e-07
2017,July,Los Angeles (SC),MH,Gas,HOTSOAK,CAT,TOG,0.0002506489521260261
2017,July,Los Angeles (SC),MH,Gas,HOTSOAK,NCAT,TOG,1.6882159663450645e-05
2017,July,Los Angeles (SC),MH,Gas,RUNLOSS,CAT,TOG,0.006061817875745289
2017,July,Los Angeles (SC),MH,Gas,RUNLOSS,NCAT,TOG,0.00010135506084242564
2017,July,Los Angeles (SC),MH,Gas,RESTLOSS,CAT,TOG,0.0021506185190118643
2017,July,Los Angeles (SC),MH,Gas,RESTLOSS,NCAT,TOG,0.00013791815216292072
2017,July,Los Angeles (SC),MH,Gas,DIURN,CAT,TOG,0.005451648860974029
2017,July,Los Angeles (SC),MH,Gas,DIURN,NCAT,TOG,0.0002928998783063169
2017,July,Los Angeles (SC),MH,Gas,PMTW,CAT,PM,0.002443386074100264
2017,July,Los Angeles (SC),MH,Gas,PMTW,CAT,PM10,0.002443386074100264
2017,July,Los Angeles (SC),MH,Gas,PMTW,CAT,PM2_5,0.000610846518525066
2017,July,Los Angeles (SC),MH,Gas,PMTW,NCAT,PM,1.7301119152098123e-05
2017,July,Los Angeles (SC),MH,Gas,PMTW,NCAT,PM10,1.7301119152098123e-05
2017,July,Los Angeles (SC),MH,Gas,PMTW,NCAT,PM2_5,4.325279788024531e-06
2017,July,Los Angeles (SC),MH,Gas,PMBW,CAT,PM,0.027080862321277953
2017,July,Los Angeles (SC),MH,Gas,PMBW,CAT,PM10,0.02653924507485236
2017,July,Los Angeles (SC),MH,Gas,PMBW,CAT,PM2_5,0.011373962174936737
2017,July,Los Angeles (SC),MH,Gas,PMBW,NCAT,PM,0.0001917540706024209
2017,July,Los Angeles (SC),MH,Gas,PMBW,NCAT,PM10,0.00018791898919037257
2017,July,Los Angeles (SC),MH,Gas,PMBW,NCAT,PM2_5,8.05367096530168e-05
2017,July,Los Angeles (SC),MH,Dsl,RUNEX,DSL,CO,0.019917284479882467
2017,July,Los Angeles (SC),MH,Dsl,RUNEX,DSL,NOx,0.22503155197520935
2017,July,Los Angeles (SC),MH,Dsl,RUNEX,DSL,SOx,0.00048292852231692054
2017,July,Los Angeles (SC),MH,Dsl,RUNEX,DSL,PM,0.007118195288164154
2017,July,Los Angeles (SC),MH,Dsl,RUNEX,DSL,TOG,0.004985655035900366
2017,July,Los Angeles (SC),MH,Dsl,RUNEX,DSL,PM10,0.007075486116435171
2017,July,Los Angeles (SC),MH,Dsl,RUNEX,DSL,PM2_5,0.006769403719044114
2017,July,Los Angeles (SC),MH,Dsl,PMTW,DSL,PM,0.0008125139737337112
2017,July,Los Angeles (SC),MH,Dsl,PMTW,DSL,PM10,0.0008125139737337112
2017,July,Los Angeles (SC),MH,Dsl,PMTW,DSL,PM2_5,0.0002031284934334278
2017,July,Los Angeles (SC),MH,Dsl,PMBW,DSL,PM,0.006754022406661476
2017,July,Los Angeles (SC),MH,Dsl,PMBW,DSL,PM10,0.006618941958528245
2017,July,Los Angeles (SC),MH,Dsl,PMBW,DSL,PM2_5,0.0028366894107978184
2017,July,Los Angeles (SC),UBUS,Gas,RUNEX,CAT,CO,0.013723187542926757
2017,July,Los Angeles (SC),UBUS,Gas,RUNEX,CAT,NOx,0.009301102227031018
2017,July,Los Angeles (SC),UBUS,Gas,RUNEX,CAT,SOx,0.0007276667371272045
2017,July,Los Angeles (SC),UBUS,Gas,RUNEX,CAT,PM,1.3296823302586812e-05
2017,July,Los Angeles (SC),UBUS,Gas,RUNEX,CAT,TOG,0.0010260549549630917
2017,July,Los Angeles (SC),UBUS,Gas,RUNEX,CAT,PM10,1.1887360032512602e-05
2017,July,Los Angeles (SC),UBUS,Gas,RUNEX,CAT,PM2_5,1.092998875472635e-05
2017,July,Los Angeles (SC),UBUS,Gas,STREX,CAT,CO,0.012079233599117166
2017,July,Los Angeles (SC),UBUS,Gas,STREX,CAT,NOx,0.001704185364418063
2017,July,Los Angeles (SC),UBUS,Gas,STREX,CAT,SOx,1.7140030753831294e-06
2017,July,Los Angeles (SC),UBUS,Gas,STREX,CAT,PM,2.975103661943447e-07
2017,July,Los Angeles (SC),UBUS,Gas,STREX,CAT,TOG,0.0010208965532087942
2017,July,Los Angeles (SC),UBUS,Gas,STREX,CAT,PM10,2.6597426737774415e-07
2017,July,Los Angeles (SC),UBUS,Gas,STREX,CAT,PM2_5,2.4455352101175133e-07
2017,July,Los Angeles (SC),UBUS,Gas,HOTSOAK,CAT,TOG,0.00016834000499065712
2017,July,Los Angeles (SC),UBUS,Gas,RUNLOSS,CAT,TOG,0.000822281015371736
2017,July,Los Angeles (SC),UBUS,Gas,RESTLOSS,CAT,TOG,1.3099009781592695e-05
2017,July,Los Angeles (SC),UBUS,Gas,DIURN,CAT,TOG,1.68772131647076e-05
2017,July,Los Angeles (SC),UBUS,Gas,PMTW,CAT,PM,0.0004006092736657447
2017,July,Los Angeles (SC),UBUS,Gas,PMTW,CAT,PM10,0.0004006092736657447
2017,July,Los Angeles (SC),UBUS,Gas,PMTW,CAT,PM2_5,0.00010015231841643618
2017,July,Los Angeles (SC),UBUS,Gas,PMBW,CAT,PM,0.004453659344970639
2017,July,Los Angeles (SC),UBUS,Gas,PMBW,CAT,PM10,0.004364586158071225
2017,July,Los Angeles (SC),UBUS,Gas,PMBW,CAT,PM2_5,0.0018705369248876666
2017,July,Los Angeles (SC),UBUS,Dsl,RUNEX,DSL,CO,0.003523710180030632
2017,July,Los Angeles (SC),UBUS,Dsl,RUNEX,DSL,NOx,0.03369591723132747
2017,July,Los Angeles (SC),UBUS,Dsl,RUNEX,DSL,SOx,8.269185639879139e-05
2017,July,Los Angeles (SC),UBUS,Dsl,RUNEX,DSL,PM,4.78216441069652e-05
2017,July,Los Angeles (SC),UBUS,Dsl,RUNEX,DSL,TOG,0.0003920406448610764
2017,July,Los Angeles (SC),UBUS,Dsl,RUNEX,DSL,PM10,4.753471424232344e-05
2017,July,Los Angeles (SC),UBUS,Dsl,RUNEX,DSL,PM2_5,4.5478383545723936e-05
2017,July,Los Angeles (SC),UBUS,Dsl,PMTW,DSL,PM,0.00015411788497365398
2017,July,Los Angeles (SC),UBUS,Dsl,PMTW,DSL,PM10,0.00015411788497365398
2017,July,Los Angeles (SC),UBUS,Dsl,PMTW,DSL,PM2_5,3.8529471243413496e-05
2017,July,Los Angeles (SC),UBUS,Dsl,PMBW,DSL,PM,0.00039418418323462567
2017,July,Los Angeles (SC),UBUS,Dsl,PMBW,DSL,PM10,0.00038630049956993356
2017,July,Los Angeles (SC),UBUS,Dsl,PMBW,DSL,PM2_5,0.00016555735695854287
2017,July,Los Angeles (SC),UBUS,Elec,PMTW,CAT,PM,1.4159016638135842e-05
2017,July,Los Angeles (SC),UBUS,Elec,PMTW,CAT,PM10,1.4159016638135842e-05
2017,July,Los Angeles (SC),UBUS,Elec,PMTW,CAT,PM2_5,3.5397541595339605e-06
2017,July,Los Angeles (SC),UBUS,Elec,PMBW,CAT,PM,0.00015692910107267225
2017,July,Los Angeles (SC),UBUS,Elec,PMBW,CAT,PM10,0.00015379051905121878
2017,July,Los Angeles (SC),UBUS,Elec,PMBW,CAT,PM2_5,6.591022245052234e-05
2017,July,Los Angeles (SC),UBUS,NG,RUNEX,DSL,CO,18.004943650148203
2017,July,Los Angeles (SC),UBUS,NG,RUNEX,DSL,NOx,1.4542591477086277
2017,July,Los Angeles (SC),UBUS,NG,RUNEX,DSL,PM,0.0024053537846795894
2017,July,Los Angeles (SC),UBUS,NG,RUNEX,DSL,TOG,3.7152606424229617
2017,July,Los Angeles (SC),UBUS,NG,RUNEX,DSL,PM10,0.002390921661971509
2017,July,Los Angeles (SC),UBUS,NG,RUNEX,DSL,PM2_5,0.002287491449230286
2017,July,Los Angeles (SC),UBUS,NG,PMTW,DSL,PM,0.015553109895176468
2017,July,Los Angeles (SC),UBUS,NG,PMTW,DSL,PM10,0.015553109895176468
2017,July,Los Angeles (SC),UBUS,NG,PMTW,DSL,PM2_5,0.003888277473794117
2017,July,Los Angeles (SC),UBUS,NG,PMBW,DSL,PM,0.032505616022985045
2017,July,Los Angeles (SC),UBUS,NG,PMBW,DSL,PM10,0.031855503702525316
2017,July,Los Angeles (SC),UBUS,NG,PMBW,DSL,PM2_5,0.01365235872965373
2017,July,Los Angeles (SC),SBUS,Dsl,RUNEX,DSL,CO,0.043386267665645295
2017,July,Los Angeles (SC),SBUS,Dsl,RUNEX,DSL,NOx,0.8839906871738444
2017,July,Los Angeles (SC),SBUS,Dsl,RUNEX,DSL,PM,0.006537965987407118
2017,July,Los Angeles (SC),SBUS,Dsl,RUNEX,DSL,PM10,0.006498738191482675
2017,July,Los Angeles (SC),SBUS,Dsl,RUNEX,DSL,PM2_5,0.0062176056540241735
2017,July,Los Angeles (SC),SBUS,Dsl,IDLEX,DSL,CO,0.018409741596277673
2017,July,Los Angeles (SC),SBUS,Dsl,IDLEX,DSL,NOx,0.172395891988407
2017,July,Los Angeles (SC),SBUS,Dsl,IDLEX,DSL,PM,0.000271744373532703
2017,July,Los Angeles (SC),SBUS,Dsl,IDLEX,DSL,PM10,0.0002701139072915069
2017,July,Los Angeles (SC),SBUS,Dsl,IDLEX,DSL,PM2_5,0.00025842889922960045
2017,July,Los Angeles (SC),SBUS,Dsl,STREX,DSL,NOx,0.02768012221613225
2017,July,Los Angeles (SC),SBUS,Dsl,PMTW,DSL,PM,0.0014018489704683056
2017,July,Los Angeles (SC),SBUS,Dsl,PMTW,DSL,PM10,0.0014018489704683056
2017,July,Los Angeles (SC),SBUS,Dsl,PMTW,DSL,PM2_5,0.0003504622426170764
2017,July,Los Angeles (SC),SBUS,Dsl,PMBW,DSL,PM,0.08878376812965932
2017,July,Los Angeles (SC),SBUS,Dsl,PMBW,DSL,PM10,0.08700809276706611
2017,July,Los Angeles (SC),SBUS,Dsl,PMBW,DSL,PM2_5,0.037289182614456864
2017,July,Los Angeles (SC),SBUS,Dsl,RUNEX,DSL,SOx,0.001405041653542753
2017,July,Los Angeles (SC),SBUS,Dsl,IDLEX,DSL,SOx,0.00013198345779694346
2017,July,Los Angeles (SC),SBUS,Dsl,RUNEX,DSL,TOG,0.01824495473937582
2017,July,Los Angeles (SC),SBUS,Dsl,IDLEX,DSL,TOG,0.0014642532453245079
2017,     ,Los Angeles (SC),LDA,Dsl,RUNEX,DSL,NH3,0.002559621
2017,     ,Los Angeles (SC),LDA,Gas,RUNEX,CAT,NH3,4.173273897
2017,     ,Los Angeles (SC),LDT1,Dsl,RUNEX,DSL,NH3,2.99661e-05
2017,     ,Los Angeles (SC),LDT1,Gas,RUNEX,CAT,NH3,0.500904833
2017,     ,Los Angeles (SC),LDT2,Dsl,RUNEX,DSL,NH3,0.000581678
2017,     ,Los Angeles (SC),LDT2,Gas,RUNEX,CAT,NH3,1.425427572
2017,     ,Los Angeles (SC),LHD1,Dsl,RUNEX,DSL,NH3,0.140896367
2017,     ,Los Angeles (SC),LHD1,Gas,RUNEX,CAT,NH3,0.119319748
2017,     ,Los Angeles (SC),LHD2,Dsl,RUNEX,DSL,NH3,0.057040332
2017,     ,Los Angeles (SC),LHD2,Gas,RUNEX,CAT,NH3,0.017864688
2017,     ,Los Angeles (SC),MCY,Gas,RUNEX,CAT,NH3,0.01514601
2017,     ,Los Angeles (SC),MDV,Dsl,RUNEX,DSL,NH3,0.001189714
2017,     ,Los Angeles (SC),MDV,Gas,RUNEX,CAT,NH3,0.944687397
2017,     ,Los Angeles (SC),MH,Dsl,RUNEX,DSL,NH3,0.001371764
2017,     ,Los Angeles (SC),MH,Gas,RUNEX,CAT,NH3,0.008966271
2017,     ,Los Angeles (SC),OBUS,Gas,RUNEX,CAT,NH3,0.009517221
2017,     ,Los Angeles (SC),SBUS,Gas,RUNEX,CAT,NH3,0.00191042
2017,     ,Los Angeles (SC),T6TS,Gas,RUNEX,CAT,NH3,0.030016771
2017,     ,Los Angeles (SC),T7IS,Gas,RUNEX,CAT,NH3,0.000231978
2017,     ,Los Angeles (SC),UBUS,Dsl,RUNEX,DSL,NH3,0.000300561
2017,     ,Los Angeles (SC),UBUS,Gas,RUNEX,CAT,NH3,0.00149393
2017,     ,Los Angeles (SC),UBUS,NG,RUNEX,DSL,NH3,0.012523601
