calendar_year,season_month,sub_area,vehicle_class,fuel,process,cat_ncat,pollutant,emission
2017,July,Mariposa (MC),LDA,Gas,RUNEX,CAT,CO,0.4378567230294983
2017,July,Mariposa (MC),LDA,Gas,RUNEX,CAT,NOx,0.02907003971923024
2017,July,Mariposa (MC),LDA,Gas,RUNEX,CAT,SOx,0.0006648292453931097
2017,July,Mariposa (MC),LDA,Gas,RUNEX,CAT,PM,0.0005486031581315758
2017,July,Mariposa (MC),LDA,Gas,RUNEX,CAT,TOG,0.016391815522905903
2017,July,Mariposa (MC),LDA,Gas,RUNEX,CAT,PM10,0.0004906330468647489
2017,July,Mariposa (MC),LDA,Gas,RUNEX,CAT,PM2_5,0.00045120960541753343
2017,July,Mariposa (MC),LDA,Gas,RUNEX,NCAT,CO,0.012592578538145754
2017,July,Mariposa (MC),LDA,Gas,RUNEX,NCAT,NOx,0.0010404347259216301
2017,July,Mariposa (MC),LDA,Gas,RUNEX,NCAT,SOx,1.3117659772398154e-06
2017,July,Mariposa (MC),LDA,Gas,RUNEX,NCAT,PM,1.325932147161251e-05
2017,July,Mariposa (MC),LDA,Gas,RUNEX,NCAT,TOG,0.0012403533100926695
2017,July,Mariposa (MC),LDA,Gas,RUNEX,NCAT,PM10,1.2560384439100285e-05
2017,July,Mariposa (MC),LDA,Gas,RUNEX,NCAT,PM2_5,1.1900988356090507e-05
2017,July,Mariposa (MC),LDA,Gas,STREX,CAT,CO,0.055338727341983515
2017,July,Mariposa (MC),LDA,Gas,STREX,CAT,NOx,0.007603072487243851
2017,July,Mariposa (MC),LDA,Gas,STREX,CAT,SOx,1.4418242713159482e-05
2017,July,Mariposa (MC),LDA,Gas,STREX,CAT,PM,7.831091237695793e-05
2017,July,Mariposa (MC),LDA,Gas,STREX,CAT,TOG,0.012858741922953616
2017,July,Mariposa (MC),LDA,Gas,STREX,CAT,PM10,7.005945778162695e-05
2017,July,Mariposa (MC),LDA,Gas,STREX,CAT,PM2_5,6.444175954221051e-05
2017,July,Mariposa (MC),LDA,Gas,STREX,NCAT,CO,0.001503288310287779
2017,July,Mariposa (MC),LDA,Gas,STREX,NCAT,NOx,7.7259432159786e-05
2017,July,Mariposa (MC),LDA,Gas,STREX,NCAT,SOx,1.2737783267911395e-07
2017,July,Mariposa (MC),LDA,Gas,STREX,NCAT,PM,3.5562139224920684e-06
2017,July,Mariposa (MC),LDA,Gas,STREX,NCAT,TOG,0.00022527630645895937
2017,July,Mariposa (MC),LDA,Gas,STREX,NCAT,PM10,3.3680194628883926e-06
2017,July,Mariposa (MC),LDA,Gas,STREX,NCAT,PM2_5,3.1908585985742457e-06
2017,July,Mariposa (MC),LDA,Gas,HOTSOAK,CAT,TOG,0.007994575472085303
2017,July,Mariposa (MC),LDA,Gas,HOTSOAK,NCAT,TOG,0.00024029329039410802
2017,July,Mariposa (MC),LDA,Gas,RUNLOSS,CAT,TOG,0.01170957560594537
2017,July,Mariposa (MC),LDA,Gas,RUNLOSS,NCAT,TOG,0.0009803407966512904
2017,July,Mariposa (MC),LDA,Gas,RESTLOSS,CAT,TOG,0.005317974982065754
2017,July,Mariposa (MC),LDA,Gas,RESTLOSS,NCAT,TOG,0.00020407333002435724
2017,July,Mariposa (MC),LDA,Gas,DIURN,CAT,TOG,0.007368802033878354
2017,July,Mariposa (MC),LDA,Gas,DIURN,NCAT,TOG,0.000277888642516309
2017,July,Mariposa (MC),LDA,Gas,PMTW,CAT,PM,0.001576070847831944
2017,July,Mariposa (MC),LDA,Gas,PMTW,CAT,PM10,0.001576070847831944
2017,July,Mariposa (MC),LDA,Gas,PMTW,CAT,PM2_5,0.000394017711957986
2017,July,Mariposa (MC),LDA,Gas,PMTW,NCAT,PM,1.6646063030277613e-06
2017,July,Mariposa (MC),LDA,Gas,PMTW,NCAT,PM10,1.6646063030277613e-06
2017,July,Mariposa (MC),LDA,Gas,PMTW,NCAT,PM2_5,4.161515757569403e-07
2017,July,Mariposa (MC),LDA,Gas,PMBW,CAT,PM,0.007387832099212242
2017,July,Mariposa (MC),LDA,Gas,PMBW,CAT,PM10,0.00724007545722799
2017,July,Mariposa (MC),LDA,Gas,PMBW,CAT,PM2_5,0.0031028894816691366
2017,July,Mariposa (MC),LDA,Gas,PMBW,NCAT,PM,7.802842045442624e-06
2017,July,Mariposa (MC),LDA,Gas,PMBW,NCAT,PM10,7.646785204533773e-06
2017,July,Mariposa (MC),LDA,Gas,PMBW,NCAT,PM2_5,3.277193659085903e-06
2017,July,Mariposa (MC),LDA,Dsl,RUNEX,DSL,CO,0.0019346506855055733
2017,July,Mariposa (MC),LDA,Dsl,RUNEX,DSL,NOx,0.0015453804245925311
2017,July,Mariposa (MC),LDA,Dsl,RUNEX,DSL,SOx,8.563999017509865e-06
2017,July,Mariposa (MC),LDA,Dsl,RUNEX,DSL,PM,0.00011936671178464818
2017,July,Mariposa (MC),LDA,Dsl,RUNEX,DSL,TOG,0.00022888957289833592
2017,July,Mariposa (MC),LDA,Dsl,RUNEX,DSL,PM10,0.00011865051151394014
2017,July,Mariposa (MC),LDA,Dsl,RUNEX,DSL,PM2_5,0.0001135177429072003
2017,July,Mariposa (MC),LDA,Dsl,PMTW,DSL,PM,2.9069861644439056e-05
2017,July,Mariposa (MC),LDA,Dsl,PMTW,DSL,PM10,2.9069861644439056e-05
2017,July,Mariposa (MC),LDA,Dsl,PMTW,DSL,PM2_5,7.267465411109764e-06
2017,July,Mariposa (MC),LDA,Dsl,PMBW,DSL,PM,0.00013626497645830805
2017,July,Mariposa (MC),LDA,Dsl,PMBW,DSL,PM10,0.00013353967692914198
2017,July,Mariposa (MC),LDA,Dsl,PMBW,DSL,PM2_5,5.723129011248939e-05
2017,July,Mariposa (MC),LDA,Elec,HOTSOAK,CAT,TOG,4.1591820393596656e-07
2017,July,Mariposa (MC),LDA,Elec,RESTLOSS,CAT,TOG,3.50045165883531e-07
2017,July,Mariposa (MC),LDA,Elec,DIURN,CAT,TOG,8.059053920656457e-07
2017,July,Mariposa (MC),LDA,Elec,PMTW,CAT,PM,5.3333845045464355e-06
2017,July,Mariposa (MC),LDA,Elec,PMTW,CAT,PM10,5.3333845045464355e-06
2017,July,Mariposa (MC),LDA,Elec,PMTW,CAT,PM2_5,1.3333461261366089e-06
2017,July,Mariposa (MC),LDA,Elec,PMBW,CAT,PM,2.5000239865061405e-05
2017,July,Mariposa (MC),LDA,Elec,PMBW,CAT,PM10,2.4500235067760175e-05
2017,July,Mariposa (MC),LDA,Elec,PMBW,CAT,PM2_5,1.0500100743325792e-05
2017,July,Mariposa (MC),LDT1,Gas,RUNEX,CAT,CO,0.24321366110818446
2017,July,Mariposa (MC),LDT1,Gas,RUNEX,CAT,NOx,0.020234440103497543
2017,July,Mariposa (MC),LDT1,Gas,RUNEX,CAT,SOx,0.00018311362346651314
2017,July,Mariposa (MC),LDT1,Gas,RUNEX,CAT,PM,0.00029210982911439984
2017,July,Mariposa (MC),LDT1,Gas,RUNEX,CAT,TOG,0.009659661243128441
2017,July,Mariposa (MC),LDT1,Gas,RUNEX,CAT,PM10,0.00026132076224784915
2017,July,Mariposa (MC),LDT1,Gas,RUNEX,CAT,PM2_5,0.00024036181127621122
2017,July,Mariposa (MC),LDT1,Gas,RUNEX,NCAT,CO,0.00825004705593123
2017,July,Mariposa (MC),LDT1,Gas,RUNEX,NCAT,NOx,0.000652405697874769
2017,July,Mariposa (MC),LDT1,Gas,RUNEX,NCAT,SOx,8.468739199856441e-07
2017,July,Mariposa (MC),LDT1,Gas,RUNEX,NCAT,PM,8.758329161250799e-06
2017,July,Mariposa (MC),LDT1,Gas,RUNEX,NCAT,TOG,0.0007825082232383119
2017,July,Mariposa (MC),LDT1,Gas,RUNEX,NCAT,PM10,8.242179304386353e-06
2017,July,Mariposa (MC),LDT1,Gas,RUNEX,NCAT,PM2_5,7.783856096692546e-06
2017,July,Mariposa (MC),LDT1,Gas,STREX,CAT,CO,0.020610611598025134
2017,July,Mariposa (MC),LDT1,Gas,STREX,CAT,NOx,0.003847373677246489
2017,July,Mariposa (MC),LDT1,Gas,STREX,CAT,SOx,4.9597959538269265e-06
2017,July,Mariposa (MC),LDT1,Gas,STREX,CAT,PM,4.600788344079359e-05
2017,July,Mariposa (MC),LDT1,Gas,STREX,CAT,TOG,0.006745878321737282
2017,July,Mariposa (MC),LDT1,Gas,STREX,CAT,PM10,4.119055595441664e-05
2017,July,Mariposa (MC),LDT1,Gas,STREX,CAT,PM2_5,3.790285742777972e-05
2017,July,Mariposa (MC),LDT1,Gas,STREX,NCAT,CO,0.001552712829519392
2017,July,Mariposa (MC),LDT1,Gas,STREX,NCAT,NOx,6.431398974104768e-05
2017,July,Mariposa (MC),LDT1,Gas,STREX,NCAT,SOx,1.1259029718573587e-07
2017,July,Mariposa (MC),LDT1,Gas,STREX,NCAT,PM,3.160282474621145e-06
2017,July,Mariposa (MC),LDT1,Gas,STREX,NCAT,TOG,0.00020214378888219409
2017,July,Mariposa (MC),LDT1,Gas,STREX,NCAT,PM10,2.9775232997638236e-06
2017,July,Mariposa (MC),LDT1,Gas,STREX,NCAT,PM2_5,2.81360178978021e-06
2017,July,Mariposa (MC),LDT1,Gas,HOTSOAK,CAT,TOG,0.0055577966670575935
2017,July,Mariposa (MC),LDT1,Gas,HOTSOAK,NCAT,TOG,0.0001974059077407423
2017,July,Mariposa (MC),LDT1,Gas,RUNLOSS,CAT,TOG,0.018310148717845157
2017,July,Mariposa (MC),LDT1,Gas,RUNLOSS,NCAT,TOG,0.0003910199644078954
2017,July,Mariposa (MC),LDT1,Gas,RESTLOSS,CAT,TOG,0.00391015594301194
2017,July,Mariposa (MC),LDT1,Gas,RESTLOSS,NCAT,TOG,0.00017544580605478679
2017,July,Mariposa (MC),LDT1,Gas,DIURN,CAT,TOG,0.005836243754933202
2017,July,Mariposa (MC),LDT1,Gas,DIURN,NCAT,TOG,0.00023149013634338788
2017,July,Mariposa (MC),LDT1,Gas,PMTW,CAT,PM,0.00036742963658798486
2017,July,Mariposa (MC),LDT1,Gas,PMTW,CAT,PM10,0.00036742963658798486
2017,July,Mariposa (MC),LDT1,Gas,PMTW,CAT,PM2_5,9.185740914699622e-05
2017,July,Mariposa (MC),LDT1,Gas,PMTW,NCAT,PM,1.0994470472700367e-06
2017,July,Mariposa (MC),LDT1,Gas,PMTW,NCAT,PM10,1.0994470472700367e-06
2017,July,Mariposa (MC),LDT1,Gas,PMTW,NCAT,PM2_5,2.748617618175092e-07
2017,July,Mariposa (MC),LDT1,Gas,PMBW,CAT,PM,0.0017223264215061771
2017,July,Mariposa (MC),LDT1,Gas,PMBW,CAT,PM10,0.0016878798930760545
2017,July,Mariposa (MC),LDT1,Gas,PMBW,CAT,PM2_5,0.0007233770970325952
2017,July,Mariposa (MC),LDT1,Gas,PMBW,NCAT,PM,5.153658034078293e-06
2017,July,Mariposa (MC),LDT1,Gas,PMBW,NCAT,PM10,5.050584873396725e-06
2017,July,Mariposa (MC),LDT1,Gas,PMBW,NCAT,PM2_5,2.164536374312883e-06
2017,July,Mariposa (MC),LDT2,Gas,RUNEX,CAT,CO,0.38760115627314523
2017,July,Mariposa (MC),LDT2,Gas,RUNEX,CAT,NOx,0.03918795283529976
2017,July,Mariposa (MC),LDT2,Gas,RUNEX,CAT,SOx,0.0005464712538144294
2017,July,Mariposa (MC),LDT2,Gas,RUNEX,CAT,PM,0.00038366144009422586
2017,July,Mariposa (MC),LDT2,Gas,RUNEX,CAT,TOG,0.014885619597718714
2017,July,Mariposa (MC),LDT2,Gas,RUNEX,CAT,PM10,0.00034312425608911366
2017,July,Mariposa (MC),LDT2,Gas,RUNEX,CAT,PM2_5,0.0003155553488509342
2017,July,Mariposa (MC),LDT2,Gas,RUNEX,NCAT,CO,0.007159937946494271
2017,July,Mariposa (MC),LDT2,Gas,RUNEX,NCAT,NOx,0.000563187971633441
2017,July,Mariposa (MC),LDT2,Gas,RUNEX,NCAT,SOx,7.249236973775626e-07
2017,July,Mariposa (MC),LDT2,Gas,RUNEX,NCAT,PM,7.436900708183256e-06
2017,July,Mariposa (MC),LDT2,Gas,RUNEX,NCAT,TOG,0.0006658566620389504
2017,July,Mariposa (MC),LDT2,Gas,RUNEX,NCAT,PM10,7.015932935688757e-06
2017,July,Mariposa (MC),LDT2,Gas,RUNEX,NCAT,PM2_5,6.633992855924065e-06
2017,July,Mariposa (MC),LDT2,Gas,STREX,CAT,CO,0.046986717763784346
2017,July,Mariposa (MC),LDT2,Gas,STREX,CAT,NOx,0.009424434500974486
2017,July,Mariposa (MC),LDT2,Gas,STREX,CAT,SOx,1.2992590937653132e-05
2017,July,Mariposa (MC),LDT2,Gas,STREX,CAT,PM,5.5838361544526715e-05
2017,July,Mariposa (MC),LDT2,Gas,STREX,CAT,TOG,0.011938555057997135
2017,July,Mariposa (MC),LDT2,Gas,STREX,CAT,PM10,4.99644739895696e-05
2017,July,Mariposa (MC),LDT2,Gas,STREX,CAT,PM2_5,4.596290905575713e-05
2017,July,Mariposa (MC),LDT2,Gas,STREX,NCAT,CO,0.0013224908800066233
2017,July,Mariposa (MC),LDT2,Gas,STREX,NCAT,NOx,5.670238525627547e-05
2017,July,Mariposa (MC),LDT2,Gas,STREX,NCAT,SOx,9.797148265898688e-08
2017,July,Mariposa (MC),LDT2,Gas,STREX,NCAT,PM,2.7066499739516466e-06
2017,July,Mariposa (MC),LDT2,Gas,STREX,NCAT,TOG,0.0001722080063433101
2017,July,Mariposa (MC),LDT2,Gas,STREX,NCAT,PM10,2.556111856204767e-06
2017,July,Mariposa (MC),LDT2,Gas,STREX,NCAT,PM2_5,2.4182221599575005e-06
2017,July,Mariposa (MC),LDT2,Gas,HOTSOAK,CAT,TOG,0.0066314367720242805
2017,July,Mariposa (MC),LDT2,Gas,HOTSOAK,NCAT,TOG,0.00017275634574589433
2017,July,Mariposa (MC),LDT2,Gas,RUNLOSS,CAT,TOG,0.02147013077030324
2017,July,Mariposa (MC),LDT2,Gas,RUNLOSS,NCAT,TOG,0.0003312429222011286
2017,July,Mariposa (MC),LDT2,Gas,RESTLOSS,CAT,TOG,0.004674901281096908
2017,July,Mariposa (MC),LDT2,Gas,RESTLOSS,NCAT,TOG,0.0001508693809426673
2017,July,Mariposa (MC),LDT2,Gas,DIURN,CAT,TOG,0.006516882392257635
2017,July,Mariposa (MC),LDT2,Gas,DIURN,NCAT,TOG,0.0001999087456913163
2017,July,Mariposa (MC),LDT2,Gas,PMTW,CAT,PM,0.000988300347204056
2017,July,Mariposa (MC),LDT2,Gas,PMTW,CAT,PM10,0.000988300347204056
2017,July,Mariposa (MC),LDT2,Gas,PMTW,CAT,PM2_5,0.000247075086801014
2017,July,Mariposa (MC),LDT2,Gas,PMTW,NCAT,PM,9.335029593812635e-07
2017,July,Mariposa (MC),LDT2,Gas,PMTW,NCAT,PM10,9.335029593812635e-07
2017,July,Mariposa (MC),LDT2,Gas,PMTW,NCAT,PM2_5,2.3337573984531587e-07
2017,July,Mariposa (MC),LDT2,Gas,PMBW,CAT,PM,0.004632657877519021
2017,July,Mariposa (MC),LDT2,Gas,PMBW,CAT,PM10,0.004540004719968634
2017,July,Mariposa (MC),LDT2,Gas,PMBW,CAT,PM2_5,0.001945716308557985
2017,July,Mariposa (MC),LDT2,Gas,PMBW,NCAT,PM,4.375795122099674e-06
2017,July,Mariposa (MC),LDT2,Gas,PMBW,NCAT,PM10,4.288279219657681e-06
2017,July,Mariposa (MC),LDT2,Gas,PMBW,NCAT,PM2_5,1.8378339512818634e-06
2017,July,Mariposa (MC),MDV,Gas,RUNEX,CAT,CO,0.3404756617010603
2017,July,Mariposa (MC),MDV,Gas,RUNEX,CAT,NOx,0.03499111195043058
2017,July,Mariposa (MC),MDV,Gas,RUNEX,CAT,SOx,0.0005088203176208199
2017,July,Mariposa (MC),MDV,Gas,RUNEX,CAT,PM,0.0003292821105407292
2017,July,Mariposa (MC),MDV,Gas,RUNEX,CAT,TOG,0.014367332989339754
2017,July,Mariposa (MC),MDV,Gas,RUNEX,CAT,PM10,0.0002946196777515948
2017,July,Mariposa (MC),MDV,Gas,RUNEX,CAT,PM2_5,0.0002710122790163816
2017,July,Mariposa (MC),MDV,Gas,RUNEX,NCAT,CO,0.10706098055162226
2017,July,Mariposa (MC),MDV,Gas,RUNEX,NCAT,NOx,0.006326678683902834
2017,July,Mariposa (MC),MDV,Gas,RUNEX,NCAT,SOx,6.367592572099925e-06
2017,July,Mariposa (MC),MDV,Gas,RUNEX,NCAT,PM,4.685473509368715e-05
2017,July,Mariposa (MC),MDV,Gas,RUNEX,NCAT,TOG,0.005747711388244297
2017,July,Mariposa (MC),MDV,Gas,RUNEX,NCAT,PM10,4.478592949684951e-05
2017,July,Mariposa (MC),MDV,Gas,RUNEX,NCAT,PM2_5,4.262340792900865e-05
2017,July,Mariposa (MC),MDV,Gas,STREX,CAT,CO,0.05358742607293396
2017,July,Mariposa (MC),MDV,Gas,STREX,CAT,NOx,0.00909213605624059
2017,July,Mariposa (MC),MDV,Gas,STREX,CAT,SOx,1.2882704094198463e-05
2017,July,Mariposa (MC),MDV,Gas,STREX,CAT,PM,5.797896264352938e-05
2017,July,Mariposa (MC),MDV,Gas,STREX,CAT,TOG,0.012284698225541294
2017,July,Mariposa (MC),MDV,Gas,STREX,CAT,PM10,5.189752933443269e-05
2017,July,Mariposa (MC),MDV,Gas,STREX,CAT,PM2_5,4.774993101620736e-05
2017,July,Mariposa (MC),MDV,Gas,STREX,NCAT,CO,0.012014945646705447
2017,July,Mariposa (MC),MDV,Gas,STREX,NCAT,NOx,0.00047438837031641405
2017,July,Mariposa (MC),MDV,Gas,STREX,NCAT,SOx,6.521223741523983e-07
2017,July,Mariposa (MC),MDV,Gas,STREX,NCAT,PM,1.2146722317039032e-05
2017,July,Mariposa (MC),MDV,Gas,STREX,NCAT,TOG,0.0011069128898829519
2017,July,Mariposa (MC),MDV,Gas,STREX,NCAT,PM10,1.1608663415557127e-05
2017,July,Mariposa (MC),MDV,Gas,STREX,NCAT,PM2_5,1.1047320641498663e-05
2017,July,Mariposa (MC),MDV,Gas,HOTSOAK,CAT,TOG,0.005773251676925363
2017,July,Mariposa (MC),MDV,Gas,HOTSOAK,NCAT,TOG,0.0006702899179822755
2017,July,Mariposa (MC),MDV,Gas,RUNLOSS,CAT,TOG,0.018274435529708217
2017,July,Mariposa (MC),MDV,Gas,RUNLOSS,NCAT,TOG,0.0011715275847974998
2017,July,Mariposa (MC),MDV,Gas,RESTLOSS,CAT,TOG,0.004156689004578598
2017,July,Mariposa (MC),MDV,Gas,RESTLOSS,NCAT,TOG,0.0007429255584663907
2017,July,Mariposa (MC),MDV,Gas,DIURN,CAT,TOG,0.005553323159022229
2017,July,Mariposa (MC),MDV,Gas,DIURN,NCAT,TOG,0.0009539663327607843
2017,July,Mariposa (MC),MDV,Gas,PMTW,CAT,PM,0.0007790179565319972
2017,July,Mariposa (MC),MDV,Gas,PMTW,CAT,PM10,0.0007790179565319972
2017,July,Mariposa (MC),MDV,Gas,PMTW,CAT,PM2_5,0.0001947544891329993
2017,July,Mariposa (MC),MDV,Gas,PMTW,NCAT,PM,5.898116080939272e-06
2017,July,Mariposa (MC),MDV,Gas,PMTW,NCAT,PM10,5.898116080939272e-06
2017,July,Mariposa (MC),MDV,Gas,PMTW,NCAT,PM2_5,1.474529020234818e-06
2017,July,Mariposa (MC),MDV,Gas,PMBW,CAT,PM,0.0036516466712437335
2017,July,Mariposa (MC),MDV,Gas,PMBW,CAT,PM10,0.003578613737818858
2017,July,Mariposa (MC),MDV,Gas,PMBW,CAT,PM2_5,0.0015336916019223692
2017,July,Mariposa (MC),MDV,Gas,PMBW,NCAT,PM,2.7647419129402827e-05
2017,July,Mariposa (MC),MDV,Gas,PMBW,NCAT,PM10,2.7094470746814764e-05
2017,July,Mariposa (MC),MDV,Gas,PMBW,NCAT,PM2_5,1.1611916034349195e-05
2017,July,Mariposa (MC),LHD1,Gas,RUNEX,CAT,CO,0.10446942463353515
2017,July,Mariposa (MC),LHD1,Gas,RUNEX,CAT,NOx,0.014417485488149953
2017,July,Mariposa (MC),LHD1,Gas,RUNEX,CAT,SOx,0.00017814286722180416
2017,July,Mariposa (MC),LHD1,Gas,RUNEX,CAT,PM,0.00010679204802430643
2017,July,Mariposa (MC),LHD1,Gas,RUNEX,CAT,TOG,0.008115342205453941
2017,July,Mariposa (MC),LHD1,Gas,RUNEX,CAT,PM10,9.547209093373021e-05
2017,July,Mariposa (MC),LHD1,Gas,RUNEX,CAT,PM2_5,8.778306347598007e-05
2017,July,Mariposa (MC),LHD1,Gas,RUNEX,NCAT,CO,0.03050246444984916
2017,July,Mariposa (MC),LHD1,Gas,RUNEX,NCAT,NOx,0.0007170703121998398
2017,July,Mariposa (MC),LHD1,Gas,RUNEX,NCAT,SOx,3.4058383247068098e-06
2017,July,Mariposa (MC),LHD1,Gas,RUNEX,NCAT,PM,1.5505087541803482e-05
2017,July,Mariposa (MC),LHD1,Gas,RUNEX,NCAT,TOG,0.0016706877406968638
2017,July,Mariposa (MC),LHD1,Gas,RUNEX,NCAT,PM10,1.4900389127673144e-05
2017,July,Mariposa (MC),LHD1,Gas,RUNEX,NCAT,PM2_5,1.421816527583379e-05
2017,July,Mariposa (MC),LHD1,Gas,IDLEX,CAT,CO,0.0019782829893040398
2017,July,Mariposa (MC),LHD1,Gas,IDLEX,CAT,NOx,2.2267528884459904e-05
2017,July,Mariposa (MC),LHD1,Gas,IDLEX,CAT,SOx,6.726042836740348e-07
2017,July,Mariposa (MC),LHD1,Gas,IDLEX,CAT,TOG,0.00036865422535207614
2017,July,Mariposa (MC),LHD1,Gas,IDLEX,NCAT,CO,5.6513508754740694e-05
2017,July,Mariposa (MC),LHD1,Gas,IDLEX,NCAT,NOx,6.390669874747063e-07
2017,July,Mariposa (MC),LHD1,Gas,IDLEX,NCAT,SOx,2.0823616081405377e-08
2017,July,Mariposa (MC),LHD1,Gas,IDLEX,NCAT,TOG,1.0157833532444e-05
2017,July,Mariposa (MC),LHD1,Gas,STREX,CAT,CO,0.02169796018768274
2017,July,Mariposa (MC),LHD1,Gas,STREX,CAT,NOx,0.003952322425662605
2017,July,Mariposa (MC),LHD1,Gas,STREX,CAT,SOx,1.619105188262717e-06
2017,July,Mariposa (MC),LHD1,Gas,STREX,CAT,PM,9.191203605072359e-06
2017,July,Mariposa (MC),LHD1,Gas,STREX,CAT,TOG,0.001838884475973662
2017,July,Mariposa (MC),LHD1,Gas,STREX,CAT,PM10,8.216936022934685e-06
2017,July,Mariposa (MC),LHD1,Gas,STREX,CAT,PM2_5,7.5551693633694665e-06
2017,July,Mariposa (MC),LHD1,Gas,STREX,NCAT,CO,2.391136441476259e-05
2017,July,Mariposa (MC),LHD1,Gas,STREX,NCAT,NOx,9.17026331569768e-05
2017,July,Mariposa (MC),LHD1,Gas,STREX,NCAT,SOx,1.6716000567020827e-07
2017,July,Mariposa (MC),LHD1,Gas,STREX,NCAT,PM,3.8548875079802075e-06
2017,July,Mariposa (MC),LHD1,Gas,STREX,NCAT,TOG,0.0005110257827779771
2017,July,Mariposa (MC),LHD1,Gas,STREX,NCAT,PM10,3.7045468951689803e-06
2017,July,Mariposa (MC),LHD1,Gas,STREX,NCAT,PM2_5,3.5349318448178503e-06
2017,July,Mariposa (MC),LHD1,Gas,HOTSOAK,CAT,TOG,0.0034250257255954587
2017,July,Mariposa (MC),LHD1,Gas,HOTSOAK,NCAT,TOG,0.00041239420730452506
2017,July,Mariposa (MC),LHD1,Gas,RUNLOSS,CAT,TOG,0.027219345327562178
2017,July,Mariposa (MC),LHD1,Gas,RUNLOSS,NCAT,TOG,0.0009366724388993582
2017,July,Mariposa (MC),LHD1,Gas,RESTLOSS,CAT,TOG,7.328644728710059e-05
2017,July,Mariposa (MC),LHD1,Gas,RESTLOSS,NCAT,TOG,7.906946044381502e-06
2017,July,Mariposa (MC),LHD1,Gas,DIURN,CAT,TOG,0.00017132984308437736
2017,July,Mariposa (MC),LHD1,Gas,DIURN,NCAT,TOG,1.6045947460191964e-05
2017,July,Mariposa (MC),LHD1,Gas,PMTW,CAT,PM,0.00013520466126081023
2017,July,Mariposa (MC),LHD1,Gas,PMTW,CAT,PM10,0.00013520466126081023
2017,July,Mariposa (MC),LHD1,Gas,PMTW,CAT,PM2_5,3.380116531520256e-05
2017,July,Mariposa (MC),LHD1,Gas,PMTW,NCAT,PM,2.199955991347665e-06
2017,July,Mariposa (MC),LHD1,Gas,PMTW,NCAT,PM10,2.199955991347665e-06
2017,July,Mariposa (MC),LHD1,Gas,PMTW,NCAT,PM2_5,5.499889978369162e-07
2017,July,Mariposa (MC),LHD1,Gas,PMBW,CAT,PM,0.0013182454472929006
2017,July,Mariposa (MC),LHD1,Gas,PMBW,CAT,PM10,0.0012918805383470412
2017,July,Mariposa (MC),LHD1,Gas,PMBW,CAT,PM2_5,0.0005536630878630177
2017,July,Mariposa (MC),LHD1,Gas,PMBW,NCAT,PM,2.144957091563973e-05
2017,July,Mariposa (MC),LHD1,Gas,PMBW,NCAT,PM10,2.1020579497326934e-05
2017,July,Mariposa (MC),LHD1,Gas,PMBW,NCAT,PM2_5,9.008819784568683e-06
2017,July,Mariposa (MC),LHD2,Gas,RUNEX,CAT,CO,0.003791677540715714
2017,July,Mariposa (MC),LHD2,Gas,RUNEX,CAT,NOx,0.0007140389322111304
2017,July,Mariposa (MC),LHD2,Gas,RUNEX,CAT,SOx,1.816049344036602e-05
2017,July,Mariposa (MC),LHD2,Gas,RUNEX,CAT,PM,5.955188947542271e-06
2017,July,Mariposa (MC),LHD2,Gas,RUNEX,CAT,TOG,0.0002858756198115952
2017,July,Mariposa (MC),LHD2,Gas,RUNEX,CAT,PM10,5.323938919102795e-06
2017,July,Mariposa (MC),LHD2,Gas,RUNEX,CAT,PM2_5,4.895165314879736e-06
2017,July,Mariposa (MC),LHD2,Gas,IDLEX,CAT,CO,0.00015272632639797739
2017,July,Mariposa (MC),LHD2,Gas,IDLEX,CAT,NOx,1.7132364976855354e-06
2017,July,Mariposa (MC),LHD2,Gas,IDLEX,CAT,SOx,5.886217394486341e-08
2017,July,Mariposa (MC),LHD2,Gas,IDLEX,CAT,TOG,2.850998771115662e-05
2017,July,Mariposa (MC),LHD2,Gas,STREX,CAT,CO,0.0013052114409136382
2017,July,Mariposa (MC),LHD2,Gas,STREX,CAT,NOx,0.00032447362708438874
2017,July,Mariposa (MC),LHD2,Gas,STREX,CAT,SOx,1.3588098498070977e-07
2017,July,Mariposa (MC),LHD2,Gas,STREX,CAT,PM,4.705804693604144e-07
2017,July,Mariposa (MC),LHD2,Gas,STREX,CAT,TOG,0.00011283521398578508
2017,July,Mariposa (MC),LHD2,Gas,STREX,CAT,PM10,4.206989396082104e-07
2017,July,Mariposa (MC),LHD2,Gas,STREX,CAT,PM2_5,3.8681714581426096e-07
2017,July,Mariposa (MC),LHD2,Gas,HOTSOAK,CAT,TOG,0.0001646200499610724
2017,July,Mariposa (MC),LHD2,Gas,RUNLOSS,CAT,TOG,0.0014219857737096334
2017,July,Mariposa (MC),LHD2,Gas,RESTLOSS,CAT,TOG,3.3427584622022925e-06
2017,July,Mariposa (MC),LHD2,Gas,DIURN,CAT,TOG,7.696415021885272e-06
2017,July,Mariposa (MC),LHD2,Gas,PMTW,CAT,PM,1.2147461175134423e-05
2017,July,Mariposa (MC),LHD2,Gas,PMTW,CAT,PM10,1.2147461175134423e-05
2017,July,Mariposa (MC),LHD2,Gas,PMTW,CAT,PM2_5,3.0368652937836057e-06
2017,July,Mariposa (MC),LHD2,Gas,PMBW,CAT,PM,0.00013817737086715392
2017,July,Mariposa (MC),LHD2,Gas,PMBW,CAT,PM10,0.0001354138234498108
2017,July,Mariposa (MC),LHD2,Gas,PMBW,CAT,PM2_5,5.803449576420465e-05
2017,July,Mariposa (MC),T6TS,Gas,RUNEX,CAT,CO,0.007617378110859826
2017,July,Mariposa (MC),T6TS,Gas,RUNEX,CAT,NOx,0.0014333883416275475
2017,July,Mariposa (MC),T6TS,Gas,RUNEX,CAT,SOx,2.4231816575668142e-05
2017,July,Mariposa (MC),T6TS,Gas,RUNEX,CAT,PM,2.0285746583051548e-06
2017,July,Mariposa (MC),T6TS,Gas,RUNEX,CAT,TOG,0.0004774860604236228
2017,July,Mariposa (MC),T6TS,Gas,RUNEX,CAT,PM10,1.8135457445248095e-06
2017,July,Mariposa (MC),T6TS,Gas,RUNEX,CAT,PM2_5,1.6674883691268364e-06
2017,July,Mariposa (MC),T6TS,Gas,RUNEX,NCAT,CO,0.003442291289067786
2017,July,Mariposa (MC),T6TS,Gas,RUNEX,NCAT,NOx,0.00010691545496554576
2017,July,Mariposa (MC),T6TS,Gas,RUNEX,NCAT,SOx,5.299543547088103e-07
2017,July,Mariposa (MC),T6TS,Gas,RUNEX,NCAT,PM,1.050452742890735e-06
2017,July,Mariposa (MC),T6TS,Gas,RUNEX,NCAT,TOG,0.00016431154692599662
2017,July,Mariposa (MC),T6TS,Gas,RUNEX,NCAT,PM10,1.0094850859179966e-06
2017,July,Mariposa (MC),T6TS,Gas,RUNEX,NCAT,PM2_5,9.632651652308043e-07
2017,July,Mariposa (MC),T6TS,Gas,IDLEX,CAT,CO,0.0002819447692672556
2017,July,Mariposa (MC),T6TS,Gas,IDLEX,CAT,NOx,2.4966264937735654e-06
2017,July,Mariposa (MC),T6TS,Gas,IDLEX,CAT,SOx,1.6048507084428836e-07
2017,July,Mariposa (MC),T6TS,Gas,IDLEX,CAT,TOG,3.69880399297491e-05
2017,July,Mariposa (MC),T6TS,Gas,IDLEX,NCAT,CO,2.4434761393035795e-05
2017,July,Mariposa (MC),T6TS,Gas,IDLEX,NCAT,NOx,2.1707096834819485e-07
2017,July,Mariposa (MC),T6TS,Gas,IDLEX,NCAT,SOx,1.5348516514862818e-08
2017,July,Mariposa (MC),T6TS,Gas,IDLEX,NCAT,TOG,3.073637358461527e-06
2017,July,Mariposa (MC),T6TS,Gas,STREX,CAT,CO,0.0032128202475663623
2017,July,Mariposa (MC),T6TS,Gas,STREX,CAT,NOx,0.00017798317924886677
2017,July,Mariposa (MC),T6TS,Gas,STREX,CAT,SOx,2.3101017020458578e-07
2017,July,Mariposa (MC),T6TS,Gas,STREX,CAT,PM,4.104804887053539e-07
2017,July,Mariposa (MC),T6TS,Gas,STREX,CAT,TOG,0.00016595926463292376
2017,July,Mariposa (MC),T6TS,Gas,STREX,CAT,PM10,3.6696955690258654e-07
2017,July,Mariposa (MC),T6TS,Gas,STREX,CAT,PM2_5,3.3741496171580054e-07
2017,July,Mariposa (MC),T6TS,Gas,STREX,NCAT,CO,7.475343611185421e-06
2017,July,Mariposa (MC),T6TS,Gas,STREX,NCAT,NOx,2.7295716657869874e-05
2017,July,Mariposa (MC),T6TS,Gas,STREX,NCAT,SOx,7.198226197620125e-08
2017,July,Mariposa (MC),T6TS,Gas,STREX,NCAT,PM,8.024623752406672e-07
2017,July,Mariposa (MC),T6TS,Gas,STREX,NCAT,TOG,0.00015614381388035243
2017,July,Mariposa (MC),T6TS,Gas,STREX,NCAT,PM10,7.711663426062814e-07
2017,July,Mariposa (MC),T6TS,Gas,STREX,NCAT,PM2_5,7.358579980956921e-07
2017,July,Mariposa (MC),T6TS,Gas,HOTSOAK,CAT,TOG,0.0001008272343110542
2017,July,Mariposa (MC),T6TS,Gas,HOTSOAK,NCAT,TOG,9.233194551008885e-05
2017,July,Mariposa (MC),T6TS,Gas,RUNLOSS,CAT,TOG,0.0005816451121265259
2017,July,Mariposa (MC),T6TS,Gas,RUNLOSS,NCAT,TOG,0.0002251997151652145
2017,July,Mariposa (MC),T6TS,Gas,RESTLOSS,CAT,TOG,2.1852208502163008e-06
2017,July,Mariposa (MC),T6TS,Gas,RESTLOSS,NCAT,TOG,1.2906954876272847e-06
2017,July,Mariposa (MC),T6TS,Gas,DIURN,CAT,TOG,4.491504004202034e-06
2017,July,Mariposa (MC),T6TS,Gas,DIURN,NCAT,TOG,2.574748805112059e-06
2017,July,Mariposa (MC),T6TS,Gas,PMTW,CAT,PM,1.557172240851188e-05
2017,July,Mariposa (MC),T6TS,Gas,PMTW,CAT,PM10,1.557172240851188e-05
2017,July,Mariposa (MC),T6TS,Gas,PMTW,CAT,PM2_5,3.89293060212797e-06
2017,July,Mariposa (MC),T6TS,Gas,PMTW,NCAT,PM,3.025587014253988e-07
2017,July,Mariposa (MC),T6TS,Gas,PMTW,NCAT,PM10,3.025587014253988e-07
2017,July,Mariposa (MC),T6TS,Gas,PMTW,NCAT,PM2_5,7.56396753563497e-08
2017,July,Mariposa (MC),T6TS,Gas,PMBW,CAT,PM,0.00017258659002767325
2017,July,Mariposa (MC),T6TS,Gas,PMBW,CAT,PM10,0.0001691348582271199
2017,July,Mariposa (MC),T6TS,Gas,PMBW,CAT,PM2_5,7.248636781162278e-05
2017,July,Mariposa (MC),T6TS,Gas,PMBW,NCAT,PM,3.3533589407981702e-06
2017,July,Mariposa (MC),T6TS,Gas,PMBW,NCAT,PM10,3.286291761982208e-06
2017,July,Mariposa (MC),T6TS,Gas,PMBW,NCAT,PM2_5,1.4084107551352317e-06
2017,July,Mariposa (MC),T7IS,Gas,RUNEX,CAT,CO,6.455092699648022e-06
2017,July,Mariposa (MC),T7IS,Gas,RUNEX,CAT,NOx,6.998677364784919e-07
2017,July,Mariposa (MC),T7IS,Gas,RUNEX,CAT,SOx,6.691138554514022e-09
2017,July,Mariposa (MC),T7IS,Gas,RUNEX,CAT,PM,4.280161629877317e-10
2017,July,Mariposa (MC),T7IS,Gas,RUNEX,CAT,TOG,9.380808803025482e-08
2017,July,Mariposa (MC),T7IS,Gas,RUNEX,CAT,PM10,3.826464497110321e-10
2017,July,Mariposa (MC),T7IS,Gas,RUNEX,CAT,PM2_5,3.518292859759156e-10
2017,July,Mariposa (MC),T7IS,Gas,STREX,CAT,CO,3.036756038097679e-07
2017,July,Mariposa (MC),T7IS,Gas,STREX,CAT,NOx,3.7879725643615595e-09
2017,July,Mariposa (MC),T7IS,Gas,STREX,CAT,SOx,1.3333102625562448e-11
2017,July,Mariposa (MC),T7IS,Gas,STREX,CAT,PM,1.1298505148725685e-11
2017,July,Mariposa (MC),T7IS,Gas,STREX,CAT,TOG,9.775993544167824e-10
2017,July,Mariposa (MC),T7IS,Gas,STREX,CAT,PM10,1.0100863602960761e-11
2017,July,Mariposa (MC),T7IS,Gas,STREX,CAT,PM2_5,9.287371232252513e-12
2017,July,Mariposa (MC),T7IS,Gas,HOTSOAK,CAT,TOG,1.7098285327632085e-10
2017,July,Mariposa (MC),T7IS,Gas,RUNLOSS,CAT,TOG,1.6971663922193914e-10
2017,July,Mariposa (MC),T7IS,Gas,RESTLOSS,CAT,TOG,6.122592222788595e-12
2017,July,Mariposa (MC),T7IS,Gas,DIURN,CAT,TOG,1.2279682577631926e-11
2017,July,Mariposa (MC),T7IS,Gas,PMTW,CAT,PM,7.045724941354015e-09
2017,July,Mariposa (MC),T7IS,Gas,PMTW,CAT,PM10,7.045724941354015e-09
2017,July,Mariposa (MC),T7IS,Gas,PMTW,CAT,PM2_5,1.7614312353385038e-09
2017,July,Mariposa (MC),T7IS,Gas,PMBW,CAT,PM,2.219403356526515e-08
2017,July,Mariposa (MC),T7IS,Gas,PMBW,CAT,PM10,2.175015289395983e-08
2017,July,Mariposa (MC),T7IS,Gas,PMBW,CAT,PM2_5,9.32149409741136e-09
2017,July,Mariposa (MC),LDT1,Dsl,RUNEX,DSL,CO,2.9991134428034796e-05
2017,July,Mariposa (MC),LDT1,Dsl,RUNEX,DSL,NOx,1.6787213071231554e-05
2017,July,Mariposa (MC),LDT1,Dsl,RUNEX,DSL,SOx,5.259734531159726e-08
2017,July,Mariposa (MC),LDT1,Dsl,RUNEX,DSL,PM,3.134938845430612e-06
2017,July,Mariposa (MC),LDT1,Dsl,RUNEX,DSL,TOG,5.477702761908478e-06
2017,July,Mariposa (MC),LDT1,Dsl,RUNEX,DSL,PM10,3.1161292123580283e-06
2017,July,Mariposa (MC),LDT1,Dsl,RUNEX,DSL,PM2_5,2.981326842004513e-06
2017,July,Mariposa (MC),LDT1,Dsl,PMTW,DSL,PM,1.1163714913273519e-07
2017,July,Mariposa (MC),LDT1,Dsl,PMTW,DSL,PM10,1.1163714913273519e-07
2017,July,Mariposa (MC),LDT1,Dsl,PMTW,DSL,PM2_5,2.7909287283183798e-08
2017,July,Mariposa (MC),LDT1,Dsl,PMBW,DSL,PM,5.232991365596962e-07
2017,July,Mariposa (MC),LDT1,Dsl,PMBW,DSL,PM10,5.128331538285023e-07
2017,July,Mariposa (MC),LDT1,Dsl,PMBW,DSL,PM2_5,2.197856373550724e-07
2017,July,Mariposa (MC),LDT2,Dsl,RUNEX,DSL,CO,8.944139454659937e-05
2017,July,Mariposa (MC),LDT2,Dsl,RUNEX,DSL,NOx,4.471094373206848e-05
2017,July,Mariposa (MC),LDT2,Dsl,RUNEX,DSL,SOx,1.2206726553468179e-06
2017,July,Mariposa (MC),LDT2,Dsl,RUNEX,DSL,PM,7.395316004958825e-06
2017,July,Mariposa (MC),LDT2,Dsl,RUNEX,DSL,TOG,1.527717860080215e-05
2017,July,Mariposa (MC),LDT2,Dsl,RUNEX,DSL,PM10,7.3509441089290746e-06
2017,July,Mariposa (MC),LDT2,Dsl,RUNEX,DSL,PM2_5,7.032945520715842e-06
2017,July,Mariposa (MC),LDT2,Dsl,PMTW,DSL,PM,3.1696770859557955e-06
2017,July,Mariposa (MC),LDT2,Dsl,PMTW,DSL,PM10,3.1696770859557955e-06
2017,July,Mariposa (MC),LDT2,Dsl,PMTW,DSL,PM2_5,7.924192714889489e-07
2017,July,Mariposa (MC),LDT2,Dsl,PMBW,DSL,PM,1.4857861340417787e-05
2017,July,Mariposa (MC),LDT2,Dsl,PMBW,DSL,PM10,1.4560704113609431e-05
2017,July,Mariposa (MC),LDT2,Dsl,PMBW,DSL,PM2_5,6.240301762975469e-06
2017,July,Mariposa (MC),MDV,Dsl,RUNEX,DSL,CO,0.001118687237662662
2017,July,Mariposa (MC),MDV,Dsl,RUNEX,DSL,NOx,0.0005172786330757908
2017,July,Mariposa (MC),MDV,Dsl,RUNEX,DSL,SOx,1.2650628588017277e-05
2017,July,Mariposa (MC),MDV,Dsl,RUNEX,DSL,PM,3.1505208102467486e-05
2017,July,Mariposa (MC),MDV,Dsl,RUNEX,DSL,TOG,8.498486409235398e-05
2017,July,Mariposa (MC),MDV,Dsl,RUNEX,DSL,PM10,3.131617685385268e-05
2017,July,Mariposa (MC),MDV,Dsl,RUNEX,DSL,PM2_5,2.9961452905446558e-05
2017,July,Mariposa (MC),MDV,Dsl,PMTW,DSL,PM,2.4607977201229478e-05
2017,July,Mariposa (MC),MDV,Dsl,PMTW,DSL,PM10,2.4607977201229478e-05
2017,July,Mariposa (MC),MDV,Dsl,PMTW,DSL,PM2_5,6.151994300307369e-06
2017,July,Mariposa (MC),MDV,Dsl,PMBW,DSL,PM,0.00011534989313076312
2017,July,Mariposa (MC),MDV,Dsl,PMBW,DSL,PM10,0.00011304289526814792
2017,July,Mariposa (MC),MDV,Dsl,PMBW,DSL,PM2_5,4.844695511492051e-05
2017,July,Mariposa (MC),LHD1,Dsl,RUNEX,DSL,CO,0.03345430174632584
2017,July,Mariposa (MC),LHD1,Dsl,RUNEX,DSL,NOx,0.1483366485469891
2017,July,Mariposa (MC),LHD1,Dsl,RUNEX,DSL,SOx,0.00016727517053862035
2017,July,Mariposa (MC),LHD1,Dsl,RUNEX,DSL,PM,0.0014582069541660672
2017,July,Mariposa (MC),LHD1,Dsl,RUNEX,DSL,TOG,0.008464062688706503
2017,July,Mariposa (MC),LHD1,Dsl,RUNEX,DSL,PM10,0.001449457712441072
2017,July,Mariposa (MC),LHD1,Dsl,RUNEX,DSL,PM2_5,0.0013867548134119303
2017,July,Mariposa (MC),LHD1,Dsl,IDLEX,DSL,CO,0.0007447454621173487
2017,July,Mariposa (MC),LHD1,Dsl,IDLEX,DSL,NOx,0.002117439760794373
2017,July,Mariposa (MC),LHD1,Dsl,IDLEX,DSL,SOx,1.1042272349615817e-06
2017,July,Mariposa (MC),LHD1,Dsl,IDLEX,DSL,PM,2.4627546690745255e-05
2017,July,Mariposa (MC),LHD1,Dsl,IDLEX,DSL,TOG,0.0001022913136585462
2017,July,Mariposa (MC),LHD1,Dsl,IDLEX,DSL,PM10,2.4479781410600797e-05
2017,July,Mariposa (MC),LHD1,Dsl,IDLEX,DSL,PM2_5,2.3420796902898748e-05
2017,July,Mariposa (MC),LHD1,Dsl,PMTW,DSL,PM,0.0003564614648661069
2017,July,Mariposa (MC),LHD1,Dsl,PMTW,DSL,PM10,0.0003564614648661069
2017,July,Mariposa (MC),LHD1,Dsl,PMTW,DSL,PM2_5,8.911536621652672e-05
2017,July,Mariposa (MC),LHD1,Dsl,PMBW,DSL,PM,0.002316999521629695
2017,July,Mariposa (MC),LHD1,Dsl,PMBW,DSL,PM10,0.0022706595311970993
2017,July,Mariposa (MC),LHD1,Dsl,PMBW,DSL,PM2_5,0.0009731397990844718
2017,July,Mariposa (MC),LHD2,Dsl,RUNEX,DSL,CO,0.007769446706955099
2017,July,Mariposa (MC),LHD2,Dsl,RUNEX,DSL,NOx,0.031298232708328044
2017,July,Mariposa (MC),LHD2,Dsl,RUNEX,DSL,SOx,4.9061986772461075e-05
2017,July,Mariposa (MC),LHD2,Dsl,RUNEX,DSL,PM,0.00032291550173000705
2017,July,Mariposa (MC),LHD2,Dsl,RUNEX,DSL,TOG,0.0019448359001471903
2017,July,Mariposa (MC),LHD2,Dsl,RUNEX,DSL,PM10,0.00032097800871962705
2017,July,Mariposa (MC),LHD2,Dsl,RUNEX,DSL,PM2_5,0.0003070926421452365
2017,July,Mariposa (MC),LHD2,Dsl,IDLEX,DSL,CO,0.0001844402751136479
2017,July,Mariposa (MC),LHD2,Dsl,IDLEX,DSL,NOx,0.000524126422001877
2017,July,Mariposa (MC),LHD2,Dsl,IDLEX,DSL,SOx,4.375978624360309e-07
2017,July,Mariposa (MC),LHD2,Dsl,IDLEX,DSL,PM,5.64598510795385e-06
2017,July,Mariposa (MC),LHD2,Dsl,IDLEX,DSL,TOG,2.533300166647532e-05
2017,July,Mariposa (MC),LHD2,Dsl,IDLEX,DSL,PM10,5.612109197306131e-06
2017,July,Mariposa (MC),LHD2,Dsl,IDLEX,DSL,PM2_5,5.369331837664118e-06
2017,July,Mariposa (MC),LHD2,Dsl,PMTW,DSL,PM,9.333385686004083e-05
2017,July,Mariposa (MC),LHD2,Dsl,PMTW,DSL,PM10,9.333385686004083e-05
2017,July,Mariposa (MC),LHD2,Dsl,PMTW,DSL,PM2_5,2.3333464215010207e-05
2017,July,Mariposa (MC),LHD2,Dsl,PMBW,DSL,PM,0.0007077817478553091
2017,July,Mariposa (MC),LHD2,Dsl,PMBW,DSL,PM10,0.0006936261128982034
2017,July,Mariposa (MC),LHD2,Dsl,PMBW,DSL,PM2_5,0.00029726833409922984
2017,July,Mariposa (MC),LDT1,Elec,HOTSOAK,CAT,TOG,1.4550094316542027e-09
2017,July,Mariposa (MC),LDT1,Elec,RESTLOSS,CAT,TOG,1.1879752950824712e-09
2017,July,Mariposa (MC),LDT1,Elec,DIURN,CAT,TOG,2.735063326845915e-09
2017,July,Mariposa (MC),LDT1,Elec,PMTW,CAT,PM,1.9832398689029714e-08
2017,July,Mariposa (MC),LDT1,Elec,PMTW,CAT,PM10,1.9832398689029714e-08
2017,July,Mariposa (MC),LDT1,Elec,PMTW,CAT,PM2_5,4.9580996722574285e-09
2017,July,Mariposa (MC),LDT1,Elec,PMBW,CAT,PM,9.29643688548268e-08
2017,July,Mariposa (MC),LDT1,Elec,PMBW,CAT,PM10,9.110508147773025e-08
2017,July,Mariposa (MC),LDT1,Elec,PMBW,CAT,PM2_5,3.904503491902725e-08
2017,July,Mariposa (MC),LDT2,Elec,HOTSOAK,CAT,TOG,5.6754975015487716e-08
2017,July,Mariposa (MC),LDT2,Elec,RESTLOSS,CAT,TOG,4.6613883077998905e-08
2017,July,Mariposa (MC),LDT2,Elec,DIURN,CAT,TOG,1.0731866450107234e-07
2017,July,Mariposa (MC),LDT2,Elec,PMTW,CAT,PM,7.214577748054828e-07
2017,July,Mariposa (MC),LDT2,Elec,PMTW,CAT,PM10,7.214577748054828e-07
2017,July,Mariposa (MC),LDT2,Elec,PMTW,CAT,PM2_5,1.803644437013707e-07
2017,July,Mariposa (MC),LDT2,Elec,PMBW,CAT,PM,3.3818333194006998e-06
2017,July,Mariposa (MC),LDT2,Elec,PMBW,CAT,PM10,3.3141966530126856e-06
2017,July,Mariposa (MC),LDT2,Elec,PMBW,CAT,PM2_5,1.4203699941482939e-06
2017,July,Mariposa (MC),MDV,Elec,HOTSOAK,CAT,TOG,3.7554747728084684e-09
2017,July,Mariposa (MC),MDV,Elec,RESTLOSS,CAT,TOG,3.0662421523479276e-09
2017,July,Mariposa (MC),MDV,Elec,DIURN,CAT,TOG,7.05937783119783e-09
2017,July,Mariposa (MC),MDV,Elec,PMTW,CAT,PM,4.8343446153728593e-08
2017,July,Mariposa (MC),MDV,Elec,PMTW,CAT,PM10,4.8343446153728593e-08
2017,July,Mariposa (MC),MDV,Elec,PMTW,CAT,PM2_5,1.2085861538432148e-08
2017,July,Mariposa (MC),MDV,Elec,PMBW,CAT,PM,2.266099038456028e-07
2017,July,Mariposa (MC),MDV,Elec,PMBW,CAT,PM10,2.220777057686907e-07
2017,July,Mariposa (MC),MDV,Elec,PMBW,CAT,PM2_5,9.517615961515316e-08
2017,July,Mariposa (MC),SBUS,Gas,RUNEX,CAT,CO,1.533205465856183e-05
2017,July,Mariposa (MC),SBUS,Gas,RUNEX,CAT,NOx,1.0094011634828672e-05
2017,July,Mariposa (MC),SBUS,Gas,RUNEX,CAT,SOx,6.800446003500331e-07
2017,July,Mariposa (MC),SBUS,Gas,RUNEX,CAT,PM,2.128214866536821e-08
2017,July,Mariposa (MC),SBUS,Gas,RUNEX,CAT,TOG,1.342710855847714e-06
2017,July,Mariposa (MC),SBUS,Gas,RUNEX,CAT,PM10,1.9026240906839176e-08
2017,July,Mariposa (MC),SBUS,Gas,RUNEX,CAT,PM2_5,1.7493926202932667e-08
2017,July,Mariposa (MC),SBUS,Gas,IDLEX,CAT,CO,0.00012051701811020321
2017,July,Mariposa (MC),SBUS,Gas,IDLEX,CAT,NOx,1.3577515736756214e-06
2017,July,Mariposa (MC),SBUS,Gas,IDLEX,CAT,SOx,3.94251247756905e-08
2017,July,Mariposa (MC),SBUS,Gas,IDLEX,CAT,TOG,2.2755079337626954e-05
2017,July,Mariposa (MC),SBUS,Gas,STREX,CAT,CO,3.351084682287631e-05
2017,July,Mariposa (MC),SBUS,Gas,STREX,CAT,NOx,3.6196431671457054e-06
2017,July,Mariposa (MC),SBUS,Gas,STREX,CAT,SOx,2.650052859419159e-09
2017,July,Mariposa (MC),SBUS,Gas,STREX,CAT,PM,5.669890358934116e-10
2017,July,Mariposa (MC),SBUS,Gas,STREX,CAT,TOG,1.5816854015673627e-06
2017,July,Mariposa (MC),SBUS,Gas,STREX,CAT,PM10,5.0688819808871e-10
2017,July,Mariposa (MC),SBUS,Gas,STREX,CAT,PM2_5,4.660649875043842e-10
2017,July,Mariposa (MC),SBUS,Gas,HOTSOAK,CAT,TOG,2.2138661018866596e-07
2017,July,Mariposa (MC),SBUS,Gas,RUNLOSS,CAT,TOG,1.6725072591527853e-06
2017,July,Mariposa (MC),SBUS,Gas,RESTLOSS,CAT,TOG,2.5624307912061632e-08
2017,July,Mariposa (MC),SBUS,Gas,DIURN,CAT,TOG,5.63617770775815e-08
2017,July,Mariposa (MC),SBUS,Gas,PMTW,CAT,PM,6.025751572970889e-07
2017,July,Mariposa (MC),SBUS,Gas,PMTW,CAT,PM10,6.025751572970889e-07
2017,July,Mariposa (MC),SBUS,Gas,PMTW,CAT,PM2_5,1.5064378932427223e-07
2017,July,Mariposa (MC),SBUS,Gas,PMBW,CAT,PM,5.724463919000451e-05
2017,July,Mariposa (MC),SBUS,Gas,PMBW,CAT,PM10,5.609974640620443e-05
2017,July,Mariposa (MC),SBUS,Gas,PMBW,CAT,PM2_5,2.40427484598019e-05
2017,July,Mariposa (MC),OBUS,Gas,RUNEX,CAT,CO,0.0013706421189189585
2017,July,Mariposa (MC),OBUS,Gas,RUNEX,CAT,NOx,0.0003474319783623696
2017,July,Mariposa (MC),OBUS,Gas,RUNEX,CAT,SOx,5.450318362505049e-06
2017,July,Mariposa (MC),OBUS,Gas,RUNEX,CAT,PM,2.492628971919065e-07
2017,July,Mariposa (MC),OBUS,Gas,RUNEX,CAT,TOG,8.501798478393474e-05
2017,July,Mariposa (MC),OBUS,Gas,RUNEX,CAT,PM10,2.2284103008956456e-07
2017,July,Mariposa (MC),OBUS,Gas,RUNEX,CAT,PM2_5,2.0489410149174726e-07
2017,July,Mariposa (MC),OBUS,Gas,IDLEX,CAT,CO,3.618766611519816e-05
2017,July,Mariposa (MC),OBUS,Gas,IDLEX,CAT,NOx,4.0769230259770674e-07
2017,July,Mariposa (MC),OBUS,Gas,IDLEX,CAT,SOx,2.423929049209048e-08
2017,July,Mariposa (MC),OBUS,Gas,IDLEX,CAT,TOG,6.8326716542381345e-06
2017,July,Mariposa (MC),OBUS,Gas,STREX,CAT,CO,0.0005310934024524207
2017,July,Mariposa (MC),OBUS,Gas,STREX,CAT,NOx,4.570137197054209e-05
2017,July,Mariposa (MC),OBUS,Gas,STREX,CAT,SOx,3.5786327201289725e-08
2017,July,Mariposa (MC),OBUS,Gas,STREX,CAT,PM,2.847753940363877e-08
2017,July,Mariposa (MC),OBUS,Gas,STREX,CAT,TOG,2.8603039106074048e-05
2017,July,Mariposa (MC),OBUS,Gas,STREX,CAT,PM10,2.5458920226853063e-08
2017,July,Mariposa (MC),OBUS,Gas,STREX,CAT,PM2_5,2.340853738979107e-08
2017,July,Mariposa (MC),OBUS,Gas,HOTSOAK,CAT,TOG,5.637746633907386e-06
2017,July,Mariposa (MC),OBUS,Gas,RUNLOSS,CAT,TOG,6.492114028817055e-05
2017,July,Mariposa (MC),OBUS,Gas,RESTLOSS,CAT,TOG,2.477001334409541e-07
2017,July,Mariposa (MC),OBUS,Gas,DIURN,CAT,TOG,5.171710165580657e-07
2017,July,Mariposa (MC),OBUS,Gas,PMTW,CAT,PM,3.4943164024216515e-06
2017,July,Mariposa (MC),OBUS,Gas,PMTW,CAT,PM10,3.4943164024216515e-06
2017,July,Mariposa (MC),OBUS,Gas,PMTW,CAT,PM2_5,8.735791006054129e-07
2017,July,Mariposa (MC),OBUS,Gas,PMBW,CAT,PM,3.872867346017329e-05
2017,July,Mariposa (MC),OBUS,Gas,PMBW,CAT,PM10,3.795409999096985e-05
2017,July,Mariposa (MC),OBUS,Gas,PMBW,CAT,PM2_5,1.6266042853272786e-05
2017,July,Mariposa (MC),MCY,Gas,RUNEX,CAT,CO,0.025179530352889612
2017,July,Mariposa (MC),MCY,Gas,RUNEX,CAT,NOx,0.0017783620171992766
2017,July,Mariposa (MC),MCY,Gas,RUNEX,CAT,SOx,4.0153679308762124e-06
2017,July,Mariposa (MC),MCY,Gas,RUNEX,CAT,PM,3.1727476596781874e-06
2017,July,Mariposa (MC),MCY,Gas,RUNEX,CAT,TOG,0.004733150608981077
2017,July,Mariposa (MC),MCY,Gas,RUNEX,CAT,PM10,2.936628680669786e-06
2017,July,Mariposa (MC),MCY,Gas,RUNEX,CAT,PM2_5,2.750062246810116e-06
2017,July,Mariposa (MC),MCY,Gas,RUNEX,NCAT,CO,0.0857635507100413
2017,July,Mariposa (MC),MCY,Gas,RUNEX,NCAT,NOx,0.0031349619685546856
2017,July,Mariposa (MC),MCY,Gas,RUNEX,NCAT,SOx,5.967752845627108e-06
2017,July,Mariposa (MC),MCY,Gas,RUNEX,NCAT,PM,8.671804360818793e-06
2017,July,Mariposa (MC),MCY,Gas,RUNEX,NCAT,TOG,0.010334300522958148
2017,July,Mariposa (MC),MCY,Gas,RUNEX,NCAT,PM10,8.233411717829377e-06
2017,July,Mariposa (MC),MCY,Gas,RUNEX,NCAT,PM2_5,7.809980928316194e-06
2017,July,Mariposa (MC),MCY,Gas,STREX,CAT,CO,0.00224668125529642
2017,July,Mariposa (MC),MCY,Gas,STREX,CAT,NOx,9.287862590941825e-05
2017,July,Mariposa (MC),MCY,Gas,STREX,CAT,SOx,2.199106058353689e-07
2017,July,Mariposa (MC),MCY,Gas,STREX,CAT,PM,8.526731600911321e-07
2017,July,Mariposa (MC),MCY,Gas,STREX,CAT,TOG,0.000592276302260889
2017,July,Mariposa (MC),MCY,Gas,STREX,CAT,PM10,7.945547001436454e-07
2017,July,Mariposa (MC),MCY,Gas,STREX,CAT,PM2_5,7.466460693427689e-07
2017,July,Mariposa (MC),MCY,Gas,STREX,NCAT,CO,0.008687066853058555
2017,July,Mariposa (MC),MCY,Gas,STREX,NCAT,NOx,0.0002562839497643499
2017,July,Mariposa (MC),MCY,Gas,STREX,NCAT,SOx,6.603408001484794e-07
2017,July,Mariposa (MC),MCY,Gas,STREX,NCAT,PM,6.387000355352697e-06
2017,July,Mariposa (MC),MCY,Gas,STREX,NCAT,TOG,0.0020996845763671264
2017,July,Mariposa (MC),MCY,Gas,STREX,NCAT,PM10,6.105642446471757e-06
2017,July,Mariposa (MC),MCY,Gas,STREX,NCAT,PM2_5,5.811130594110581e-06
2017,July,Mariposa (MC),MCY,Gas,HOTSOAK,CAT,TOG,0.00022475763640553086
2017,July,Mariposa (MC),MCY,Gas,HOTSOAK,NCAT,TOG,0.0016576537140396501
2017,July,Mariposa (MC),MCY,Gas,RUNLOSS,CAT,TOG,0.00036712842871318457
2017,July,Mariposa (MC),MCY,Gas,RUNLOSS,NCAT,TOG,0.004632357428875288
2017,July,Mariposa (MC),MCY,Gas,RESTLOSS,CAT,TOG,0.0003750824843981056
2017,July,Mariposa (MC),MCY,Gas,RESTLOSS,NCAT,TOG,0.001962106242371213
2017,July,Mariposa (MC),MCY,Gas,DIURN,CAT,TOG,0.0006070911219405997
2017,July,Mariposa (MC),MCY,Gas,DIURN,NCAT,TOG,0.003087668553278315
2017,July,Mariposa (MC),MCY,Gas,PMTW,CAT,PM,7.580916770730911e-06
2017,July,Mariposa (MC),MCY,Gas,PMTW,CAT,PM10,7.580916770730911e-06
2017,July,Mariposa (MC),MCY,Gas,PMTW,CAT,PM2_5,1.8952291926827277e-06
2017,July,Mariposa (MC),MCY,Gas,PMTW,NCAT,PM,1.0981656533685336e-05
2017,July,Mariposa (MC),MCY,Gas,PMTW,NCAT,PM10,1.0981656533685336e-05
2017,July,Mariposa (MC),MCY,Gas,PMTW,NCAT,PM2_5,2.745414133421334e-06
2017,July,Mariposa (MC),MCY,Gas,PMBW,CAT,PM,2.2742750312192734e-05
2017,July,Mariposa (MC),MCY,Gas,PMBW,CAT,PM10,2.2287895305948863e-05
2017,July,Mariposa (MC),MCY,Gas,PMBW,CAT,PM2_5,9.551955131120944e-06
2017,July,Mariposa (MC),MCY,Gas,PMBW,NCAT,PM,3.2944969601056056e-05
2017,July,Mariposa (MC),MCY,Gas,PMBW,NCAT,PM10,3.228607020903491e-05
2017,July,Mariposa (MC),MCY,Gas,PMBW,NCAT,PM2_5,1.3836887232443533e-05
2017,July,Mariposa (MC),MH,Gas,RUNEX,CAT,CO,0.011457442982047284
2017,July,Mariposa (MC),MH,Gas,RUNEX,CAT,NOx,0.0017415132143013695
2017,July,Mariposa (MC),MH,Gas,RUNEX,CAT,SOx,2.6199057208067017e-05
2017,July,Mariposa (MC),MH,Gas,RUNEX,CAT,PM,5.9768836503951935e-06
2017,July,Mariposa (MC),MH,Gas,RUNEX,CAT,TOG,0.000573551097728009
2017,July,Mariposa (MC),MH,Gas,RUNEX,CAT,PM10,5.3433339834532815e-06
2017,July,Mariposa (MC),MH,Gas,RUNEX,CAT,PM2_5,4.912998360624853e-06
2017,July,Mariposa (MC),MH,Gas,RUNEX,NCAT,CO,0.0016518905681791205
2017,July,Mariposa (MC),MH,Gas,RUNEX,NCAT,NOx,3.647372638923837e-05
2017,July,Mariposa (MC),MH,Gas,RUNEX,NCAT,SOx,2.5552201329687647e-07
2017,July,Mariposa (MC),MH,Gas,RUNEX,NCAT,PM,5.074015393189018e-07
2017,July,Mariposa (MC),MH,Gas,RUNEX,NCAT,TOG,6.946782316145956e-05
2017,July,Mariposa (MC),MH,Gas,RUNEX,NCAT,PM10,4.876128792854646e-07
2017,July,Mariposa (MC),MH,Gas,RUNEX,NCAT,PM2_5,4.65287211555433e-07
2017,July,Mariposa (MC),MH,Gas,STREX,CAT,CO,7.312917162196451e-05
2017,July,Mariposa (MC),MH,Gas,STREX,CAT,NOx,5.020018467766463e-06
2017,July,Mariposa (MC),MH,Gas,STREX,CAT,SOx,5.0270660700120505e-09
2017,July,Mariposa (MC),MH,Gas,STREX,CAT,PM,1.3277833615960163e-08
2017,July,Mariposa (MC),MH,Gas,STREX,CAT,TOG,3.6211130480302537e-06
2017,July,Mariposa (MC),MH,Gas,STREX,CAT,PM10,1.1870383252668377e-08
2017,July,Mariposa (MC),MH,Gas,STREX,CAT,PM2_5,1.0914379232319238e-08
2017,July,Mariposa (MC),MH,Gas,STREX,NCAT,CO,3.2298612306347715e-08
2017,July,Mariposa (MC),MH,Gas,STREX,NCAT,NOx,1.2172062322418836e-07
2017,July,Mariposa (MC),MH,Gas,STREX,NCAT,SOx,2.930794523478328e-10
2017,July,Mariposa (MC),MH,Gas,STREX,NCAT,PM,3.5179874388096105e-09
2017,July,Mariposa (MC),MH,Gas,STREX,NCAT,TOG,6.523573774887846e-07
2017,July,Mariposa (MC),MH,Gas,STREX,NCAT,PM10,3.380785928696035e-09
2017,July,Mariposa (MC),MH,Gas,STREX,NCAT,PM2_5,3.2259944813884128e-09
2017,July,Mariposa (MC),MH,Gas,HOTSOAK,CAT,TOG,3.6482637280491622e-06
2017,July,Mariposa (MC),MH,Gas,HOTSOAK,NCAT,TOG,1.3728617375851916e-07
2017,July,Mariposa (MC),MH,Gas,RUNLOSS,CAT,TOG,8.699879610900917e-05
2017,July,Mariposa (MC),MH,Gas,RUNLOSS,NCAT,TOG,7.68261971263465e-07
2017,July,Mariposa (MC),MH,Gas,RESTLOSS,CAT,TOG,2.8343524389059264e-05
2017,July,Mariposa (MC),MH,Gas,RESTLOSS,NCAT,TOG,1.144480678795184e-06
2017,July,Mariposa (MC),MH,Gas,DIURN,CAT,TOG,8.891557140147382e-05
2017,July,Mariposa (MC),MH,Gas,DIURN,NCAT,TOG,2.880083465122146e-06
2017,July,Mariposa (MC),MH,Gas,PMTW,CAT,PM,1.677336242962448e-05
2017,July,Mariposa (MC),MH,Gas,PMTW,CAT,PM10,1.677336242962448e-05
2017,July,Mariposa (MC),MH,Gas,PMTW,CAT,PM2_5,4.19334060740612e-06
2017,July,Mariposa (MC),MH,Gas,PMTW,NCAT,PM,1.461453186509923e-07
2017,July,Mariposa (MC),MH,Gas,PMTW,NCAT,PM10,1.461453186509923e-07
2017,July,Mariposa (MC),MH,Gas,PMTW,NCAT,PM2_5,3.653632966274808e-08
2017,July,Mariposa (MC),MH,Gas,PMBW,CAT,PM,0.00018590476692833844
2017,July,Mariposa (MC),MH,Gas,PMBW,CAT,PM10,0.00018218667158977149
2017,July,Mariposa (MC),MH,Gas,PMBW,CAT,PM2_5,7.808000210990195e-05
2017,July,Mariposa (MC),MH,Gas,PMBW,NCAT,PM,1.619777281715165e-06
2017,July,Mariposa (MC),MH,Gas,PMBW,NCAT,PM10,1.5873817360808612e-06
2017,July,Mariposa (MC),MH,Gas,PMBW,NCAT,PM2_5,6.803064583203691e-07
2017,July,Mariposa (MC),MH,Dsl,RUNEX,DSL,CO,0.00024706375821460444
2017,July,Mariposa (MC),MH,Dsl,RUNEX,DSL,NOx,0.0026391913277011955
2017,July,Mariposa (MC),MH,Dsl,RUNEX,DSL,SOx,4.110005975025071e-06
2017,July,Mariposa (MC),MH,Dsl,RUNEX,DSL,PM,7.455514832242183e-05
2017,July,Mariposa (MC),MH,Dsl,RUNEX,DSL,TOG,7.276324459800236e-05
2017,July,Mariposa (MC),MH,Dsl,RUNEX,DSL,PM10,7.410781743248725e-05
2017,July,Mariposa (MC),MH,Dsl,RUNEX,DSL,PM2_5,7.09019460546231e-05
2017,July,Mariposa (MC),MH,Dsl,PMTW,DSL,PM,6.464480988172098e-06
2017,July,Mariposa (MC),MH,Dsl,PMTW,DSL,PM10,6.464480988172098e-06
2017,July,Mariposa (MC),MH,Dsl,PMTW,DSL,PM2_5,1.6161202470430246e-06
2017,July,Mariposa (MC),MH,Dsl,PMBW,DSL,PM,5.3735998214180625e-05
2017,July,Mariposa (MC),MH,Dsl,PMBW,DSL,PM10,5.266127824989697e-05
2017,July,Mariposa (MC),MH,Dsl,PMBW,DSL,PM2_5,2.256911924995582e-05
2017,July,Mariposa (MC),UBUS,Gas,RUNEX,CAT,CO,8.997169023879574e-05
2017,July,Mariposa (MC),UBUS,Gas,RUNEX,CAT,NOx,6.379322791929341e-05
2017,July,Mariposa (MC),UBUS,Gas,RUNEX,CAT,SOx,5.2838548105131145e-06
2017,July,Mariposa (MC),UBUS,Gas,RUNEX,CAT,PM,2.418344747536734e-07
2017,July,Mariposa (MC),UBUS,Gas,RUNEX,CAT,TOG,7.912310383434427e-06
2017,July,Mariposa (MC),UBUS,Gas,RUNEX,CAT,PM10,2.1620002042978405e-07
2017,July,Mariposa (MC),UBUS,Gas,RUNEX,CAT,PM2_5,1.987879382475195e-07
2017,July,Mariposa (MC),UBUS,Gas,STREX,CAT,CO,6.705302146044798e-05
2017,July,Mariposa (MC),UBUS,Gas,STREX,CAT,NOx,8.602290352543403e-06
2017,July,Mariposa (MC),UBUS,Gas,STREX,CAT,SOx,9.18202045751055e-09
2017,July,Mariposa (MC),UBUS,Gas,STREX,CAT,PM,2.5239751983409234e-09
2017,July,Mariposa (MC),UBUS,Gas,STREX,CAT,TOG,4.982431945467102e-06
2017,July,Mariposa (MC),UBUS,Gas,STREX,CAT,PM10,2.256433827316785e-09
2017,July,Mariposa (MC),UBUS,Gas,STREX,CAT,PM2_5,2.0747076130362372e-09
2017,July,Mariposa (MC),UBUS,Gas,HOTSOAK,CAT,TOG,5.186654072714169e-07
2017,July,Mariposa (MC),UBUS,Gas,RUNLOSS,CAT,TOG,2.4306632334481298e-06
2017,July,Mariposa (MC),UBUS,Gas,RESTLOSS,CAT,TOG,4.65890059721661e-08
2017,July,Mariposa (MC),UBUS,Gas,DIURN,CAT,TOG,7.718829461331789e-08
2017,July,Mariposa (MC),UBUS,Gas,PMTW,CAT,PM,2.8632136345330134e-06
2017,July,Mariposa (MC),UBUS,Gas,PMTW,CAT,PM10,2.8632136345330134e-06
2017,July,Mariposa (MC),UBUS,Gas,PMTW,CAT,PM2_5,7.158034086332533e-07
2017,July,Mariposa (MC),UBUS,Gas,PMBW,CAT,PM,3.188557968291857e-05
2017,July,Mariposa (MC),UBUS,Gas,PMBW,CAT,PM10,3.124786808926021e-05
2017,July,Mariposa (MC),UBUS,Gas,PMBW,CAT,PM2_5,1.3391943466825804e-05
2017,July,Mariposa (MC),UBUS,Dsl,RUNEX,DSL,CO,1.2807005972421008e-05
2017,July,Mariposa (MC),UBUS,Dsl,RUNEX,DSL,NOx,4.532495952420668e-05
2017,July,Mariposa (MC),UBUS,Dsl,RUNEX,DSL,SOx,6.574759114405542e-07
2017,July,Mariposa (MC),UBUS,Dsl,RUNEX,DSL,PM,4.081487768290472e-07
2017,July,Mariposa (MC),UBUS,Dsl,RUNEX,DSL,TOG,7.150262896085212e-06
2017,July,Mariposa (MC),UBUS,Dsl,RUNEX,DSL,PM10,4.056998841680729e-07
2017,July,Mariposa (MC),UBUS,Dsl,RUNEX,DSL,PM2_5,3.8814948676442387e-07
2017,July,Mariposa (MC),UBUS,Dsl,PMTW,DSL,PM,9.163437853260897e-07
2017,July,Mariposa (MC),UBUS,Dsl,PMTW,DSL,PM10,9.163437853260897e-07
2017,July,Mariposa (MC),UBUS,Dsl,PMTW,DSL,PM2_5,2.2908594633152243e-07
2017,July,Mariposa (MC),UBUS,Dsl,PMBW,DSL,PM,8.831262154315865e-06
2017,July,Mariposa (MC),UBUS,Dsl,PMBW,DSL,PM10,8.654636911229542e-06
2017,July,Mariposa (MC),UBUS,Dsl,PMBW,DSL,PM2_5,3.70913010481266e-06
2017,July,Mariposa (MC),UBUS,NG,RUNEX,DSL,CO,0.0014800341321488028
2017,July,Mariposa (MC),UBUS,NG,RUNEX,DSL,NOx,1.9863101732238596e-05
2017,July,Mariposa (MC),UBUS,NG,RUNEX,DSL,PM,1.4310041978109439e-07
2017,July,Mariposa (MC),UBUS,NG,RUNEX,DSL,TOG,0.0002170467502997867
2017,July,Mariposa (MC),UBUS,NG,RUNEX,DSL,PM10,1.4224181726240785e-07
2017,July,Mariposa (MC),UBUS,NG,RUNEX,DSL,PM2_5,1.3608849921182082e-07
2017,July,Mariposa (MC),UBUS,NG,PMTW,DSL,PM,8.020286008569399e-07
2017,July,Mariposa (MC),UBUS,NG,PMTW,DSL,PM10,8.020286008569399e-07
2017,July,Mariposa (MC),UBUS,NG,PMTW,DSL,PM2_5,2.0050715021423499e-07
2017,July,Mariposa (MC),UBUS,NG,PMBW,DSL,PM,8.88915032616442e-06
2017,July,Mariposa (MC),UBUS,NG,PMBW,DSL,PM10,8.711367319641133e-06
2017,July,Mariposa (MC),UBUS,NG,PMBW,DSL,PM2_5,3.7334431369890553e-06
2017,July,Mariposa (MC),SBUS,Dsl,RUNEX,DSL,CO,0.0005683501816882955
2017,July,Mariposa (MC),SBUS,Dsl,RUNEX,DSL,NOx,0.011427458812276662
2017,July,Mariposa (MC),SBUS,Dsl,RUNEX,DSL,PM,0.00010229228361934756
2017,July,Mariposa (MC),SBUS,Dsl,RUNEX,DSL,PM10,0.00010167852991763153
2017,July,Mariposa (MC),SBUS,Dsl,RUNEX,DSL,PM2_5,9.727996172199959e-05
2017,July,Mariposa (MC),SBUS,Dsl,IDLEX,DSL,CO,0.0003574662123205802
2017,July,Mariposa (MC),SBUS,Dsl,IDLEX,DSL,NOx,0.0019283909456877558
2017,July,Mariposa (MC),SBUS,Dsl,IDLEX,DSL,PM,4.199409082574574e-06
2017,July,Mariposa (MC),SBUS,Dsl,IDLEX,DSL,PM10,4.174212628079131e-06
2017,July,Mariposa (MC),SBUS,Dsl,IDLEX,DSL,PM2_5,3.993638037528421e-06
2017,July,Mariposa (MC),SBUS,Dsl,STREX,DSL,NOx,0.0005909816162294934
2017,July,Mariposa (MC),SBUS,Dsl,PMTW,DSL,PM,2.1142081244965598e-05
2017,July,Mariposa (MC),SBUS,Dsl,PMTW,DSL,PM10,2.1142081244965598e-05
2017,July,Mariposa (MC),SBUS,Dsl,PMTW,DSL,PM2_5,5.2855203112413994e-06
2017,July,Mariposa (MC),SBUS,Dsl,PMBW,DSL,PM,0.0013389984788478209
2017,July,Mariposa (MC),SBUS,Dsl,PMBW,DSL,PM10,0.0013122185092708646
2017,July,Mariposa (MC),SBUS,Dsl,PMBW,DSL,PM2_5,0.0005623793611160842
2017,July,Mariposa (MC),SBUS,Dsl,RUNEX,DSL,SOx,1.9715280968395573e-05
2017,July,Mariposa (MC),SBUS,Dsl,IDLEX,DSL,SOx,1.891620395093994e-06
2017,July,Mariposa (MC),SBUS,Dsl,RUNEX,DSL,TOG,0.00025519918600190247
2017,July,Mariposa (MC),SBUS,Dsl,IDLEX,DSL,TOG,2.655739814818955e-05
2017,     ,Mariposa (MC),LDA,Dsl,RUNEX,DSL,NH3,1.12545e-05
2017,     ,Mariposa (MC),LDA,Gas,RUNEX,CAT,NH3,0.006338275
2017,     ,Mariposa (MC),LDT1,Dsl,RUNEX,DSL,NH3,4.32206e-08
2017,     ,Mariposa (MC),LDT1,Gas,RUNEX,CAT,NH3,0.001951639
2017,     ,Mariposa (MC),LDT2,Dsl,RUNEX,DSL,NH3,1.22715e-06
2017,     ,Mariposa (MC),LDT2,Gas,RUNEX,CAT,NH3,0.004119676
2017,     ,Mariposa (MC),LHD1,Dsl,RUNEX,DSL,NH3,0.002038454
2017,     ,Mariposa (MC),LHD1,Gas,RUNEX,CAT,NH3,0.000743065
2017,     ,Mariposa (MC),LHD2,Dsl,RUNEX,DSL,NH3,0.000665677
2017,     ,Mariposa (MC),LHD2,Gas,RUNEX,CAT,NH3,6.82681e-05
2017,     ,Mariposa (MC),MCY,Gas,RUNEX,CAT,NH3,6.89892e-05
2017,     ,Mariposa (MC),MDV,Dsl,RUNEX,DSL,NH3,9.52703e-06
2017,     ,Mariposa (MC),MDV,Gas,RUNEX,CAT,NH3,0.003428307
2017,     ,Mariposa (MC),MH,Dsl,RUNEX,DSL,NH3,1.0914e-05
2017,     ,Mariposa (MC),MH,Gas,RUNEX,CAT,NH3,6.06013e-05
2017,     ,Mariposa (MC),OBUS,Gas,RUNEX,CAT,NH3,1.311e-05
2017,     ,Mariposa (MC),SBUS,Gas,RUNEX,CAT,NH3,3.39111e-06
2017,     ,Mariposa (MC),T6TS,Gas,RUNEX,CAT,NH3,5.80177e-05
2017,     ,Mariposa (MC),T7IS,Gas,RUNEX,CAT,NH3,1.58386e-08
2017,     ,Mariposa (MC),UBUS,Dsl,RUNEX,DSL,NH3,1.58111e-05
2017,     ,Mariposa (MC),UBUS,Gas,RUNEX,CAT,NH3,1.17131e-05
2017,     ,Mariposa (MC),UBUS,NG,RUNEX,DSL,NH3,1.80294e-06
