calendar_year,season_month,sub_area,vehicle_class,fuel,process,cat_ncat,pollutant,emission
2017,July,Mendocino (NC),LDA,Gas,RUNEX,CAT,CO,3.0296206155287817
2017,July,Mendocino (NC),LDA,Gas,RUNEX,CAT,NOx,0.23801522533776445
2017,July,Mendocino (NC),LDA,Gas,RUNEX,CAT,SOx,0.006224831164375754
2017,July,Mendocino (NC),LDA,Gas,RUNEX,CAT,PM,0.004280005783608522
2017,July,Mendocino (NC),LDA,Gas,RUNEX,CAT,TOG,0.10416072929573873
2017,July,Mendocino (NC),LDA,Gas,RUNEX,CAT,PM10,0.00382715044255111
2017,July,Mendocino (NC),LDA,Gas,RUNEX,CAT,PM2_5,0.0035193349159244685
2017,July,Mendocino (NC),LDA,Gas,RUNEX,NCAT,CO,0.09829886064286397
2017,July,Mendocino (NC),LDA,Gas,RUNEX,NCAT,NOx,0.009248984556995075
2017,July,Mendocino (NC),LDA,Gas,RUNEX,NCAT,SOx,9.859397265799335e-06
2017,July,Mendocino (NC),LDA,Gas,RUNEX,NCAT,PM,9.819735946756979e-05
2017,July,Mendocino (NC),LDA,Gas,RUNEX,NCAT,TOG,0.00976055089591484
2017,July,Mendocino (NC),LDA,Gas,RUNEX,NCAT,PM10,9.354239044324258e-05
2017,July,Mendocino (NC),LDA,Gas,RUNEX,NCAT,PM2_5,8.887681683349682e-05
2017,July,Mendocino (NC),LDA,Gas,STREX,CAT,CO,0.6467794042027172
2017,July,Mendocino (NC),LDA,Gas,STREX,CAT,NOx,0.07705701148013386
2017,July,Mendocino (NC),LDA,Gas,STREX,CAT,SOx,0.00015624892454552003
2017,July,Mendocino (NC),LDA,Gas,STREX,CAT,PM,0.0006883251193971414
2017,July,Mendocino (NC),LDA,Gas,STREX,CAT,TOG,0.12962277968233912
2017,July,Mendocino (NC),LDA,Gas,STREX,CAT,PM10,0.0006155863431391103
2017,July,Mendocino (NC),LDA,Gas,STREX,CAT,PM2_5,0.0005661204154252896
2017,July,Mendocino (NC),LDA,Gas,STREX,NCAT,CO,0.011049006660273518
2017,July,Mendocino (NC),LDA,Gas,STREX,NCAT,NOx,0.0006365873165912008
2017,July,Mendocino (NC),LDA,Gas,STREX,NCAT,SOx,9.806192703546438e-07
2017,July,Mendocino (NC),LDA,Gas,STREX,NCAT,PM,2.644618978420559e-05
2017,July,Mendocino (NC),LDA,Gas,STREX,NCAT,TOG,0.0018971544531604602
2017,July,Mendocino (NC),LDA,Gas,STREX,NCAT,PM10,2.5191101984556345e-05
2017,July,Mendocino (NC),LDA,Gas,STREX,NCAT,PM2_5,2.3933988751277738e-05
2017,July,Mendocino (NC),LDA,Gas,HOTSOAK,CAT,TOG,0.054944702872333405
2017,July,Mendocino (NC),LDA,Gas,HOTSOAK,NCAT,TOG,0.0014332339131954545
2017,July,Mendocino (NC),LDA,Gas,RUNLOSS,CAT,TOG,0.09157493618147233
2017,July,Mendocino (NC),LDA,Gas,RUNLOSS,NCAT,TOG,0.007295166912197843
2017,July,Mendocino (NC),LDA,Gas,RESTLOSS,CAT,TOG,0.02269568003145189
2017,July,Mendocino (NC),LDA,Gas,RESTLOSS,NCAT,TOG,0.0007040790534234902
2017,July,Mendocino (NC),LDA,Gas,DIURN,CAT,TOG,0.031612267004642
2017,July,Mendocino (NC),LDA,Gas,DIURN,NCAT,TOG,0.0010944383014010112
2017,July,Mendocino (NC),LDA,Gas,PMTW,CAT,PM,0.016517627706890393
2017,July,Mendocino (NC),LDA,Gas,PMTW,CAT,PM10,0.016517627706890393
2017,July,Mendocino (NC),LDA,Gas,PMTW,CAT,PM2_5,0.004129406926722598
2017,July,Mendocino (NC),LDA,Gas,PMTW,NCAT,PM,1.333991534153004e-05
2017,July,Mendocino (NC),LDA,Gas,PMTW,NCAT,PM10,1.333991534153004e-05
2017,July,Mendocino (NC),LDA,Gas,PMTW,NCAT,PM2_5,3.33497883538251e-06
2017,July,Mendocino (NC),LDA,Gas,PMBW,CAT,PM,0.07742637987604872
2017,July,Mendocino (NC),LDA,Gas,PMBW,CAT,PM10,0.0758778522785278
2017,July,Mendocino (NC),LDA,Gas,PMBW,CAT,PM2_5,0.03251907954794047
2017,July,Mendocino (NC),LDA,Gas,PMBW,NCAT,PM,6.253085316342207e-05
2017,July,Mendocino (NC),LDA,Gas,PMBW,NCAT,PM10,6.128023610015367e-05
2017,July,Mendocino (NC),LDA,Gas,PMBW,NCAT,PM2_5,2.626295832863729e-05
2017,July,Mendocino (NC),LDA,Dsl,RUNEX,DSL,CO,0.01690649781428573
2017,July,Mendocino (NC),LDA,Dsl,RUNEX,DSL,NOx,0.01807788962830557
2017,July,Mendocino (NC),LDA,Dsl,RUNEX,DSL,SOx,7.326528715540355e-05
2017,July,Mendocino (NC),LDA,Dsl,RUNEX,DSL,PM,0.0011894472860951777
2017,July,Mendocino (NC),LDA,Dsl,RUNEX,DSL,TOG,0.0020522290409157977
2017,July,Mendocino (NC),LDA,Dsl,RUNEX,DSL,PM10,0.0011823106023786042
2017,July,Mendocino (NC),LDA,Dsl,RUNEX,DSL,PM2_5,0.0011311643690765124
2017,July,Mendocino (NC),LDA,Dsl,PMTW,DSL,PM,0.0002555745606864608
2017,July,Mendocino (NC),LDA,Dsl,PMTW,DSL,PM10,0.0002555745606864608
2017,July,Mendocino (NC),LDA,Dsl,PMTW,DSL,PM2_5,6.38936401716152e-05
2017,July,Mendocino (NC),LDA,Dsl,PMBW,DSL,PM,0.0011980057532177824
2017,July,Mendocino (NC),LDA,Dsl,PMBW,DSL,PM10,0.001174045638153428
2017,July,Mendocino (NC),LDA,Dsl,PMBW,DSL,PM2_5,0.000503162416351469
2017,July,Mendocino (NC),LDA,Elec,HOTSOAK,CAT,TOG,1.0164388754231846e-05
2017,July,Mendocino (NC),LDA,Elec,RESTLOSS,CAT,TOG,2.3872471050071005e-06
2017,July,Mendocino (NC),LDA,Elec,DIURN,CAT,TOG,1.0181932401395552e-05
2017,July,Mendocino (NC),LDA,Elec,PMTW,CAT,PM,0.0001248170331433755
2017,July,Mendocino (NC),LDA,Elec,PMTW,CAT,PM10,0.0001248170331433755
2017,July,Mendocino (NC),LDA,Elec,PMTW,CAT,PM2_5,3.120425828584387e-05
2017,July,Mendocino (NC),LDA,Elec,PMBW,CAT,PM,0.0005850798428595719
2017,July,Mendocino (NC),LDA,Elec,PMBW,CAT,PM10,0.0005733782460023806
2017,July,Mendocino (NC),LDA,Elec,PMBW,CAT,PM2_5,0.00024573353400102026
2017,July,Mendocino (NC),LDT1,Gas,RUNEX,CAT,CO,1.27633165224869
2017,July,Mendocino (NC),LDT1,Gas,RUNEX,CAT,NOx,0.12481941787111021
2017,July,Mendocino (NC),LDT1,Gas,RUNEX,CAT,SOx,0.0011932803115583866
2017,July,Mendocino (NC),LDT1,Gas,RUNEX,CAT,PM,0.0015897953589913793
2017,July,Mendocino (NC),LDT1,Gas,RUNEX,CAT,TOG,0.04869777908663764
2017,July,Mendocino (NC),LDT1,Gas,RUNEX,CAT,PM10,0.0014222715328742915
2017,July,Mendocino (NC),LDT1,Gas,RUNEX,CAT,PM2_5,0.0013082218714180788
2017,July,Mendocino (NC),LDT1,Gas,RUNEX,NCAT,CO,0.09506317677081694
2017,July,Mendocino (NC),LDT1,Gas,RUNEX,NCAT,NOx,0.008631228657880819
2017,July,Mendocino (NC),LDT1,Gas,RUNEX,NCAT,SOx,9.32033547277796e-06
2017,July,Mendocino (NC),LDT1,Gas,RUNEX,NCAT,PM,9.343167943465053e-05
2017,July,Mendocino (NC),LDT1,Gas,RUNEX,NCAT,TOG,0.009102292767372913
2017,July,Mendocino (NC),LDT1,Gas,RUNEX,NCAT,PM10,8.879336200069914e-05
2017,July,Mendocino (NC),LDT1,Gas,RUNEX,NCAT,PM2_5,8.426676371441031e-05
2017,July,Mendocino (NC),LDT1,Gas,STREX,CAT,CO,0.1487072497242869
2017,July,Mendocino (NC),LDT1,Gas,STREX,CAT,NOx,0.02489877109676767
2017,July,Mendocino (NC),LDT1,Gas,STREX,CAT,SOx,3.451250567289954e-05
2017,July,Mendocino (NC),LDT1,Gas,STREX,CAT,PM,0.00026030209531006585
2017,July,Mendocino (NC),LDT1,Gas,STREX,CAT,TOG,0.0466243382145906
2017,July,Mendocino (NC),LDT1,Gas,STREX,CAT,PM10,0.0002329153522843064
2017,July,Mendocino (NC),LDT1,Gas,STREX,CAT,PM2_5,0.00021425938969301167
2017,July,Mendocino (NC),LDT1,Gas,STREX,NCAT,CO,0.008120754336446394
2017,July,Mendocino (NC),LDT1,Gas,STREX,NCAT,NOx,0.0003923108827946834
2017,July,Mendocino (NC),LDT1,Gas,STREX,NCAT,SOx,6.337494758842185e-07
2017,July,Mendocino (NC),LDT1,Gas,STREX,NCAT,PM,1.7093643460942102e-05
2017,July,Mendocino (NC),LDT1,Gas,STREX,NCAT,TOG,0.0012152119296174868
2017,July,Mendocino (NC),LDT1,Gas,STREX,NCAT,PM10,1.6221712288857853e-05
2017,July,Mendocino (NC),LDT1,Gas,STREX,NCAT,PM2_5,1.5383803705546395e-05
2017,July,Mendocino (NC),LDT1,Gas,HOTSOAK,CAT,TOG,0.025113579099733916
2017,July,Mendocino (NC),LDT1,Gas,HOTSOAK,NCAT,TOG,0.0008797200112749172
2017,July,Mendocino (NC),LDT1,Gas,RUNLOSS,CAT,TOG,0.09343239066551032
2017,July,Mendocino (NC),LDT1,Gas,RUNLOSS,NCAT,TOG,0.002103581306562254
2017,July,Mendocino (NC),LDT1,Gas,RESTLOSS,CAT,TOG,0.01120551430951802
2017,July,Mendocino (NC),LDT1,Gas,RESTLOSS,NCAT,TOG,0.00043664977404048335
2017,July,Mendocino (NC),LDT1,Gas,DIURN,CAT,TOG,0.017299066823336907
2017,July,Mendocino (NC),LDT1,Gas,DIURN,NCAT,TOG,0.0006712758136736668
2017,July,Mendocino (NC),LDT1,Gas,PMTW,CAT,PM,0.0026539761042286623
2017,July,Mendocino (NC),LDT1,Gas,PMTW,CAT,PM10,0.0026539761042286623
2017,July,Mendocino (NC),LDT1,Gas,PMTW,CAT,PM2_5,0.0006634940260571656
2017,July,Mendocino (NC),LDT1,Gas,PMTW,NCAT,PM,1.2688849007280213e-05
2017,July,Mendocino (NC),LDT1,Gas,PMTW,NCAT,PM10,1.2688849007280213e-05
2017,July,Mendocino (NC),LDT1,Gas,PMTW,NCAT,PM2_5,3.1722122518200532e-06
2017,July,Mendocino (NC),LDT1,Gas,PMBW,CAT,PM,0.01244051298857185
2017,July,Mendocino (NC),LDT1,Gas,PMBW,CAT,PM10,0.012191702728800415
2017,July,Mendocino (NC),LDT1,Gas,PMBW,CAT,PM2_5,0.005225015455200181
2017,July,Mendocino (NC),LDT1,Gas,PMBW,NCAT,PM,5.947897972162596e-05
2017,July,Mendocino (NC),LDT1,Gas,PMBW,NCAT,PM10,5.8289400127193454e-05
2017,July,Mendocino (NC),LDT1,Gas,PMBW,NCAT,PM2_5,2.4981171483082898e-05
2017,July,Mendocino (NC),LDT2,Gas,RUNEX,CAT,CO,1.9817750065707436
2017,July,Mendocino (NC),LDT2,Gas,RUNEX,CAT,NOx,0.2324828948634853
2017,July,Mendocino (NC),LDT2,Gas,RUNEX,CAT,SOx,0.003820743572245551
2017,July,Mendocino (NC),LDT2,Gas,RUNEX,CAT,PM,0.002199337435769772
2017,July,Mendocino (NC),LDT2,Gas,RUNEX,CAT,TOG,0.07019973180690993
2017,July,Mendocino (NC),LDT2,Gas,RUNEX,CAT,PM10,0.0019671667553265207
2017,July,Mendocino (NC),LDT2,Gas,RUNEX,CAT,PM2_5,0.001809215272741451
2017,July,Mendocino (NC),LDT2,Gas,RUNEX,NCAT,CO,0.06982555144817426
2017,July,Mendocino (NC),LDT2,Gas,RUNEX,NCAT,NOx,0.0064464309870764175
2017,July,Mendocino (NC),LDT2,Gas,RUNEX,NCAT,SOx,6.98351486800664e-06
2017,July,Mendocino (NC),LDT2,Gas,RUNEX,NCAT,PM,6.979750645642271e-05
2017,July,Mendocino (NC),LDT2,Gas,RUNEX,NCAT,TOG,0.006711054072536309
2017,July,Mendocino (NC),LDT2,Gas,RUNEX,NCAT,PM10,6.611631595627585e-05
2017,July,Mendocino (NC),LDT2,Gas,RUNEX,NCAT,PM2_5,6.264441288183956e-05
2017,July,Mendocino (NC),LDT2,Gas,STREX,CAT,CO,0.40673258200486717
2017,July,Mendocino (NC),LDT2,Gas,STREX,CAT,NOx,0.06740041697932286
2017,July,Mendocino (NC),LDT2,Gas,STREX,CAT,SOx,0.00010053981498203304
2017,July,Mendocino (NC),LDT2,Gas,STREX,CAT,PM,0.00035314833821192723
2017,July,Mendocino (NC),LDT2,Gas,STREX,CAT,TOG,0.08596745516577507
2017,July,Mendocino (NC),LDT2,Gas,STREX,CAT,PM10,0.0003159104762567963
2017,July,Mendocino (NC),LDT2,Gas,STREX,CAT,PM2_5,0.00029056564863791677
2017,July,Mendocino (NC),LDT2,Gas,STREX,NCAT,CO,0.006428119737368187
2017,July,Mendocino (NC),LDT2,Gas,STREX,NCAT,NOx,0.0002895546111643818
2017,July,Mendocino (NC),LDT2,Gas,STREX,NCAT,SOx,4.772915525381894e-07
2017,July,Mendocino (NC),LDT2,Gas,STREX,NCAT,PM,1.2959071841914856e-05
2017,July,Mendocino (NC),LDT2,Gas,STREX,NCAT,TOG,0.0009374507634110598
2017,July,Mendocino (NC),LDT2,Gas,STREX,NCAT,PM10,1.2257806144746268e-05
2017,July,Mendocino (NC),LDT2,Gas,STREX,NCAT,PM2_5,1.1605754251323673e-05
2017,July,Mendocino (NC),LDT2,Gas,HOTSOAK,CAT,TOG,0.032169436649837214
2017,July,Mendocino (NC),LDT2,Gas,HOTSOAK,NCAT,TOG,0.00065320037071079
2017,July,Mendocino (NC),LDT2,Gas,RUNLOSS,CAT,TOG,0.11614522616892171
2017,July,Mendocino (NC),LDT2,Gas,RUNLOSS,NCAT,TOG,0.001553650942222794
2017,July,Mendocino (NC),LDT2,Gas,RESTLOSS,CAT,TOG,0.014365535295878498
2017,July,Mendocino (NC),LDT2,Gas,RESTLOSS,NCAT,TOG,0.0003349214637648278
2017,July,Mendocino (NC),LDT2,Gas,DIURN,CAT,TOG,0.019804151008644647
2017,July,Mendocino (NC),LDT2,Gas,DIURN,NCAT,TOG,0.0005080054908283832
2017,July,Mendocino (NC),LDT2,Gas,PMTW,CAT,PM,0.007744151488499207
2017,July,Mendocino (NC),LDT2,Gas,PMTW,CAT,PM10,0.007744151488499207
2017,July,Mendocino (NC),LDT2,Gas,PMTW,CAT,PM2_5,0.0019360378721248017
2017,July,Mendocino (NC),LDT2,Gas,PMTW,NCAT,PM,9.478932824597532e-06
2017,July,Mendocino (NC),LDT2,Gas,PMTW,NCAT,PM10,9.478932824597532e-06
2017,July,Mendocino (NC),LDT2,Gas,PMTW,NCAT,PM2_5,2.369733206149383e-06
2017,July,Mendocino (NC),LDT2,Gas,PMBW,CAT,PM,0.03630071010234004
2017,July,Mendocino (NC),LDT2,Gas,PMBW,CAT,PM10,0.03557469590029324
2017,July,Mendocino (NC),LDT2,Gas,PMBW,CAT,PM2_5,0.015246298242982825
2017,July,Mendocino (NC),LDT2,Gas,PMBW,NCAT,PM,4.443249761530093e-05
2017,July,Mendocino (NC),LDT2,Gas,PMBW,NCAT,PM10,4.3543847662994965e-05
2017,July,Mendocino (NC),LDT2,Gas,PMBW,NCAT,PM2_5,1.8661648998426397e-05
2017,July,Mendocino (NC),MDV,Gas,RUNEX,CAT,CO,1.4948657349855277
2017,July,Mendocino (NC),MDV,Gas,RUNEX,CAT,NOx,0.18433850334740848
2017,July,Mendocino (NC),MDV,Gas,RUNEX,CAT,SOx,0.003578318178532213
2017,July,Mendocino (NC),MDV,Gas,RUNEX,CAT,PM,0.0016153166120156793
2017,July,Mendocino (NC),MDV,Gas,RUNEX,CAT,TOG,0.056793804559034634
2017,July,Mendocino (NC),MDV,Gas,RUNEX,CAT,PM10,0.0014446329148498284
2017,July,Mendocino (NC),MDV,Gas,RUNEX,CAT,PM2_5,0.0013285557334685606
2017,July,Mendocino (NC),MDV,Gas,RUNEX,NCAT,CO,0.18515410197487692
2017,July,Mendocino (NC),MDV,Gas,RUNEX,NCAT,NOx,0.012559419421248384
2017,July,Mendocino (NC),MDV,Gas,RUNEX,NCAT,SOx,1.1491057935639854e-05
2017,July,Mendocino (NC),MDV,Gas,RUNEX,NCAT,PM,8.477280926127126e-05
2017,July,Mendocino (NC),MDV,Gas,RUNEX,NCAT,TOG,0.010141904490430353
2017,July,Mendocino (NC),MDV,Gas,RUNEX,NCAT,PM10,8.092680599226912e-05
2017,July,Mendocino (NC),MDV,Gas,RUNEX,NCAT,PM2_5,7.69711877009112e-05
2017,July,Mendocino (NC),MDV,Gas,STREX,CAT,CO,0.4144524629011083
2017,July,Mendocino (NC),MDV,Gas,STREX,CAT,NOx,0.061128719429630864
2017,July,Mendocino (NC),MDV,Gas,STREX,CAT,SOx,9.675549382950573e-05
2017,July,Mendocino (NC),MDV,Gas,STREX,CAT,PM,0.0003163632294567868
2017,July,Mendocino (NC),MDV,Gas,STREX,CAT,TOG,0.08250985168566016
2017,July,Mendocino (NC),MDV,Gas,STREX,CAT,PM10,0.0002830505085169754
2017,July,Mendocino (NC),MDV,Gas,STREX,CAT,PM2_5,0.0002603650407529976
2017,July,Mendocino (NC),MDV,Gas,STREX,NCAT,CO,0.030424077478133114
2017,July,Mendocino (NC),MDV,Gas,STREX,NCAT,NOx,0.0012853900660769666
2017,July,Mendocino (NC),MDV,Gas,STREX,NCAT,SOx,1.7404160034529617e-06
2017,July,Mendocino (NC),MDV,Gas,STREX,NCAT,PM,3.3764595436719445e-05
2017,July,Mendocino (NC),MDV,Gas,STREX,NCAT,TOG,0.0032586864899710227
2017,July,Mendocino (NC),MDV,Gas,STREX,NCAT,PM10,3.2225994832079715e-05
2017,July,Mendocino (NC),MDV,Gas,STREX,NCAT,PM2_5,3.0647667875953394e-05
2017,July,Mendocino (NC),MDV,Gas,HOTSOAK,CAT,TOG,0.026245844385668883
2017,July,Mendocino (NC),MDV,Gas,HOTSOAK,NCAT,TOG,0.0014913621635392123
2017,July,Mendocino (NC),MDV,Gas,RUNLOSS,CAT,TOG,0.09181172480032246
2017,July,Mendocino (NC),MDV,Gas,RUNLOSS,NCAT,TOG,0.003256764697317104
2017,July,Mendocino (NC),MDV,Gas,RESTLOSS,CAT,TOG,0.011955563618010078
2017,July,Mendocino (NC),MDV,Gas,RESTLOSS,NCAT,TOG,0.0009637205172365324
2017,July,Mendocino (NC),MDV,Gas,DIURN,CAT,TOG,0.015586224635452443
2017,July,Mendocino (NC),MDV,Gas,DIURN,NCAT,TOG,0.001403543902210201
2017,July,Mendocino (NC),MDV,Gas,PMTW,CAT,PM,0.006104905781817452
2017,July,Mendocino (NC),MDV,Gas,PMTW,CAT,PM10,0.006104905781817452
2017,July,Mendocino (NC),MDV,Gas,PMTW,CAT,PM2_5,0.001526226445454363
2017,July,Mendocino (NC),MDV,Gas,PMTW,NCAT,PM,1.1578245804660817e-05
2017,July,Mendocino (NC),MDV,Gas,PMTW,NCAT,PM10,1.1578245804660817e-05
2017,July,Mendocino (NC),MDV,Gas,PMTW,NCAT,PM2_5,2.8945614511652043e-06
2017,July,Mendocino (NC),MDV,Gas,PMBW,CAT,PM,0.028616745852269306
2017,July,Mendocino (NC),MDV,Gas,PMBW,CAT,PM10,0.02804441093522393
2017,July,Mendocino (NC),MDV,Gas,PMBW,CAT,PM2_5,0.012019033257953109
2017,July,Mendocino (NC),MDV,Gas,PMBW,NCAT,PM,5.427302720934757e-05
2017,July,Mendocino (NC),MDV,Gas,PMBW,NCAT,PM10,5.31875666651606e-05
2017,July,Mendocino (NC),MDV,Gas,PMBW,NCAT,PM2_5,2.279467142792596e-05
2017,July,Mendocino (NC),LHD1,Gas,RUNEX,CAT,CO,0.39864147900571184
2017,July,Mendocino (NC),LHD1,Gas,RUNEX,CAT,NOx,0.06679912705035554
2017,July,Mendocino (NC),LHD1,Gas,RUNEX,CAT,SOx,0.0011335381038078305
2017,July,Mendocino (NC),LHD1,Gas,RUNEX,CAT,PM,0.0004790496365261287
2017,July,Mendocino (NC),LHD1,Gas,RUNEX,CAT,TOG,0.030811172671031204
2017,July,Mendocino (NC),LHD1,Gas,RUNEX,CAT,PM10,0.0004282703750543591
2017,July,Mendocino (NC),LHD1,Gas,RUNEX,CAT,PM2_5,0.0003937788012244776
2017,July,Mendocino (NC),LHD1,Gas,RUNEX,NCAT,CO,0.09049205195822313
2017,July,Mendocino (NC),LHD1,Gas,RUNEX,NCAT,NOx,0.0023763656273109736
2017,July,Mendocino (NC),LHD1,Gas,RUNEX,NCAT,SOx,1.0404474087743214e-05
2017,July,Mendocino (NC),LHD1,Gas,RUNEX,NCAT,PM,4.7557725567659935e-05
2017,July,Mendocino (NC),LHD1,Gas,RUNEX,NCAT,TOG,0.005329764318449572
2017,July,Mendocino (NC),LHD1,Gas,RUNEX,NCAT,PM10,4.5702974270521224e-05
2017,July,Mendocino (NC),LHD1,Gas,RUNEX,NCAT,PM2_5,4.361043434554418e-05
2017,July,Mendocino (NC),LHD1,Gas,IDLEX,CAT,CO,0.012024726366666147
2017,July,Mendocino (NC),LHD1,Gas,IDLEX,CAT,NOx,0.00013504481200598105
2017,July,Mendocino (NC),LHD1,Gas,IDLEX,CAT,SOx,4.035826343444991e-06
2017,July,Mendocino (NC),LHD1,Gas,IDLEX,CAT,TOG,0.0022447115699651184
2017,July,Mendocino (NC),LHD1,Gas,IDLEX,NCAT,CO,0.00018385143526898414
2017,July,Mendocino (NC),LHD1,Gas,IDLEX,NCAT,NOx,2.079031818571955e-06
2017,July,Mendocino (NC),LHD1,Gas,IDLEX,NCAT,SOx,6.774401003256632e-08
2017,July,Mendocino (NC),LHD1,Gas,IDLEX,NCAT,TOG,3.304576755741757e-05
2017,July,Mendocino (NC),LHD1,Gas,STREX,CAT,CO,0.11819036508504442
2017,July,Mendocino (NC),LHD1,Gas,STREX,CAT,NOx,0.02655757894373381
2017,July,Mendocino (NC),LHD1,Gas,STREX,CAT,SOx,9.661808720503645e-06
2017,July,Mendocino (NC),LHD1,Gas,STREX,CAT,PM,4.0721650222794964e-05
2017,July,Mendocino (NC),LHD1,Gas,STREX,CAT,TOG,0.010193127824594089
2017,July,Mendocino (NC),LHD1,Gas,STREX,CAT,PM10,3.6405155299178724e-05
2017,July,Mendocino (NC),LHD1,Gas,STREX,CAT,PM2_5,3.347319648313754e-05
2017,July,Mendocino (NC),LHD1,Gas,STREX,NCAT,CO,7.424846712550651e-05
2017,July,Mendocino (NC),LHD1,Gas,STREX,NCAT,NOx,0.0003050168896216975
2017,July,Mendocino (NC),LHD1,Gas,STREX,NCAT,SOx,5.440558594486669e-07
2017,July,Mendocino (NC),LHD1,Gas,STREX,NCAT,PM,1.2540835222572966e-05
2017,July,Mendocino (NC),LHD1,Gas,STREX,NCAT,TOG,0.0016724774496843925
2017,July,Mendocino (NC),LHD1,Gas,STREX,NCAT,PM10,1.2051742648892642e-05
2017,July,Mendocino (NC),LHD1,Gas,STREX,NCAT,PM2_5,1.1499945899099423e-05
2017,July,Mendocino (NC),LHD1,Gas,HOTSOAK,CAT,TOG,0.012306374699828508
2017,July,Mendocino (NC),LHD1,Gas,HOTSOAK,NCAT,TOG,0.0010649565922719666
2017,July,Mendocino (NC),LHD1,Gas,RUNLOSS,CAT,TOG,0.11600556052631782
2017,July,Mendocino (NC),LHD1,Gas,RUNLOSS,NCAT,TOG,0.003211923940532568
2017,July,Mendocino (NC),LHD1,Gas,RESTLOSS,CAT,TOG,0.00017606367512162607
2017,July,Mendocino (NC),LHD1,Gas,RESTLOSS,NCAT,TOG,1.1748176415438864e-05
2017,July,Mendocino (NC),LHD1,Gas,DIURN,CAT,TOG,0.00043432949041374543
2017,July,Mendocino (NC),LHD1,Gas,DIURN,NCAT,TOG,2.786584475459232e-05
2017,July,Mendocino (NC),LHD1,Gas,PMTW,CAT,PM,0.000866314754373606
2017,July,Mendocino (NC),LHD1,Gas,PMTW,CAT,PM10,0.000866314754373606
2017,July,Mendocino (NC),LHD1,Gas,PMTW,CAT,PM2_5,0.0002165786885934015
2017,July,Mendocino (NC),LHD1,Gas,PMTW,NCAT,PM,6.747778947739628e-06
2017,July,Mendocino (NC),LHD1,Gas,PMTW,NCAT,PM10,6.747778947739628e-06
2017,July,Mendocino (NC),LHD1,Gas,PMTW,NCAT,PM2_5,1.686944736934907e-06
2017,July,Mendocino (NC),LHD1,Gas,PMBW,CAT,PM,0.008446568855142647
2017,July,Mendocino (NC),LHD1,Gas,PMBW,CAT,PM10,0.008277637478039787
2017,July,Mendocino (NC),LHD1,Gas,PMBW,CAT,PM2_5,0.0035475589191599132
2017,July,Mendocino (NC),LHD1,Gas,PMBW,NCAT,PM,6.579084474046138e-05
2017,July,Mendocino (NC),LHD1,Gas,PMBW,NCAT,PM10,6.447502784565218e-05
2017,July,Mendocino (NC),LHD1,Gas,PMBW,NCAT,PM2_5,2.7632154790993766e-05
2017,July,Mendocino (NC),LHD2,Gas,RUNEX,CAT,CO,0.032645743450744294
2017,July,Mendocino (NC),LHD2,Gas,RUNEX,CAT,NOx,0.005902791782877874
2017,July,Mendocino (NC),LHD2,Gas,RUNEX,CAT,SOx,0.00013457825619746886
2017,July,Mendocino (NC),LHD2,Gas,RUNEX,CAT,PM,4.068910355602902e-05
2017,July,Mendocino (NC),LHD2,Gas,RUNEX,CAT,TOG,0.002524068735519627
2017,July,Mendocino (NC),LHD2,Gas,RUNEX,CAT,PM10,3.6376058579089827e-05
2017,July,Mendocino (NC),LHD2,Gas,RUNEX,CAT,PM2_5,3.34464431230558e-05
2017,July,Mendocino (NC),LHD2,Gas,RUNEX,NCAT,CO,0.0019086117616641334
2017,July,Mendocino (NC),LHD2,Gas,RUNEX,NCAT,NOx,5.4941211920464346e-05
2017,July,Mendocino (NC),LHD2,Gas,RUNEX,NCAT,SOx,2.495473062043443e-07
2017,July,Mendocino (NC),LHD2,Gas,RUNEX,NCAT,PM,1.0165261287888e-06
2017,July,Mendocino (NC),LHD2,Gas,RUNEX,NCAT,TOG,0.00011760093742810382
2017,July,Mendocino (NC),LHD2,Gas,RUNEX,NCAT,PM10,9.76881609766037e-07
2017,July,Mendocino (NC),LHD2,Gas,RUNEX,NCAT,PM2_5,9.321544600993299e-07
2017,July,Mendocino (NC),LHD2,Gas,IDLEX,CAT,CO,0.0012105574076635409
2017,July,Mendocino (NC),LHD2,Gas,IDLEX,CAT,NOx,1.3611510665571335e-05
2017,July,Mendocino (NC),LHD2,Gas,IDLEX,CAT,SOx,4.6608472057251626e-07
2017,July,Mendocino (NC),LHD2,Gas,IDLEX,CAT,TOG,0.00022666609975198097
2017,July,Mendocino (NC),LHD2,Gas,IDLEX,NCAT,CO,3.70999110075739e-06
2017,July,Mendocino (NC),LHD2,Gas,IDLEX,NCAT,NOx,4.195338227198832e-08
2017,July,Mendocino (NC),LHD2,Gas,IDLEX,NCAT,SOx,1.577550330242606e-09
2017,July,Mendocino (NC),LHD2,Gas,IDLEX,NCAT,TOG,6.668400677772631e-07
2017,July,Mendocino (NC),LHD2,Gas,STREX,CAT,CO,0.010878442437152443
2017,July,Mendocino (NC),LHD2,Gas,STREX,CAT,NOx,0.0026736343683134724
2017,July,Mendocino (NC),LHD2,Gas,STREX,CAT,SOx,1.08525390379938e-06
2017,July,Mendocino (NC),LHD2,Gas,STREX,CAT,PM,3.316201436725359e-06
2017,July,Mendocino (NC),LHD2,Gas,STREX,CAT,TOG,0.0009243823902340509
2017,July,Mendocino (NC),LHD2,Gas,STREX,CAT,PM10,2.9646840844324743e-06
2017,July,Mendocino (NC),LHD2,Gas,STREX,CAT,PM2_5,2.7259175809882493e-06
2017,July,Mendocino (NC),LHD2,Gas,STREX,NCAT,CO,1.2674349691543244e-06
2017,July,Mendocino (NC),LHD2,Gas,STREX,NCAT,NOx,5.879809563347523e-06
2017,July,Mendocino (NC),LHD2,Gas,STREX,NCAT,SOx,1.258943159340539e-08
2017,July,Mendocino (NC),LHD2,Gas,STREX,NCAT,PM,2.53065128394239e-07
2017,July,Mendocino (NC),LHD2,Gas,STREX,NCAT,TOG,3.346303309380827e-05
2017,July,Mendocino (NC),LHD2,Gas,STREX,NCAT,PM10,2.431955883868636e-07
2017,July,Mendocino (NC),LHD2,Gas,STREX,NCAT,PM2_5,2.3206072273751717e-07
2017,July,Mendocino (NC),LHD2,Gas,HOTSOAK,CAT,TOG,0.0009978549491688007
2017,July,Mendocino (NC),LHD2,Gas,HOTSOAK,NCAT,TOG,2.130133993979555e-05
2017,July,Mendocino (NC),LHD2,Gas,RUNLOSS,CAT,TOG,0.009313091894242221
2017,July,Mendocino (NC),LHD2,Gas,RUNLOSS,NCAT,TOG,6.67804441110153e-05
2017,July,Mendocino (NC),LHD2,Gas,RESTLOSS,CAT,TOG,1.431228000981562e-05
2017,July,Mendocino (NC),LHD2,Gas,RESTLOSS,NCAT,TOG,2.668690506295303e-07
2017,July,Mendocino (NC),LHD2,Gas,DIURN,CAT,TOG,3.460811289036915e-05
2017,July,Mendocino (NC),LHD2,Gas,DIURN,NCAT,TOG,6.000100987637787e-07
2017,July,Mendocino (NC),LHD2,Gas,PMTW,CAT,PM,8.98722973056905e-05
2017,July,Mendocino (NC),LHD2,Gas,PMTW,CAT,PM10,8.98722973056905e-05
2017,July,Mendocino (NC),LHD2,Gas,PMTW,CAT,PM2_5,2.2468074326422627e-05
2017,July,Mendocino (NC),LHD2,Gas,PMTW,NCAT,PM,1.4423090107430962e-07
2017,July,Mendocino (NC),LHD2,Gas,PMTW,NCAT,PM10,1.4423090107430962e-07
2017,July,Mendocino (NC),LHD2,Gas,PMTW,NCAT,PM2_5,3.6057725268577405e-08
2017,July,Mendocino (NC),LHD2,Gas,PMBW,CAT,PM,0.0010222973818522294
2017,July,Mendocino (NC),LHD2,Gas,PMBW,CAT,PM10,0.0010018514342151846
2017,July,Mendocino (NC),LHD2,Gas,PMBW,CAT,PM2_5,0.00042936490037793665
2017,July,Mendocino (NC),LHD2,Gas,PMBW,NCAT,PM,1.6406264997202718e-06
2017,July,Mendocino (NC),LHD2,Gas,PMBW,NCAT,PM10,1.6078139697258668e-06
2017,July,Mendocino (NC),LHD2,Gas,PMBW,NCAT,PM2_5,6.890631298825143e-07
2017,July,Mendocino (NC),T6TS,Gas,RUNEX,CAT,CO,0.0839788233522558
2017,July,Mendocino (NC),T6TS,Gas,RUNEX,CAT,NOx,0.016129636466547085
2017,July,Mendocino (NC),T6TS,Gas,RUNEX,CAT,SOx,0.00017393361055489964
2017,July,Mendocino (NC),T6TS,Gas,RUNEX,CAT,PM,2.7415876673570392e-05
2017,July,Mendocino (NC),T6TS,Gas,RUNEX,CAT,TOG,0.005282970921741336
2017,July,Mendocino (NC),T6TS,Gas,RUNEX,CAT,PM10,2.4509793746171958e-05
2017,July,Mendocino (NC),T6TS,Gas,RUNEX,CAT,PM2_5,2.253585062567486e-05
2017,July,Mendocino (NC),T6TS,Gas,RUNEX,NCAT,CO,0.01804773769710669
2017,July,Mendocino (NC),T6TS,Gas,RUNEX,NCAT,NOx,0.0005419385119533315
2017,July,Mendocino (NC),T6TS,Gas,RUNEX,NCAT,SOx,2.7570498493825543e-06
2017,July,Mendocino (NC),T6TS,Gas,RUNEX,NCAT,PM,5.4594208269984356e-06
2017,July,Mendocino (NC),T6TS,Gas,RUNEX,NCAT,TOG,0.0008640376969165372
2017,July,Mendocino (NC),T6TS,Gas,RUNEX,NCAT,PM10,5.246503414745497e-06
2017,July,Mendocino (NC),T6TS,Gas,RUNEX,NCAT,PM2_5,5.006288898357567e-06
2017,July,Mendocino (NC),T6TS,Gas,IDLEX,CAT,CO,0.002431394792213185
2017,July,Mendocino (NC),T6TS,Gas,IDLEX,CAT,NOx,2.1539074306632765e-05
2017,July,Mendocino (NC),T6TS,Gas,IDLEX,CAT,SOx,1.4113202205284533e-06
2017,July,Mendocino (NC),T6TS,Gas,IDLEX,CAT,TOG,0.0003166872054216779
2017,July,Mendocino (NC),T6TS,Gas,IDLEX,NCAT,CO,0.00012983091661307374
2017,July,Mendocino (NC),T6TS,Gas,IDLEX,NCAT,NOx,1.1533782686646576e-06
2017,July,Mendocino (NC),T6TS,Gas,IDLEX,NCAT,SOx,8.155233995219149e-08
2017,July,Mendocino (NC),T6TS,Gas,IDLEX,NCAT,TOG,1.6331371080995352e-05
2017,July,Mendocino (NC),T6TS,Gas,STREX,CAT,CO,0.03381115724509586
2017,July,Mendocino (NC),T6TS,Gas,STREX,CAT,NOx,0.0018549426145081595
2017,July,Mendocino (NC),T6TS,Gas,STREX,CAT,SOx,2.1238389165148275e-06
2017,July,Mendocino (NC),T6TS,Gas,STREX,CAT,PM,6.033984102340386e-06
2017,July,Mendocino (NC),T6TS,Gas,STREX,CAT,TOG,0.0015915081865275726
2017,July,Mendocino (NC),T6TS,Gas,STREX,CAT,PM10,5.394381787492295e-06
2017,July,Mendocino (NC),T6TS,Gas,STREX,CAT,PM2_5,4.959934932123794e-06
2017,July,Mendocino (NC),T6TS,Gas,STREX,NCAT,CO,3.775526298766408e-05
2017,July,Mendocino (NC),T6TS,Gas,STREX,NCAT,NOx,0.00015679116813078266
2017,July,Mendocino (NC),T6TS,Gas,STREX,NCAT,SOx,3.82729598154847e-07
2017,July,Mendocino (NC),T6TS,Gas,STREX,NCAT,PM,4.263779132080821e-06
2017,July,Mendocino (NC),T6TS,Gas,STREX,NCAT,TOG,0.0008393304680953589
2017,July,Mendocino (NC),T6TS,Gas,STREX,NCAT,PM10,4.09749174592967e-06
2017,July,Mendocino (NC),T6TS,Gas,STREX,NCAT,PM2_5,3.909885464118115e-06
2017,July,Mendocino (NC),T6TS,Gas,HOTSOAK,CAT,TOG,0.001197463711296676
2017,July,Mendocino (NC),T6TS,Gas,HOTSOAK,NCAT,TOG,0.00038579381123038907
2017,July,Mendocino (NC),T6TS,Gas,RUNLOSS,CAT,TOG,0.008390066818431225
2017,July,Mendocino (NC),T6TS,Gas,RUNLOSS,NCAT,TOG,0.0010674688044057874
2017,July,Mendocino (NC),T6TS,Gas,RESTLOSS,CAT,TOG,1.684996175625487e-05
2017,July,Mendocino (NC),T6TS,Gas,RESTLOSS,NCAT,TOG,3.406263787347756e-06
2017,July,Mendocino (NC),T6TS,Gas,DIURN,CAT,TOG,3.921111438746468e-05
2017,July,Mendocino (NC),T6TS,Gas,DIURN,NCAT,TOG,7.600319828200817e-06
2017,July,Mendocino (NC),T6TS,Gas,PMTW,CAT,PM,0.0001125538207073733
2017,July,Mendocino (NC),T6TS,Gas,PMTW,CAT,PM10,0.0001125538207073733
2017,July,Mendocino (NC),T6TS,Gas,PMTW,CAT,PM2_5,2.8138455176843324e-05
2017,July,Mendocino (NC),T6TS,Gas,PMTW,NCAT,PM,1.5724603387734104e-06
2017,July,Mendocino (NC),T6TS,Gas,PMTW,NCAT,PM10,1.5724603387734104e-06
2017,July,Mendocino (NC),T6TS,Gas,PMTW,NCAT,PM2_5,3.931150846933526e-07
2017,July,Mendocino (NC),T6TS,Gas,PMBW,CAT,PM,0.0012474715128400536
2017,July,Mendocino (NC),T6TS,Gas,PMBW,CAT,PM10,0.0012225220825832525
2017,July,Mendocino (NC),T6TS,Gas,PMBW,CAT,PM2_5,0.0005239380353928226
2017,July,Mendocino (NC),T6TS,Gas,PMBW,NCAT,PM,1.7428102088071967e-05
2017,July,Mendocino (NC),T6TS,Gas,PMBW,NCAT,PM10,1.7079540046310524e-05
2017,July,Mendocino (NC),T6TS,Gas,PMBW,NCAT,PM2_5,7.319802876990226e-06
2017,July,Mendocino (NC),T7IS,Gas,RUNEX,CAT,CO,0.005723806707440975
2017,July,Mendocino (NC),T7IS,Gas,RUNEX,CAT,NOx,0.00044278170237470045
2017,July,Mendocino (NC),T7IS,Gas,RUNEX,CAT,SOx,1.4219125350199202e-06
2017,July,Mendocino (NC),T7IS,Gas,RUNEX,CAT,PM,2.6968864689982664e-07
2017,July,Mendocino (NC),T7IS,Gas,RUNEX,CAT,TOG,0.00025971818258126574
2017,July,Mendocino (NC),T7IS,Gas,RUNEX,CAT,PM10,2.4110165032844503e-07
2017,July,Mendocino (NC),T7IS,Gas,RUNEX,CAT,PM2_5,2.2168406775165748e-07
2017,July,Mendocino (NC),T7IS,Gas,RUNEX,NCAT,CO,0.005579385475443269
2017,July,Mendocino (NC),T7IS,Gas,RUNEX,NCAT,NOx,0.00027194620198569294
2017,July,Mendocino (NC),T7IS,Gas,RUNEX,NCAT,SOx,4.5686059908367095e-07
2017,July,Mendocino (NC),T7IS,Gas,RUNEX,NCAT,PM,5.981542194131856e-07
2017,July,Mendocino (NC),T7IS,Gas,RUNEX,NCAT,TOG,0.00020265262093384424
2017,July,Mendocino (NC),T7IS,Gas,RUNEX,NCAT,PM10,5.748262048560714e-07
2017,July,Mendocino (NC),T7IS,Gas,RUNEX,NCAT,PM2_5,5.485074192018912e-07
2017,July,Mendocino (NC),T7IS,Gas,STREX,CAT,CO,1.870811098105683e-05
2017,July,Mendocino (NC),T7IS,Gas,STREX,CAT,NOx,5.7502989561110956e-08
2017,July,Mendocino (NC),T7IS,Gas,STREX,CAT,SOx,1.5849450239850888e-08
2017,July,Mendocino (NC),T7IS,Gas,STREX,CAT,PM,7.166949576961392e-08
2017,July,Mendocino (NC),T7IS,Gas,STREX,CAT,TOG,1.4865093586621051e-08
2017,July,Mendocino (NC),T7IS,Gas,STREX,CAT,PM10,6.407252921803484e-08
2017,July,Mendocino (NC),T7IS,Gas,STREX,CAT,PM2_5,5.8912325522622656e-08
2017,July,Mendocino (NC),T7IS,Gas,STREX,NCAT,CO,0.0
2017,July,Mendocino (NC),T7IS,Gas,STREX,NCAT,NOx,0.0
2017,July,Mendocino (NC),T7IS,Gas,STREX,NCAT,SOx,3.707186987006907e-08
2017,July,Mendocino (NC),T7IS,Gas,STREX,NCAT,PM,3.479490707492144e-07
2017,July,Mendocino (NC),T7IS,Gas,STREX,NCAT,TOG,0.0
2017,July,Mendocino (NC),T7IS,Gas,STREX,NCAT,PM10,3.3437905698999503e-07
2017,July,Mendocino (NC),T7IS,Gas,STREX,NCAT,PM2_5,3.190692978770296e-07
2017,July,Mendocino (NC),T7IS,Gas,HOTSOAK,CAT,TOG,1.4843676782218253e-05
2017,July,Mendocino (NC),T7IS,Gas,HOTSOAK,NCAT,TOG,3.149602901481373e-05
2017,July,Mendocino (NC),T7IS,Gas,RUNLOSS,CAT,TOG,0.00012348752498317955
2017,July,Mendocino (NC),T7IS,Gas,RUNLOSS,NCAT,TOG,0.0001232712612401845
2017,July,Mendocino (NC),T7IS,Gas,RESTLOSS,CAT,TOG,2.479146103091111e-07
2017,July,Mendocino (NC),T7IS,Gas,RESTLOSS,NCAT,TOG,2.737418524111531e-07
2017,July,Mendocino (NC),T7IS,Gas,DIURN,CAT,TOG,5.504705001658661e-07
2017,July,Mendocino (NC),T7IS,Gas,DIURN,NCAT,TOG,6.148802623890616e-07
2017,July,Mendocino (NC),T7IS,Gas,PMTW,CAT,PM,1.2142586507322088e-06
2017,July,Mendocino (NC),T7IS,Gas,PMTW,CAT,PM10,1.2142586507322088e-06
2017,July,Mendocino (NC),T7IS,Gas,PMTW,CAT,PM2_5,3.035646626830522e-07
2017,July,Mendocino (NC),T7IS,Gas,PMTW,NCAT,PM,3.28539258256712e-07
2017,July,Mendocino (NC),T7IS,Gas,PMTW,NCAT,PM10,3.28539258256712e-07
2017,July,Mendocino (NC),T7IS,Gas,PMTW,NCAT,PM2_5,8.2134814564178e-08
2017,July,Mendocino (NC),T7IS,Gas,PMBW,CAT,PM,3.824914749806458e-06
2017,July,Mendocino (NC),T7IS,Gas,PMBW,CAT,PM10,3.748416454810326e-06
2017,July,Mendocino (NC),T7IS,Gas,PMBW,CAT,PM2_5,1.6064641949187111e-06
2017,July,Mendocino (NC),T7IS,Gas,PMBW,NCAT,PM,1.0348986635086426e-06
2017,July,Mendocino (NC),T7IS,Gas,PMBW,NCAT,PM10,1.0142006902384698e-06
2017,July,Mendocino (NC),T7IS,Gas,PMBW,NCAT,PM2_5,4.346574386736299e-07
2017,July,Mendocino (NC),LDT1,Dsl,RUNEX,DSL,CO,0.0006497368569945338
2017,July,Mendocino (NC),LDT1,Dsl,RUNEX,DSL,NOx,0.0006328462086534154
2017,July,Mendocino (NC),LDT1,Dsl,RUNEX,DSL,SOx,1.5817536866175624e-06
2017,July,Mendocino (NC),LDT1,Dsl,RUNEX,DSL,PM,9.413814122236033e-05
2017,July,Mendocino (NC),LDT1,Dsl,RUNEX,DSL,TOG,0.00013099386681148802
2017,July,Mendocino (NC),LDT1,Dsl,RUNEX,DSL,PM10,9.357331237502612e-05
2017,July,Mendocino (NC),LDT1,Dsl,RUNEX,DSL,PM2_5,8.952537230246462e-05
2017,July,Mendocino (NC),LDT1,Dsl,PMTW,DSL,PM,3.2019994359345757e-06
2017,July,Mendocino (NC),LDT1,Dsl,PMTW,DSL,PM10,3.2019994359345757e-06
2017,July,Mendocino (NC),LDT1,Dsl,PMTW,DSL,PM2_5,8.004998589836439e-07
2017,July,Mendocino (NC),LDT1,Dsl,PMBW,DSL,PM,1.5009372355943318e-05
2017,July,Mendocino (NC),LDT1,Dsl,PMBW,DSL,PM10,1.4709184908824449e-05
2017,July,Mendocino (NC),LDT1,Dsl,PMBW,DSL,PM2_5,6.303936389496193e-06
2017,July,Mendocino (NC),LDT2,Dsl,RUNEX,DSL,CO,0.002088802960617252
2017,July,Mendocino (NC),LDT2,Dsl,RUNEX,DSL,NOx,0.0027132100784083733
2017,July,Mendocino (NC),LDT2,Dsl,RUNEX,DSL,SOx,1.4997134070023235e-05
2017,July,Mendocino (NC),LDT2,Dsl,RUNEX,DSL,PM,0.0001477287797772
2017,July,Mendocino (NC),LDT2,Dsl,RUNEX,DSL,TOG,0.00027903628021626927
2017,July,Mendocino (NC),LDT2,Dsl,RUNEX,DSL,PM10,0.00014684240709853669
2017,July,Mendocino (NC),LDT2,Dsl,RUNEX,DSL,PM2_5,0.00014049006956811703
2017,July,Mendocino (NC),LDT2,Dsl,PMTW,DSL,PM,3.797357276818635e-05
2017,July,Mendocino (NC),LDT2,Dsl,PMTW,DSL,PM10,3.797357276818635e-05
2017,July,Mendocino (NC),LDT2,Dsl,PMTW,DSL,PM2_5,9.493393192046588e-06
2017,July,Mendocino (NC),LDT2,Dsl,PMBW,DSL,PM,0.00017800112235087358
2017,July,Mendocino (NC),LDT2,Dsl,PMBW,DSL,PM10,0.0001744410999038561
2017,July,Mendocino (NC),LDT2,Dsl,PMBW,DSL,PM2_5,7.476047138736685e-05
2017,July,Mendocino (NC),MDV,Dsl,RUNEX,DSL,CO,0.006156599651183835
2017,July,Mendocino (NC),MDV,Dsl,RUNEX,DSL,NOx,0.00377734912936839
2017,July,Mendocino (NC),MDV,Dsl,RUNEX,DSL,SOx,8.420807256030636e-05
2017,July,Mendocino (NC),MDV,Dsl,RUNEX,DSL,PM,0.00022865619983322228
2017,July,Mendocino (NC),MDV,Dsl,RUNEX,DSL,TOG,0.0005121394301520313
2017,July,Mendocino (NC),MDV,Dsl,RUNEX,DSL,PM10,0.000227284262634223
2017,July,Mendocino (NC),MDV,Dsl,RUNEX,DSL,PM2_5,0.0002174520460413944
2017,July,Mendocino (NC),MDV,Dsl,PMTW,DSL,PM,0.00017161005894531916
2017,July,Mendocino (NC),MDV,Dsl,PMTW,DSL,PM10,0.00017161005894531916
2017,July,Mendocino (NC),MDV,Dsl,PMTW,DSL,PM2_5,4.290251473632979e-05
2017,July,Mendocino (NC),MDV,Dsl,PMBW,DSL,PM,0.000804422151306183
2017,July,Mendocino (NC),MDV,Dsl,PMBW,DSL,PM10,0.0007883337082800594
2017,July,Mendocino (NC),MDV,Dsl,PMBW,DSL,PM2_5,0.0003378573035485969
2017,July,Mendocino (NC),LHD1,Dsl,RUNEX,DSL,CO,0.2009757258668335
2017,July,Mendocino (NC),LHD1,Dsl,RUNEX,DSL,NOx,0.8385478472283266
2017,July,Mendocino (NC),LHD1,Dsl,RUNEX,DSL,SOx,0.0011038718042120762
2017,July,Mendocino (NC),LHD1,Dsl,RUNEX,DSL,PM,0.008777071315902878
2017,July,Mendocino (NC),LHD1,Dsl,RUNEX,DSL,TOG,0.05061741720359328
2017,July,Mendocino (NC),LHD1,Dsl,RUNEX,DSL,PM10,0.008724408888007492
2017,July,Mendocino (NC),LHD1,Dsl,RUNEX,DSL,PM2_5,0.008346994821423663
2017,July,Mendocino (NC),LHD1,Dsl,IDLEX,DSL,CO,0.004869823036341598
2017,July,Mendocino (NC),LHD1,Dsl,IDLEX,DSL,NOx,0.013766807980837837
2017,July,Mendocino (NC),LHD1,Dsl,IDLEX,DSL,SOx,7.19836266904171e-06
2017,July,Mendocino (NC),LHD1,Dsl,IDLEX,DSL,PM,0.00016225259641914784
2017,July,Mendocino (NC),LHD1,Dsl,IDLEX,DSL,TOG,0.0006688736232857255
2017,July,Mendocino (NC),LHD1,Dsl,IDLEX,DSL,PM10,0.0001612790808406327
2017,July,Mendocino (NC),LHD1,Dsl,IDLEX,DSL,PM2_5,0.00015430221919460958
2017,July,Mendocino (NC),LHD1,Dsl,PMTW,DSL,PM,0.0023645537454956298
2017,July,Mendocino (NC),LHD1,Dsl,PMTW,DSL,PM10,0.0023645537454956298
2017,July,Mendocino (NC),LHD1,Dsl,PMTW,DSL,PM2_5,0.0005911384363739074
2017,July,Mendocino (NC),LHD1,Dsl,PMBW,DSL,PM,0.015369599345721558
2017,July,Mendocino (NC),LHD1,Dsl,PMBW,DSL,PM10,0.01506220735880715
2017,July,Mendocino (NC),LHD1,Dsl,PMBW,DSL,PM2_5,0.006455231725203057
2017,July,Mendocino (NC),LHD2,Dsl,RUNEX,DSL,CO,0.03916949339577454
2017,July,Mendocino (NC),LHD2,Dsl,RUNEX,DSL,NOx,0.14357685511282023
2017,July,Mendocino (NC),LHD2,Dsl,RUNEX,DSL,SOx,0.0002807424453170551
2017,July,Mendocino (NC),LHD2,Dsl,RUNEX,DSL,PM,0.0016222354356133593
2017,July,Mendocino (NC),LHD2,Dsl,RUNEX,DSL,TOG,0.009924576543430062
2017,July,Mendocino (NC),LHD2,Dsl,RUNEX,DSL,PM10,0.0016125020229996784
2017,July,Mendocino (NC),LHD2,Dsl,RUNEX,DSL,PM2_5,0.001542745899268307
2017,July,Mendocino (NC),LHD2,Dsl,IDLEX,DSL,CO,0.0010447340159200921
2017,July,Mendocino (NC),LHD2,Dsl,IDLEX,DSL,NOx,0.0029560953650974334
2017,July,Mendocino (NC),LHD2,Dsl,IDLEX,DSL,SOx,2.4643777953338827e-06
2017,July,Mendocino (NC),LHD2,Dsl,IDLEX,DSL,PM,3.3063201395307175e-05
2017,July,Mendocino (NC),LHD2,Dsl,IDLEX,DSL,TOG,0.0001434949527700457
2017,July,Mendocino (NC),LHD2,Dsl,IDLEX,DSL,PM10,3.286482218693531e-05
2017,July,Mendocino (NC),LHD2,Dsl,IDLEX,DSL,PM2_5,3.144310452693713e-05
2017,July,Mendocino (NC),LHD2,Dsl,PMTW,DSL,PM,0.0005364052564779219
2017,July,Mendocino (NC),LHD2,Dsl,PMTW,DSL,PM10,0.0005364052564779219
2017,July,Mendocino (NC),LHD2,Dsl,PMTW,DSL,PM2_5,0.00013410131411948048
2017,July,Mendocino (NC),LHD2,Dsl,PMBW,DSL,PM,0.004067739861624241
2017,July,Mendocino (NC),LHD2,Dsl,PMBW,DSL,PM10,0.0039863850643917596
2017,July,Mendocino (NC),LHD2,Dsl,PMBW,DSL,PM2_5,0.0017084507418821816
2017,July,Mendocino (NC),LDT1,Elec,HOTSOAK,CAT,TOG,2.666097154163389e-07
2017,July,Mendocino (NC),LDT1,Elec,RESTLOSS,CAT,TOG,6.617983730569402e-08
2017,July,Mendocino (NC),LDT1,Elec,DIURN,CAT,TOG,2.822659742129745e-07
2017,July,Mendocino (NC),LDT1,Elec,PMTW,CAT,PM,2.927769714166068e-06
2017,July,Mendocino (NC),LDT1,Elec,PMTW,CAT,PM10,2.927769714166068e-06
2017,July,Mendocino (NC),LDT1,Elec,PMTW,CAT,PM2_5,7.31942428541517e-07
2017,July,Mendocino (NC),LDT1,Elec,PMBW,CAT,PM,1.3723920535153443e-05
2017,July,Mendocino (NC),LDT1,Elec,PMBW,CAT,PM10,1.3449442124450375e-05
2017,July,Mendocino (NC),LDT1,Elec,PMBW,CAT,PM2_5,5.7640466247644455e-06
2017,July,Mendocino (NC),LDT2,Elec,HOTSOAK,CAT,TOG,7.24355873681412e-07
2017,July,Mendocino (NC),LDT2,Elec,RESTLOSS,CAT,TOG,1.6722581583133476e-07
2017,July,Mendocino (NC),LDT2,Elec,DIURN,CAT,TOG,7.13240765479034e-07
2017,July,Mendocino (NC),LDT2,Elec,PMTW,CAT,PM,8.736752751470098e-06
2017,July,Mendocino (NC),LDT2,Elec,PMTW,CAT,PM10,8.736752751470098e-06
2017,July,Mendocino (NC),LDT2,Elec,PMTW,CAT,PM2_5,2.1841881878675246e-06
2017,July,Mendocino (NC),LDT2,Elec,PMBW,CAT,PM,4.095352852251609e-05
2017,July,Mendocino (NC),LDT2,Elec,PMBW,CAT,PM10,4.0134457952065753e-05
2017,July,Mendocino (NC),LDT2,Elec,PMBW,CAT,PM2_5,1.7200481979456757e-05
2017,July,Mendocino (NC),MDV,Elec,HOTSOAK,CAT,TOG,1.295424749135846e-07
2017,July,Mendocino (NC),MDV,Elec,RESTLOSS,CAT,TOG,3.3010180128859685e-08
2017,July,Mendocino (NC),MDV,Elec,DIURN,CAT,TOG,1.4079289149622412e-07
2017,July,Mendocino (NC),MDV,Elec,PMTW,CAT,PM,1.2905894867581645e-06
2017,July,Mendocino (NC),MDV,Elec,PMTW,CAT,PM10,1.2905894867581645e-06
2017,July,Mendocino (NC),MDV,Elec,PMTW,CAT,PM2_5,3.2264737168954113e-07
2017,July,Mendocino (NC),MDV,Elec,PMBW,CAT,PM,6.049638219178897e-06
2017,July,Mendocino (NC),MDV,Elec,PMBW,CAT,PM10,5.9286454547953176e-06
2017,July,Mendocino (NC),MDV,Elec,PMBW,CAT,PM2_5,2.5408480520551365e-06
2017,July,Mendocino (NC),SBUS,Gas,RUNEX,CAT,CO,0.010068097691815292
2017,July,Mendocino (NC),SBUS,Gas,RUNEX,CAT,NOx,0.001334476199614893
2017,July,Mendocino (NC),SBUS,Gas,RUNEX,CAT,SOx,6.13812980009659e-06
2017,July,Mendocino (NC),SBUS,Gas,RUNEX,CAT,PM,4.152839683504542e-06
2017,July,Mendocino (NC),SBUS,Gas,RUNEX,CAT,TOG,0.000614226229730165
2017,July,Mendocino (NC),SBUS,Gas,RUNEX,CAT,PM10,3.71263867705306e-06
2017,July,Mendocino (NC),SBUS,Gas,RUNEX,CAT,PM2_5,3.413634219840733e-06
2017,July,Mendocino (NC),SBUS,Gas,IDLEX,CAT,CO,0.001057247166390479
2017,July,Mendocino (NC),SBUS,Gas,IDLEX,CAT,NOx,1.192249761695556e-05
2017,July,Mendocino (NC),SBUS,Gas,IDLEX,CAT,SOx,3.58143682505022e-07
2017,July,Mendocino (NC),SBUS,Gas,IDLEX,CAT,TOG,0.00019683527994967495
2017,July,Mendocino (NC),SBUS,Gas,STREX,CAT,CO,0.000968822550182848
2017,July,Mendocino (NC),SBUS,Gas,STREX,CAT,NOx,2.696430358254718e-05
2017,July,Mendocino (NC),SBUS,Gas,STREX,CAT,SOx,3.543266143049297e-08
2017,July,Mendocino (NC),SBUS,Gas,STREX,CAT,PM,1.0955076983551614e-07
2017,July,Mendocino (NC),SBUS,Gas,STREX,CAT,TOG,4.3643860188117555e-05
2017,July,Mendocino (NC),SBUS,Gas,STREX,CAT,PM10,9.793838823295143e-08
2017,July,Mendocino (NC),SBUS,Gas,STREX,CAT,PM2_5,9.005073280479426e-08
2017,July,Mendocino (NC),SBUS,Gas,HOTSOAK,CAT,TOG,1.922796626171266e-05
2017,July,Mendocino (NC),SBUS,Gas,RUNLOSS,CAT,TOG,0.0002676737461398534
2017,July,Mendocino (NC),SBUS,Gas,RESTLOSS,CAT,TOG,9.363311938475376e-07
2017,July,Mendocino (NC),SBUS,Gas,DIURN,CAT,TOG,3.1745884983928167e-06
2017,July,Mendocino (NC),SBUS,Gas,PMTW,CAT,PM,5.339001697204546e-06
2017,July,Mendocino (NC),SBUS,Gas,PMTW,CAT,PM10,5.339001697204546e-06
2017,July,Mendocino (NC),SBUS,Gas,PMTW,CAT,PM2_5,1.3347504243011366e-06
2017,July,Mendocino (NC),SBUS,Gas,PMBW,CAT,PM,0.0005072051545606798
2017,July,Mendocino (NC),SBUS,Gas,PMBW,CAT,PM10,0.0004970610514694661
2017,July,Mendocino (NC),SBUS,Gas,PMBW,CAT,PM2_5,0.0002130261649154855
2017,July,Mendocino (NC),OBUS,Gas,RUNEX,CAT,CO,0.011729383205900166
2017,July,Mendocino (NC),OBUS,Gas,RUNEX,CAT,NOx,0.0032806291452615304
2017,July,Mendocino (NC),OBUS,Gas,RUNEX,CAT,SOx,5.5422096523265474e-05
2017,July,Mendocino (NC),OBUS,Gas,RUNEX,CAT,PM,3.179071269410929e-06
2017,July,Mendocino (NC),OBUS,Gas,RUNEX,CAT,TOG,0.000734126241118049
2017,July,Mendocino (NC),OBUS,Gas,RUNEX,CAT,PM10,2.842089714853372e-06
2017,July,Mendocino (NC),OBUS,Gas,RUNEX,CAT,PM2_5,2.6131965834557836e-06
2017,July,Mendocino (NC),OBUS,Gas,IDLEX,CAT,CO,0.00033710161396109336
2017,July,Mendocino (NC),OBUS,Gas,IDLEX,CAT,NOx,3.798041781200068e-06
2017,July,Mendocino (NC),OBUS,Gas,IDLEX,CAT,SOx,2.2558549990723619e-07
2017,July,Mendocino (NC),OBUS,Gas,IDLEX,CAT,TOG,6.356818875941211e-05
2017,July,Mendocino (NC),OBUS,Gas,STREX,CAT,CO,0.005105807229715873
2017,July,Mendocino (NC),OBUS,Gas,STREX,CAT,NOx,0.0004051316816891733
2017,July,Mendocino (NC),OBUS,Gas,STREX,CAT,SOx,3.355817993551026e-07
2017,July,Mendocino (NC),OBUS,Gas,STREX,CAT,PM,3.286062882076253e-07
2017,July,Mendocino (NC),OBUS,Gas,STREX,CAT,TOG,0.0002654961353685442
2017,July,Mendocino (NC),OBUS,Gas,STREX,CAT,PM10,2.937740216576168e-07
2017,July,Mendocino (NC),OBUS,Gas,STREX,CAT,PM2_5,2.7011436890666803e-07
2017,July,Mendocino (NC),OBUS,Gas,HOTSOAK,CAT,TOG,4.2605014415891396e-05
2017,July,Mendocino (NC),OBUS,Gas,RUNLOSS,CAT,TOG,0.0005872105378543114
2017,July,Mendocino (NC),OBUS,Gas,RESTLOSS,CAT,TOG,1.3338006869517984e-06
2017,July,Mendocino (NC),OBUS,Gas,DIURN,CAT,TOG,3.205496752991535e-06
2017,July,Mendocino (NC),OBUS,Gas,PMTW,CAT,PM,3.585691455183816e-05
2017,July,Mendocino (NC),OBUS,Gas,PMTW,CAT,PM10,3.585691455183816e-05
2017,July,Mendocino (NC),OBUS,Gas,PMTW,CAT,PM2_5,8.96422863795954e-06
2017,July,Mendocino (NC),OBUS,Gas,PMBW,CAT,PM,0.00039741413628287286
2017,July,Mendocino (NC),OBUS,Gas,PMBW,CAT,PM10,0.00038946585355721544
2017,July,Mendocino (NC),OBUS,Gas,PMBW,CAT,PM2_5,0.00016691393723880664
2017,July,Mendocino (NC),MCY,Gas,RUNEX,CAT,CO,0.1761946636478991
2017,July,Mendocino (NC),MCY,Gas,RUNEX,CAT,NOx,0.013968124644750793
2017,July,Mendocino (NC),MCY,Gas,RUNEX,CAT,SOx,2.9536114175510473e-05
2017,July,Mendocino (NC),MCY,Gas,RUNEX,CAT,PM,1.96385483771822e-05
2017,July,Mendocino (NC),MCY,Gas,RUNEX,CAT,TOG,0.03180798614191394
2017,July,Mendocino (NC),MCY,Gas,RUNEX,CAT,PM10,1.814759679273045e-05
2017,July,Mendocino (NC),MCY,Gas,RUNEX,CAT,PM2_5,1.698049544716778e-05
2017,July,Mendocino (NC),MCY,Gas,RUNEX,NCAT,CO,0.5426888926342373
2017,July,Mendocino (NC),MCY,Gas,RUNEX,NCAT,NOx,0.02170621339077526
2017,July,Mendocino (NC),MCY,Gas,RUNEX,NCAT,SOx,3.730891510937012e-05
2017,July,Mendocino (NC),MCY,Gas,RUNEX,NCAT,PM,4.51504927045868e-05
2017,July,Mendocino (NC),MCY,Gas,RUNEX,NCAT,TOG,0.06148106102845934
2017,July,Mendocino (NC),MCY,Gas,RUNEX,NCAT,PM10,4.2798888945578395e-05
2017,July,Mendocino (NC),MCY,Gas,RUNEX,NCAT,PM2_5,4.056539312898205e-05
2017,July,Mendocino (NC),MCY,Gas,STREX,CAT,CO,0.017431692665823836
2017,July,Mendocino (NC),MCY,Gas,STREX,CAT,NOx,0.0007184787944035622
2017,July,Mendocino (NC),MCY,Gas,STREX,CAT,SOx,1.6550712244742375e-06
2017,July,Mendocino (NC),MCY,Gas,STREX,CAT,PM,5.636874095773291e-06
2017,July,Mendocino (NC),MCY,Gas,STREX,CAT,TOG,0.004795628461051544
2017,July,Mendocino (NC),MCY,Gas,STREX,CAT,PM10,5.240281158466414e-06
2017,July,Mendocino (NC),MCY,Gas,STREX,CAT,PM2_5,4.918391000759737e-06
2017,July,Mendocino (NC),MCY,Gas,STREX,NCAT,CO,0.05676407527183688
2017,July,Mendocino (NC),MCY,Gas,STREX,NCAT,NOx,0.0016217896897944679
2017,July,Mendocino (NC),MCY,Gas,STREX,NCAT,SOx,4.060753423446038e-06
2017,July,Mendocino (NC),MCY,Gas,STREX,NCAT,PM,3.7994228079006015e-05
2017,July,Mendocino (NC),MCY,Gas,STREX,NCAT,TOG,0.014082409278132247
2017,July,Mendocino (NC),MCY,Gas,STREX,NCAT,PM10,3.631153746707954e-05
2017,July,Mendocino (NC),MCY,Gas,STREX,NCAT,PM2_5,3.455582665441438e-05
2017,July,Mendocino (NC),MCY,Gas,HOTSOAK,CAT,TOG,0.0010313038753383746
2017,July,Mendocino (NC),MCY,Gas,HOTSOAK,NCAT,TOG,0.0069614911633751764
2017,July,Mendocino (NC),MCY,Gas,RUNLOSS,CAT,TOG,0.002557834609010304
2017,July,Mendocino (NC),MCY,Gas,RUNLOSS,NCAT,TOG,0.024453907995996494
2017,July,Mendocino (NC),MCY,Gas,RESTLOSS,CAT,TOG,0.0010830907258567684
2017,July,Mendocino (NC),MCY,Gas,RESTLOSS,NCAT,TOG,0.005102498879232249
2017,July,Mendocino (NC),MCY,Gas,DIURN,CAT,TOG,0.002256981063407686
2017,July,Mendocino (NC),MCY,Gas,DIURN,NCAT,TOG,0.00947238933757737
2017,July,Mendocino (NC),MCY,Gas,PMTW,CAT,PM,5.738320392671756e-05
2017,July,Mendocino (NC),MCY,Gas,PMTW,CAT,PM10,5.738320392671756e-05
2017,July,Mendocino (NC),MCY,Gas,PMTW,CAT,PM2_5,1.434580098167939e-05
2017,July,Mendocino (NC),MCY,Gas,PMTW,NCAT,PM,7.13330403983148e-05
2017,July,Mendocino (NC),MCY,Gas,PMTW,NCAT,PM10,7.13330403983148e-05
2017,July,Mendocino (NC),MCY,Gas,PMTW,NCAT,PM2_5,1.78332600995787e-05
2017,July,Mendocino (NC),MCY,Gas,PMBW,CAT,PM,0.00017214961178015268
2017,July,Mendocino (NC),MCY,Gas,PMBW,CAT,PM10,0.00016870661954454958
2017,July,Mendocino (NC),MCY,Gas,PMBW,CAT,PM2_5,7.230283694766411e-05
2017,July,Mendocino (NC),MCY,Gas,PMBW,NCAT,PM,0.00021399912119494471
2017,July,Mendocino (NC),MCY,Gas,PMBW,NCAT,PM10,0.00020971913877104547
2017,July,Mendocino (NC),MCY,Gas,PMBW,NCAT,PM2_5,8.987963090187672e-05
2017,July,Mendocino (NC),MH,Gas,RUNEX,CAT,CO,0.040639408989736156
2017,July,Mendocino (NC),MH,Gas,RUNEX,CAT,NOx,0.0065004742688906155
2017,July,Mendocino (NC),MH,Gas,RUNEX,CAT,SOx,0.00011318667582445189
2017,July,Mendocino (NC),MH,Gas,RUNEX,CAT,PM,2.206973938703852e-05
2017,July,Mendocino (NC),MH,Gas,RUNEX,CAT,TOG,0.0020052813550407054
2017,July,Mendocino (NC),MH,Gas,RUNEX,CAT,PM10,1.9730347012012474e-05
2017,July,Mendocino (NC),MH,Gas,RUNEX,CAT,PM2_5,1.81413257761457e-05
2017,July,Mendocino (NC),MH,Gas,RUNEX,NCAT,CO,0.0044483787075084245
2017,July,Mendocino (NC),MH,Gas,RUNEX,NCAT,NOx,0.00013093456019168815
2017,July,Mendocino (NC),MH,Gas,RUNEX,NCAT,SOx,6.876707541079642e-07
2017,July,Mendocino (NC),MH,Gas,RUNEX,NCAT,PM,1.3637637522711083e-06
2017,July,Mendocino (NC),MH,Gas,RUNEX,NCAT,TOG,0.00021244454394919198
2017,July,Mendocino (NC),MH,Gas,RUNEX,NCAT,PM10,1.3105769659325358e-06
2017,July,Mendocino (NC),MH,Gas,RUNEX,NCAT,PM2_5,1.250571360832606e-06
2017,July,Mendocino (NC),MH,Gas,STREX,CAT,CO,0.00031237964982584114
2017,July,Mendocino (NC),MH,Gas,STREX,CAT,NOx,2.2069772156799473e-05
2017,July,Mendocino (NC),MH,Gas,STREX,CAT,SOx,2.137145941683888e-08
2017,July,Mendocino (NC),MH,Gas,STREX,CAT,PM,5.166635166225477e-08
2017,July,Mendocino (NC),MH,Gas,STREX,CAT,TOG,1.5279036425185053e-05
2017,July,Mendocino (NC),MH,Gas,STREX,CAT,PM10,4.618971838605568e-08
2017,July,Mendocino (NC),MH,Gas,STREX,CAT,PM2_5,4.2469741066373286e-08
2017,July,Mendocino (NC),MH,Gas,STREX,NCAT,CO,8.770193781326864e-08
2017,July,Mendocino (NC),MH,Gas,STREX,NCAT,NOx,3.5221717686205596e-07
2017,July,Mendocino (NC),MH,Gas,STREX,NCAT,SOx,8.372157977760053e-10
2017,July,Mendocino (NC),MH,Gas,STREX,NCAT,PM,1.0037860034519855e-08
2017,July,Mendocino (NC),MH,Gas,STREX,NCAT,TOG,1.895948811426797e-06
2017,July,Mendocino (NC),MH,Gas,STREX,NCAT,PM10,9.646383493173582e-09
2017,July,Mendocino (NC),MH,Gas,STREX,NCAT,PM2_5,9.204717651654708e-09
2017,July,Mendocino (NC),MH,Gas,HOTSOAK,CAT,TOG,1.0726569862369124e-05
2017,July,Mendocino (NC),MH,Gas,HOTSOAK,NCAT,TOG,3.087368478470154e-07
2017,July,Mendocino (NC),MH,Gas,RUNLOSS,CAT,TOG,0.0003221913713616674
2017,July,Mendocino (NC),MH,Gas,RUNLOSS,NCAT,TOG,2.2411363506136046e-06
2017,July,Mendocino (NC),MH,Gas,RESTLOSS,CAT,TOG,5.915890991090124e-05
2017,July,Mendocino (NC),MH,Gas,RESTLOSS,NCAT,TOG,1.6546586885560092e-06
2017,July,Mendocino (NC),MH,Gas,DIURN,CAT,TOG,0.0001993052981645804
2017,July,Mendocino (NC),MH,Gas,DIURN,NCAT,TOG,4.6873821962299445e-06
2017,July,Mendocino (NC),MH,Gas,PMTW,CAT,PM,7.275113389636587e-05
2017,July,Mendocino (NC),MH,Gas,PMTW,CAT,PM10,7.275113389636587e-05
2017,July,Mendocino (NC),MH,Gas,PMTW,CAT,PM2_5,1.8187783474091468e-05
2017,July,Mendocino (NC),MH,Gas,PMTW,NCAT,PM,3.928007163870057e-07
2017,July,Mendocino (NC),MH,Gas,PMTW,NCAT,PM10,3.928007163870057e-07
2017,July,Mendocino (NC),MH,Gas,PMTW,NCAT,PM2_5,9.820017909675142e-08
2017,July,Mendocino (NC),MH,Gas,PMBW,CAT,PM,0.0008063250673513888
2017,July,Mendocino (NC),MH,Gas,PMBW,CAT,PM10,0.0007901985660043612
2017,July,Mendocino (NC),MH,Gas,PMBW,CAT,PM2_5,0.0003386565282875831
2017,July,Mendocino (NC),MH,Gas,PMBW,NCAT,PM,4.3535412732893134e-06
2017,July,Mendocino (NC),MH,Gas,PMBW,NCAT,PM10,4.266470447823527e-06
2017,July,Mendocino (NC),MH,Gas,PMBW,NCAT,PM2_5,1.8284873347815113e-06
2017,July,Mendocino (NC),MH,Dsl,RUNEX,DSL,CO,0.0013203352960739088
2017,July,Mendocino (NC),MH,Dsl,RUNEX,DSL,NOx,0.014044162128963518
2017,July,Mendocino (NC),MH,Dsl,RUNEX,DSL,SOx,2.264915821015564e-05
2017,July,Mendocino (NC),MH,Dsl,RUNEX,DSL,PM,0.0003898357884253207
2017,July,Mendocino (NC),MH,Dsl,RUNEX,DSL,TOG,0.00039255407617849985
2017,July,Mendocino (NC),MH,Dsl,RUNEX,DSL,PM10,0.0003874967736947688
2017,July,Mendocino (NC),MH,Dsl,RUNEX,DSL,PM2_5,0.00037073383479247976
2017,July,Mendocino (NC),MH,Dsl,PMTW,DSL,PM,3.554261221037629e-05
2017,July,Mendocino (NC),MH,Dsl,PMTW,DSL,PM10,3.554261221037629e-05
2017,July,Mendocino (NC),MH,Dsl,PMTW,DSL,PM2_5,8.885653052594073e-06
2017,July,Mendocino (NC),MH,Dsl,PMBW,DSL,PM,0.00029544796399875274
2017,July,Mendocino (NC),MH,Dsl,PMBW,DSL,PM10,0.000289539004718778
2017,July,Mendocino (NC),MH,Dsl,PMBW,DSL,PM2_5,0.0001240881448794762
2017,July,Mendocino (NC),UBUS,Gas,RUNEX,CAT,CO,0.0005863851065311213
2017,July,Mendocino (NC),UBUS,Gas,RUNEX,CAT,NOx,0.00041659957055433455
2017,July,Mendocino (NC),UBUS,Gas,RUNEX,CAT,SOx,3.936927198974507e-05
2017,July,Mendocino (NC),UBUS,Gas,RUNEX,CAT,PM,2.0286772951190438e-06
2017,July,Mendocino (NC),UBUS,Gas,RUNEX,CAT,TOG,5.706430481477757e-05
2017,July,Mendocino (NC),UBUS,Gas,RUNEX,CAT,PM10,1.8136375018364256e-06
2017,July,Mendocino (NC),UBUS,Gas,RUNEX,CAT,PM2_5,1.6675727365878545e-06
2017,July,Mendocino (NC),UBUS,Gas,STREX,CAT,CO,0.0005169623279683938
2017,July,Mendocino (NC),UBUS,Gas,STREX,CAT,NOx,6.119371707886034e-05
2017,July,Mendocino (NC),UBUS,Gas,STREX,CAT,SOx,6.523710721664113e-08
2017,July,Mendocino (NC),UBUS,Gas,STREX,CAT,PM,2.5231389837812277e-08
2017,July,Mendocino (NC),UBUS,Gas,STREX,CAT,TOG,3.312461933509204e-05
2017,July,Mendocino (NC),UBUS,Gas,STREX,CAT,PM10,2.2556862515004192e-08
2017,July,Mendocino (NC),UBUS,Gas,STREX,CAT,PM2_5,2.0740202446681707e-08
2017,July,Mendocino (NC),UBUS,Gas,HOTSOAK,CAT,TOG,2.652366675782677e-06
2017,July,Mendocino (NC),UBUS,Gas,RUNLOSS,CAT,TOG,1.2233862228219305e-05
2017,July,Mendocino (NC),UBUS,Gas,RESTLOSS,CAT,TOG,1.6967777287311678e-07
2017,July,Mendocino (NC),UBUS,Gas,DIURN,CAT,TOG,3.01411447987649e-07
2017,July,Mendocino (NC),UBUS,Gas,PMTW,CAT,PM,2.2482354226245357e-05
2017,July,Mendocino (NC),UBUS,Gas,PMTW,CAT,PM10,2.2482354226245357e-05
2017,July,Mendocino (NC),UBUS,Gas,PMTW,CAT,PM2_5,5.620588556561339e-06
2017,July,Mendocino (NC),UBUS,Gas,PMBW,CAT,PM,0.0002517109424959703
2017,July,Mendocino (NC),UBUS,Gas,PMBW,CAT,PM10,0.00024667672364605094
2017,July,Mendocino (NC),UBUS,Gas,PMBW,CAT,PM2_5,0.00010571859584830751
2017,July,Mendocino (NC),UBUS,Dsl,RUNEX,DSL,CO,8.741148590102095e-05
2017,July,Mendocino (NC),UBUS,Dsl,RUNEX,DSL,NOx,0.0005097213483685938
2017,July,Mendocino (NC),UBUS,Dsl,RUNEX,DSL,SOx,9.24727158624308e-06
2017,July,Mendocino (NC),UBUS,Dsl,RUNEX,DSL,PM,3.817842183144216e-06
2017,July,Mendocino (NC),UBUS,Dsl,RUNEX,DSL,TOG,5.1888588137649925e-05
2017,July,Mendocino (NC),UBUS,Dsl,RUNEX,DSL,PM10,3.794935130045349e-06
2017,July,Mendocino (NC),UBUS,Dsl,RUNEX,DSL,PM2_5,3.63076791617015e-06
2017,July,Mendocino (NC),UBUS,Dsl,PMTW,DSL,PM,1.9458260815920672e-05
2017,July,Mendocino (NC),UBUS,Dsl,PMTW,DSL,PM10,1.9458260815920672e-05
2017,July,Mendocino (NC),UBUS,Dsl,PMTW,DSL,PM2_5,4.864565203980168e-06
2017,July,Mendocino (NC),UBUS,Dsl,PMBW,DSL,PM,5.076633207368971e-05
2017,July,Mendocino (NC),UBUS,Dsl,PMBW,DSL,PM10,4.975100543221596e-05
2017,July,Mendocino (NC),UBUS,Dsl,PMBW,DSL,PM2_5,2.132185947094968e-05
2017,July,Mendocino (NC),UBUS,NG,RUNEX,DSL,CO,0.03329671746536444
2017,July,Mendocino (NC),UBUS,NG,RUNEX,DSL,NOx,0.0006640359795064134
2017,July,Mendocino (NC),UBUS,NG,RUNEX,DSL,PM,4.018641838336729e-06
2017,July,Mendocino (NC),UBUS,NG,RUNEX,DSL,TOG,0.004668145337105087
2017,July,Mendocino (NC),UBUS,NG,RUNEX,DSL,PM10,3.994529987306709e-06
2017,July,Mendocino (NC),UBUS,NG,RUNEX,DSL,PM2_5,3.8217283882582276e-06
2017,July,Mendocino (NC),UBUS,NG,PMTW,DSL,PM,2.3905367363243103e-05
2017,July,Mendocino (NC),UBUS,NG,PMTW,DSL,PM10,2.3905367363243103e-05
2017,July,Mendocino (NC),UBUS,NG,PMTW,DSL,PM2_5,5.976341840810776e-06
2017,July,Mendocino (NC),UBUS,NG,PMBW,DSL,PM,6.871989538814116e-05
2017,July,Mendocino (NC),UBUS,NG,PMBW,DSL,PM10,6.734549748037838e-05
2017,July,Mendocino (NC),UBUS,NG,PMBW,DSL,PM2_5,2.8862356063019288e-05
2017,July,Mendocino (NC),SBUS,Dsl,RUNEX,DSL,CO,0.0016353146927418868
2017,July,Mendocino (NC),SBUS,Dsl,RUNEX,DSL,NOx,0.0424490157439146
2017,July,Mendocino (NC),SBUS,Dsl,RUNEX,DSL,PM,0.0003133619382077942
2017,July,Mendocino (NC),SBUS,Dsl,RUNEX,DSL,PM10,0.00031148176657854766
2017,July,Mendocino (NC),SBUS,Dsl,RUNEX,DSL,PM2_5,0.00029800720323561235
2017,July,Mendocino (NC),SBUS,Dsl,IDLEX,DSL,CO,0.0006675301874983142
2017,July,Mendocino (NC),SBUS,Dsl,IDLEX,DSL,NOx,0.0072771601227359355
2017,July,Mendocino (NC),SBUS,Dsl,IDLEX,DSL,PM,1.1920169285625888e-05
2017,July,Mendocino (NC),SBUS,Dsl,IDLEX,DSL,PM10,1.1848648269912136e-05
2017,July,Mendocino (NC),SBUS,Dsl,IDLEX,DSL,PM2_5,1.133608099063022e-05
2017,July,Mendocino (NC),SBUS,Dsl,STREX,DSL,NOx,0.0008726015668545415
2017,July,Mendocino (NC),SBUS,Dsl,PMTW,DSL,PM,5.771341464755762e-05
2017,July,Mendocino (NC),SBUS,Dsl,PMTW,DSL,PM10,5.771341464755762e-05
2017,July,Mendocino (NC),SBUS,Dsl,PMTW,DSL,PM2_5,1.4428353661889404e-05
2017,July,Mendocino (NC),SBUS,Dsl,PMBW,DSL,PM,0.0036551829276786504
2017,July,Mendocino (NC),SBUS,Dsl,PMBW,DSL,PM10,0.003582079269125077
2017,July,Mendocino (NC),SBUS,Dsl,PMBW,DSL,PM2_5,0.001535176829625032
2017,July,Mendocino (NC),SBUS,Dsl,RUNEX,DSL,SOx,5.439550702122489e-05
2017,July,Mendocino (NC),SBUS,Dsl,IDLEX,DSL,SOx,5.476703862106442e-06
2017,July,Mendocino (NC),SBUS,Dsl,RUNEX,DSL,TOG,0.0007583924950571047
2017,July,Mendocino (NC),SBUS,Dsl,IDLEX,DSL,TOG,6.107672315270673e-05
2017,     ,Mendocino (NC),LDA,Dsl,RUNEX,DSL,NH3,9.89462e-05
2017,     ,Mendocino (NC),LDA,Gas,RUNEX,CAT,NH3,0.06439889
2017,     ,Mendocino (NC),LDT1,Dsl,RUNEX,DSL,NH3,1.23966e-06
2017,     ,Mendocino (NC),LDT1,Gas,RUNEX,CAT,NH3,0.013702852
2017,     ,Mendocino (NC),LDT2,Dsl,RUNEX,DSL,NH3,1.47015e-05
2017,     ,Mendocino (NC),LDT2,Gas,RUNEX,CAT,NH3,0.031084338
2017,     ,Mendocino (NC),LHD1,Dsl,RUNEX,DSL,NH3,0.016871676
2017,     ,Mendocino (NC),LHD1,Gas,RUNEX,CAT,NH3,0.004815453
2017,     ,Mendocino (NC),LHD2,Dsl,RUNEX,DSL,NH3,0.004941504
2017,     ,Mendocino (NC),LHD2,Gas,RUNEX,CAT,NH3,0.000500867
2017,     ,Mendocino (NC),MCY,Gas,RUNEX,CAT,NH3,0.000496467
2017,     ,Mendocino (NC),MDV,Dsl,RUNEX,DSL,NH3,6.64392e-05
2017,     ,Mendocino (NC),MDV,Gas,RUNEX,CAT,NH3,0.024887973
2017,     ,Mendocino (NC),MH,Dsl,RUNEX,DSL,NH3,6.00064e-05
2017,     ,Mendocino (NC),MH,Gas,RUNEX,CAT,NH3,0.000265006
2017,     ,Mendocino (NC),OBUS,Gas,RUNEX,CAT,NH3,0.000134528
2017,     ,Mendocino (NC),SBUS,Gas,RUNEX,CAT,NH3,3.00463e-05
2017,     ,Mendocino (NC),T6TS,Gas,RUNEX,CAT,NH3,0.000413589
2017,     ,Mendocino (NC),T7IS,Gas,RUNEX,CAT,NH3,2.41756e-06
2017,     ,Mendocino (NC),UBUS,Dsl,RUNEX,DSL,NH3,0.000140699
2017,     ,Mendocino (NC),UBUS,Gas,RUNEX,CAT,NH3,9.72156e-05
2017,     ,Mendocino (NC),UBUS,NG,RUNEX,DSL,NH3,2.28565e-05
