calendar_year,season_month,sub_area,vehicle_class,fuel,process,cat_ncat,pollutant,emission
2017,July,Merced (SJV),LDA,Gas,RUNEX,CAT,CO,4.998664749665933
2017,July,Merced (SJV),LDA,Gas,RUNEX,CAT,NOx,0.35837557219487126
2017,July,Merced (SJV),LDA,Gas,RUNEX,CAT,SOx,0.012266542651712951
2017,July,Merced (SJV),LDA,Gas,RUNEX,CAT,PM,0.006250692779447839
2017,July,Merced (SJV),LDA,Gas,RUNEX,CAT,TOG,0.15912006636258097
2017,July,Merced (SJV),LDA,Gas,RUNEX,CAT,PM10,0.0055887630308100525
2017,July,Merced (SJV),LDA,Gas,RUNEX,CAT,PM2_5,0.005138982153787462
2017,July,Merced (SJV),LDA,Gas,RUNEX,NCAT,CO,0.12126935492320794
2017,July,Merced (SJV),LDA,Gas,RUNEX,NCAT,NOx,0.008368831051532473
2017,July,Merced (SJV),LDA,Gas,RUNEX,NCAT,SOx,9.312233830598308e-06
2017,July,Merced (SJV),LDA,Gas,RUNEX,NCAT,PM,8.560163358981131e-05
2017,July,Merced (SJV),LDA,Gas,RUNEX,NCAT,TOG,0.008916452169640524
2017,July,Merced (SJV),LDA,Gas,RUNEX,NCAT,PM10,8.161948389612606e-05
2017,July,Merced (SJV),LDA,Gas,RUNEX,NCAT,PM2_5,7.75840089205159e-05
2017,July,Merced (SJV),LDA,Gas,STREX,CAT,CO,0.9366797331406927
2017,July,Merced (SJV),LDA,Gas,STREX,CAT,NOx,0.1182970627475773
2017,July,Merced (SJV),LDA,Gas,STREX,CAT,SOx,0.00025458540146495296
2017,July,Merced (SJV),LDA,Gas,STREX,CAT,PM,0.0010215221212817893
2017,July,Merced (SJV),LDA,Gas,STREX,CAT,TOG,0.17775490408009517
2017,July,Merced (SJV),LDA,Gas,STREX,CAT,PM10,0.0009135159725794408
2017,July,Merced (SJV),LDA,Gas,STREX,CAT,PM2_5,0.0008400813871948932
2017,July,Merced (SJV),LDA,Gas,STREX,NCAT,CO,0.016722005225951745
2017,July,Merced (SJV),LDA,Gas,STREX,NCAT,NOx,0.0008825071649521437
2017,July,Merced (SJV),LDA,Gas,STREX,NCAT,SOx,1.4163293677390502e-06
2017,July,Merced (SJV),LDA,Gas,STREX,NCAT,PM,3.767929542176324e-05
2017,July,Merced (SJV),LDA,Gas,STREX,NCAT,TOG,0.002539559045334568
2017,July,Merced (SJV),LDA,Gas,STREX,NCAT,PM10,3.593460674679219e-05
2017,July,Merced (SJV),LDA,Gas,STREX,NCAT,PM2_5,3.416171040049395e-05
2017,July,Merced (SJV),LDA,Gas,HOTSOAK,CAT,TOG,0.09129498334568226
2017,July,Merced (SJV),LDA,Gas,HOTSOAK,NCAT,TOG,0.00271034370335797
2017,July,Merced (SJV),LDA,Gas,RUNLOSS,CAT,TOG,0.12862059960826347
2017,July,Merced (SJV),LDA,Gas,RUNLOSS,NCAT,TOG,0.00919225556102772
2017,July,Merced (SJV),LDA,Gas,RESTLOSS,CAT,TOG,0.05913552309296446
2017,July,Merced (SJV),LDA,Gas,RESTLOSS,NCAT,TOG,0.002242750717076883
2017,July,Merced (SJV),LDA,Gas,DIURN,CAT,TOG,0.10100689806843781
2017,July,Merced (SJV),LDA,Gas,DIURN,NCAT,TOG,0.004043054731434439
2017,July,Merced (SJV),LDA,Gas,PMTW,CAT,PM,0.029775180884870817
2017,July,Merced (SJV),LDA,Gas,PMTW,CAT,PM10,0.029775180884870817
2017,July,Merced (SJV),LDA,Gas,PMTW,CAT,PM2_5,0.007443795221217704
2017,July,Merced (SJV),LDA,Gas,PMTW,NCAT,PM,1.129115865353195e-05
2017,July,Merced (SJV),LDA,Gas,PMTW,NCAT,PM10,1.129115865353195e-05
2017,July,Merced (SJV),LDA,Gas,PMTW,NCAT,PM2_5,2.8227896633829874e-06
2017,July,Merced (SJV),LDA,Gas,PMBW,CAT,PM,0.13957116039783204
2017,July,Merced (SJV),LDA,Gas,PMBW,CAT,PM10,0.1367797371898752
2017,July,Merced (SJV),LDA,Gas,PMBW,CAT,PM2_5,0.05861988736708935
2017,July,Merced (SJV),LDA,Gas,PMBW,NCAT,PM,5.292730618843106e-05
2017,July,Merced (SJV),LDA,Gas,PMBW,NCAT,PM10,5.1868760064662384e-05
2017,July,Merced (SJV),LDA,Gas,PMBW,NCAT,PM2_5,2.2229468599141034e-05
2017,July,Merced (SJV),LDA,Dsl,RUNEX,DSL,CO,0.007759226513387536
2017,July,Merced (SJV),LDA,Dsl,RUNEX,DSL,NOx,0.006806745692910348
2017,July,Merced (SJV),LDA,Dsl,RUNEX,DSL,SOx,5.1212414048563214e-05
2017,July,Merced (SJV),LDA,Dsl,RUNEX,DSL,PM,0.0004259372319681073
2017,July,Merced (SJV),LDA,Dsl,RUNEX,DSL,TOG,0.0007621218532120761
2017,July,Merced (SJV),LDA,Dsl,RUNEX,DSL,PM10,0.0004233816085762992
2017,July,Merced (SJV),LDA,Dsl,RUNEX,DSL,PM2_5,0.0004050663076016701
2017,July,Merced (SJV),LDA,Dsl,PMTW,DSL,PM,0.00018223231914211234
2017,July,Merced (SJV),LDA,Dsl,PMTW,DSL,PM10,0.00018223231914211234
2017,July,Merced (SJV),LDA,Dsl,PMTW,DSL,PM2_5,4.5558079785528085e-05
2017,July,Merced (SJV),LDA,Dsl,PMBW,DSL,PM,0.0008542139959786521
2017,July,Merced (SJV),LDA,Dsl,PMBW,DSL,PM10,0.000837129716059079
2017,July,Merced (SJV),LDA,Dsl,PMBW,DSL,PM2_5,0.00035876987831103365
2017,July,Merced (SJV),LDA,Elec,HOTSOAK,CAT,TOG,8.231887577785865e-06
2017,July,Merced (SJV),LDA,Elec,RESTLOSS,CAT,TOG,7.934899744130738e-06
2017,July,Merced (SJV),LDA,Elec,DIURN,CAT,TOG,2.0133124403338876e-05
2017,July,Merced (SJV),LDA,Elec,PMTW,CAT,PM,9.8842488177244e-05
2017,July,Merced (SJV),LDA,Elec,PMTW,CAT,PM10,9.8842488177244e-05
2017,July,Merced (SJV),LDA,Elec,PMTW,CAT,PM2_5,2.4710622044311e-05
2017,July,Merced (SJV),LDA,Elec,PMBW,CAT,PM,0.0004633241633308313
2017,July,Merced (SJV),LDA,Elec,PMBW,CAT,PM10,0.0004540576800642146
2017,July,Merced (SJV),LDA,Elec,PMBW,CAT,PM2_5,0.00019459614859894915
2017,July,Merced (SJV),LDT1,Gas,RUNEX,CAT,CO,1.2544924027047955
2017,July,Merced (SJV),LDT1,Gas,RUNEX,CAT,NOx,0.117077417935816
2017,July,Merced (SJV),LDT1,Gas,RUNEX,CAT,SOx,0.0013102329542755784
2017,July,Merced (SJV),LDT1,Gas,RUNEX,CAT,PM,0.0013367150379839617
2017,July,Merced (SJV),LDT1,Gas,RUNEX,CAT,TOG,0.046683379781194904
2017,July,Merced (SJV),LDT1,Gas,RUNEX,CAT,PM10,0.001195535552806938
2017,July,Merced (SJV),LDT1,Gas,RUNEX,CAT,PM2_5,0.0010995061692926854
2017,July,Merced (SJV),LDT1,Gas,RUNEX,NCAT,CO,0.06995038205402042
2017,July,Merced (SJV),LDT1,Gas,RUNEX,NCAT,NOx,0.004908549669371163
2017,July,Merced (SJV),LDT1,Gas,RUNEX,NCAT,SOx,5.447457377434741e-06
2017,July,Merced (SJV),LDT1,Gas,RUNEX,NCAT,PM,5.174417205397336e-05
2017,July,Merced (SJV),LDT1,Gas,RUNEX,NCAT,TOG,0.005325110965955032
2017,July,Merced (SJV),LDT1,Gas,RUNEX,NCAT,PM10,4.921384049459244e-05
2017,July,Merced (SJV),LDT1,Gas,RUNEX,NCAT,PM2_5,4.672299770362463e-05
2017,July,Merced (SJV),LDT1,Gas,STREX,CAT,CO,0.11882652989151223
2017,July,Merced (SJV),LDT1,Gas,STREX,CAT,NOx,0.021814507500678607
2017,July,Merced (SJV),LDT1,Gas,STREX,CAT,SOx,3.279159678023193e-05
2017,July,Merced (SJV),LDT1,Gas,STREX,CAT,PM,0.00022168212838282378
2017,July,Merced (SJV),LDT1,Gas,STREX,CAT,TOG,0.03709594520196098
2017,July,Merced (SJV),LDT1,Gas,STREX,CAT,PM10,0.00019831526629760586
2017,July,Merced (SJV),LDT1,Gas,STREX,CAT,PM2_5,0.0001824090846757454
2017,July,Merced (SJV),LDT1,Gas,STREX,NCAT,CO,0.0066788755538877195
2017,July,Merced (SJV),LDT1,Gas,STREX,NCAT,NOx,0.0003208852952900598
2017,July,Merced (SJV),LDT1,Gas,STREX,NCAT,SOx,5.258089514802994e-07
2017,July,Merced (SJV),LDT1,Gas,STREX,NCAT,PM,1.400226246898417e-05
2017,July,Merced (SJV),LDT1,Gas,STREX,NCAT,TOG,0.000964973812582634
2017,July,Merced (SJV),LDT1,Gas,STREX,NCAT,PM10,1.332473070933269e-05
2017,July,Merced (SJV),LDT1,Gas,STREX,NCAT,PM2_5,1.2653699538994233e-05
2017,July,Merced (SJV),LDT1,Gas,HOTSOAK,CAT,TOG,0.026495010686994107
2017,July,Merced (SJV),LDT1,Gas,HOTSOAK,NCAT,TOG,0.0009576686664435217
2017,July,Merced (SJV),LDT1,Gas,RUNLOSS,CAT,TOG,0.07321886376873714
2017,July,Merced (SJV),LDT1,Gas,RUNLOSS,NCAT,TOG,0.0014381611871716244
2017,July,Merced (SJV),LDT1,Gas,RESTLOSS,CAT,TOG,0.01759281853135383
2017,July,Merced (SJV),LDT1,Gas,RESTLOSS,NCAT,TOG,0.0008140535670299277
2017,July,Merced (SJV),LDT1,Gas,DIURN,CAT,TOG,0.03340263995191037
2017,July,Merced (SJV),LDT1,Gas,DIURN,NCAT,TOG,0.001451766651153077
2017,July,Merced (SJV),LDT1,Gas,PMTW,CAT,PM,0.00268494390565621
2017,July,Merced (SJV),LDT1,Gas,PMTW,CAT,PM10,0.00268494390565621
2017,July,Merced (SJV),LDT1,Gas,PMTW,CAT,PM2_5,0.0006712359764140525
2017,July,Merced (SJV),LDT1,Gas,PMTW,NCAT,PM,6.823417161465191e-06
2017,July,Merced (SJV),LDT1,Gas,PMTW,NCAT,PM10,6.823417161465191e-06
2017,July,Merced (SJV),LDT1,Gas,PMTW,NCAT,PM2_5,1.7058542903662977e-06
2017,July,Merced (SJV),LDT1,Gas,PMBW,CAT,PM,0.012585674557763497
2017,July,Merced (SJV),LDT1,Gas,PMBW,CAT,PM10,0.012333961066608203
2017,July,Merced (SJV),LDT1,Gas,PMBW,CAT,PM2_5,0.005285983314260666
2017,July,Merced (SJV),LDT1,Gas,PMBW,NCAT,PM,3.198476794436811e-05
2017,July,Merced (SJV),LDT1,Gas,PMBW,NCAT,PM10,3.134507258548075e-05
2017,July,Merced (SJV),LDT1,Gas,PMBW,NCAT,PM2_5,1.3433602536634595e-05
2017,July,Merced (SJV),LDT2,Gas,RUNEX,CAT,CO,2.6346190089625185
2017,July,Merced (SJV),LDT2,Gas,RUNEX,CAT,NOx,0.30100806159219246
2017,July,Merced (SJV),LDT2,Gas,RUNEX,CAT,SOx,0.005167720087936721
2017,July,Merced (SJV),LDT2,Gas,RUNEX,CAT,PM,0.002475420618293158
2017,July,Merced (SJV),LDT2,Gas,RUNEX,CAT,TOG,0.08948854636283782
2017,July,Merced (SJV),LDT2,Gas,RUNEX,CAT,PM10,0.0022136672653257795
2017,July,Merced (SJV),LDT2,Gas,RUNEX,CAT,PM2_5,0.002035704958599829
2017,July,Merced (SJV),LDT2,Gas,RUNEX,NCAT,CO,0.10168625336260625
2017,July,Merced (SJV),LDT2,Gas,RUNEX,NCAT,NOx,0.007254917371448756
2017,July,Merced (SJV),LDT2,Gas,RUNEX,NCAT,SOx,7.934953463091038e-06
2017,July,Merced (SJV),LDT2,Gas,RUNEX,NCAT,PM,7.536585388186731e-05
2017,July,Merced (SJV),LDT2,Gas,RUNEX,NCAT,TOG,0.007936628355581881
2017,July,Merced (SJV),LDT2,Gas,RUNEX,NCAT,PM10,7.178535300877827e-05
2017,July,Merced (SJV),LDT2,Gas,RUNEX,NCAT,PM2_5,6.820127764681955e-05
2017,July,Merced (SJV),LDT2,Gas,STREX,CAT,CO,0.4541447022251751
2017,July,Merced (SJV),LDT2,Gas,STREX,CAT,NOx,0.0816932203434633
2017,July,Merced (SJV),LDT2,Gas,STREX,CAT,SOx,0.00012342587257600527
2017,July,Merced (SJV),LDT2,Gas,STREX,CAT,PM,0.0004145528286801191
2017,July,Merced (SJV),LDT2,Gas,STREX,CAT,TOG,0.09176880861883639
2017,July,Merced (SJV),LDT2,Gas,STREX,CAT,PM10,0.000370774665527428
2017,July,Merced (SJV),LDT2,Gas,STREX,CAT,PM2_5,0.00034099558167211984
2017,July,Merced (SJV),LDT2,Gas,STREX,NCAT,CO,0.009551884051468057
2017,July,Merced (SJV),LDT2,Gas,STREX,NCAT,NOx,0.0004721989874261754
2017,July,Merced (SJV),LDT2,Gas,STREX,NCAT,SOx,7.652987542884776e-07
2017,July,Merced (SJV),LDT2,Gas,STREX,NCAT,PM,2.026072280071195e-05
2017,July,Merced (SJV),LDT2,Gas,STREX,NCAT,TOG,0.0014088103225902194
2017,July,Merced (SJV),LDT2,Gas,STREX,NCAT,PM10,1.9306117924082643e-05
2017,July,Merced (SJV),LDT2,Gas,STREX,NCAT,PM2_5,1.8345926311190995e-05
2017,July,Merced (SJV),LDT2,Gas,HOTSOAK,CAT,TOG,0.04345437142753099
2017,July,Merced (SJV),LDT2,Gas,HOTSOAK,NCAT,TOG,0.0014082141274998127
2017,July,Merced (SJV),LDT2,Gas,RUNLOSS,CAT,TOG,0.11602452973874265
2017,July,Merced (SJV),LDT2,Gas,RUNLOSS,NCAT,TOG,0.0019491873234164531
2017,July,Merced (SJV),LDT2,Gas,RESTLOSS,CAT,TOG,0.03004163891891673
2017,July,Merced (SJV),LDT2,Gas,RESTLOSS,NCAT,TOG,0.001213139922866258
2017,July,Merced (SJV),LDT2,Gas,DIURN,CAT,TOG,0.050368663659462326
2017,July,Merced (SJV),LDT2,Gas,DIURN,NCAT,TOG,0.0021386839442704034
2017,July,Merced (SJV),LDT2,Gas,PMTW,CAT,PM,0.00949969662144216
2017,July,Merced (SJV),LDT2,Gas,PMTW,CAT,PM10,0.00949969662144216
2017,July,Merced (SJV),LDT2,Gas,PMTW,CAT,PM2_5,0.00237492415536054
2017,July,Merced (SJV),LDT2,Gas,PMTW,NCAT,PM,9.935807126212317e-06
2017,July,Merced (SJV),LDT2,Gas,PMTW,NCAT,PM10,9.935807126212317e-06
2017,July,Merced (SJV),LDT2,Gas,PMTW,NCAT,PM2_5,2.4839517815530792e-06
2017,July,Merced (SJV),LDT2,Gas,PMBW,CAT,PM,0.044529827913010134
2017,July,Merced (SJV),LDT2,Gas,PMBW,CAT,PM10,0.04363923135474993
2017,July,Merced (SJV),LDT2,Gas,PMBW,CAT,PM2_5,0.01870252772346425
2017,July,Merced (SJV),LDT2,Gas,PMBW,NCAT,PM,4.6574095904120215e-05
2017,July,Merced (SJV),LDT2,Gas,PMBW,NCAT,PM10,4.5642613986037794e-05
2017,July,Merced (SJV),LDT2,Gas,PMBW,NCAT,PM2_5,1.9561120279730496e-05
2017,July,Merced (SJV),MDV,Gas,RUNEX,CAT,CO,2.740986110220029
2017,July,Merced (SJV),MDV,Gas,RUNEX,CAT,NOx,0.32012494959843696
2017,July,Merced (SJV),MDV,Gas,RUNEX,CAT,SOx,0.006862992798134271
2017,July,Merced (SJV),MDV,Gas,RUNEX,CAT,PM,0.002547639848771715
2017,July,Merced (SJV),MDV,Gas,RUNEX,CAT,TOG,0.09912256252863075
2017,July,Merced (SJV),MDV,Gas,RUNEX,CAT,PM10,0.0022784112295384552
2017,July,Merced (SJV),MDV,Gas,RUNEX,CAT,PM2_5,0.002095324350466044
2017,July,Merced (SJV),MDV,Gas,RUNEX,NCAT,CO,0.44645737329459023
2017,July,Merced (SJV),MDV,Gas,RUNEX,NCAT,NOx,0.023475849179189944
2017,July,Merced (SJV),MDV,Gas,RUNEX,NCAT,SOx,2.320883500627047e-05
2017,July,Merced (SJV),MDV,Gas,RUNEX,NCAT,PM,0.0001636917853283708
2017,July,Merced (SJV),MDV,Gas,RUNEX,NCAT,TOG,0.01964959562637418
2017,July,Merced (SJV),MDV,Gas,RUNEX,NCAT,PM10,0.00015648660096402025
2017,July,Merced (SJV),MDV,Gas,RUNEX,NCAT,PM2_5,0.00014894097237041907
2017,July,Merced (SJV),MDV,Gas,STREX,CAT,CO,0.6500356082559738
2017,July,Merced (SJV),MDV,Gas,STREX,CAT,NOx,0.10538559139893319
2017,July,Merced (SJV),MDV,Gas,STREX,CAT,SOx,0.00017098355340905194
2017,July,Merced (SJV),MDV,Gas,STREX,CAT,PM,0.0004855531710927603
2017,July,Merced (SJV),MDV,Gas,STREX,CAT,TOG,0.12499010458830775
2017,July,Merced (SJV),MDV,Gas,STREX,CAT,PM10,0.00043424894797430835
2017,July,Merced (SJV),MDV,Gas,STREX,CAT,PM2_5,0.00039935782957334115
2017,July,Merced (SJV),MDV,Gas,STREX,NCAT,CO,0.027117143556703648
2017,July,Merced (SJV),MDV,Gas,STREX,NCAT,NOx,0.0010611851440128059
2017,July,Merced (SJV),MDV,Gas,STREX,NCAT,SOx,1.5350870223533767e-06
2017,July,Merced (SJV),MDV,Gas,STREX,NCAT,PM,3.0364389469350707e-05
2017,July,Merced (SJV),MDV,Gas,STREX,NCAT,TOG,0.00267167986985037
2017,July,Merced (SJV),MDV,Gas,STREX,NCAT,PM10,2.9015765262665193e-05
2017,July,Merced (SJV),MDV,Gas,STREX,NCAT,PM2_5,2.7611022208302384e-05
2017,July,Merced (SJV),MDV,Gas,HOTSOAK,CAT,TOG,0.04508036156935694
2017,July,Merced (SJV),MDV,Gas,HOTSOAK,NCAT,TOG,0.0013280230221821585
2017,July,Merced (SJV),MDV,Gas,RUNLOSS,CAT,TOG,0.11665500611289313
2017,July,Merced (SJV),MDV,Gas,RUNLOSS,NCAT,TOG,0.002251313049673772
2017,July,Merced (SJV),MDV,Gas,RESTLOSS,CAT,TOG,0.03262515880115909
2017,July,Merced (SJV),MDV,Gas,RESTLOSS,NCAT,TOG,0.0018607032018668778
2017,July,Merced (SJV),MDV,Gas,DIURN,CAT,TOG,0.05119817411557791
2017,July,Merced (SJV),MDV,Gas,DIURN,NCAT,TOG,0.00320585078243894
2017,July,Merced (SJV),MDV,Gas,PMTW,CAT,PM,0.010831069870930035
2017,July,Merced (SJV),MDV,Gas,PMTW,CAT,PM10,0.010831069870930035
2017,July,Merced (SJV),MDV,Gas,PMTW,CAT,PM2_5,0.002707767467732509
2017,July,Merced (SJV),MDV,Gas,PMTW,NCAT,PM,2.1663998563304153e-05
2017,July,Merced (SJV),MDV,Gas,PMTW,NCAT,PM10,2.1663998563304153e-05
2017,July,Merced (SJV),MDV,Gas,PMTW,NCAT,PM2_5,5.415999640826038e-06
2017,July,Merced (SJV),MDV,Gas,PMBW,CAT,PM,0.05077064001998454
2017,July,Merced (SJV),MDV,Gas,PMBW,CAT,PM10,0.04975522721958484
2017,July,Merced (SJV),MDV,Gas,PMBW,CAT,PM2_5,0.021323668808393488
2017,July,Merced (SJV),MDV,Gas,PMBW,NCAT,PM,0.00010154999326548813
2017,July,Merced (SJV),MDV,Gas,PMBW,NCAT,PM10,9.951899340017838e-05
2017,July,Merced (SJV),MDV,Gas,PMBW,NCAT,PM2_5,4.2650997171505016e-05
2017,July,Merced (SJV),LHD1,Gas,RUNEX,CAT,CO,0.2608165439425867
2017,July,Merced (SJV),LHD1,Gas,RUNEX,CAT,NOx,0.05204223096925081
2017,July,Merced (SJV),LHD1,Gas,RUNEX,CAT,SOx,0.001202060699531868
2017,July,Merced (SJV),LHD1,Gas,RUNEX,CAT,PM,0.0003936945246435762
2017,July,Merced (SJV),LHD1,Gas,RUNEX,CAT,TOG,0.02067971974444328
2017,July,Merced (SJV),LHD1,Gas,RUNEX,CAT,PM10,0.0003519629050313574
2017,July,Merced (SJV),LHD1,Gas,RUNEX,CAT,PM2_5,0.00032361689925701926
2017,July,Merced (SJV),LHD1,Gas,RUNEX,NCAT,CO,0.07615191905666598
2017,July,Merced (SJV),LHD1,Gas,RUNEX,NCAT,NOx,0.001834579281057213
2017,July,Merced (SJV),LHD1,Gas,RUNEX,NCAT,SOx,8.126351286794937e-06
2017,July,Merced (SJV),LHD1,Gas,RUNEX,NCAT,PM,3.667895886512643e-05
2017,July,Merced (SJV),LHD1,Gas,RUNEX,NCAT,TOG,0.004182674290653844
2017,July,Merced (SJV),LHD1,Gas,RUNEX,NCAT,PM10,3.52484794693865e-05
2017,July,Merced (SJV),LHD1,Gas,RUNEX,NCAT,PM2_5,3.363460527932095e-05
2017,July,Merced (SJV),LHD1,Gas,IDLEX,CAT,CO,0.012766126515013528
2017,July,Merced (SJV),LHD1,Gas,IDLEX,CAT,NOx,0.0001432662705051149
2017,July,Merced (SJV),LHD1,Gas,IDLEX,CAT,SOx,4.2460201533609345e-06
2017,July,Merced (SJV),LHD1,Gas,IDLEX,CAT,TOG,0.00238844464917284
2017,July,Merced (SJV),LHD1,Gas,IDLEX,NCAT,CO,0.00014720692710665174
2017,July,Merced (SJV),LHD1,Gas,IDLEX,NCAT,NOx,1.664647789782918e-06
2017,July,Merced (SJV),LHD1,Gas,IDLEX,NCAT,SOx,5.4241553960055707e-08
2017,July,Merced (SJV),LHD1,Gas,IDLEX,NCAT,TOG,2.6459221756365527e-05
2017,July,Merced (SJV),LHD1,Gas,STREX,CAT,CO,0.10492826130070683
2017,July,Merced (SJV),LHD1,Gas,STREX,CAT,NOx,0.028830032172878457
2017,July,Merced (SJV),LHD1,Gas,STREX,CAT,SOx,9.893913710011832e-06
2017,July,Merced (SJV),LHD1,Gas,STREX,CAT,PM,3.321302360758294e-05
2017,July,Merced (SJV),LHD1,Gas,STREX,CAT,TOG,0.009814724142937818
2017,July,Merced (SJV),LHD1,Gas,STREX,CAT,PM10,2.9692443105179142e-05
2017,July,Merced (SJV),LHD1,Gas,STREX,CAT,PM2_5,2.730110540543317e-05
2017,July,Merced (SJV),LHD1,Gas,STREX,NCAT,CO,6.459585384797336e-05
2017,July,Merced (SJV),LHD1,Gas,STREX,NCAT,NOx,0.00022974931220590188
2017,July,Merced (SJV),LHD1,Gas,STREX,NCAT,SOx,4.364101723001876e-07
2017,July,Merced (SJV),LHD1,Gas,STREX,NCAT,PM,1.0041247781203866e-05
2017,July,Merced (SJV),LHD1,Gas,STREX,NCAT,TOG,0.0013627456945391769
2017,July,Merced (SJV),LHD1,Gas,STREX,NCAT,PM10,9.649639117736912e-06
2017,July,Merced (SJV),LHD1,Gas,STREX,NCAT,PM2_5,9.207824215363943e-06
2017,July,Merced (SJV),LHD1,Gas,HOTSOAK,CAT,TOG,0.011137049215143038
2017,July,Merced (SJV),LHD1,Gas,HOTSOAK,NCAT,TOG,0.001176642549208924
2017,July,Merced (SJV),LHD1,Gas,RUNLOSS,CAT,TOG,0.0664431642757658
2017,July,Merced (SJV),LHD1,Gas,RUNLOSS,NCAT,TOG,0.0021266134126790835
2017,July,Merced (SJV),LHD1,Gas,RESTLOSS,CAT,TOG,0.00025355436582082726
2017,July,Merced (SJV),LHD1,Gas,RESTLOSS,NCAT,TOG,2.0048056077170168e-05
2017,July,Merced (SJV),LHD1,Gas,DIURN,CAT,TOG,0.000724735450300542
2017,July,Merced (SJV),LHD1,Gas,DIURN,NCAT,TOG,5.623132644755369e-05
2017,July,Merced (SJV),LHD1,Gas,PMTW,CAT,PM,0.0009214511809748437
2017,July,Merced (SJV),LHD1,Gas,PMTW,CAT,PM10,0.0009214511809748437
2017,July,Merced (SJV),LHD1,Gas,PMTW,CAT,PM2_5,0.00023036279524371093
2017,July,Merced (SJV),LHD1,Gas,PMTW,NCAT,PM,5.204233457173122e-06
2017,July,Merced (SJV),LHD1,Gas,PMTW,NCAT,PM10,5.204233457173122e-06
2017,July,Merced (SJV),LHD1,Gas,PMTW,NCAT,PM2_5,1.3010583642932806e-06
2017,July,Merced (SJV),LHD1,Gas,PMBW,CAT,PM,0.008984149014504741
2017,July,Merced (SJV),LHD1,Gas,PMBW,CAT,PM10,0.008804466034214638
2017,July,Merced (SJV),LHD1,Gas,PMBW,CAT,PM2_5,0.0037733425860919903
2017,July,Merced (SJV),LHD1,Gas,PMBW,NCAT,PM,5.074127620743796e-05
2017,July,Merced (SJV),LHD1,Gas,PMBW,NCAT,PM10,4.9726450683289175e-05
2017,July,Merced (SJV),LHD1,Gas,PMBW,NCAT,PM2_5,2.1311336007123932e-05
2017,July,Merced (SJV),LHD2,Gas,RUNEX,CAT,CO,0.02887836370212258
2017,July,Merced (SJV),LHD2,Gas,RUNEX,CAT,NOx,0.0063372285039710805
2017,July,Merced (SJV),LHD2,Gas,RUNEX,CAT,SOx,0.0001902297074993145
2017,July,Merced (SJV),LHD2,Gas,RUNEX,CAT,PM,4.4055682738030794e-05
2017,July,Merced (SJV),LHD2,Gas,RUNEX,CAT,TOG,0.002205985391469659
2017,July,Merced (SJV),LHD2,Gas,RUNEX,CAT,PM10,3.938578036779953e-05
2017,July,Merced (SJV),LHD2,Gas,RUNEX,CAT,PM2_5,3.621377121066134e-05
2017,July,Merced (SJV),LHD2,Gas,IDLEX,CAT,CO,0.001713756689826093
2017,July,Merced (SJV),LHD2,Gas,IDLEX,CAT,NOx,1.9251315177298888e-05
2017,July,Merced (SJV),LHD2,Gas,IDLEX,CAT,SOx,6.54653099339248e-07
2017,July,Merced (SJV),LHD2,Gas,IDLEX,CAT,TOG,0.0003213797759697184
2017,July,Merced (SJV),LHD2,Gas,STREX,CAT,CO,0.013611349671575882
2017,July,Merced (SJV),LHD2,Gas,STREX,CAT,NOx,0.003750846591914322
2017,July,Merced (SJV),LHD2,Gas,STREX,CAT,SOx,1.504966769802406e-06
2017,July,Merced (SJV),LHD2,Gas,STREX,CAT,PM,3.4941208070541977e-06
2017,July,Merced (SJV),LHD2,Gas,STREX,CAT,TOG,0.0012294836378061134
2017,July,Merced (SJV),LHD2,Gas,STREX,CAT,PM10,3.1237440015064466e-06
2017,July,Merced (SJV),LHD2,Gas,STREX,CAT,PM2_5,2.8721673033985534e-06
2017,July,Merced (SJV),LHD2,Gas,HOTSOAK,CAT,TOG,0.0012562464185813483
2017,July,Merced (SJV),LHD2,Gas,RUNLOSS,CAT,TOG,0.007402117436727879
2017,July,Merced (SJV),LHD2,Gas,RESTLOSS,CAT,TOG,2.748994985322916e-05
2017,July,Merced (SJV),LHD2,Gas,DIURN,CAT,TOG,7.773853230966373e-05
2017,July,Merced (SJV),LHD2,Gas,PMTW,CAT,PM,0.00012736460517763815
2017,July,Merced (SJV),LHD2,Gas,PMTW,CAT,PM10,0.00012736460517763815
2017,July,Merced (SJV),LHD2,Gas,PMTW,CAT,PM2_5,3.184115129440954e-05
2017,July,Merced (SJV),LHD2,Gas,PMBW,CAT,PM,0.0014487723838956328
2017,July,Merced (SJV),LHD2,Gas,PMBW,CAT,PM10,0.0014197969362177197
2017,July,Merced (SJV),LHD2,Gas,PMBW,CAT,PM2_5,0.0006084844012361658
2017,July,Merced (SJV),T6TS,Gas,RUNEX,CAT,CO,0.15288703954704308
2017,July,Merced (SJV),T6TS,Gas,RUNEX,CAT,NOx,0.027987269329084272
2017,July,Merced (SJV),T6TS,Gas,RUNEX,CAT,SOx,0.0003334021659131385
2017,July,Merced (SJV),T6TS,Gas,RUNEX,CAT,PM,5.385084487008985e-05
2017,July,Merced (SJV),T6TS,Gas,RUNEX,CAT,TOG,0.00983114205163573
2017,July,Merced (SJV),T6TS,Gas,RUNEX,CAT,PM10,4.8142655313860306e-05
2017,July,Merced (SJV),T6TS,Gas,RUNEX,CAT,PM2_5,4.426539448321382e-05
2017,July,Merced (SJV),T6TS,Gas,RUNEX,NCAT,CO,0.039866172533118784
2017,July,Merced (SJV),T6TS,Gas,RUNEX,NCAT,NOx,0.0010759432707747214
2017,July,Merced (SJV),T6TS,Gas,RUNEX,NCAT,SOx,5.768148358173893e-06
2017,July,Merced (SJV),T6TS,Gas,RUNEX,NCAT,PM,1.1351013971987992e-05
2017,July,Merced (SJV),T6TS,Gas,RUNEX,NCAT,TOG,0.0017647248848773505
2017,July,Merced (SJV),T6TS,Gas,RUNEX,NCAT,PM10,1.0908324427080462e-05
2017,July,Merced (SJV),T6TS,Gas,RUNEX,NCAT,PM2_5,1.0408879812312988e-05
2017,July,Merced (SJV),T6TS,Gas,IDLEX,CAT,CO,0.0027920295557427445
2017,July,Merced (SJV),T6TS,Gas,IDLEX,CAT,NOx,2.4732959967883918e-05
2017,July,Merced (SJV),T6TS,Gas,IDLEX,CAT,SOx,1.6203818506688966e-06
2017,July,Merced (SJV),T6TS,Gas,IDLEX,CAT,TOG,0.00036358136358300623
2017,July,Merced (SJV),T6TS,Gas,IDLEX,NCAT,CO,0.00015394786455448528
2017,July,Merced (SJV),T6TS,Gas,IDLEX,NCAT,NOx,1.3676258792321696e-06
2017,July,Merced (SJV),T6TS,Gas,IDLEX,NCAT,SOx,9.67012242737033e-08
2017,July,Merced (SJV),T6TS,Gas,IDLEX,NCAT,TOG,1.936503083205482e-05
2017,July,Merced (SJV),T6TS,Gas,STREX,CAT,CO,0.03502994524468106
2017,July,Merced (SJV),T6TS,Gas,STREX,CAT,NOx,0.002164503210585568
2017,July,Merced (SJV),T6TS,Gas,STREX,CAT,SOx,2.371941534825068e-06
2017,July,Merced (SJV),T6TS,Gas,STREX,CAT,PM,6.742919473830846e-06
2017,July,Merced (SJV),T6TS,Gas,STREX,CAT,TOG,0.0015947476722480381
2017,July,Merced (SJV),T6TS,Gas,STREX,CAT,PM10,6.028170009604789e-06
2017,July,Merced (SJV),T6TS,Gas,STREX,CAT,PM2_5,5.542679807488953e-06
2017,July,Merced (SJV),T6TS,Gas,STREX,NCAT,CO,5.030777073766566e-05
2017,July,Merced (SJV),T6TS,Gas,STREX,NCAT,NOx,0.00017880695730560894
2017,July,Merced (SJV),T6TS,Gas,STREX,NCAT,SOx,4.5464725619324857e-07
2017,July,Merced (SJV),T6TS,Gas,STREX,NCAT,PM,5.055804190861892e-06
2017,July,Merced (SJV),T6TS,Gas,STREX,NCAT,TOG,0.001019645864752706
2017,July,Merced (SJV),T6TS,Gas,STREX,NCAT,PM10,4.858627827418279e-06
2017,July,Merced (SJV),T6TS,Gas,STREX,NCAT,PM2_5,4.636172443020357e-06
2017,July,Merced (SJV),T6TS,Gas,HOTSOAK,CAT,TOG,0.0012732380875461447
2017,July,Merced (SJV),T6TS,Gas,HOTSOAK,NCAT,TOG,0.000646840189394983
2017,July,Merced (SJV),T6TS,Gas,RUNLOSS,CAT,TOG,0.005981595483287793
2017,July,Merced (SJV),T6TS,Gas,RUNLOSS,NCAT,TOG,0.0009296898279148423
2017,July,Merced (SJV),T6TS,Gas,RESTLOSS,CAT,TOG,3.320784449223626e-05
2017,July,Merced (SJV),T6TS,Gas,RESTLOSS,NCAT,TOG,7.872905322331962e-06
2017,July,Merced (SJV),T6TS,Gas,DIURN,CAT,TOG,9.284961288861252e-05
2017,July,Merced (SJV),T6TS,Gas,DIURN,NCAT,TOG,2.0934869541887397e-05
2017,July,Merced (SJV),T6TS,Gas,PMTW,CAT,PM,0.00021605632993284017
2017,July,Merced (SJV),T6TS,Gas,PMTW,CAT,PM10,0.00021605632993284017
2017,July,Merced (SJV),T6TS,Gas,PMTW,CAT,PM2_5,5.401408248321004e-05
2017,July,Merced (SJV),T6TS,Gas,PMTW,NCAT,PM,3.269397952791207e-06
2017,July,Merced (SJV),T6TS,Gas,PMTW,NCAT,PM10,3.269397952791207e-06
2017,July,Merced (SJV),T6TS,Gas,PMTW,NCAT,PM2_5,8.173494881978017e-07
2017,July,Merced (SJV),T6TS,Gas,PMBW,CAT,PM,0.0023946243234223125
2017,July,Merced (SJV),T6TS,Gas,PMBW,CAT,PM10,0.002346731836953865
2017,July,Merced (SJV),T6TS,Gas,PMBW,CAT,PM2_5,0.0010057422158373701
2017,July,Merced (SJV),T6TS,Gas,PMBW,NCAT,PM,3.623582731010255e-05
2017,July,Merced (SJV),T6TS,Gas,PMBW,NCAT,PM10,3.551111076390049e-05
2017,July,Merced (SJV),T6TS,Gas,PMBW,NCAT,PM2_5,1.5219047470243071e-05
2017,July,Merced (SJV),T7IS,Gas,RUNEX,CAT,CO,0.04853322367366778
2017,July,Merced (SJV),T7IS,Gas,RUNEX,CAT,NOx,0.003178670984556138
2017,July,Merced (SJV),T7IS,Gas,RUNEX,CAT,SOx,5.063087003559198e-06
2017,July,Merced (SJV),T7IS,Gas,RUNEX,CAT,PM,2.3343770083768666e-06
2017,July,Merced (SJV),T7IS,Gas,RUNEX,CAT,TOG,0.001615536705384766
2017,July,Merced (SJV),T7IS,Gas,RUNEX,CAT,PM10,2.086933045488918e-06
2017,July,Merced (SJV),T7IS,Gas,RUNEX,CAT,PM2_5,1.9188579008857836e-06
2017,July,Merced (SJV),T7IS,Gas,RUNEX,NCAT,CO,0.07996574723118896
2017,July,Merced (SJV),T7IS,Gas,RUNEX,NCAT,NOx,0.003496230087926336
2017,July,Merced (SJV),T7IS,Gas,RUNEX,NCAT,SOx,6.248400433670452e-06
2017,July,Merced (SJV),T7IS,Gas,RUNEX,NCAT,PM,8.089617166714515e-06
2017,July,Merced (SJV),T7IS,Gas,RUNEX,NCAT,TOG,0.00270561203047498
2017,July,Merced (SJV),T7IS,Gas,RUNEX,NCAT,PM10,7.774122097212642e-06
2017,July,Merced (SJV),T7IS,Gas,RUNEX,NCAT,PM2_5,7.418178941877208e-06
2017,July,Merced (SJV),T7IS,Gas,STREX,CAT,CO,1.1246685561756395e-05
2017,July,Merced (SJV),T7IS,Gas,STREX,CAT,NOx,3.9861118373713064e-05
2017,July,Merced (SJV),T7IS,Gas,STREX,CAT,SOx,5.287795202314665e-08
2017,July,Merced (SJV),T7IS,Gas,STREX,CAT,PM,3.7550827550798667e-07
2017,July,Merced (SJV),T7IS,Gas,STREX,CAT,TOG,1.973925986804182e-08
2017,July,Merced (SJV),T7IS,Gas,STREX,CAT,PM10,3.3570439830413987e-07
2017,July,Merced (SJV),T7IS,Gas,STREX,CAT,PM2_5,3.0866780246756504e-07
2017,July,Merced (SJV),T7IS,Gas,STREX,NCAT,CO,0.0
2017,July,Merced (SJV),T7IS,Gas,STREX,NCAT,NOx,0.0
2017,July,Merced (SJV),T7IS,Gas,STREX,NCAT,SOx,2.768038920121735e-07
2017,July,Merced (SJV),T7IS,Gas,STREX,NCAT,PM,2.5980253314161274e-06
2017,July,Merced (SJV),T7IS,Gas,STREX,NCAT,TOG,0.0
2017,July,Merced (SJV),T7IS,Gas,STREX,NCAT,PM10,2.4967023434908966e-06
2017,July,Merced (SJV),T7IS,Gas,STREX,NCAT,PM2_5,2.382389228908588e-06
2017,July,Merced (SJV),T7IS,Gas,HOTSOAK,CAT,TOG,6.6261322684353e-05
2017,July,Merced (SJV),T7IS,Gas,HOTSOAK,NCAT,TOG,0.0003328848082138624
2017,July,Merced (SJV),T7IS,Gas,RUNLOSS,CAT,TOG,0.0005121036704882446
2017,July,Merced (SJV),T7IS,Gas,RUNLOSS,NCAT,TOG,0.0009433746529776432
2017,July,Merced (SJV),T7IS,Gas,RESTLOSS,CAT,TOG,2.0176651311401425e-06
2017,July,Merced (SJV),T7IS,Gas,RESTLOSS,NCAT,TOG,3.527424372591666e-06
2017,July,Merced (SJV),T7IS,Gas,DIURN,CAT,TOG,4.285024821218627e-06
2017,July,Merced (SJV),T7IS,Gas,DIURN,NCAT,TOG,9.467027841664132e-06
2017,July,Merced (SJV),T7IS,Gas,PMTW,CAT,PM,3.882748617657898e-06
2017,July,Merced (SJV),T7IS,Gas,PMTW,CAT,PM10,3.882748617657898e-06
2017,July,Merced (SJV),T7IS,Gas,PMTW,CAT,PM2_5,9.706871544144745e-07
2017,July,Merced (SJV),T7IS,Gas,PMTW,NCAT,PM,4.44326352140766e-06
2017,July,Merced (SJV),T7IS,Gas,PMTW,NCAT,PM10,4.44326352140766e-06
2017,July,Merced (SJV),T7IS,Gas,PMTW,NCAT,PM2_5,1.110815880351915e-06
2017,July,Merced (SJV),T7IS,Gas,PMBW,CAT,PM,1.223065814562238e-05
2017,July,Merced (SJV),T7IS,Gas,PMBW,CAT,PM10,1.1986044982709933e-05
2017,July,Merced (SJV),T7IS,Gas,PMBW,CAT,PM2_5,5.1368764211614e-06
2017,July,Merced (SJV),T7IS,Gas,PMBW,NCAT,PM,1.3996280092434133e-05
2017,July,Merced (SJV),T7IS,Gas,PMBW,NCAT,PM10,1.3716354490585442e-05
2017,July,Merced (SJV),T7IS,Gas,PMBW,NCAT,PM2_5,5.8784376388223325e-06
2017,July,Merced (SJV),LDT1,Dsl,RUNEX,DSL,CO,0.0005240780744507532
2017,July,Merced (SJV),LDT1,Dsl,RUNEX,DSL,NOx,0.00047879999639909905
2017,July,Merced (SJV),LDT1,Dsl,RUNEX,DSL,SOx,1.590254909911285e-06
2017,July,Merced (SJV),LDT1,Dsl,RUNEX,DSL,PM,4.9471226671365605e-05
2017,July,Merced (SJV),LDT1,Dsl,RUNEX,DSL,TOG,7.753118861768023e-05
2017,July,Merced (SJV),LDT1,Dsl,RUNEX,DSL,PM10,4.9174399311337475e-05
2017,July,Merced (SJV),LDT1,Dsl,RUNEX,DSL,PM2_5,4.704713656446878e-05
2017,July,Merced (SJV),LDT1,Dsl,PMTW,DSL,PM,2.923245529287133e-06
2017,July,Merced (SJV),LDT1,Dsl,PMTW,DSL,PM10,2.923245529287133e-06
2017,July,Merced (SJV),LDT1,Dsl,PMTW,DSL,PM2_5,7.308113823217832e-07
2017,July,Merced (SJV),LDT1,Dsl,PMBW,DSL,PM,1.3702713418533434e-05
2017,July,Merced (SJV),LDT1,Dsl,PMBW,DSL,PM10,1.3428659150162774e-05
2017,July,Merced (SJV),LDT1,Dsl,PMBW,DSL,PM2_5,5.755139635784041e-06
2017,July,Merced (SJV),LDT2,Dsl,RUNEX,DSL,CO,0.0008696785689691856
2017,July,Merced (SJV),LDT2,Dsl,RUNEX,DSL,NOx,0.0007306544462634863
2017,July,Merced (SJV),LDT2,Dsl,RUNEX,DSL,SOx,7.283089054986786e-06
2017,July,Merced (SJV),LDT2,Dsl,RUNEX,DSL,PM,8.76914285947441e-05
2017,July,Merced (SJV),LDT2,Dsl,RUNEX,DSL,TOG,0.00014901364830117916
2017,July,Merced (SJV),LDT2,Dsl,RUNEX,DSL,PM10,8.716528002317566e-05
2017,July,Merced (SJV),LDT2,Dsl,RUNEX,DSL,PM2_5,8.339454859360167e-05
2017,July,Merced (SJV),LDT2,Dsl,PMTW,DSL,PM,1.8379270108195618e-05
2017,July,Merced (SJV),LDT2,Dsl,PMTW,DSL,PM10,1.8379270108195618e-05
2017,July,Merced (SJV),LDT2,Dsl,PMTW,DSL,PM2_5,4.5948175270489045e-06
2017,July,Merced (SJV),LDT2,Dsl,PMBW,DSL,PM,8.615282863216694e-05
2017,July,Merced (SJV),LDT2,Dsl,PMBW,DSL,PM10,8.442977205952359e-05
2017,July,Merced (SJV),LDT2,Dsl,PMBW,DSL,PM2_5,3.6184188025510124e-05
2017,July,Merced (SJV),MDV,Dsl,RUNEX,DSL,CO,0.004395774263004975
2017,July,Merced (SJV),MDV,Dsl,RUNEX,DSL,NOx,0.002875665136834031
2017,July,Merced (SJV),MDV,Dsl,RUNEX,DSL,SOx,7.57897308351621e-05
2017,July,Merced (SJV),MDV,Dsl,RUNEX,DSL,PM,0.0002143920774787481
2017,July,Merced (SJV),MDV,Dsl,RUNEX,DSL,TOG,0.00038123798639479634
2017,July,Merced (SJV),MDV,Dsl,RUNEX,DSL,PM10,0.00021310572501387543
2017,July,Merced (SJV),MDV,Dsl,RUNEX,DSL,PM2_5,0.00020388686568228968
2017,July,Merced (SJV),MDV,Dsl,PMTW,DSL,PM,0.0001494900042006429
2017,July,Merced (SJV),MDV,Dsl,PMTW,DSL,PM10,0.0001494900042006429
2017,July,Merced (SJV),MDV,Dsl,PMTW,DSL,PM2_5,3.7372501050160726e-05
2017,July,Merced (SJV),MDV,Dsl,PMBW,DSL,PM,0.0007007343946905135
2017,July,Merced (SJV),MDV,Dsl,PMBW,DSL,PM10,0.0006867197067967038
2017,July,Merced (SJV),MDV,Dsl,PMBW,DSL,PM2_5,0.0002943084457700156
2017,July,Merced (SJV),LHD1,Dsl,RUNEX,DSL,CO,0.15858695027983638
2017,July,Merced (SJV),LHD1,Dsl,RUNEX,DSL,NOx,0.6157016924293379
2017,July,Merced (SJV),LHD1,Dsl,RUNEX,DSL,SOx,0.0009412727941284832
2017,July,Merced (SJV),LHD1,Dsl,RUNEX,DSL,PM,0.006664635667768774
2017,July,Merced (SJV),LHD1,Dsl,RUNEX,DSL,TOG,0.039599137632512216
2017,July,Merced (SJV),LHD1,Dsl,RUNEX,DSL,PM10,0.006624647853762147
2017,July,Merced (SJV),LHD1,Dsl,RUNEX,DSL,PM2_5,0.006338068520048094
2017,July,Merced (SJV),LHD1,Dsl,IDLEX,DSL,CO,0.004080055994427312
2017,July,Merced (SJV),LHD1,Dsl,IDLEX,DSL,NOx,0.011505628855262339
2017,July,Merced (SJV),LHD1,Dsl,IDLEX,DSL,SOx,6.020975556000652e-06
2017,July,Merced (SJV),LHD1,Dsl,IDLEX,DSL,PM,0.00012983965806442012
2017,July,Merced (SJV),LHD1,Dsl,IDLEX,DSL,TOG,0.0005603985639386607
2017,July,Merced (SJV),LHD1,Dsl,IDLEX,DSL,PM10,0.00012906062011603365
2017,July,Merced (SJV),LHD1,Dsl,IDLEX,DSL,PM2_5,0.00012347751481926346
2017,July,Merced (SJV),LHD1,Dsl,PMTW,DSL,PM,0.002020774278630004
2017,July,Merced (SJV),LHD1,Dsl,PMTW,DSL,PM10,0.002020774278630004
2017,July,Merced (SJV),LHD1,Dsl,PMTW,DSL,PM2_5,0.000505193569657501
2017,July,Merced (SJV),LHD1,Dsl,PMBW,DSL,PM,0.013135032811095055
2017,July,Merced (SJV),LHD1,Dsl,PMBW,DSL,PM10,0.01287233215487314
2017,July,Merced (SJV),LHD1,Dsl,PMBW,DSL,PM2_5,0.005516713780659917
2017,July,Merced (SJV),LHD2,Dsl,RUNEX,DSL,CO,0.04107778434080726
2017,July,Merced (SJV),LHD2,Dsl,RUNEX,DSL,NOx,0.14469904881345758
2017,July,Merced (SJV),LHD2,Dsl,RUNEX,DSL,SOx,0.00030451642030995796
2017,July,Merced (SJV),LHD2,Dsl,RUNEX,DSL,PM,0.001671089205005449
2017,July,Merced (SJV),LHD2,Dsl,RUNEX,DSL,TOG,0.010364092853045372
2017,July,Merced (SJV),LHD2,Dsl,RUNEX,DSL,PM10,0.001661062669775417
2017,July,Merced (SJV),LHD2,Dsl,RUNEX,DSL,PM2_5,0.0015892058339601815
2017,July,Merced (SJV),LHD2,Dsl,IDLEX,DSL,CO,0.0011474986439026034
2017,July,Merced (SJV),LHD2,Dsl,IDLEX,DSL,NOx,0.003245161253601265
2017,July,Merced (SJV),LHD2,Dsl,IDLEX,DSL,SOx,2.711317233084972e-06
2017,July,Merced (SJV),LHD2,Dsl,IDLEX,DSL,PM,3.5790048396482176e-05
2017,July,Merced (SJV),LHD2,Dsl,IDLEX,DSL,TOG,0.00015760974678849727
2017,July,Merced (SJV),LHD2,Dsl,IDLEX,DSL,PM10,3.557530810610331e-05
2017,July,Merced (SJV),LHD2,Dsl,IDLEX,DSL,PM2_5,3.4036336025054553e-05
2017,July,Merced (SJV),LHD2,Dsl,PMTW,DSL,PM,0.0005823530252499916
2017,July,Merced (SJV),LHD2,Dsl,PMTW,DSL,PM10,0.0005823530252499916
2017,July,Merced (SJV),LHD2,Dsl,PMTW,DSL,PM2_5,0.0001455882563124979
2017,July,Merced (SJV),LHD2,Dsl,PMBW,DSL,PM,0.004416177108145774
2017,July,Merced (SJV),LHD2,Dsl,PMBW,DSL,PM10,0.0043278535659828565
2017,July,Merced (SJV),LHD2,Dsl,PMBW,DSL,PM2_5,0.0018547943854212241
2017,July,Merced (SJV),LDT1,Elec,HOTSOAK,CAT,TOG,2.9378031553019784e-08
2017,July,Merced (SJV),LDT1,Elec,RESTLOSS,CAT,TOG,2.7740443015562713e-08
2017,July,Merced (SJV),LDT1,Elec,DIURN,CAT,TOG,7.038548793879445e-08
2017,July,Merced (SJV),LDT1,Elec,PMTW,CAT,PM,3.6906425396309776e-07
2017,July,Merced (SJV),LDT1,Elec,PMTW,CAT,PM10,3.6906425396309776e-07
2017,July,Merced (SJV),LDT1,Elec,PMTW,CAT,PM2_5,9.226606349077444e-08
2017,July,Merced (SJV),LDT1,Elec,PMBW,CAT,PM,1.7299886904520206e-06
2017,July,Merced (SJV),LDT1,Elec,PMBW,CAT,PM10,1.6953889166429799e-06
2017,July,Merced (SJV),LDT1,Elec,PMBW,CAT,PM2_5,7.265952499898487e-07
2017,July,Merced (SJV),LDT2,Elec,HOTSOAK,CAT,TOG,7.203148342508698e-07
2017,July,Merced (SJV),LDT2,Elec,RESTLOSS,CAT,TOG,6.839840241845846e-07
2017,July,Merced (SJV),LDT2,Elec,DIURN,CAT,TOG,1.7354643275726936e-06
2017,July,Merced (SJV),LDT2,Elec,PMTW,CAT,PM,8.450800423445906e-06
2017,July,Merced (SJV),LDT2,Elec,PMTW,CAT,PM10,8.450800423445906e-06
2017,July,Merced (SJV),LDT2,Elec,PMTW,CAT,PM2_5,2.1127001058614765e-06
2017,July,Merced (SJV),LDT2,Elec,PMBW,CAT,PM,3.961312698490267e-05
2017,July,Merced (SJV),LDT2,Elec,PMBW,CAT,PM10,3.882086444520461e-05
2017,July,Merced (SJV),LDT2,Elec,PMBW,CAT,PM2_5,1.6637513333659122e-05
2017,July,Merced (SJV),MDV,Elec,HOTSOAK,CAT,TOG,7.582662625540807e-08
2017,July,Merced (SJV),MDV,Elec,RESTLOSS,CAT,TOG,7.159990283570593e-08
2017,July,Merced (SJV),MDV,Elec,DIURN,CAT,TOG,1.81669560743286e-07
2017,July,Merced (SJV),MDV,Elec,PMTW,CAT,PM,8.996308600129261e-07
2017,July,Merced (SJV),MDV,Elec,PMTW,CAT,PM10,8.996308600129261e-07
2017,July,Merced (SJV),MDV,Elec,PMTW,CAT,PM2_5,2.2490771500323153e-07
2017,July,Merced (SJV),MDV,Elec,PMBW,CAT,PM,4.21701965631059e-06
2017,July,Merced (SJV),MDV,Elec,PMBW,CAT,PM10,4.132679263184378e-06
2017,July,Merced (SJV),MDV,Elec,PMBW,CAT,PM2_5,1.771148255650448e-06
2017,July,Merced (SJV),SBUS,Gas,RUNEX,CAT,CO,0.020895888633337197
2017,July,Merced (SJV),SBUS,Gas,RUNEX,CAT,NOx,0.00302364128631081
2017,July,Merced (SJV),SBUS,Gas,RUNEX,CAT,SOx,1.9496407629251392e-05
2017,July,Merced (SJV),SBUS,Gas,RUNEX,CAT,PM,1.1516025278513884e-05
2017,July,Merced (SJV),SBUS,Gas,RUNEX,CAT,TOG,0.0012981591871102835
2017,July,Merced (SJV),SBUS,Gas,RUNEX,CAT,PM10,1.0295326598991413e-05
2017,July,Merced (SJV),SBUS,Gas,RUNEX,CAT,PM2_5,9.466172778938408e-06
2017,July,Merced (SJV),SBUS,Gas,IDLEX,CAT,CO,0.0019133851561650543
2017,July,Merced (SJV),SBUS,Gas,IDLEX,CAT,NOx,2.157117751008932e-05
2017,July,Merced (SJV),SBUS,Gas,IDLEX,CAT,SOx,6.438202828064103e-07
2017,July,Merced (SJV),SBUS,Gas,IDLEX,CAT,TOG,0.0003566449478367345
2017,July,Merced (SJV),SBUS,Gas,STREX,CAT,CO,0.0011394451443959598
2017,July,Merced (SJV),SBUS,Gas,STREX,CAT,NOx,5.5066722911687595e-05
2017,July,Merced (SJV),SBUS,Gas,STREX,CAT,SOx,5.345888348480336e-08
2017,July,Merced (SJV),SBUS,Gas,STREX,CAT,PM,1.5871763793708405e-07
2017,July,Merced (SJV),SBUS,Gas,STREX,CAT,TOG,5.2889200386411526e-05
2017,July,Merced (SJV),SBUS,Gas,STREX,CAT,PM10,1.4189356831575316e-07
2017,July,Merced (SJV),SBUS,Gas,STREX,CAT,PM2_5,1.3046589838428315e-07
2017,July,Merced (SJV),SBUS,Gas,HOTSOAK,CAT,TOG,3.068488771303168e-05
2017,July,Merced (SJV),SBUS,Gas,RUNLOSS,CAT,TOG,0.0003157056367002416
2017,July,Merced (SJV),SBUS,Gas,RESTLOSS,CAT,TOG,2.1812750302846154e-06
2017,July,Merced (SJV),SBUS,Gas,DIURN,CAT,TOG,1.000457244720707e-05
2017,July,Merced (SJV),SBUS,Gas,PMTW,CAT,PM,1.719112224214006e-05
2017,July,Merced (SJV),SBUS,Gas,PMTW,CAT,PM10,1.719112224214006e-05
2017,July,Merced (SJV),SBUS,Gas,PMTW,CAT,PM2_5,4.297780560535015e-06
2017,July,Merced (SJV),SBUS,Gas,PMBW,CAT,PM,0.0016331565915144023
2017,July,Merced (SJV),SBUS,Gas,PMBW,CAT,PM10,0.0016004934596841138
2017,July,Merced (SJV),SBUS,Gas,PMBW,CAT,PM2_5,0.0006859257684360492
2017,July,Merced (SJV),OBUS,Gas,RUNEX,CAT,CO,0.020681798209796227
2017,July,Merced (SJV),OBUS,Gas,RUNEX,CAT,NOx,0.005509637544904687
2017,July,Merced (SJV),OBUS,Gas,RUNEX,CAT,SOx,0.00013023811504626144
2017,July,Merced (SJV),OBUS,Gas,RUNEX,CAT,PM,7.023038915140394e-06
2017,July,Merced (SJV),OBUS,Gas,RUNEX,CAT,TOG,0.0013149330495975237
2017,July,Merced (SJV),OBUS,Gas,RUNEX,CAT,PM10,6.27859679013552e-06
2017,July,Merced (SJV),OBUS,Gas,RUNEX,CAT,PM2_5,5.772937988245412e-06
2017,July,Merced (SJV),OBUS,Gas,RUNEX,NCAT,CO,0.0023666592887277046
2017,July,Merced (SJV),OBUS,Gas,RUNEX,NCAT,NOx,0.00016497250501530021
2017,July,Merced (SJV),OBUS,Gas,RUNEX,NCAT,SOx,3.327707972601447e-07
2017,July,Merced (SJV),OBUS,Gas,RUNEX,NCAT,PM,6.528734588641562e-07
2017,July,Merced (SJV),OBUS,Gas,RUNEX,NCAT,TOG,9.641700932101847e-05
2017,July,Merced (SJV),OBUS,Gas,RUNEX,NCAT,PM10,6.274113939684541e-07
2017,July,Merced (SJV),OBUS,Gas,RUNEX,NCAT,PM2_5,5.986849617784314e-07
2017,July,Merced (SJV),OBUS,Gas,IDLEX,CAT,CO,0.0004671896365208075
2017,July,Merced (SJV),OBUS,Gas,IDLEX,CAT,NOx,5.2648402275001114e-06
2017,July,Merced (SJV),OBUS,Gas,IDLEX,CAT,SOx,3.158895373091715e-07
2017,July,Merced (SJV),OBUS,Gas,IDLEX,CAT,TOG,8.789220751807039e-05
2017,July,Merced (SJV),OBUS,Gas,IDLEX,NCAT,CO,4.779686592929994e-06
2017,July,Merced (SJV),OBUS,Gas,IDLEX,NCAT,NOx,5.4049730397615435e-08
2017,July,Merced (SJV),OBUS,Gas,IDLEX,NCAT,SOx,3.6123266699814955e-09
2017,July,Merced (SJV),OBUS,Gas,IDLEX,NCAT,TOG,8.591089425882539e-07
2017,July,Merced (SJV),OBUS,Gas,STREX,CAT,CO,0.005357631655896232
2017,July,Merced (SJV),OBUS,Gas,STREX,CAT,NOx,0.0005677165908348862
2017,July,Merced (SJV),OBUS,Gas,STREX,CAT,SOx,4.396951895075021e-07
2017,July,Merced (SJV),OBUS,Gas,STREX,CAT,PM,5.581770660159862e-07
2017,July,Merced (SJV),OBUS,Gas,STREX,CAT,TOG,0.0002980448084615695
2017,July,Merced (SJV),OBUS,Gas,STREX,CAT,PM10,4.990102970182914e-07
2017,July,Merced (SJV),OBUS,Gas,STREX,CAT,PM2_5,4.5882154826513945e-07
2017,July,Merced (SJV),OBUS,Gas,STREX,NCAT,CO,3.1762505694848625e-06
2017,July,Merced (SJV),OBUS,Gas,STREX,NCAT,NOx,3.429424087634063e-05
2017,July,Merced (SJV),OBUS,Gas,STREX,NCAT,SOx,2.3660408017565808e-08
2017,July,Merced (SJV),OBUS,Gas,STREX,NCAT,PM,2.822060557579864e-07
2017,July,Merced (SJV),OBUS,Gas,STREX,NCAT,TOG,5.7003581820449576e-05
2017,July,Merced (SJV),OBUS,Gas,STREX,NCAT,PM10,2.7120001958342487e-07
2017,July,Merced (SJV),OBUS,Gas,STREX,NCAT,PM2_5,2.5878295313007357e-07
2017,July,Merced (SJV),OBUS,Gas,HOTSOAK,CAT,TOG,5.860592644401663e-05
2017,July,Merced (SJV),OBUS,Gas,HOTSOAK,NCAT,TOG,1.2131545957258516e-05
2017,July,Merced (SJV),OBUS,Gas,RUNLOSS,CAT,TOG,0.0005070730938889495
2017,July,Merced (SJV),OBUS,Gas,RUNLOSS,NCAT,TOG,3.780966367325855e-05
2017,July,Merced (SJV),OBUS,Gas,RESTLOSS,CAT,TOG,3.69133823168962e-06
2017,July,Merced (SJV),OBUS,Gas,RESTLOSS,NCAT,TOG,4.05678826178978e-07
2017,July,Merced (SJV),OBUS,Gas,DIURN,CAT,TOG,1.3686264099422779e-05
2017,July,Merced (SJV),OBUS,Gas,DIURN,NCAT,TOG,1.437251151280878e-06
2017,July,Merced (SJV),OBUS,Gas,PMTW,CAT,PM,8.397552810745684e-05
2017,July,Merced (SJV),OBUS,Gas,PMTW,CAT,PM10,8.397552810745684e-05
2017,July,Merced (SJV),OBUS,Gas,PMTW,CAT,PM2_5,2.099388202686421e-05
2017,July,Merced (SJV),OBUS,Gas,PMTW,NCAT,PM,1.880451521872592e-07
2017,July,Merced (SJV),OBUS,Gas,PMTW,NCAT,PM10,1.880451521872592e-07
2017,July,Merced (SJV),OBUS,Gas,PMTW,NCAT,PM2_5,4.70112880468148e-08
2017,July,Merced (SJV),OBUS,Gas,PMBW,CAT,PM,0.0009307287698576462
2017,July,Merced (SJV),OBUS,Gas,PMBW,CAT,PM10,0.0009121141944604922
2017,July,Merced (SJV),OBUS,Gas,PMBW,CAT,PM2_5,0.0003909060833402109
2017,July,Merced (SJV),OBUS,Gas,PMBW,NCAT,PM,2.0841671034087888e-06
2017,July,Merced (SJV),OBUS,Gas,PMBW,NCAT,PM10,2.0424837613406138e-06
2017,July,Merced (SJV),OBUS,Gas,PMBW,NCAT,PM2_5,8.753501834316911e-07
2017,July,Merced (SJV),MCY,Gas,RUNEX,CAT,CO,0.3576313181437838
2017,July,Merced (SJV),MCY,Gas,RUNEX,CAT,NOx,0.023669905488728663
2017,July,Merced (SJV),MCY,Gas,RUNEX,CAT,SOx,5.2612955568093827e-05
2017,July,Merced (SJV),MCY,Gas,RUNEX,CAT,PM,3.3259173233365445e-05
2017,July,Merced (SJV),MCY,Gas,RUNEX,CAT,TOG,0.054093963091406155
2017,July,Merced (SJV),MCY,Gas,RUNEX,CAT,PM10,3.0738250565470075e-05
2017,July,Merced (SJV),MCY,Gas,RUNEX,CAT,PM2_5,2.8763401905437295e-05
2017,July,Merced (SJV),MCY,Gas,RUNEX,NCAT,CO,1.1234891735437005
2017,July,Merced (SJV),MCY,Gas,RUNEX,NCAT,NOx,0.036975308253193985
2017,July,Merced (SJV),MCY,Gas,RUNEX,NCAT,SOx,6.772103870026284e-05
2017,July,Merced (SJV),MCY,Gas,RUNEX,NCAT,PM,6.671912989722988e-05
2017,July,Merced (SJV),MCY,Gas,RUNEX,NCAT,TOG,0.10445969514208778
2017,July,Merced (SJV),MCY,Gas,RUNEX,NCAT,PM10,6.311253413639661e-05
2017,July,Merced (SJV),MCY,Gas,RUNEX,NCAT,PM2_5,5.975708060814896e-05
2017,July,Merced (SJV),MCY,Gas,STREX,CAT,CO,0.017230077977916588
2017,July,Merced (SJV),MCY,Gas,STREX,CAT,NOx,0.0007150363952343741
2017,July,Merced (SJV),MCY,Gas,STREX,CAT,SOx,1.684518356806134e-06
2017,July,Merced (SJV),MCY,Gas,STREX,CAT,PM,5.728968613220475e-06
2017,July,Merced (SJV),MCY,Gas,STREX,CAT,TOG,0.004588882388559096
2017,July,Merced (SJV),MCY,Gas,STREX,CAT,PM10,5.3228051759762105e-06
2017,July,Merced (SJV),MCY,Gas,STREX,CAT,PM2_5,4.994364250767608e-06
2017,July,Merced (SJV),MCY,Gas,STREX,NCAT,CO,0.05492353783833178
2017,July,Merced (SJV),MCY,Gas,STREX,NCAT,NOx,0.0015070053521770484
2017,July,Merced (SJV),MCY,Gas,STREX,NCAT,SOx,3.868892382926367e-06
2017,July,Merced (SJV),MCY,Gas,STREX,NCAT,PM,2.770456080811721e-05
2017,July,Merced (SJV),MCY,Gas,STREX,NCAT,TOG,0.012370306028948619
2017,July,Merced (SJV),MCY,Gas,STREX,NCAT,PM10,2.6422975700843513e-05
2017,July,Merced (SJV),MCY,Gas,STREX,NCAT,PM2_5,2.511993021034312e-05
2017,July,Merced (SJV),MCY,Gas,HOTSOAK,CAT,TOG,0.001938321429026293
2017,July,Merced (SJV),MCY,Gas,HOTSOAK,NCAT,TOG,0.009598761147929947
2017,July,Merced (SJV),MCY,Gas,RUNLOSS,CAT,TOG,0.002946834875582991
2017,July,Merced (SJV),MCY,Gas,RUNLOSS,NCAT,TOG,0.02009334995275362
2017,July,Merced (SJV),MCY,Gas,RESTLOSS,CAT,TOG,0.003050216545195319
2017,July,Merced (SJV),MCY,Gas,RESTLOSS,NCAT,TOG,0.010997376284282812
2017,July,Merced (SJV),MCY,Gas,DIURN,CAT,TOG,0.006074842159035643
2017,July,Merced (SJV),MCY,Gas,DIURN,NCAT,TOG,0.022079629578605806
2017,July,Merced (SJV),MCY,Gas,PMTW,CAT,PM,9.930725421373634e-05
2017,July,Merced (SJV),MCY,Gas,PMTW,CAT,PM10,9.930725421373634e-05
2017,July,Merced (SJV),MCY,Gas,PMTW,CAT,PM2_5,2.4826813553434085e-05
2017,July,Merced (SJV),MCY,Gas,PMTW,NCAT,PM,0.00012213493644010003
2017,July,Merced (SJV),MCY,Gas,PMTW,NCAT,PM10,0.00012213493644010003
2017,July,Merced (SJV),MCY,Gas,PMTW,NCAT,PM2_5,3.053373411002501e-05
2017,July,Merced (SJV),MCY,Gas,PMBW,CAT,PM,0.00029792176264120955
2017,July,Merced (SJV),MCY,Gas,PMBW,CAT,PM10,0.00029196332738838513
2017,July,Merced (SJV),MCY,Gas,PMBW,CAT,PM2_5,0.00012512714030930787
2017,July,Merced (SJV),MCY,Gas,PMBW,NCAT,PM,0.0003664048093203002
2017,July,Merced (SJV),MCY,Gas,PMBW,NCAT,PM10,0.00035907671313389384
2017,July,Merced (SJV),MCY,Gas,PMBW,NCAT,PM2_5,0.00015389001991452622
2017,July,Merced (SJV),MH,Gas,RUNEX,CAT,CO,0.025852499145632257
2017,July,Merced (SJV),MH,Gas,RUNEX,CAT,NOx,0.004178159375661961
2017,July,Merced (SJV),MH,Gas,RUNEX,CAT,SOx,9.434586027914933e-05
2017,July,Merced (SJV),MH,Gas,RUNEX,CAT,PM,1.4679561656649779e-05
2017,July,Merced (SJV),MH,Gas,RUNEX,CAT,TOG,0.0013141243372441435
2017,July,Merced (SJV),MH,Gas,RUNEX,CAT,PM10,1.3123528121044905e-05
2017,July,Merced (SJV),MH,Gas,RUNEX,CAT,PM2_5,1.2066599681766119e-05
2017,July,Merced (SJV),MH,Gas,RUNEX,NCAT,CO,0.0039957000074385424
2017,July,Merced (SJV),MH,Gas,RUNEX,NCAT,NOx,0.00010882682709176506
2017,July,Merced (SJV),MH,Gas,RUNEX,NCAT,SOx,5.780799518410253e-07
2017,July,Merced (SJV),MH,Gas,RUNEX,NCAT,PM,1.1373693401274694e-06
2017,July,Merced (SJV),MH,Gas,RUNEX,NCAT,TOG,0.00018004480369554173
2017,July,Merced (SJV),MH,Gas,RUNEX,NCAT,PM10,1.0930119358624976e-06
2017,July,Merced (SJV),MH,Gas,RUNEX,NCAT,PM2_5,1.0429676848968892e-06
2017,July,Merced (SJV),MH,Gas,STREX,CAT,CO,0.00021748988112701916
2017,July,Merced (SJV),MH,Gas,STREX,CAT,NOx,1.7451640411025218e-05
2017,July,Merced (SJV),MH,Gas,STREX,CAT,SOx,1.657333933897675e-08
2017,July,Merced (SJV),MH,Gas,STREX,CAT,PM,3.521559117777436e-08
2017,July,Merced (SJV),MH,Gas,STREX,CAT,TOG,1.087728765920118e-05
2017,July,Merced (SJV),MH,Gas,STREX,CAT,PM10,3.148273851293032e-08
2017,July,Merced (SJV),MH,Gas,STREX,CAT,PM2_5,2.894721594813062e-08
2017,July,Merced (SJV),MH,Gas,STREX,NCAT,CO,8.508939183283866e-08
2017,July,Merced (SJV),MH,Gas,STREX,NCAT,NOx,2.93695984998497e-07
2017,July,Merced (SJV),MH,Gas,STREX,NCAT,SOx,7.336010547494549e-10
2017,July,Merced (SJV),MH,Gas,STREX,NCAT,PM,8.76983668141119e-09
2017,July,Merced (SJV),MH,Gas,STREX,NCAT,TOG,1.7231699424059347e-06
2017,July,Merced (SJV),MH,Gas,STREX,NCAT,PM10,8.427813050836154e-09
2017,July,Merced (SJV),MH,Gas,STREX,NCAT,PM2_5,8.04194023685406e-09
2017,July,Merced (SJV),MH,Gas,HOTSOAK,CAT,TOG,9.426378551995747e-06
2017,July,Merced (SJV),MH,Gas,HOTSOAK,NCAT,TOG,3.7569022958805033e-07
2017,July,Merced (SJV),MH,Gas,RUNLOSS,CAT,TOG,0.000193164667372331
2017,July,Merced (SJV),MH,Gas,RUNLOSS,NCAT,TOG,2.0359656509865962e-06
2017,July,Merced (SJV),MH,Gas,RESTLOSS,CAT,TOG,6.750138463732748e-05
2017,July,Merced (SJV),MH,Gas,RESTLOSS,NCAT,TOG,2.470841273066219e-06
2017,July,Merced (SJV),MH,Gas,DIURN,CAT,TOG,0.00029552300358140726
2017,July,Merced (SJV),MH,Gas,DIURN,NCAT,TOG,9.698258765791392e-06
2017,July,Merced (SJV),MH,Gas,PMTW,CAT,PM,6.101399659524692e-05
2017,July,Merced (SJV),MH,Gas,PMTW,CAT,PM10,6.101399659524692e-05
2017,July,Merced (SJV),MH,Gas,PMTW,CAT,PM2_5,1.525349914881173e-05
2017,July,Merced (SJV),MH,Gas,PMTW,NCAT,PM,3.275930239674422e-07
2017,July,Merced (SJV),MH,Gas,PMTW,NCAT,PM10,3.275930239674422e-07
2017,July,Merced (SJV),MH,Gas,PMTW,NCAT,PM2_5,8.189825599186055e-08
2017,July,Merced (SJV),MH,Gas,PMBW,CAT,PM,0.0006762384622639868
2017,July,Merced (SJV),MH,Gas,PMBW,CAT,PM10,0.0006627136930187062
2017,July,Merced (SJV),MH,Gas,PMBW,CAT,PM2_5,0.0002840201541508744
2017,July,Merced (SJV),MH,Gas,PMBW,NCAT,PM,3.6308226823058186e-06
2017,July,Merced (SJV),MH,Gas,PMBW,NCAT,PM10,3.5582062286597004e-06
2017,July,Merced (SJV),MH,Gas,PMBW,NCAT,PM2_5,1.5249455265684436e-06
2017,July,Merced (SJV),MH,Dsl,RUNEX,DSL,CO,0.0011111848695164195
2017,July,Merced (SJV),MH,Dsl,RUNEX,DSL,NOx,0.011602418954058405
2017,July,Merced (SJV),MH,Dsl,RUNEX,DSL,SOx,1.8212133396770946e-05
2017,July,Merced (SJV),MH,Dsl,RUNEX,DSL,PM,0.0003212289883117727
2017,July,Merced (SJV),MH,Dsl,RUNEX,DSL,TOG,0.0003299063518199424
2017,July,Merced (SJV),MH,Dsl,RUNEX,DSL,PM10,0.0003193016143819021
2017,July,Merced (SJV),MH,Dsl,RUNEX,DSL,PM2_5,0.00030548876788449587
2017,July,Merced (SJV),MH,Dsl,PMTW,DSL,PM,2.8655174824924498e-05
2017,July,Merced (SJV),MH,Dsl,PMTW,DSL,PM10,2.8655174824924498e-05
2017,July,Merced (SJV),MH,Dsl,PMTW,DSL,PM2_5,7.1637937062311245e-06
2017,July,Merced (SJV),MH,Dsl,PMBW,DSL,PM,0.0002381961407321849
2017,July,Merced (SJV),MH,Dsl,PMBW,DSL,PM10,0.00023343221791754127
2017,July,Merced (SJV),MH,Dsl,PMBW,DSL,PM2_5,0.00010004237910751767
2017,July,Merced (SJV),UBUS,Gas,RUNEX,CAT,CO,0.0014566996156698327
2017,July,Merced (SJV),UBUS,Gas,RUNEX,CAT,NOx,0.0008844969796644277
2017,July,Merced (SJV),UBUS,Gas,RUNEX,CAT,SOx,9.609856414754254e-05
2017,July,Merced (SJV),UBUS,Gas,RUNEX,CAT,PM,6.883465398675225e-06
2017,July,Merced (SJV),UBUS,Gas,RUNEX,CAT,TOG,0.00015136082320799598
2017,July,Merced (SJV),UBUS,Gas,RUNEX,CAT,PM10,6.153818066415651e-06
2017,July,Merced (SJV),UBUS,Gas,RUNEX,CAT,PM2_5,5.658208557711038e-06
2017,July,Merced (SJV),UBUS,Gas,STREX,CAT,CO,0.0011506371832999045
2017,July,Merced (SJV),UBUS,Gas,STREX,CAT,NOx,0.00015484986929445725
2017,July,Merced (SJV),UBUS,Gas,STREX,CAT,SOx,1.5719381569679203e-07
2017,July,Merced (SJV),UBUS,Gas,STREX,CAT,PM,9.517415094214101e-08
2017,July,Merced (SJV),UBUS,Gas,STREX,CAT,TOG,7.169876117058455e-05
2017,July,Merced (SJV),UBUS,Gas,STREX,CAT,PM10,8.508569094227412e-08
2017,July,Merced (SJV),UBUS,Gas,STREX,CAT,PM2_5,7.823315207443992e-08
2017,July,Merced (SJV),UBUS,Gas,HOTSOAK,CAT,TOG,8.35018292567233e-06
2017,July,Merced (SJV),UBUS,Gas,RUNLOSS,CAT,TOG,2.7376753557314808e-05
2017,July,Merced (SJV),UBUS,Gas,RESTLOSS,CAT,TOG,8.444970226454048e-07
2017,July,Merced (SJV),UBUS,Gas,DIURN,CAT,TOG,1.873145732674656e-06
2017,July,Merced (SJV),UBUS,Gas,PMTW,CAT,PM,5.44836614174079e-05
2017,July,Merced (SJV),UBUS,Gas,PMTW,CAT,PM10,5.44836614174079e-05
2017,July,Merced (SJV),UBUS,Gas,PMTW,CAT,PM2_5,1.3620915354351974e-05
2017,July,Merced (SJV),UBUS,Gas,PMBW,CAT,PM,0.0006079628788370009
2017,July,Merced (SJV),UBUS,Gas,PMBW,CAT,PM10,0.0005958036212602616
2017,July,Merced (SJV),UBUS,Gas,PMBW,CAT,PM2_5,0.0002553444091115406
2017,July,Merced (SJV),UBUS,Dsl,RUNEX,DSL,CO,0.00032574938371972046
2017,July,Merced (SJV),UBUS,Dsl,RUNEX,DSL,NOx,0.0021610633341628284
2017,July,Merced (SJV),UBUS,Dsl,RUNEX,DSL,SOx,4.486114447131082e-05
2017,July,Merced (SJV),UBUS,Dsl,RUNEX,DSL,PM,1.6588697467936085e-05
2017,July,Merced (SJV),UBUS,Dsl,RUNEX,DSL,TOG,0.00020068676161146692
2017,July,Merced (SJV),UBUS,Dsl,RUNEX,DSL,PM10,1.6489165283128473e-05
2017,July,Merced (SJV),UBUS,Dsl,RUNEX,DSL,PM2_5,1.577585129200722e-05
2017,July,Merced (SJV),UBUS,Dsl,PMTW,DSL,PM,7.974489192573146e-05
2017,July,Merced (SJV),UBUS,Dsl,PMTW,DSL,PM10,7.974489192573146e-05
2017,July,Merced (SJV),UBUS,Dsl,PMTW,DSL,PM2_5,1.9936222981432865e-05
2017,July,Merced (SJV),UBUS,Dsl,PMBW,DSL,PM,0.00030319311497622537
2017,July,Merced (SJV),UBUS,Dsl,PMBW,DSL,PM10,0.0002971292526767012
2017,July,Merced (SJV),UBUS,Dsl,PMBW,DSL,PM2_5,0.00012734110829001468
2017,July,Merced (SJV),UBUS,NG,RUNEX,DSL,CO,0.055255278095174776
2017,July,Merced (SJV),UBUS,NG,RUNEX,DSL,NOx,0.011511869576818169
2017,July,Merced (SJV),UBUS,NG,RUNEX,DSL,PM,1.62811865490817e-05
2017,July,Merced (SJV),UBUS,NG,RUNEX,DSL,TOG,0.01794870549749331
2017,July,Merced (SJV),UBUS,NG,RUNEX,DSL,PM10,1.618349942978721e-05
2017,July,Merced (SJV),UBUS,NG,RUNEX,DSL,PM2_5,1.54834084081767e-05
2017,July,Merced (SJV),UBUS,NG,PMTW,DSL,PM,4.5324711974372066e-05
2017,July,Merced (SJV),UBUS,NG,PMTW,DSL,PM10,4.5324711974372066e-05
2017,July,Merced (SJV),UBUS,NG,PMTW,DSL,PM2_5,1.1331177993593016e-05
2017,July,Merced (SJV),UBUS,NG,PMBW,DSL,PM,0.0004890213952160375
2017,July,Merced (SJV),UBUS,NG,PMBW,DSL,PM10,0.0004792409673117167
2017,July,Merced (SJV),UBUS,NG,PMBW,DSL,PM2_5,0.00020538898599073568
2017,July,Merced (SJV),SBUS,Dsl,RUNEX,DSL,CO,0.004842127365100435
2017,July,Merced (SJV),SBUS,Dsl,RUNEX,DSL,NOx,0.1198287268867778
2017,July,Merced (SJV),SBUS,Dsl,RUNEX,DSL,PM,0.0009031067508022443
2017,July,Merced (SJV),SBUS,Dsl,RUNEX,DSL,PM10,0.0008976881102974304
2017,July,Merced (SJV),SBUS,Dsl,RUNEX,DSL,PM2_5,0.0008588545200129342
2017,July,Merced (SJV),SBUS,Dsl,IDLEX,DSL,CO,0.0019035723331916306
2017,July,Merced (SJV),SBUS,Dsl,IDLEX,DSL,NOx,0.02328156192155044
2017,July,Merced (SJV),SBUS,Dsl,IDLEX,DSL,PM,3.4824063704183846e-05
2017,July,Merced (SJV),SBUS,Dsl,IDLEX,DSL,PM10,3.461511932195877e-05
2017,July,Merced (SJV),SBUS,Dsl,IDLEX,DSL,PM2_5,3.311768458267885e-05
2017,July,Merced (SJV),SBUS,Dsl,STREX,DSL,NOx,0.002459345631685832
2017,July,Merced (SJV),SBUS,Dsl,PMTW,DSL,PM,0.00017397182021117977
2017,July,Merced (SJV),SBUS,Dsl,PMTW,DSL,PM10,0.00017397182021117977
2017,July,Merced (SJV),SBUS,Dsl,PMTW,DSL,PM2_5,4.349295505279494e-05
2017,July,Merced (SJV),SBUS,Dsl,PMBW,DSL,PM,0.011018215280041401
2017,July,Merced (SJV),SBUS,Dsl,PMBW,DSL,PM10,0.010797850974440582
2017,July,Merced (SJV),SBUS,Dsl,PMBW,DSL,PM2_5,0.00462765041761738
2017,July,Merced (SJV),SBUS,Dsl,RUNEX,DSL,SOx,0.00016307598242028016
2017,July,Merced (SJV),SBUS,Dsl,IDLEX,DSL,SOx,1.6750934213081406e-05
2017,July,Merced (SJV),SBUS,Dsl,RUNEX,DSL,TOG,0.0022084037153411854
2017,July,Merced (SJV),SBUS,Dsl,IDLEX,DSL,TOG,0.00017775747624321388
2017,     ,Merced (SJV),LDA,Dsl,RUNEX,DSL,NH3,7.05516e-05
2017,     ,Merced (SJV),LDA,Gas,RUNEX,CAT,NH3,0.110970377
2017,     ,Merced (SJV),LDT1,Dsl,RUNEX,DSL,NH3,1.02838e-05
2017,     ,Merced (SJV),LDT1,Gas,RUNEX,CAT,NH3,0.013801306
2017,     ,Merced (SJV),LDT2,Dsl,RUNEX,DSL,NH3,7.11557e-06
2017,     ,Merced (SJV),LDT2,Gas,RUNEX,CAT,NH3,0.039122135
2017,     ,Merced (SJV),LHD1,Dsl,RUNEX,DSL,NH3,0.016618009
2017,     ,Merced (SJV),LHD1,Gas,RUNEX,CAT,NH3,0.005146752
2017,     ,Merced (SJV),LHD2,Dsl,RUNEX,DSL,NH3,0.00572378
2017,     ,Merced (SJV),LHD2,Gas,RUNEX,CAT,NH3,0.000714373
2017,     ,Merced (SJV),MCY,Gas,RUNEX,CAT,NH3,0.000858515
2017,     ,Merced (SJV),MDV,Dsl,RUNEX,DSL,NH3,5.78754e-05
2017,     ,Merced (SJV),MDV,Gas,RUNEX,CAT,NH3,0.043393805
2017,     ,Merced (SJV),MH,Dsl,RUNEX,DSL,NH3,4.83784e-05
2017,     ,Merced (SJV),MH,Gas,RUNEX,CAT,NH3,0.000223541
2017,     ,Merced (SJV),OBUS,Gas,RUNEX,CAT,NH3,0.000313693
2017,     ,Merced (SJV),SBUS,Gas,RUNEX,CAT,NH3,9.67464e-05
2017,     ,Merced (SJV),T6TS,Gas,RUNEX,CAT,NH3,0.000791734
2017,     ,Merced (SJV),T7IS,Gas,RUNEX,CAT,NH3,5.4134e-06
2017,     ,Merced (SJV),UBUS,Dsl,RUNEX,DSL,NH3,0.00070099
2017,     ,Merced (SJV),UBUS,Gas,RUNEX,CAT,NH3,0.000215288
2017,     ,Merced (SJV),UBUS,NG,RUNEX,DSL,NH3,9.9749e-05
