calendar_year,season_month,sub_area,vehicle_class,fuel,process,cat_ncat,pollutant,emission
2017,July,Monterey (NCC),LDA,Gas,RUNEX,CAT,CO,8.698992730262635
2017,July,Monterey (NCC),LDA,Gas,RUNEX,CAT,NOx,0.6822957122041687
2017,July,Monterey (NCC),LDA,Gas,RUNEX,CAT,SOx,0.019470940211618177
2017,July,Monterey (NCC),LDA,Gas,RUNEX,CAT,PM,0.014723915939774889
2017,July,Monterey (NCC),LDA,Gas,RUNEX,CAT,TOG,0.3354970246083511
2017,July,Monterey (NCC),LDA,Gas,RUNEX,CAT,PM10,0.013165214823288479
2017,July,Monterey (NCC),LDA,Gas,RUNEX,CAT,PM2_5,0.01210594289424607
2017,July,Monterey (NCC),LDA,Gas,RUNEX,NCAT,CO,0.2533058784558413
2017,July,Monterey (NCC),LDA,Gas,RUNEX,NCAT,NOx,0.021191161108399834
2017,July,Monterey (NCC),LDA,Gas,RUNEX,NCAT,SOx,2.4993632000973683e-05
2017,July,Monterey (NCC),LDA,Gas,RUNEX,NCAT,PM,0.0002628406035647197
2017,July,Monterey (NCC),LDA,Gas,RUNEX,NCAT,TOG,0.027662336440220474
2017,July,Monterey (NCC),LDA,Gas,RUNEX,NCAT,PM10,0.0002505558468959707
2017,July,Monterey (NCC),LDA,Gas,RUNEX,NCAT,PM2_5,0.00023814084171774544
2017,July,Monterey (NCC),LDA,Gas,STREX,CAT,CO,2.0821191958338203
2017,July,Monterey (NCC),LDA,Gas,STREX,CAT,NOx,0.24007956328976696
2017,July,Monterey (NCC),LDA,Gas,STREX,CAT,SOx,0.000472362545622243
2017,July,Monterey (NCC),LDA,Gas,STREX,CAT,PM,0.0019527956071919764
2017,July,Monterey (NCC),LDA,Gas,STREX,CAT,TOG,0.3998317469828745
2017,July,Monterey (NCC),LDA,Gas,STREX,CAT,PM10,0.0017463428536129886
2017,July,Monterey (NCC),LDA,Gas,STREX,CAT,PM2_5,0.0016059687379837314
2017,July,Monterey (NCC),LDA,Gas,STREX,NCAT,CO,0.02871972305482701
2017,July,Monterey (NCC),LDA,Gas,STREX,NCAT,NOx,0.0016644760272819395
2017,July,Monterey (NCC),LDA,Gas,STREX,NCAT,SOx,2.4618833128635146e-06
2017,July,Monterey (NCC),LDA,Gas,STREX,NCAT,PM,6.529393615262895e-05
2017,July,Monterey (NCC),LDA,Gas,STREX,NCAT,TOG,0.005218483074822752
2017,July,Monterey (NCC),LDA,Gas,STREX,NCAT,PM10,6.220389185931786e-05
2017,July,Monterey (NCC),LDA,Gas,STREX,NCAT,PM2_5,5.910379058003445e-05
2017,July,Monterey (NCC),LDA,Gas,HOTSOAK,CAT,TOG,0.13065120603063402
2017,July,Monterey (NCC),LDA,Gas,HOTSOAK,NCAT,TOG,0.0030463816090536364
2017,July,Monterey (NCC),LDA,Gas,RUNLOSS,CAT,TOG,0.22851805174162226
2017,July,Monterey (NCC),LDA,Gas,RUNLOSS,NCAT,TOG,0.015070512649286643
2017,July,Monterey (NCC),LDA,Gas,RESTLOSS,CAT,TOG,0.04657604081703296
2017,July,Monterey (NCC),LDA,Gas,RESTLOSS,NCAT,TOG,0.0012380875630313704
2017,July,Monterey (NCC),LDA,Gas,DIURN,CAT,TOG,0.06247908704960053
2017,July,Monterey (NCC),LDA,Gas,DIURN,NCAT,TOG,0.0017691410416743637
2017,July,Monterey (NCC),LDA,Gas,PMTW,CAT,PM,0.0492943679039715
2017,July,Monterey (NCC),LDA,Gas,PMTW,CAT,PM10,0.0492943679039715
2017,July,Monterey (NCC),LDA,Gas,PMTW,CAT,PM2_5,0.012323591975992875
2017,July,Monterey (NCC),LDA,Gas,PMTW,NCAT,PM,3.1510822089151034e-05
2017,July,Monterey (NCC),LDA,Gas,PMTW,NCAT,PM10,3.1510822089151034e-05
2017,July,Monterey (NCC),LDA,Gas,PMTW,NCAT,PM2_5,7.877705522287759e-06
2017,July,Monterey (NCC),LDA,Gas,PMBW,CAT,PM,0.23106734954986657
2017,July,Monterey (NCC),LDA,Gas,PMBW,CAT,PM10,0.22644600255886912
2017,July,Monterey (NCC),LDA,Gas,PMBW,CAT,PM2_5,0.09704828681094381
2017,July,Monterey (NCC),LDA,Gas,PMBW,NCAT,PM,0.00014770697854289542
2017,July,Monterey (NCC),LDA,Gas,PMBW,NCAT,PM10,0.00014475283897203773
2017,July,Monterey (NCC),LDA,Gas,PMBW,NCAT,PM2_5,6.203693098801605e-05
2017,July,Monterey (NCC),LDA,Dsl,RUNEX,DSL,CO,0.02801795213759622
2017,July,Monterey (NCC),LDA,Dsl,RUNEX,DSL,NOx,0.017993359903431483
2017,July,Monterey (NCC),LDA,Dsl,RUNEX,DSL,SOx,0.00013437027476610074
2017,July,Monterey (NCC),LDA,Dsl,RUNEX,DSL,PM,0.0017348941383049244
2017,July,Monterey (NCC),LDA,Dsl,RUNEX,DSL,TOG,0.003298912512472932
2017,July,Monterey (NCC),LDA,Dsl,RUNEX,DSL,PM10,0.001724484773475096
2017,July,Monterey (NCC),LDA,Dsl,RUNEX,DSL,PM2_5,0.001649884325527982
2017,July,Monterey (NCC),LDA,Dsl,PMTW,DSL,PM,0.00044718132404775066
2017,July,Monterey (NCC),LDA,Dsl,PMTW,DSL,PM10,0.00044718132404775066
2017,July,Monterey (NCC),LDA,Dsl,PMTW,DSL,PM2_5,0.00011179533101193766
2017,July,Monterey (NCC),LDA,Dsl,PMBW,DSL,PM,0.0020961624564738305
2017,July,Monterey (NCC),LDA,Dsl,PMBW,DSL,PM10,0.0020542392073443546
2017,July,Monterey (NCC),LDA,Dsl,PMBW,DSL,PM2_5,0.0008803882317190091
2017,July,Monterey (NCC),LDA,Elec,HOTSOAK,CAT,TOG,2.27866978767402e-05
2017,July,Monterey (NCC),LDA,Elec,RESTLOSS,CAT,TOG,2.62717438292101e-06
2017,July,Monterey (NCC),LDA,Elec,DIURN,CAT,TOG,1.1415089723551466e-05
2017,July,Monterey (NCC),LDA,Elec,PMTW,CAT,PM,0.000273640903930295
2017,July,Monterey (NCC),LDA,Elec,PMTW,CAT,PM10,0.000273640903930295
2017,July,Monterey (NCC),LDA,Elec,PMTW,CAT,PM2_5,6.841022598257375e-05
2017,July,Monterey (NCC),LDA,Elec,PMBW,CAT,PM,0.0012826917371732583
2017,July,Monterey (NCC),LDA,Elec,PMBW,CAT,PM10,0.0012570379024297923
2017,July,Monterey (NCC),LDA,Elec,PMBW,CAT,PM2_5,0.0005387305296127683
2017,July,Monterey (NCC),LDT1,Gas,RUNEX,CAT,CO,1.3255231930277336
2017,July,Monterey (NCC),LDT1,Gas,RUNEX,CAT,NOx,0.12162610151932324
2017,July,Monterey (NCC),LDT1,Gas,RUNEX,CAT,SOx,0.0020832184099029085
2017,July,Monterey (NCC),LDT1,Gas,RUNEX,CAT,PM,0.002129739203469516
2017,July,Monterey (NCC),LDT1,Gas,RUNEX,CAT,TOG,0.053907309259310664
2017,July,Monterey (NCC),LDT1,Gas,RUNEX,CAT,PM10,0.0019046212027126054
2017,July,Monterey (NCC),LDT1,Gas,RUNEX,CAT,PM2_5,0.0017515450835658489
2017,July,Monterey (NCC),LDT1,Gas,RUNEX,NCAT,CO,0.10056019682658199
2017,July,Monterey (NCC),LDT1,Gas,RUNEX,NCAT,NOx,0.008251793887843677
2017,July,Monterey (NCC),LDT1,Gas,RUNEX,NCAT,SOx,9.556205753423833e-06
2017,July,Monterey (NCC),LDT1,Gas,RUNEX,NCAT,PM,0.00010050739096175753
2017,July,Monterey (NCC),LDT1,Gas,RUNEX,NCAT,TOG,0.0110201423516187
2017,July,Monterey (NCC),LDT1,Gas,RUNEX,NCAT,PM10,9.595324790338897e-05
2017,July,Monterey (NCC),LDT1,Gas,RUNEX,NCAT,PM2_5,9.126581919802581e-05
2017,July,Monterey (NCC),LDT1,Gas,STREX,CAT,CO,0.21745755906277084
2017,July,Monterey (NCC),LDT1,Gas,STREX,CAT,NOx,0.029466441822674362
2017,July,Monterey (NCC),LDT1,Gas,STREX,CAT,SOx,5.264658910083906e-05
2017,July,Monterey (NCC),LDT1,Gas,STREX,CAT,PM,0.0002683587066125527
2017,July,Monterey (NCC),LDT1,Gas,STREX,CAT,TOG,0.0506917549701358
2017,July,Monterey (NCC),LDT1,Gas,STREX,CAT,PM10,0.0002400310630807588
2017,July,Monterey (NCC),LDT1,Gas,STREX,CAT,PM2_5,0.0002207587081798166
2017,July,Monterey (NCC),LDT1,Gas,STREX,NCAT,CO,0.008477826040251494
2017,July,Monterey (NCC),LDT1,Gas,STREX,NCAT,NOx,0.00046921546536280985
2017,July,Monterey (NCC),LDT1,Gas,STREX,NCAT,SOx,6.928203037474314e-07
2017,July,Monterey (NCC),LDT1,Gas,STREX,NCAT,PM,1.799995930136068e-05
2017,July,Monterey (NCC),LDT1,Gas,STREX,NCAT,TOG,0.0014934239914953424
2017,July,Monterey (NCC),LDT1,Gas,STREX,NCAT,PM10,1.7179581519470774e-05
2017,July,Monterey (NCC),LDT1,Gas,STREX,NCAT,PM2_5,1.6338111335049278e-05
2017,July,Monterey (NCC),LDT1,Gas,HOTSOAK,CAT,TOG,0.019028505456101245
2017,July,Monterey (NCC),LDT1,Gas,HOTSOAK,NCAT,TOG,0.0008239099189039585
2017,July,Monterey (NCC),LDT1,Gas,RUNLOSS,CAT,TOG,0.06831686192655019
2017,July,Monterey (NCC),LDT1,Gas,RUNLOSS,NCAT,TOG,0.0018606055027923884
2017,July,Monterey (NCC),LDT1,Gas,RESTLOSS,CAT,TOG,0.007212791282905768
2017,July,Monterey (NCC),LDT1,Gas,RESTLOSS,NCAT,TOG,0.0003218022799597213
2017,July,Monterey (NCC),LDT1,Gas,DIURN,CAT,TOG,0.010279356277733551
2017,July,Monterey (NCC),LDT1,Gas,DIURN,NCAT,TOG,0.00046418664921605467
2017,July,Monterey (NCC),LDT1,Gas,PMTW,CAT,PM,0.004561814418560354
2017,July,Monterey (NCC),LDT1,Gas,PMTW,CAT,PM10,0.004561814418560354
2017,July,Monterey (NCC),LDT1,Gas,PMTW,CAT,PM2_5,0.0011404536046400885
2017,July,Monterey (NCC),LDT1,Gas,PMTW,NCAT,PM,1.2048524991297192e-05
2017,July,Monterey (NCC),LDT1,Gas,PMTW,NCAT,PM10,1.2048524991297192e-05
2017,July,Monterey (NCC),LDT1,Gas,PMTW,NCAT,PM2_5,3.012131247824298e-06
2017,July,Monterey (NCC),LDT1,Gas,PMBW,CAT,PM,0.021383505087001667
2017,July,Monterey (NCC),LDT1,Gas,PMBW,CAT,PM10,0.02095583498526163
2017,July,Monterey (NCC),LDT1,Gas,PMBW,CAT,PM2_5,0.008981072136540699
2017,July,Monterey (NCC),LDT1,Gas,PMBW,NCAT,PM,5.647746089670553e-05
2017,July,Monterey (NCC),LDT1,Gas,PMBW,NCAT,PM10,5.534791167877144e-05
2017,July,Monterey (NCC),LDT1,Gas,PMBW,NCAT,PM2_5,2.372053357661631e-05
2017,July,Monterey (NCC),LDT2,Gas,RUNEX,CAT,CO,5.604225753778016
2017,July,Monterey (NCC),LDT2,Gas,RUNEX,CAT,NOx,0.6830748960698715
2017,July,Monterey (NCC),LDT2,Gas,RUNEX,CAT,SOx,0.010398456421606491
2017,July,Monterey (NCC),LDT2,Gas,RUNEX,CAT,PM,0.007069850648396829
2017,July,Monterey (NCC),LDT2,Gas,RUNEX,CAT,TOG,0.22887296812955116
2017,July,Monterey (NCC),LDT2,Gas,RUNEX,CAT,PM10,0.006321776527787038
2017,July,Monterey (NCC),LDT2,Gas,RUNEX,CAT,PM2_5,0.005813303122107945
2017,July,Monterey (NCC),LDT2,Gas,RUNEX,NCAT,CO,0.13800597603583598
2017,July,Monterey (NCC),LDT2,Gas,RUNEX,NCAT,NOx,0.01136507238729462
2017,July,Monterey (NCC),LDT2,Gas,RUNEX,NCAT,SOx,1.3407324170847012e-05
2017,July,Monterey (NCC),LDT2,Gas,RUNEX,NCAT,PM,0.00014087064483777123
2017,July,Monterey (NCC),LDT2,Gas,RUNEX,NCAT,TOG,0.014963475544157277
2017,July,Monterey (NCC),LDT2,Gas,RUNEX,NCAT,PM10,0.00013404664156883332
2017,July,Monterey (NCC),LDT2,Gas,RUNEX,NCAT,PM2_5,0.00012729249219048754
2017,July,Monterey (NCC),LDT2,Gas,STREX,CAT,CO,1.1626332477341694
2017,July,Monterey (NCC),LDT2,Gas,STREX,CAT,NOx,0.19429002620591426
2017,July,Monterey (NCC),LDT2,Gas,STREX,CAT,SOx,0.00026641137139916927
2017,July,Monterey (NCC),LDT2,Gas,STREX,CAT,PM,0.0009072855606916657
2017,July,Monterey (NCC),LDT2,Gas,STREX,CAT,TOG,0.2441125360951107
2017,July,Monterey (NCC),LDT2,Gas,STREX,CAT,PM10,0.0008113620035294824
2017,July,Monterey (NCC),LDT2,Gas,STREX,CAT,PM2_5,0.0007461413826162763
2017,July,Monterey (NCC),LDT2,Gas,STREX,NCAT,CO,0.012556517466028705
2017,July,Monterey (NCC),LDT2,Gas,STREX,NCAT,NOx,0.0006332182140673597
2017,July,Monterey (NCC),LDT2,Gas,STREX,NCAT,SOx,9.64682250736779e-07
2017,July,Monterey (NCC),LDT2,Gas,STREX,NCAT,PM,2.523035945284981e-05
2017,July,Monterey (NCC),LDT2,Gas,STREX,NCAT,TOG,0.0020696316131369324
2017,July,Monterey (NCC),LDT2,Gas,STREX,NCAT,PM10,2.3997663163054843e-05
2017,July,Monterey (NCC),LDT2,Gas,STREX,NCAT,PM2_5,2.2783587890536242e-05
2017,July,Monterey (NCC),LDT2,Gas,HOTSOAK,CAT,TOG,0.07022816161655497
2017,July,Monterey (NCC),LDT2,Gas,HOTSOAK,NCAT,TOG,0.0011081582977300712
2017,July,Monterey (NCC),LDT2,Gas,RUNLOSS,CAT,TOG,0.23583440599514507
2017,July,Monterey (NCC),LDT2,Gas,RUNLOSS,NCAT,TOG,0.0023038202821536718
2017,July,Monterey (NCC),LDT2,Gas,RESTLOSS,CAT,TOG,0.02700210626542572
2017,July,Monterey (NCC),LDT2,Gas,RESTLOSS,NCAT,TOG,0.00047709620940716667
2017,July,Monterey (NCC),LDT2,Gas,DIURN,CAT,TOG,0.03563754085547685
2017,July,Monterey (NCC),LDT2,Gas,DIURN,NCAT,TOG,0.0006670422517482814
2017,July,Monterey (NCC),LDT2,Gas,PMTW,CAT,PM,0.019738489047820603
2017,July,Monterey (NCC),LDT2,Gas,PMTW,CAT,PM10,0.019738489047820603
2017,July,Monterey (NCC),LDT2,Gas,PMTW,CAT,PM2_5,0.004934622261955151
2017,July,Monterey (NCC),LDT2,Gas,PMTW,NCAT,PM,1.6887923879832497e-05
2017,July,Monterey (NCC),LDT2,Gas,PMTW,NCAT,PM10,1.6887923879832497e-05
2017,July,Monterey (NCC),LDT2,Gas,PMTW,NCAT,PM2_5,4.221980969958124e-06
2017,July,Monterey (NCC),LDT2,Gas,PMBW,CAT,PM,0.09252416741165911
2017,July,Monterey (NCC),LDT2,Gas,PMBW,CAT,PM10,0.09067368406342599
2017,July,Monterey (NCC),LDT2,Gas,PMBW,CAT,PM2_5,0.03886015031289684
2017,July,Monterey (NCC),LDT2,Gas,PMBW,NCAT,PM,7.916214318671471e-05
2017,July,Monterey (NCC),LDT2,Gas,PMBW,NCAT,PM10,7.75789003229805e-05
2017,July,Monterey (NCC),LDT2,Gas,PMBW,NCAT,PM2_5,3.3248100138420184e-05
2017,July,Monterey (NCC),MDV,Gas,RUNEX,CAT,CO,4.082946601724487
2017,July,Monterey (NCC),MDV,Gas,RUNEX,CAT,NOx,0.5039231383987945
2017,July,Monterey (NCC),MDV,Gas,RUNEX,CAT,SOx,0.011180846617347912
2017,July,Monterey (NCC),MDV,Gas,RUNEX,CAT,PM,0.005303511759805484
2017,July,Monterey (NCC),MDV,Gas,RUNEX,CAT,TOG,0.1706768845784063
2017,July,Monterey (NCC),MDV,Gas,RUNEX,CAT,PM10,0.004742311159545266
2017,July,Monterey (NCC),MDV,Gas,RUNEX,CAT,PM2_5,0.004360864373970867
2017,July,Monterey (NCC),MDV,Gas,RUNEX,NCAT,CO,0.3526961971504173
2017,July,Monterey (NCC),MDV,Gas,RUNEX,NCAT,NOx,0.021410249984753764
2017,July,Monterey (NCC),MDV,Gas,RUNEX,NCAT,SOx,2.202931832248851e-05
2017,July,Monterey (NCC),MDV,Gas,RUNEX,NCAT,PM,0.0001744406337359035
2017,July,Monterey (NCC),MDV,Gas,RUNEX,NCAT,TOG,0.021911242782743885
2017,July,Monterey (NCC),MDV,Gas,RUNEX,NCAT,PM10,0.00016666580274103538
2017,July,Monterey (NCC),MDV,Gas,RUNEX,NCAT,PM2_5,0.00015858435372506337
2017,July,Monterey (NCC),MDV,Gas,STREX,CAT,CO,1.298452023668467
2017,July,Monterey (NCC),MDV,Gas,STREX,CAT,NOx,0.18516391491365133
2017,July,Monterey (NCC),MDV,Gas,STREX,CAT,SOx,0.00029271883394481633
2017,July,Monterey (NCC),MDV,Gas,STREX,CAT,PM,0.0007753232722174904
2017,July,Monterey (NCC),MDV,Gas,STREX,CAT,TOG,0.23753088527777033
2017,July,Monterey (NCC),MDV,Gas,STREX,CAT,PM10,0.0006933270765912202
2017,July,Monterey (NCC),MDV,Gas,STREX,CAT,PM2_5,0.0006375823979229945
2017,July,Monterey (NCC),MDV,Gas,STREX,NCAT,CO,0.028275249808354625
2017,July,Monterey (NCC),MDV,Gas,STREX,NCAT,NOx,0.0012313322374514206
2017,July,Monterey (NCC),MDV,Gas,STREX,NCAT,SOx,1.6202478792704313e-06
2017,July,Monterey (NCC),MDV,Gas,STREX,NCAT,PM,3.160196594064334e-05
2017,July,Monterey (NCC),MDV,Gas,STREX,NCAT,TOG,0.003327412653105794
2017,July,Monterey (NCC),MDV,Gas,STREX,NCAT,PM10,3.0181418040173165e-05
2017,July,Monterey (NCC),MDV,Gas,STREX,NCAT,PM2_5,2.8712334607352285e-05
2017,July,Monterey (NCC),MDV,Gas,HOTSOAK,CAT,TOG,0.054754747716540514
2017,July,Monterey (NCC),MDV,Gas,HOTSOAK,NCAT,TOG,0.0009002933261137756
2017,July,Monterey (NCC),MDV,Gas,RUNLOSS,CAT,TOG,0.16599317755813217
2017,July,Monterey (NCC),MDV,Gas,RUNLOSS,NCAT,TOG,0.002207395254245081
2017,July,Monterey (NCC),MDV,Gas,RESTLOSS,CAT,TOG,0.021663205347699176
2017,July,Monterey (NCC),MDV,Gas,RESTLOSS,NCAT,TOG,0.000643444077198992
2017,July,Monterey (NCC),MDV,Gas,DIURN,CAT,TOG,0.02590907789290883
2017,July,Monterey (NCC),MDV,Gas,DIURN,NCAT,TOG,0.0008648877012209586
2017,July,Monterey (NCC),MDV,Gas,PMTW,CAT,PM,0.018072723733402227
2017,July,Monterey (NCC),MDV,Gas,PMTW,CAT,PM10,0.018072723733402227
2017,July,Monterey (NCC),MDV,Gas,PMTW,CAT,PM2_5,0.004518180933350557
2017,July,Monterey (NCC),MDV,Gas,PMTW,NCAT,PM,2.101070945432246e-05
2017,July,Monterey (NCC),MDV,Gas,PMTW,NCAT,PM10,2.101070945432246e-05
2017,July,Monterey (NCC),MDV,Gas,PMTW,NCAT,PM2_5,5.252677363580615e-06
2017,July,Monterey (NCC),MDV,Gas,PMBW,CAT,PM,0.08471589250032295
2017,July,Monterey (NCC),MDV,Gas,PMBW,CAT,PM10,0.08302157465031652
2017,July,Monterey (NCC),MDV,Gas,PMBW,CAT,PM2_5,0.03558067485013561
2017,July,Monterey (NCC),MDV,Gas,PMBW,NCAT,PM,9.848770056713647e-05
2017,July,Monterey (NCC),MDV,Gas,PMBW,NCAT,PM10,9.651794655579376e-05
2017,July,Monterey (NCC),MDV,Gas,PMBW,NCAT,PM2_5,4.136483423819734e-05
2017,July,Monterey (NCC),LHD1,Gas,RUNEX,CAT,CO,0.4603640123093579
2017,July,Monterey (NCC),LHD1,Gas,RUNEX,CAT,NOx,0.09934498627574126
2017,July,Monterey (NCC),LHD1,Gas,RUNEX,CAT,SOx,0.0024594104837135015
2017,July,Monterey (NCC),LHD1,Gas,RUNEX,CAT,PM,0.0007361567952914429
2017,July,Monterey (NCC),LHD1,Gas,RUNEX,CAT,TOG,0.03610311269412615
2017,July,Monterey (NCC),LHD1,Gas,RUNEX,CAT,PM10,0.0006581241749905495
2017,July,Monterey (NCC),LHD1,Gas,RUNEX,CAT,PM2_5,0.0006051208857295673
2017,July,Monterey (NCC),LHD1,Gas,RUNEX,NCAT,CO,0.10703963291079052
2017,July,Monterey (NCC),LHD1,Gas,RUNEX,NCAT,NOx,0.002701756827058608
2017,July,Monterey (NCC),LHD1,Gas,RUNEX,NCAT,SOx,1.1565120948981907e-05
2017,July,Monterey (NCC),LHD1,Gas,RUNEX,NCAT,PM,5.225864403688539e-05
2017,July,Monterey (NCC),LHD1,Gas,RUNEX,NCAT,TOG,0.006294873719675781
2017,July,Monterey (NCC),LHD1,Gas,RUNEX,NCAT,PM10,5.022055691944685e-05
2017,July,Monterey (NCC),LHD1,Gas,RUNEX,NCAT,PM2_5,4.792117658182391e-05
2017,July,Monterey (NCC),LHD1,Gas,IDLEX,CAT,CO,0.025339186682540017
2017,July,Monterey (NCC),LHD1,Gas,IDLEX,CAT,NOx,0.0002841572477243665
2017,July,Monterey (NCC),LHD1,Gas,IDLEX,CAT,SOx,8.404268905705814e-06
2017,July,Monterey (NCC),LHD1,Gas,IDLEX,CAT,TOG,0.004740840412610099
2017,July,Monterey (NCC),LHD1,Gas,IDLEX,NCAT,CO,0.00020692879775356573
2017,July,Monterey (NCC),LHD1,Gas,IDLEX,NCAT,NOx,2.339995627877924e-06
2017,July,Monterey (NCC),LHD1,Gas,IDLEX,NCAT,SOx,7.62473598888968e-08
2017,July,Monterey (NCC),LHD1,Gas,IDLEX,NCAT,TOG,3.7193731675228354e-05
2017,July,Monterey (NCC),LHD1,Gas,STREX,CAT,CO,0.21447422976049257
2017,July,Monterey (NCC),LHD1,Gas,STREX,CAT,NOx,0.06187874912988885
2017,July,Monterey (NCC),LHD1,Gas,STREX,CAT,SOx,1.979408848958099e-05
2017,July,Monterey (NCC),LHD1,Gas,STREX,CAT,PM,6.1015897894586744e-05
2017,July,Monterey (NCC),LHD1,Gas,STREX,CAT,TOG,0.020135204351031933
2017,July,Monterey (NCC),LHD1,Gas,STREX,CAT,PM10,5.4548212717760615e-05
2017,July,Monterey (NCC),LHD1,Gas,STREX,CAT,PM2_5,5.015506806935029e-05
2017,July,Monterey (NCC),LHD1,Gas,STREX,NCAT,CO,8.731822906680756e-05
2017,July,Monterey (NCC),LHD1,Gas,STREX,NCAT,NOx,0.00036211063983081383
2017,July,Monterey (NCC),LHD1,Gas,STREX,NCAT,SOx,6.166872658112248e-07
2017,July,Monterey (NCC),LHD1,Gas,STREX,NCAT,PM,1.4114983392084443e-05
2017,July,Monterey (NCC),LHD1,Gas,STREX,NCAT,TOG,0.002024338695798737
2017,July,Monterey (NCC),LHD1,Gas,STREX,NCAT,PM10,1.3564499039793153e-05
2017,July,Monterey (NCC),LHD1,Gas,STREX,NCAT,PM2_5,1.2943439770541438e-05
2017,July,Monterey (NCC),LHD1,Gas,HOTSOAK,CAT,TOG,0.01428485816851238
2017,July,Monterey (NCC),LHD1,Gas,HOTSOAK,NCAT,TOG,0.0010587112725677192
2017,July,Monterey (NCC),LHD1,Gas,RUNLOSS,CAT,TOG,0.11373581371708014
2017,July,Monterey (NCC),LHD1,Gas,RUNLOSS,NCAT,TOG,0.0027924742732795523
2017,July,Monterey (NCC),LHD1,Gas,RESTLOSS,CAT,TOG,0.000190910222645059
2017,July,Monterey (NCC),LHD1,Gas,RESTLOSS,NCAT,TOG,9.535099932399821e-06
2017,July,Monterey (NCC),LHD1,Gas,DIURN,CAT,TOG,0.00039486200590204513
2017,July,Monterey (NCC),LHD1,Gas,DIURN,NCAT,TOG,1.988912288965156e-05
2017,July,Monterey (NCC),LHD1,Gas,PMTW,CAT,PM,0.0018876925809435611
2017,July,Monterey (NCC),LHD1,Gas,PMTW,CAT,PM10,0.0018876925809435611
2017,July,Monterey (NCC),LHD1,Gas,PMTW,CAT,PM2_5,0.0004719231452358903
2017,July,Monterey (NCC),LHD1,Gas,PMTW,NCAT,PM,7.4147738114143225e-06
2017,July,Monterey (NCC),LHD1,Gas,PMTW,NCAT,PM10,7.4147738114143225e-06
2017,July,Monterey (NCC),LHD1,Gas,PMTW,NCAT,PM2_5,1.8536934528535806e-06
2017,July,Monterey (NCC),LHD1,Gas,PMBW,CAT,PM,0.018405002664199706
2017,July,Monterey (NCC),LHD1,Gas,PMBW,CAT,PM10,0.018036902610915725
2017,July,Monterey (NCC),LHD1,Gas,PMBW,CAT,PM2_5,0.00773010111896388
2017,July,Monterey (NCC),LHD1,Gas,PMBW,NCAT,PM,7.229404466128965e-05
2017,July,Monterey (NCC),LHD1,Gas,PMBW,NCAT,PM10,7.084816376806379e-05
2017,July,Monterey (NCC),LHD1,Gas,PMBW,NCAT,PM2_5,3.0363498757741654e-05
2017,July,Monterey (NCC),LHD2,Gas,RUNEX,CAT,CO,0.061627790531855665
2017,July,Monterey (NCC),LHD2,Gas,RUNEX,CAT,NOx,0.014765943680652462
2017,July,Monterey (NCC),LHD2,Gas,RUNEX,CAT,SOx,0.00040445106858649706
2017,July,Monterey (NCC),LHD2,Gas,RUNEX,CAT,PM,0.00010214233209413278
2017,July,Monterey (NCC),LHD2,Gas,RUNEX,CAT,TOG,0.004696674473156825
2017,July,Monterey (NCC),LHD2,Gas,RUNEX,CAT,PM10,9.131524489215463e-05
2017,July,Monterey (NCC),LHD2,Gas,RUNEX,CAT,PM2_5,8.396099698137714e-05
2017,July,Monterey (NCC),LHD2,Gas,RUNEX,NCAT,CO,0.0020040612758166756
2017,July,Monterey (NCC),LHD2,Gas,RUNEX,NCAT,NOx,5.319604166153303e-05
2017,July,Monterey (NCC),LHD2,Gas,RUNEX,NCAT,SOx,2.418777611950606e-07
2017,July,Monterey (NCC),LHD2,Gas,RUNEX,NCAT,PM,9.728441224620196e-07
2017,July,Monterey (NCC),LHD2,Gas,RUNEX,NCAT,TOG,0.00012169798755535566
2017,July,Monterey (NCC),LHD2,Gas,RUNEX,NCAT,PM10,9.349032016860008e-07
2017,July,Monterey (NCC),LHD2,Gas,RUNEX,NCAT,PM2_5,8.920980602976719e-07
2017,July,Monterey (NCC),LHD2,Gas,IDLEX,CAT,CO,0.0036096109716344947
2017,July,Monterey (NCC),LHD2,Gas,IDLEX,CAT,NOx,4.054366592176341e-05
2017,July,Monterey (NCC),LHD2,Gas,IDLEX,CAT,SOx,1.3818995012783349e-06
2017,July,Monterey (NCC),LHD2,Gas,IDLEX,CAT,TOG,0.0006763161553954586
2017,July,Monterey (NCC),LHD2,Gas,IDLEX,NCAT,CO,3.7194302042657344e-06
2017,July,Monterey (NCC),LHD2,Gas,IDLEX,NCAT,NOx,4.2060121697241824e-08
2017,July,Monterey (NCC),LHD2,Gas,IDLEX,NCAT,SOx,1.5815639950877171e-09
2017,July,Monterey (NCC),LHD2,Gas,IDLEX,NCAT,TOG,6.685366681874307e-07
2017,July,Monterey (NCC),LHD2,Gas,STREX,CAT,CO,0.03165500751821737
2017,July,Monterey (NCC),LHD2,Gas,STREX,CAT,NOx,0.008538399908448435
2017,July,Monterey (NCC),LHD2,Gas,STREX,CAT,SOx,3.224358824728457e-06
2017,July,Monterey (NCC),LHD2,Gas,STREX,CAT,PM,8.042152386361281e-06
2017,July,Monterey (NCC),LHD2,Gas,STREX,CAT,TOG,0.002771016157267355
2017,July,Monterey (NCC),LHD2,Gas,STREX,CAT,PM10,7.189684233406967e-06
2017,July,Monterey (NCC),LHD2,Gas,STREX,CAT,PM2_5,6.610649261588953e-06
2017,July,Monterey (NCC),LHD2,Gas,STREX,NCAT,CO,1.7326550670128668e-06
2017,July,Monterey (NCC),LHD2,Gas,STREX,NCAT,NOx,6.321789965804411e-06
2017,July,Monterey (NCC),LHD2,Gas,STREX,NCAT,SOx,1.2726770465674485e-08
2017,July,Monterey (NCC),LHD2,Gas,STREX,NCAT,PM,2.5370898652661514e-07
2017,July,Monterey (NCC),LHD2,Gas,STREX,NCAT,TOG,3.679868517753882e-05
2017,July,Monterey (NCC),LHD2,Gas,STREX,NCAT,PM10,2.438143360520772e-07
2017,July,Monterey (NCC),LHD2,Gas,STREX,NCAT,PM2_5,2.3265114064490613e-07
2017,July,Monterey (NCC),LHD2,Gas,HOTSOAK,CAT,TOG,0.0019897873891842827
2017,July,Monterey (NCC),LHD2,Gas,HOTSOAK,NCAT,TOG,1.912773984505547e-05
2017,July,Monterey (NCC),LHD2,Gas,RUNLOSS,CAT,TOG,0.016892778222603804
2017,July,Monterey (NCC),LHD2,Gas,RUNLOSS,NCAT,TOG,7.688759083991971e-05
2017,July,Monterey (NCC),LHD2,Gas,RESTLOSS,CAT,TOG,2.5598275381203963e-05
2017,July,Monterey (NCC),LHD2,Gas,RESTLOSS,NCAT,TOG,1.3242889190745578e-07
2017,July,Monterey (NCC),LHD2,Gas,DIURN,CAT,TOG,5.469679961607429e-05
2017,July,Monterey (NCC),LHD2,Gas,DIURN,NCAT,TOG,3.1103696648508615e-07
2017,July,Monterey (NCC),LHD2,Gas,PMTW,CAT,PM,0.00027084517853281036
2017,July,Monterey (NCC),LHD2,Gas,PMTW,CAT,PM10,0.00027084517853281036
2017,July,Monterey (NCC),LHD2,Gas,PMTW,CAT,PM2_5,6.771129463320259e-05
2017,July,Monterey (NCC),LHD2,Gas,PMTW,NCAT,PM,1.3803303271183856e-07
2017,July,Monterey (NCC),LHD2,Gas,PMTW,NCAT,PM10,1.3803303271183856e-07
2017,July,Monterey (NCC),LHD2,Gas,PMTW,NCAT,PM2_5,3.450825817795964e-08
2017,July,Monterey (NCC),LHD2,Gas,PMBW,CAT,PM,0.003080863905810718
2017,July,Monterey (NCC),LHD2,Gas,PMBW,CAT,PM10,0.003019246627694504
2017,July,Monterey (NCC),LHD2,Gas,PMBW,CAT,PM2_5,0.0012939628404405018
2017,July,Monterey (NCC),LHD2,Gas,PMBW,NCAT,PM,1.570125747097164e-06
2017,July,Monterey (NCC),LHD2,Gas,PMBW,NCAT,PM10,1.5387232321552205e-06
2017,July,Monterey (NCC),LHD2,Gas,PMBW,NCAT,PM2_5,6.594528137808089e-07
2017,July,Monterey (NCC),T6TS,Gas,RUNEX,CAT,CO,0.2571511499495944
2017,July,Monterey (NCC),T6TS,Gas,RUNEX,CAT,NOx,0.05767627543077631
2017,July,Monterey (NCC),T6TS,Gas,RUNEX,CAT,SOx,0.0006301692782240058
2017,July,Monterey (NCC),T6TS,Gas,RUNEX,CAT,PM,9.322625579819394e-05
2017,July,Monterey (NCC),T6TS,Gas,RUNEX,CAT,TOG,0.015978918218391213
2017,July,Monterey (NCC),T6TS,Gas,RUNEX,CAT,PM10,8.334427268358533e-05
2017,July,Monterey (NCC),T6TS,Gas,RUNEX,CAT,PM2_5,7.663198226611539e-05
2017,July,Monterey (NCC),T6TS,Gas,RUNEX,NCAT,CO,0.043808154003417386
2017,July,Monterey (NCC),T6TS,Gas,RUNEX,NCAT,NOx,0.0012126716817915384
2017,July,Monterey (NCC),T6TS,Gas,RUNEX,NCAT,SOx,6.20361867356618e-06
2017,July,Monterey (NCC),T6TS,Gas,RUNEX,NCAT,PM,1.2165007915271172e-05
2017,July,Monterey (NCC),T6TS,Gas,RUNEX,NCAT,TOG,0.00205513768566789
2017,July,Monterey (NCC),T6TS,Gas,RUNEX,NCAT,PM10,1.1690572606575596e-05
2017,July,Monterey (NCC),T6TS,Gas,RUNEX,NCAT,PM2_5,1.1155312258303662e-05
2017,July,Monterey (NCC),T6TS,Gas,IDLEX,CAT,CO,0.005177454854205508
2017,July,Monterey (NCC),T6TS,Gas,IDLEX,CAT,NOx,4.585033915109391e-05
2017,July,Monterey (NCC),T6TS,Gas,IDLEX,CAT,SOx,2.988516575695989e-06
2017,July,Monterey (NCC),T6TS,Gas,IDLEX,CAT,TOG,0.0006754915081765781
2017,July,Monterey (NCC),T6TS,Gas,IDLEX,NCAT,CO,0.0001711894725758374
2017,July,Monterey (NCC),T6TS,Gas,IDLEX,NCAT,NOx,1.5207950667218252e-06
2017,July,Monterey (NCC),T6TS,Gas,IDLEX,NCAT,SOx,1.07531414149588e-07
2017,July,Monterey (NCC),T6TS,Gas,IDLEX,NCAT,TOG,2.1533844747687398e-05
2017,July,Monterey (NCC),T6TS,Gas,STREX,CAT,CO,0.07528345813505083
2017,July,Monterey (NCC),T6TS,Gas,STREX,CAT,NOx,0.004624887987709975
2017,July,Monterey (NCC),T6TS,Gas,STREX,CAT,SOx,4.558821256615252e-06
2017,July,Monterey (NCC),T6TS,Gas,STREX,CAT,PM,1.038740479971068e-05
2017,July,Monterey (NCC),T6TS,Gas,STREX,CAT,TOG,0.003513864159337253
2017,July,Monterey (NCC),T6TS,Gas,STREX,CAT,PM10,9.286339890941334e-06
2017,July,Monterey (NCC),T6TS,Gas,STREX,CAT,PM2_5,8.53844674536217e-06
2017,July,Monterey (NCC),T6TS,Gas,STREX,NCAT,CO,5.324068743042289e-05
2017,July,Monterey (NCC),T6TS,Gas,STREX,NCAT,NOx,0.0002215348541815056
2017,July,Monterey (NCC),T6TS,Gas,STREX,NCAT,SOx,5.075664572103697e-07
2017,July,Monterey (NCC),T6TS,Gas,STREX,NCAT,PM,5.6220361054377455e-06
2017,July,Monterey (NCC),T6TS,Gas,STREX,NCAT,TOG,0.0012015537058894662
2017,July,Monterey (NCC),T6TS,Gas,STREX,NCAT,PM10,5.4027766973256704e-06
2017,July,Monterey (NCC),T6TS,Gas,STREX,NCAT,PM2_5,5.1554071086864115e-06
2017,July,Monterey (NCC),T6TS,Gas,HOTSOAK,CAT,TOG,0.0015424450788954045
2017,July,Monterey (NCC),T6TS,Gas,HOTSOAK,NCAT,TOG,0.0004525071504683801
2017,July,Monterey (NCC),T6TS,Gas,RUNLOSS,CAT,TOG,0.010188697352416523
2017,July,Monterey (NCC),T6TS,Gas,RUNLOSS,NCAT,TOG,0.0009590891739115254
2017,July,Monterey (NCC),T6TS,Gas,RESTLOSS,CAT,TOG,1.8454340992572493e-05
2017,July,Monterey (NCC),T6TS,Gas,RESTLOSS,NCAT,TOG,3.152342213289659e-06
2017,July,Monterey (NCC),T6TS,Gas,DIURN,CAT,TOG,3.9695669546893465e-05
2017,July,Monterey (NCC),T6TS,Gas,DIURN,NCAT,TOG,6.120999926386079e-06
2017,July,Monterey (NCC),T6TS,Gas,PMTW,CAT,PM,0.0004085248443831317
2017,July,Monterey (NCC),T6TS,Gas,PMTW,CAT,PM10,0.0004085248443831317
2017,July,Monterey (NCC),T6TS,Gas,PMTW,CAT,PM2_5,0.00010213121109578292
2017,July,Monterey (NCC),T6TS,Gas,PMTW,NCAT,PM,3.503850147076051e-06
2017,July,Monterey (NCC),T6TS,Gas,PMTW,NCAT,PM10,3.503850147076051e-06
2017,July,Monterey (NCC),T6TS,Gas,PMTW,NCAT,PM2_5,8.759625367690127e-07
2017,July,Monterey (NCC),T6TS,Gas,PMBW,CAT,PM,0.004527817025246371
2017,July,Monterey (NCC),T6TS,Gas,PMBW,CAT,PM10,0.004437260684741444
2017,July,Monterey (NCC),T6TS,Gas,PMBW,CAT,PM2_5,0.0019016831506034754
2017,July,Monterey (NCC),T6TS,Gas,PMBW,NCAT,PM,3.883433913009289e-05
2017,July,Monterey (NCC),T6TS,Gas,PMBW,NCAT,PM10,3.8057652347491027e-05
2017,July,Monterey (NCC),T6TS,Gas,PMBW,NCAT,PM2_5,1.6310422434639015e-05
2017,July,Monterey (NCC),T7IS,Gas,RUNEX,CAT,CO,0.006367366239594129
2017,July,Monterey (NCC),T7IS,Gas,RUNEX,CAT,NOx,0.0005268909594930594
2017,July,Monterey (NCC),T7IS,Gas,RUNEX,CAT,SOx,1.003523089809022e-06
2017,July,Monterey (NCC),T7IS,Gas,RUNEX,CAT,PM,3.1860148241783514e-07
2017,July,Monterey (NCC),T7IS,Gas,RUNEX,CAT,TOG,0.00019112183199130134
2017,July,Monterey (NCC),T7IS,Gas,RUNEX,CAT,PM10,2.848297252815446e-07
2017,July,Monterey (NCC),T7IS,Gas,RUNEX,CAT,PM2_5,2.6189041854746053e-07
2017,July,Monterey (NCC),T7IS,Gas,RUNEX,NCAT,CO,0.007705629999941096
2017,July,Monterey (NCC),T7IS,Gas,RUNEX,NCAT,NOx,0.00035506456457463134
2017,July,Monterey (NCC),T7IS,Gas,RUNEX,NCAT,SOx,5.948713064682102e-07
2017,July,Monterey (NCC),T7IS,Gas,RUNEX,NCAT,PM,7.662287976824764e-07
2017,July,Monterey (NCC),T7IS,Gas,RUNEX,NCAT,TOG,0.00028930627402927705
2017,July,Monterey (NCC),T7IS,Gas,RUNEX,NCAT,PM10,7.363458745728599e-07
2017,July,Monterey (NCC),T7IS,Gas,RUNEX,NCAT,PM2_5,7.026318074748308e-07
2017,July,Monterey (NCC),T7IS,Gas,STREX,CAT,CO,1.3660510327546026e-05
2017,July,Monterey (NCC),T7IS,Gas,STREX,CAT,NOx,1.693377905601858e-07
2017,July,Monterey (NCC),T7IS,Gas,STREX,CAT,SOx,7.233889034951279e-09
2017,July,Monterey (NCC),T7IS,Gas,STREX,CAT,PM,5.229159070132944e-08
2017,July,Monterey (NCC),T7IS,Gas,STREX,CAT,TOG,4.331971124095795e-08
2017,July,Monterey (NCC),T7IS,Gas,STREX,CAT,PM10,4.674868208698851e-08
2017,July,Monterey (NCC),T7IS,Gas,STREX,CAT,PM2_5,4.2983687556492784e-08
2017,July,Monterey (NCC),T7IS,Gas,STREX,NCAT,CO,0.0
2017,July,Monterey (NCC),T7IS,Gas,STREX,NCAT,NOx,0.0
2017,July,Monterey (NCC),T7IS,Gas,STREX,NCAT,SOx,2.7521437883888654e-08
2017,July,Monterey (NCC),T7IS,Gas,STREX,NCAT,PM,2.583106482339258e-07
2017,July,Monterey (NCC),T7IS,Gas,STREX,NCAT,TOG,0.0
2017,July,Monterey (NCC),T7IS,Gas,STREX,NCAT,PM10,2.482365329528026e-07
2017,July,Monterey (NCC),T7IS,Gas,STREX,NCAT,PM2_5,2.3687086443050988e-07
2017,July,Monterey (NCC),T7IS,Gas,HOTSOAK,CAT,TOG,5.708544540311819e-06
2017,July,Monterey (NCC),T7IS,Gas,HOTSOAK,NCAT,TOG,2.0939646232314017e-05
2017,July,Monterey (NCC),T7IS,Gas,RUNLOSS,CAT,TOG,3.168330878603402e-05
2017,July,Monterey (NCC),T7IS,Gas,RUNLOSS,NCAT,TOG,9.513988405724765e-05
2017,July,Monterey (NCC),T7IS,Gas,RESTLOSS,CAT,TOG,6.86781911946128e-08
2017,July,Monterey (NCC),T7IS,Gas,RESTLOSS,NCAT,TOG,1.0037105361465244e-07
2017,July,Monterey (NCC),T7IS,Gas,DIURN,CAT,TOG,1.204534430041674e-07
2017,July,Monterey (NCC),T7IS,Gas,DIURN,NCAT,TOG,2.3574242440259968e-07
2017,July,Monterey (NCC),T7IS,Gas,PMTW,CAT,PM,8.860946073813682e-07
2017,July,Monterey (NCC),T7IS,Gas,PMTW,CAT,PM10,8.860946073813682e-07
2017,July,Monterey (NCC),T7IS,Gas,PMTW,CAT,PM2_5,2.2152365184534205e-07
2017,July,Monterey (NCC),T7IS,Gas,PMTW,NCAT,PM,4.208550782981968e-07
2017,July,Monterey (NCC),T7IS,Gas,PMTW,NCAT,PM10,4.208550782981968e-07
2017,July,Monterey (NCC),T7IS,Gas,PMTW,NCAT,PM2_5,1.052137695745492e-07
2017,July,Monterey (NCC),T7IS,Gas,PMBW,CAT,PM,2.7911980132513095e-06
2017,July,Monterey (NCC),T7IS,Gas,PMBW,CAT,PM10,2.735374052986282e-06
2017,July,Monterey (NCC),T7IS,Gas,PMBW,CAT,PM2_5,1.17230316556555e-06
2017,July,Monterey (NCC),T7IS,Gas,PMBW,NCAT,PM,1.3256934966393203e-06
2017,July,Monterey (NCC),T7IS,Gas,PMBW,NCAT,PM10,1.2991796267065339e-06
2017,July,Monterey (NCC),T7IS,Gas,PMBW,NCAT,PM2_5,5.567912685885145e-07
2017,July,Monterey (NCC),LDT1,Dsl,RUNEX,DSL,CO,0.0006069821709772869
2017,July,Monterey (NCC),LDT1,Dsl,RUNEX,DSL,NOx,0.0005460933817501264
2017,July,Monterey (NCC),LDT1,Dsl,RUNEX,DSL,SOx,1.5773070243783378e-06
2017,July,Monterey (NCC),LDT1,Dsl,RUNEX,DSL,PM,0.00010418418598600069
2017,July,Monterey (NCC),LDT1,Dsl,RUNEX,DSL,TOG,0.00013293741501566226
2017,July,Monterey (NCC),LDT1,Dsl,RUNEX,DSL,PM10,0.00010355908087008467
2017,July,Monterey (NCC),LDT1,Dsl,RUNEX,DSL,PM2_5,9.907916087268665e-05
2017,July,Monterey (NCC),LDT1,Dsl,PMTW,DSL,PM,2.966157522679433e-06
2017,July,Monterey (NCC),LDT1,Dsl,PMTW,DSL,PM10,2.966157522679433e-06
2017,July,Monterey (NCC),LDT1,Dsl,PMTW,DSL,PM2_5,7.415393806698583e-07
2017,July,Monterey (NCC),LDT1,Dsl,PMBW,DSL,PM,1.3903863387559828e-05
2017,July,Monterey (NCC),LDT1,Dsl,PMBW,DSL,PM10,1.3625786119808647e-05
2017,July,Monterey (NCC),LDT1,Dsl,PMBW,DSL,PM2_5,5.839622622775128e-06
2017,July,Monterey (NCC),LDT2,Dsl,RUNEX,DSL,CO,0.002407297479474717
2017,July,Monterey (NCC),LDT2,Dsl,RUNEX,DSL,NOx,0.0010745172416519798
2017,July,Monterey (NCC),LDT2,Dsl,RUNEX,DSL,SOx,3.2475714782095596e-05
2017,July,Monterey (NCC),LDT2,Dsl,RUNEX,DSL,PM,0.00014871999617703066
2017,July,Monterey (NCC),LDT2,Dsl,RUNEX,DSL,TOG,0.0004031175405846187
2017,July,Monterey (NCC),LDT2,Dsl,RUNEX,DSL,PM10,0.00014782767619996848
2017,July,Monterey (NCC),LDT2,Dsl,RUNEX,DSL,PM2_5,0.00014143271636435627
2017,July,Monterey (NCC),LDT2,Dsl,PMTW,DSL,PM,8.094766508315319e-05
2017,July,Monterey (NCC),LDT2,Dsl,PMTW,DSL,PM10,8.094766508315319e-05
2017,July,Monterey (NCC),LDT2,Dsl,PMTW,DSL,PM2_5,2.0236916270788298e-05
2017,July,Monterey (NCC),LDT2,Dsl,PMBW,DSL,PM,0.0003794421800772805
2017,July,Monterey (NCC),LDT2,Dsl,PMBW,DSL,PM10,0.00037185333647573476
2017,July,Monterey (NCC),LDT2,Dsl,PMBW,DSL,PM2_5,0.0001593657156324578
2017,July,Monterey (NCC),MDV,Dsl,RUNEX,DSL,CO,0.014600456778735805
2017,July,Monterey (NCC),MDV,Dsl,RUNEX,DSL,NOx,0.0035865443117271225
2017,July,Monterey (NCC),MDV,Dsl,RUNEX,DSL,SOx,0.00018076364003800577
2017,July,Monterey (NCC),MDV,Dsl,RUNEX,DSL,PM,0.00036193154138365493
2017,July,Monterey (NCC),MDV,Dsl,RUNEX,DSL,TOG,0.001108645960236198
2017,July,Monterey (NCC),MDV,Dsl,RUNEX,DSL,PM10,0.00035975995213535344
2017,July,Monterey (NCC),MDV,Dsl,RUNEX,DSL,PM2_5,0.0003441968958558559
2017,July,Monterey (NCC),MDV,Dsl,PMTW,DSL,PM,0.0003471325580742533
2017,July,Monterey (NCC),MDV,Dsl,PMTW,DSL,PM10,0.0003471325580742533
2017,July,Monterey (NCC),MDV,Dsl,PMTW,DSL,PM2_5,8.678313951856333e-05
2017,July,Monterey (NCC),MDV,Dsl,PMBW,DSL,PM,0.0016271838659730614
2017,July,Monterey (NCC),MDV,Dsl,PMBW,DSL,PM10,0.0015946401886536006
2017,July,Monterey (NCC),MDV,Dsl,PMBW,DSL,PM2_5,0.0006834172237086863
2017,July,Monterey (NCC),LHD1,Dsl,RUNEX,DSL,CO,0.20289875465650833
2017,July,Monterey (NCC),LHD1,Dsl,RUNEX,DSL,NOx,0.7736143196035956
2017,July,Monterey (NCC),LHD1,Dsl,RUNEX,DSL,SOx,0.001246767797687608
2017,July,Monterey (NCC),LHD1,Dsl,RUNEX,DSL,PM,0.008656909905625327
2017,July,Monterey (NCC),LHD1,Dsl,RUNEX,DSL,TOG,0.05141741160757627
2017,July,Monterey (NCC),LHD1,Dsl,RUNEX,DSL,PM10,0.008604968446191576
2017,July,Monterey (NCC),LHD1,Dsl,RUNEX,DSL,PM2_5,0.008232721320249674
2017,July,Monterey (NCC),LHD1,Dsl,IDLEX,DSL,CO,0.005291602331278354
2017,July,Monterey (NCC),LHD1,Dsl,IDLEX,DSL,NOx,0.014865661509759884
2017,July,Monterey (NCC),LHD1,Dsl,IDLEX,DSL,SOx,7.798393513565008e-06
2017,July,Monterey (NCC),LHD1,Dsl,IDLEX,DSL,PM,0.0001743024322044946
2017,July,Monterey (NCC),LHD1,Dsl,IDLEX,DSL,TOG,0.0007268053064548908
2017,July,Monterey (NCC),LHD1,Dsl,IDLEX,DSL,PM10,0.00017325661761126757
2017,July,Monterey (NCC),LHD1,Dsl,IDLEX,DSL,PM2_5,0.00016576161302647423
2017,July,Monterey (NCC),LHD1,Dsl,PMTW,DSL,PM,0.0026828646021441345
2017,July,Monterey (NCC),LHD1,Dsl,PMTW,DSL,PM10,0.0026828646021441345
2017,July,Monterey (NCC),LHD1,Dsl,PMTW,DSL,PM2_5,0.0006707161505360336
2017,July,Monterey (NCC),LHD1,Dsl,PMBW,DSL,PM,0.01743861991393688
2017,July,Monterey (NCC),LHD1,Dsl,PMBW,DSL,PM10,0.017089847515658133
2017,July,Monterey (NCC),LHD1,Dsl,PMBW,DSL,PM2_5,0.007324220363853489
2017,July,Monterey (NCC),LHD2,Dsl,RUNEX,DSL,CO,0.06141021199815349
2017,July,Monterey (NCC),LHD2,Dsl,RUNEX,DSL,NOx,0.2105740449441826
2017,July,Monterey (NCC),LHD2,Dsl,RUNEX,DSL,SOx,0.00048286097328832493
2017,July,Monterey (NCC),LHD2,Dsl,RUNEX,DSL,PM,0.0024880788061015092
2017,July,Monterey (NCC),LHD2,Dsl,RUNEX,DSL,TOG,0.015961217748682616
2017,July,Monterey (NCC),LHD2,Dsl,RUNEX,DSL,PM10,0.002473150333264901
2017,July,Monterey (NCC),LHD2,Dsl,RUNEX,DSL,PM2_5,0.002366162944602538
2017,July,Monterey (NCC),LHD2,Dsl,IDLEX,DSL,CO,0.0017573132899729846
2017,July,Monterey (NCC),LHD2,Dsl,IDLEX,DSL,NOx,0.0049393538322379405
2017,July,Monterey (NCC),LHD2,Dsl,IDLEX,DSL,SOx,4.136799020386733e-06
2017,July,Monterey (NCC),LHD2,Dsl,IDLEX,DSL,PM,5.495644897379184e-05
2017,July,Monterey (NCC),LHD2,Dsl,IDLEX,DSL,TOG,0.00024136821784707195
2017,July,Monterey (NCC),LHD2,Dsl,IDLEX,DSL,PM10,5.462671027994908e-05
2017,July,Monterey (NCC),LHD2,Dsl,IDLEX,DSL,PM2_5,5.226358297407607e-05
2017,July,Monterey (NCC),LHD2,Dsl,PMTW,DSL,PM,0.0009273443050431249
2017,July,Monterey (NCC),LHD2,Dsl,PMTW,DSL,PM10,0.0009273443050431249
2017,July,Monterey (NCC),LHD2,Dsl,PMTW,DSL,PM2_5,0.0002318360762607812
2017,July,Monterey (NCC),LHD2,Dsl,PMBW,DSL,PM,0.007032360979910363
2017,July,Monterey (NCC),LHD2,Dsl,PMBW,DSL,PM10,0.006891713760312153
2017,July,Monterey (NCC),LHD2,Dsl,PMBW,DSL,PM2_5,0.0029535916115623548
2017,July,Monterey (NCC),LDT1,Elec,HOTSOAK,CAT,TOG,2.465063069779906e-07
2017,July,Monterey (NCC),LDT1,Elec,RESTLOSS,CAT,TOG,2.9100701555950403e-08
2017,July,Monterey (NCC),LDT1,Elec,DIURN,CAT,TOG,1.2644273689595255e-07
2017,July,Monterey (NCC),LDT1,Elec,PMTW,CAT,PM,2.8125392156770853e-06
2017,July,Monterey (NCC),LDT1,Elec,PMTW,CAT,PM10,2.8125392156770853e-06
2017,July,Monterey (NCC),LDT1,Elec,PMTW,CAT,PM2_5,7.031348039192713e-07
2017,July,Monterey (NCC),LDT1,Elec,PMBW,CAT,PM,1.3183777573486331e-05
2017,July,Monterey (NCC),LDT1,Elec,PMBW,CAT,PM10,1.2920102022016613e-05
2017,July,Monterey (NCC),LDT1,Elec,PMBW,CAT,PM2_5,5.537186580864261e-06
2017,July,Monterey (NCC),LDT2,Elec,HOTSOAK,CAT,TOG,2.0671502930558435e-06
2017,July,Monterey (NCC),LDT2,Elec,RESTLOSS,CAT,TOG,2.3482717616162264e-07
2017,July,Monterey (NCC),LDT2,Elec,DIURN,CAT,TOG,1.0203256026091305e-06
2017,July,Monterey (NCC),LDT2,Elec,PMTW,CAT,PM,2.4269077830057118e-05
2017,July,Monterey (NCC),LDT2,Elec,PMTW,CAT,PM10,2.4269077830057118e-05
2017,July,Monterey (NCC),LDT2,Elec,PMTW,CAT,PM2_5,6.067269457514279e-06
2017,July,Monterey (NCC),LDT2,Elec,PMBW,CAT,PM,0.00011376130232839269
2017,July,Monterey (NCC),LDT2,Elec,PMBW,CAT,PM10,0.00011148607628182483
2017,July,Monterey (NCC),LDT2,Elec,PMBW,CAT,PM2_5,4.777974697792494e-05
2017,July,Monterey (NCC),MDV,Elec,HOTSOAK,CAT,TOG,2.5353636483944774e-07
2017,July,Monterey (NCC),MDV,Elec,RESTLOSS,CAT,TOG,3.014534211282707e-08
2017,July,Monterey (NCC),MDV,Elec,DIURN,CAT,TOG,1.3098170688710694e-07
2017,July,Monterey (NCC),MDV,Elec,PMTW,CAT,PM,2.7458591657768896e-06
2017,July,Monterey (NCC),MDV,Elec,PMTW,CAT,PM10,2.7458591657768896e-06
2017,July,Monterey (NCC),MDV,Elec,PMTW,CAT,PM2_5,6.864647914442224e-07
2017,July,Monterey (NCC),MDV,Elec,PMBW,CAT,PM,1.287121483957917e-05
2017,July,Monterey (NCC),MDV,Elec,PMBW,CAT,PM10,1.2613790542787587e-05
2017,July,Monterey (NCC),MDV,Elec,PMBW,CAT,PM2_5,5.40591023262325e-06
2017,July,Monterey (NCC),SBUS,Gas,RUNEX,CAT,CO,0.006581814938942634
2017,July,Monterey (NCC),SBUS,Gas,RUNEX,CAT,NOx,0.001572432546222519
2017,July,Monterey (NCC),SBUS,Gas,RUNEX,CAT,SOx,2.4161346771804706e-05
2017,July,Monterey (NCC),SBUS,Gas,RUNEX,CAT,PM,7.187084965854962e-06
2017,July,Monterey (NCC),SBUS,Gas,RUNEX,CAT,TOG,0.00042985593390819273
2017,July,Monterey (NCC),SBUS,Gas,RUNEX,CAT,PM10,6.425253959474336e-06
2017,July,Monterey (NCC),SBUS,Gas,RUNEX,CAT,PM2_5,5.907783841932775e-06
2017,July,Monterey (NCC),SBUS,Gas,IDLEX,CAT,CO,0.0025996098528240827
2017,July,Monterey (NCC),SBUS,Gas,IDLEX,CAT,NOx,2.929716970858637e-05
2017,July,Monterey (NCC),SBUS,Gas,IDLEX,CAT,SOx,8.497064712186768e-07
2017,July,Monterey (NCC),SBUS,Gas,IDLEX,CAT,TOG,0.0004883861359042772
2017,July,Monterey (NCC),SBUS,Gas,STREX,CAT,CO,0.0011912952587767344
2017,July,Monterey (NCC),SBUS,Gas,STREX,CAT,NOx,7.684648414931302e-05
2017,July,Monterey (NCC),SBUS,Gas,STREX,CAT,SOx,6.502695939733225e-08
2017,July,Monterey (NCC),SBUS,Gas,STREX,CAT,PM,1.1235272809955585e-07
2017,July,Monterey (NCC),SBUS,Gas,STREX,CAT,TOG,5.2319515279712384e-05
2017,July,Monterey (NCC),SBUS,Gas,STREX,CAT,PM10,1.0044333892100292e-07
2017,July,Monterey (NCC),SBUS,Gas,STREX,CAT,PM2_5,9.235394249783488e-08
2017,July,Monterey (NCC),SBUS,Gas,HOTSOAK,CAT,TOG,1.7872353652008273e-05
2017,July,Monterey (NCC),SBUS,Gas,RUNLOSS,CAT,TOG,0.00022128029905454718
2017,July,Monterey (NCC),SBUS,Gas,RESTLOSS,CAT,TOG,6.946961984489961e-07
2017,July,Monterey (NCC),SBUS,Gas,DIURN,CAT,TOG,1.98244916727455e-06
2017,July,Monterey (NCC),SBUS,Gas,PMTW,CAT,PM,2.1704475690543505e-05
2017,July,Monterey (NCC),SBUS,Gas,PMTW,CAT,PM10,2.1704475690543505e-05
2017,July,Monterey (NCC),SBUS,Gas,PMTW,CAT,PM2_5,5.426118922635876e-06
2017,July,Monterey (NCC),SBUS,Gas,PMBW,CAT,PM,0.002061925163471039
2017,July,Monterey (NCC),SBUS,Gas,PMBW,CAT,PM10,0.002020686660201618
2017,July,Monterey (NCC),SBUS,Gas,PMBW,CAT,PM2_5,0.0008660085686578366
2017,July,Monterey (NCC),OBUS,Gas,RUNEX,CAT,CO,0.11321325953452642
2017,July,Monterey (NCC),OBUS,Gas,RUNEX,CAT,NOx,0.031673718383832816
2017,July,Monterey (NCC),OBUS,Gas,RUNEX,CAT,SOx,0.00030099344903733775
2017,July,Monterey (NCC),OBUS,Gas,RUNEX,CAT,PM,3.384505444039718e-05
2017,July,Monterey (NCC),OBUS,Gas,RUNEX,CAT,TOG,0.0069390769375624935
2017,July,Monterey (NCC),OBUS,Gas,RUNEX,CAT,PM10,3.0257478669715073e-05
2017,July,Monterey (NCC),OBUS,Gas,RUNEX,CAT,PM2_5,2.7820634750006467e-05
2017,July,Monterey (NCC),OBUS,Gas,RUNEX,NCAT,CO,0.002554847211398601
2017,July,Monterey (NCC),OBUS,Gas,RUNEX,NCAT,NOx,7.574216286481756e-05
2017,July,Monterey (NCC),OBUS,Gas,RUNEX,NCAT,SOx,3.589785643465395e-07
2017,July,Monterey (NCC),OBUS,Gas,RUNEX,NCAT,PM,7.027983830243196e-07
2017,July,Monterey (NCC),OBUS,Gas,RUNEX,NCAT,TOG,0.00012572176543311546
2017,July,Monterey (NCC),OBUS,Gas,RUNEX,NCAT,PM10,6.75389246086371e-07
2017,July,Monterey (NCC),OBUS,Gas,RUNEX,NCAT,PM2_5,6.44466117233301e-07
2017,July,Monterey (NCC),OBUS,Gas,IDLEX,CAT,CO,0.0013073544873821
2017,July,Monterey (NCC),OBUS,Gas,IDLEX,CAT,NOx,1.4734380582342562e-05
2017,July,Monterey (NCC),OBUS,Gas,IDLEX,CAT,SOx,8.954130163247425e-07
2017,July,Monterey (NCC),OBUS,Gas,IDLEX,CAT,TOG,0.0002450427592829543
2017,July,Monterey (NCC),OBUS,Gas,IDLEX,NCAT,CO,5.383091182206685e-06
2017,July,Monterey (NCC),OBUS,Gas,IDLEX,NCAT,NOx,6.087316008008265e-08
2017,July,Monterey (NCC),OBUS,Gas,IDLEX,NCAT,SOx,4.068359601901671e-09
2017,July,Monterey (NCC),OBUS,Gas,IDLEX,NCAT,TOG,9.67565902802589e-07
2017,July,Monterey (NCC),OBUS,Gas,STREX,CAT,CO,0.02591728425975007
2017,July,Monterey (NCC),OBUS,Gas,STREX,CAT,NOx,0.0018248370901037352
2017,July,Monterey (NCC),OBUS,Gas,STREX,CAT,SOx,1.4284557234229028e-06
2017,July,Monterey (NCC),OBUS,Gas,STREX,CAT,PM,2.6717675767987945e-06
2017,July,Monterey (NCC),OBUS,Gas,STREX,CAT,TOG,0.001284961809878581
2017,July,Monterey (NCC),OBUS,Gas,STREX,CAT,PM10,2.388560213658125e-06
2017,July,Monterey (NCC),OBUS,Gas,STREX,CAT,PM2_5,2.196192948128612e-06
2017,July,Monterey (NCC),OBUS,Gas,STREX,NCAT,CO,2.8473984831261835e-06
2017,July,Monterey (NCC),OBUS,Gas,STREX,NCAT,NOx,1.170969814867586e-05
2017,July,Monterey (NCC),OBUS,Gas,STREX,NCAT,SOx,2.67010519210137e-08
2017,July,Monterey (NCC),OBUS,Gas,STREX,NCAT,PM,3.1783274923573965e-07
2017,July,Monterey (NCC),OBUS,Gas,STREX,NCAT,TOG,6.635842388066865e-05
2017,July,Monterey (NCC),OBUS,Gas,STREX,NCAT,PM10,3.0543727201554577e-07
2017,July,Monterey (NCC),OBUS,Gas,STREX,NCAT,PM2_5,2.914526310491733e-07
2017,July,Monterey (NCC),OBUS,Gas,HOTSOAK,CAT,TOG,0.00021217498534437093
2017,July,Monterey (NCC),OBUS,Gas,HOTSOAK,NCAT,TOG,8.990918797537329e-06
2017,July,Monterey (NCC),OBUS,Gas,RUNLOSS,CAT,TOG,0.002564030817971878
2017,July,Monterey (NCC),OBUS,Gas,RUNLOSS,NCAT,TOG,7.879423628654746e-05
2017,July,Monterey (NCC),OBUS,Gas,RESTLOSS,CAT,TOG,6.514038766454253e-06
2017,July,Monterey (NCC),OBUS,Gas,RESTLOSS,NCAT,TOG,1.367629512814238e-07
2017,July,Monterey (NCC),OBUS,Gas,DIURN,CAT,TOG,1.6689897909765528e-05
2017,July,Monterey (NCC),OBUS,Gas,DIURN,NCAT,TOG,3.870822702016e-07
2017,July,Monterey (NCC),OBUS,Gas,PMTW,CAT,PM,0.00019348579303233326
2017,July,Monterey (NCC),OBUS,Gas,PMTW,CAT,PM10,0.00019348579303233326
2017,July,Monterey (NCC),OBUS,Gas,PMTW,CAT,PM2_5,4.8371448258083316e-05
2017,July,Monterey (NCC),OBUS,Gas,PMTW,NCAT,PM,2.0242487591260075e-07
2017,July,Monterey (NCC),OBUS,Gas,PMTW,NCAT,PM10,2.0242487591260075e-07
2017,July,Monterey (NCC),OBUS,Gas,PMTW,NCAT,PM2_5,5.0606218978150187e-08
2017,July,Monterey (NCC),OBUS,Gas,PMBW,CAT,PM,0.002144467539441693
2017,July,Monterey (NCC),OBUS,Gas,PMBW,CAT,PM10,0.0021015781886528613
2017,July,Monterey (NCC),OBUS,Gas,PMBW,CAT,PM2_5,0.0009006763665655119
2017,July,Monterey (NCC),OBUS,Gas,PMBW,NCAT,PM,2.243542374697991e-06
2017,July,Monterey (NCC),OBUS,Gas,PMBW,NCAT,PM10,2.1986715272040324e-06
2017,July,Monterey (NCC),OBUS,Gas,PMBW,NCAT,PM2_5,9.422877973731564e-07
2017,July,Monterey (NCC),MCY,Gas,RUNEX,CAT,CO,0.6385696659126376
2017,July,Monterey (NCC),MCY,Gas,RUNEX,CAT,NOx,0.04897000720086576
2017,July,Monterey (NCC),MCY,Gas,RUNEX,CAT,SOx,0.00011129525832892982
2017,July,Monterey (NCC),MCY,Gas,RUNEX,CAT,PM,8.534496228364689e-05
2017,July,Monterey (NCC),MCY,Gas,RUNEX,CAT,TOG,0.13312870718715605
2017,July,Monterey (NCC),MCY,Gas,RUNEX,CAT,PM10,7.865820038151923e-05
2017,July,Monterey (NCC),MCY,Gas,RUNEX,CAT,PM2_5,7.349954988513087e-05
2017,July,Monterey (NCC),MCY,Gas,RUNEX,NCAT,CO,1.8198131243976985
2017,July,Monterey (NCC),MCY,Gas,RUNEX,NCAT,NOx,0.06650547114899645
2017,July,Monterey (NCC),MCY,Gas,RUNEX,NCAT,SOx,0.0001235140866382717
2017,July,Monterey (NCC),MCY,Gas,RUNEX,NCAT,PM,0.00014466501489399187
2017,July,Monterey (NCC),MCY,Gas,RUNEX,NCAT,TOG,0.22787324673808843
2017,July,Monterey (NCC),MCY,Gas,RUNEX,NCAT,PM10,0.00013666327521318693
2017,July,Monterey (NCC),MCY,Gas,RUNEX,NCAT,PM2_5,0.00012931182776981714
2017,July,Monterey (NCC),MCY,Gas,STREX,CAT,CO,0.035899920515168667
2017,July,Monterey (NCC),MCY,Gas,STREX,CAT,NOx,0.0014808136315590484
2017,July,Monterey (NCC),MCY,Gas,STREX,CAT,SOx,3.2962571782635966e-06
2017,July,Monterey (NCC),MCY,Gas,STREX,CAT,PM,1.1402559150301442e-05
2017,July,Monterey (NCC),MCY,Gas,STREX,CAT,TOG,0.010162790668614292
2017,July,Monterey (NCC),MCY,Gas,STREX,CAT,PM10,1.0565482361637374e-05
2017,July,Monterey (NCC),MCY,Gas,STREX,CAT,PM2_5,9.899791318867931e-06
2017,July,Monterey (NCC),MCY,Gas,STREX,NCAT,CO,0.10634456025105131
2017,July,Monterey (NCC),MCY,Gas,STREX,NCAT,NOx,0.0029234147459846873
2017,July,Monterey (NCC),MCY,Gas,STREX,NCAT,SOx,7.053486938039488e-06
2017,July,Monterey (NCC),MCY,Gas,STREX,NCAT,PM,5.8917092902246204e-05
2017,July,Monterey (NCC),MCY,Gas,STREX,NCAT,TOG,0.026278781058305865
2017,July,Monterey (NCC),MCY,Gas,STREX,NCAT,PM10,5.624773179779075e-05
2017,July,Monterey (NCC),MCY,Gas,STREX,NCAT,PM2_5,5.350008649403962e-05
2017,July,Monterey (NCC),MCY,Gas,HOTSOAK,CAT,TOG,0.0015019761400326217
2017,July,Monterey (NCC),MCY,Gas,HOTSOAK,NCAT,TOG,0.009542901634234156
2017,July,Monterey (NCC),MCY,Gas,RUNLOSS,CAT,TOG,0.004955656045279775
2017,July,Monterey (NCC),MCY,Gas,RUNLOSS,NCAT,TOG,0.03732890976625692
2017,July,Monterey (NCC),MCY,Gas,RESTLOSS,CAT,TOG,0.001313228090690233
2017,July,Monterey (NCC),MCY,Gas,RESTLOSS,NCAT,TOG,0.005871281941901826
2017,July,Monterey (NCC),MCY,Gas,DIURN,CAT,TOG,0.002717433168634887
2017,July,Monterey (NCC),MCY,Gas,DIURN,NCAT,TOG,0.010379300672066638
2017,July,Monterey (NCC),MCY,Gas,PMTW,CAT,PM,0.00019809392394275508
2017,July,Monterey (NCC),MCY,Gas,PMTW,CAT,PM10,0.00019809392394275508
2017,July,Monterey (NCC),MCY,Gas,PMTW,CAT,PM2_5,4.952348098568877e-05
2017,July,Monterey (NCC),MCY,Gas,PMTW,NCAT,PM,0.00021773497203617348
2017,July,Monterey (NCC),MCY,Gas,PMTW,NCAT,PM10,0.00021773497203617348
2017,July,Monterey (NCC),MCY,Gas,PMTW,NCAT,PM2_5,5.443374300904337e-05
2017,July,Monterey (NCC),MCY,Gas,PMBW,CAT,PM,0.0005942817718282653
2017,July,Monterey (NCC),MCY,Gas,PMBW,CAT,PM10,0.0005823961363916998
2017,July,Monterey (NCC),MCY,Gas,PMBW,CAT,PM2_5,0.00024959834416787136
2017,July,Monterey (NCC),MCY,Gas,PMBW,NCAT,PM,0.0006532049161085205
2017,July,Monterey (NCC),MCY,Gas,PMBW,NCAT,PM10,0.0006401408177863504
2017,July,Monterey (NCC),MCY,Gas,PMBW,NCAT,PM2_5,0.00027434606476557844
2017,July,Monterey (NCC),MH,Gas,RUNEX,CAT,CO,0.047594472928563114
2017,July,Monterey (NCC),MH,Gas,RUNEX,CAT,NOx,0.008578918646212694
2017,July,Monterey (NCC),MH,Gas,RUNEX,CAT,SOx,0.000178131481673483
2017,July,Monterey (NCC),MH,Gas,RUNEX,CAT,PM,3.0418892486776187e-05
2017,July,Monterey (NCC),MH,Gas,RUNEX,CAT,TOG,0.0024154334161271282
2017,July,Monterey (NCC),MH,Gas,RUNEX,CAT,PM10,2.7194489883177885e-05
2017,July,Monterey (NCC),MH,Gas,RUNEX,CAT,PM2_5,2.5004329624130047e-05
2017,July,Monterey (NCC),MH,Gas,RUNEX,NCAT,CO,0.009760063475651996
2017,July,Monterey (NCC),MH,Gas,RUNEX,NCAT,NOx,0.00026409877943378465
2017,July,Monterey (NCC),MH,Gas,RUNEX,NCAT,SOx,1.3897042441730693e-06
2017,July,Monterey (NCC),MH,Gas,RUNEX,NCAT,PM,2.727104847048219e-06
2017,July,Monterey (NCC),MH,Gas,RUNEX,NCAT,TOG,0.0004591082435756565
2017,July,Monterey (NCC),MH,Gas,RUNEX,NCAT,PM10,2.6207477580133374e-06
2017,July,Monterey (NCC),MH,Gas,RUNEX,NCAT,PM2_5,2.500755144743218e-06
2017,July,Monterey (NCC),MH,Gas,STREX,CAT,CO,0.00046035688792219295
2017,July,Monterey (NCC),MH,Gas,STREX,CAT,NOx,3.688518483423672e-05
2017,July,Monterey (NCC),MH,Gas,STREX,CAT,SOx,3.2675023904825374e-08
2017,July,Monterey (NCC),MH,Gas,STREX,CAT,PM,7.152592591425573e-08
2017,July,Monterey (NCC),MH,Gas,STREX,CAT,TOG,2.271259440240322e-05
2017,July,Monterey (NCC),MH,Gas,STREX,CAT,PM10,6.394417776734467e-08
2017,July,Monterey (NCC),MH,Gas,STREX,CAT,PM2_5,5.8794311101518176e-08
2017,July,Monterey (NCC),MH,Gas,STREX,NCAT,CO,1.89733423914895e-07
2017,July,Monterey (NCC),MH,Gas,STREX,NCAT,NOx,7.76468651408599e-07
2017,July,Monterey (NCC),MH,Gas,STREX,NCAT,SOx,1.7402095408922143e-09
2017,July,Monterey (NCC),MH,Gas,STREX,NCAT,PM,2.074857607206551e-08
2017,July,Monterey (NCC),MH,Gas,STREX,NCAT,TOG,4.234727662601125e-06
2017,July,Monterey (NCC),MH,Gas,STREX,NCAT,PM10,1.9939381605254956e-08
2017,July,Monterey (NCC),MH,Gas,STREX,NCAT,PM2_5,1.9026444258084077e-08
2017,July,Monterey (NCC),MH,Gas,HOTSOAK,CAT,TOG,1.3187239077237497e-05
2017,July,Monterey (NCC),MH,Gas,HOTSOAK,NCAT,TOG,5.778664559183764e-07
2017,July,Monterey (NCC),MH,Gas,RUNLOSS,CAT,TOG,0.0004056490785474604
2017,July,Monterey (NCC),MH,Gas,RUNLOSS,NCAT,TOG,4.64638625371576e-06
2017,July,Monterey (NCC),MH,Gas,RESTLOSS,CAT,TOG,6.335331472493753e-05
2017,July,Monterey (NCC),MH,Gas,RESTLOSS,NCAT,TOG,2.1837660180097374e-06
2017,July,Monterey (NCC),MH,Gas,DIURN,CAT,TOG,0.00018301749063278334
2017,July,Monterey (NCC),MH,Gas,DIURN,NCAT,TOG,5.7101352442412444e-06
2017,July,Monterey (NCC),MH,Gas,PMTW,CAT,PM,0.00011510142876941889
2017,July,Monterey (NCC),MH,Gas,PMTW,CAT,PM10,0.00011510142876941889
2017,July,Monterey (NCC),MH,Gas,PMTW,CAT,PM2_5,2.8775357192354723e-05
2017,July,Monterey (NCC),MH,Gas,PMTW,NCAT,PM,7.854796960244077e-07
2017,July,Monterey (NCC),MH,Gas,PMTW,NCAT,PM10,7.854796960244077e-07
2017,July,Monterey (NCC),MH,Gas,PMTW,NCAT,PM2_5,1.963699240061019e-07
2017,July,Monterey (NCC),MH,Gas,PMBW,CAT,PM,0.0012757075021943918
2017,July,Monterey (NCC),MH,Gas,PMBW,CAT,PM10,0.0012501933521505064
2017,July,Monterey (NCC),MH,Gas,PMBW,CAT,PM2_5,0.0005357971509216453
2017,July,Monterey (NCC),MH,Gas,PMBW,NCAT,PM,8.705733297603853e-06
2017,July,Monterey (NCC),MH,Gas,PMBW,NCAT,PM10,8.531618631651777e-06
2017,July,Monterey (NCC),MH,Gas,PMBW,NCAT,PM2_5,3.656407984993618e-06
2017,July,Monterey (NCC),MH,Dsl,RUNEX,DSL,CO,0.0017857619100056146
2017,July,Monterey (NCC),MH,Dsl,RUNEX,DSL,NOx,0.018657940976023045
2017,July,Monterey (NCC),MH,Dsl,RUNEX,DSL,SOx,3.467003780220406e-05
2017,July,Monterey (NCC),MH,Dsl,RUNEX,DSL,PM,0.0005321343203288099
2017,July,Monterey (NCC),MH,Dsl,RUNEX,DSL,TOG,0.0005434309535122319
2017,July,Monterey (NCC),MH,Dsl,RUNEX,DSL,PM10,0.0005289415144068386
2017,July,Monterey (NCC),MH,Dsl,RUNEX,DSL,PM2_5,0.000506059738632699
2017,July,Monterey (NCC),MH,Dsl,PMTW,DSL,PM,5.466472085164708e-05
2017,July,Monterey (NCC),MH,Dsl,PMTW,DSL,PM10,5.466472085164708e-05
2017,July,Monterey (NCC),MH,Dsl,PMTW,DSL,PM2_5,1.366618021291177e-05
2017,July,Monterey (NCC),MH,Dsl,PMBW,DSL,PM,0.00045440049207931635
2017,July,Monterey (NCC),MH,Dsl,PMBW,DSL,PM10,0.0004453124822377297
2017,July,Monterey (NCC),MH,Dsl,PMBW,DSL,PM2_5,0.00019084820667331296
2017,July,Monterey (NCC),UBUS,Gas,RUNEX,CAT,CO,0.001190207633236107
2017,July,Monterey (NCC),UBUS,Gas,RUNEX,CAT,NOx,0.0008108079170125126
2017,July,Monterey (NCC),UBUS,Gas,RUNEX,CAT,SOx,8.670348449610388e-05
2017,July,Monterey (NCC),UBUS,Gas,RUNEX,CAT,PM,6.708655397235318e-06
2017,July,Monterey (NCC),UBUS,Gas,RUNEX,CAT,TOG,0.00012647427599305085
2017,July,Monterey (NCC),UBUS,Gas,RUNEX,CAT,PM10,5.997537925128374e-06
2017,July,Monterey (NCC),UBUS,Gas,RUNEX,CAT,PM2_5,5.514514736527435e-06
2017,July,Monterey (NCC),UBUS,Gas,STREX,CAT,CO,0.0011333522737780274
2017,July,Monterey (NCC),UBUS,Gas,STREX,CAT,NOx,0.00011522325593235116
2017,July,Monterey (NCC),UBUS,Gas,STREX,CAT,SOx,1.3098839111346366e-07
2017,July,Monterey (NCC),UBUS,Gas,STREX,CAT,PM,8.581329348638141e-08
2017,July,Monterey (NCC),UBUS,Gas,STREX,CAT,TOG,6.420150378665468e-05
2017,July,Monterey (NCC),UBUS,Gas,STREX,CAT,PM10,7.671708437682501e-08
2017,July,Monterey (NCC),UBUS,Gas,STREX,CAT,PM2_5,7.053852724580562e-08
2017,July,Monterey (NCC),UBUS,Gas,HOTSOAK,CAT,TOG,2.9838598644037938e-06
2017,July,Monterey (NCC),UBUS,Gas,RUNLOSS,CAT,TOG,1.4463733741307137e-05
2017,July,Monterey (NCC),UBUS,Gas,RESTLOSS,CAT,TOG,1.6607703530117337e-07
2017,July,Monterey (NCC),UBUS,Gas,DIURN,CAT,TOG,2.8736059081316706e-07
2017,July,Monterey (NCC),UBUS,Gas,PMTW,CAT,PM,4.9812952913598076e-05
2017,July,Monterey (NCC),UBUS,Gas,PMTW,CAT,PM10,4.9812952913598076e-05
2017,July,Monterey (NCC),UBUS,Gas,PMTW,CAT,PM2_5,1.2453238228399519e-05
2017,July,Monterey (NCC),UBUS,Gas,PMBW,CAT,PM,0.000557046237050379
2017,July,Monterey (NCC),UBUS,Gas,PMBW,CAT,PM10,0.0005459053123093716
2017,July,Monterey (NCC),UBUS,Gas,PMBW,CAT,PM2_5,0.00023395941956115933
2017,July,Monterey (NCC),UBUS,Dsl,RUNEX,DSL,CO,0.00837114467076568
2017,July,Monterey (NCC),UBUS,Dsl,RUNEX,DSL,NOx,0.07991859976212015
2017,July,Monterey (NCC),UBUS,Dsl,RUNEX,DSL,SOx,0.00026638276587970396
2017,July,Monterey (NCC),UBUS,Dsl,RUNEX,DSL,PM,0.00013962393687047471
2017,July,Monterey (NCC),UBUS,Dsl,RUNEX,DSL,TOG,0.002102928614992067
2017,July,Monterey (NCC),UBUS,Dsl,RUNEX,DSL,PM10,0.0001387861932492518
2017,July,Monterey (NCC),UBUS,Dsl,RUNEX,DSL,PM2_5,0.00013278236396382145
2017,July,Monterey (NCC),UBUS,Dsl,PMTW,DSL,PM,0.00048347845205147077
2017,July,Monterey (NCC),UBUS,Dsl,PMTW,DSL,PM10,0.00048347845205147077
2017,July,Monterey (NCC),UBUS,Dsl,PMTW,DSL,PM2_5,0.00012086961301286769
2017,July,Monterey (NCC),UBUS,Dsl,PMBW,DSL,PM,0.0013950245059331167
2017,July,Monterey (NCC),UBUS,Dsl,PMBW,DSL,PM10,0.0013671240158144539
2017,July,Monterey (NCC),UBUS,Dsl,PMBW,DSL,PM2_5,0.0005859102924919082
2017,July,Monterey (NCC),UBUS,Elec,PMTW,CAT,PM,3.543627031218004e-07
2017,July,Monterey (NCC),UBUS,Elec,PMTW,CAT,PM10,3.543627031218004e-07
2017,July,Monterey (NCC),UBUS,Elec,PMTW,CAT,PM2_5,8.85906757804501e-08
2017,July,Monterey (NCC),UBUS,Elec,PMBW,CAT,PM,3.927519959599955e-06
2017,July,Monterey (NCC),UBUS,Elec,PMBW,CAT,PM10,3.848969560407956e-06
2017,July,Monterey (NCC),UBUS,Elec,PMBW,CAT,PM2_5,1.649558383031981e-06
2017,July,Monterey (NCC),UBUS,NG,RUNEX,DSL,CO,0.21564945590928503
2017,July,Monterey (NCC),UBUS,NG,RUNEX,DSL,NOx,0.0021179612461617024
2017,July,Monterey (NCC),UBUS,NG,RUNEX,DSL,PM,1.4502302644285605e-05
2017,July,Monterey (NCC),UBUS,NG,RUNEX,DSL,TOG,0.02832745838678748
2017,July,Monterey (NCC),UBUS,NG,RUNEX,DSL,PM10,1.4415288828419894e-05
2017,July,Monterey (NCC),UBUS,NG,RUNEX,DSL,PM2_5,1.3791689814715613e-05
2017,July,Monterey (NCC),UBUS,NG,PMTW,DSL,PM,0.00014687352624731084
2017,July,Monterey (NCC),UBUS,NG,PMTW,DSL,PM10,0.00014687352624731084
2017,July,Monterey (NCC),UBUS,NG,PMTW,DSL,PM2_5,3.671838156182771e-05
2017,July,Monterey (NCC),UBUS,NG,PMBW,DSL,PM,0.00030026332990399355
2017,July,Monterey (NCC),UBUS,NG,PMBW,DSL,PM10,0.0002942580633059136
2017,July,Monterey (NCC),UBUS,NG,PMBW,DSL,PM2_5,0.00012611059855967727
2017,July,Monterey (NCC),SBUS,Dsl,RUNEX,DSL,CO,0.005803089015878924
2017,July,Monterey (NCC),SBUS,Dsl,RUNEX,DSL,NOx,0.1601501120258696
2017,July,Monterey (NCC),SBUS,Dsl,RUNEX,DSL,PM,0.0010835832063616072
2017,July,Monterey (NCC),SBUS,Dsl,RUNEX,DSL,PM10,0.0010770817071234372
2017,July,Monterey (NCC),SBUS,Dsl,RUNEX,DSL,PM2_5,0.0010304876292498884
2017,July,Monterey (NCC),SBUS,Dsl,IDLEX,DSL,CO,0.0018105579992840144
2017,July,Monterey (NCC),SBUS,Dsl,IDLEX,DSL,NOx,0.031288848406769085
2017,July,Monterey (NCC),SBUS,Dsl,IDLEX,DSL,PM,4.2345445369626095e-05
2017,July,Monterey (NCC),SBUS,Dsl,IDLEX,DSL,PM10,4.20913726974083e-05
2017,July,Monterey (NCC),SBUS,Dsl,IDLEX,DSL,PM2_5,4.0270518546514375e-05
2017,July,Monterey (NCC),SBUS,Dsl,STREX,DSL,NOx,0.0018014248318756318
2017,July,Monterey (NCC),SBUS,Dsl,PMTW,DSL,PM,0.0002068149003877949
2017,July,Monterey (NCC),SBUS,Dsl,PMTW,DSL,PM10,0.0002068149003877949
2017,July,Monterey (NCC),SBUS,Dsl,PMTW,DSL,PM2_5,5.170372509694873e-05
2017,July,Monterey (NCC),SBUS,Dsl,PMBW,DSL,PM,0.013098277024560376
2017,July,Monterey (NCC),SBUS,Dsl,PMBW,DSL,PM10,0.012836311484069163
2017,July,Monterey (NCC),SBUS,Dsl,PMBW,DSL,PM2_5,0.005501276350315344
2017,July,Monterey (NCC),SBUS,Dsl,RUNEX,DSL,SOx,0.00019577601327800073
2017,July,Monterey (NCC),SBUS,Dsl,IDLEX,DSL,SOx,2.0532651008219293e-05
2017,July,Monterey (NCC),SBUS,Dsl,RUNEX,DSL,TOG,0.0026709515950781126
2017,July,Monterey (NCC),SBUS,Dsl,IDLEX,DSL,TOG,0.00019589347663960443
2017,     ,Monterey (NCC),LDA,Dsl,RUNEX,DSL,NH3,0.000173127
2017,     ,Monterey (NCC),LDA,Gas,RUNEX,CAT,NH3,0.187491857
2017,     ,Monterey (NCC),LDT1,Dsl,RUNEX,DSL,NH3,1.14835e-06
2017,     ,Monterey (NCC),LDT1,Gas,RUNEX,CAT,NH3,0.020211081
2017,     ,Monterey (NCC),LDT2,Dsl,RUNEX,DSL,NH3,3.13391e-05
2017,     ,Monterey (NCC),LDT2,Gas,RUNEX,CAT,NH3,0.082141212
2017,     ,Monterey (NCC),LHD1,Dsl,RUNEX,DSL,NH3,0.023653874
2017,     ,Monterey (NCC),LHD1,Gas,RUNEX,CAT,NH3,0.010553575
2017,     ,Monterey (NCC),LHD2,Dsl,RUNEX,DSL,NH3,0.009794555
2017,     ,Monterey (NCC),LHD2,Gas,RUNEX,CAT,NH3,0.001520644
2017,     ,Monterey (NCC),MCY,Gas,RUNEX,CAT,NH3,0.001648022
2017,     ,Monterey (NCC),MDV,Dsl,RUNEX,DSL,NH3,0.000134393
2017,     ,Monterey (NCC),MDV,Gas,RUNEX,CAT,NH3,0.071740345
2017,     ,Monterey (NCC),MH,Dsl,RUNEX,DSL,NH3,9.22902e-05
2017,     ,Monterey (NCC),MH,Gas,RUNEX,CAT,NH3,0.00042163
2017,     ,Monterey (NCC),OBUS,Gas,RUNEX,CAT,NH3,0.00072391
2017,     ,Monterey (NCC),SBUS,Gas,RUNEX,CAT,NH3,0.000122146
2017,     ,Monterey (NCC),T6TS,Gas,RUNEX,CAT,NH3,0.001513991
2017,     ,Monterey (NCC),T7IS,Gas,RUNEX,CAT,NH3,1.48699e-06
2017,     ,Monterey (NCC),UBUS,Dsl,RUNEX,DSL,NH3,0.001653269
2017,     ,Monterey (NCC),UBUS,Gas,RUNEX,CAT,NH3,0.000216338
2017,     ,Monterey (NCC),UBUS,NG,RUNEX,DSL,NH3,0.000116998
