calendar_year,season_month,sub_area,vehicle_class,fuel,process,cat_ncat,pollutant,emission
2017,July,Placer (LT),LDA,Gas,RUNEX,CAT,CO,0.6322793731360148
2017,July,Placer (LT),LDA,Gas,RUNEX,CAT,NOx,0.04670040997251153
2017,July,Placer (LT),LDA,Gas,RUNEX,CAT,SOx,0.0009551436294126814
2017,July,Placer (LT),LDA,Gas,RUNEX,CAT,PM,0.0007237874808172257
2017,July,Placer (LT),LDA,Gas,RUNEX,CAT,TOG,0.0198426492102372
2017,July,Placer (LT),LDA,Gas,RUNEX,CAT,PM10,0.0006474006528328272
2017,July,Placer (LT),LDA,Gas,RUNEX,CAT,PM2_5,0.0005954278058483502
2017,July,Placer (LT),LDA,Gas,RUNEX,NCAT,CO,0.04145396322552637
2017,July,Placer (LT),LDA,Gas,RUNEX,NCAT,NOx,0.0014427297919931115
2017,July,Placer (LT),LDA,Gas,RUNEX,NCAT,SOx,2.7848184178053773e-06
2017,July,Placer (LT),LDA,Gas,RUNEX,NCAT,PM,2.3893720851285648e-05
2017,July,Placer (LT),LDA,Gas,RUNEX,NCAT,TOG,0.002950342978542965
2017,July,Placer (LT),LDA,Gas,RUNEX,NCAT,PM10,2.2627220755857874e-05
2017,July,Placer (LT),LDA,Gas,RUNEX,NCAT,PM2_5,2.1436045404037486e-05
2017,July,Placer (LT),LDA,Gas,STREX,CAT,CO,0.11451090570909753
2017,July,Placer (LT),LDA,Gas,STREX,CAT,NOx,0.014662637049063435
2017,July,Placer (LT),LDA,Gas,STREX,CAT,SOx,2.6839424953690707e-05
2017,July,Placer (LT),LDA,Gas,STREX,CAT,PM,0.00013631045230737954
2017,July,Placer (LT),LDA,Gas,STREX,CAT,TOG,0.025834368315707266
2017,July,Placer (LT),LDA,Gas,STREX,CAT,PM10,0.00012194333431912426
2017,July,Placer (LT),LDA,Gas,STREX,CAT,PM2_5,0.00011216316263026375
2017,July,Placer (LT),LDA,Gas,STREX,NCAT,CO,5.769534412781837e-05
2017,July,Placer (LT),LDA,Gas,STREX,NCAT,NOx,0.00034501298590866987
2017,July,Placer (LT),LDA,Gas,STREX,NCAT,SOx,1.5968973976174192e-07
2017,July,Placer (LT),LDA,Gas,STREX,NCAT,PM,5.594574647159689e-06
2017,July,Placer (LT),LDA,Gas,STREX,NCAT,TOG,0.00022762469089145678
2017,July,Placer (LT),LDA,Gas,STREX,NCAT,PM10,5.294596279593489e-06
2017,July,Placer (LT),LDA,Gas,STREX,NCAT,PM2_5,5.014254117847493e-06
2017,July,Placer (LT),LDA,Gas,HOTSOAK,CAT,TOG,0.010210637637258544
2017,July,Placer (LT),LDA,Gas,HOTSOAK,NCAT,TOG,0.00029902005201254287
2017,July,Placer (LT),LDA,Gas,RUNLOSS,CAT,TOG,0.016917542387738137
2017,July,Placer (LT),LDA,Gas,RUNLOSS,NCAT,TOG,0.001423904964088612
2017,July,Placer (LT),LDA,Gas,RESTLOSS,CAT,TOG,0.0025519781512812773
2017,July,Placer (LT),LDA,Gas,RESTLOSS,NCAT,TOG,8.897384970596762e-05
2017,July,Placer (LT),LDA,Gas,DIURN,CAT,TOG,0.007206009811098311
2017,July,Placer (LT),LDA,Gas,DIURN,NCAT,TOG,0.00027171392372497794
2017,July,Placer (LT),LDA,Gas,PMTW,CAT,PM,0.002640352256194323
2017,July,Placer (LT),LDA,Gas,PMTW,CAT,PM10,0.002640352256194323
2017,July,Placer (LT),LDA,Gas,PMTW,CAT,PM2_5,0.0006600880640485808
2017,July,Placer (LT),LDA,Gas,PMTW,NCAT,PM,3.5558047014648427e-06
2017,July,Placer (LT),LDA,Gas,PMTW,NCAT,PM10,3.5558047014648427e-06
2017,July,Placer (LT),LDA,Gas,PMTW,NCAT,PM2_5,8.889511753662107e-07
2017,July,Placer (LT),LDA,Gas,PMBW,CAT,PM,0.012376651200910886
2017,July,Placer (LT),LDA,Gas,PMBW,CAT,PM10,0.012129118176892656
2017,July,Placer (LT),LDA,Gas,PMBW,CAT,PM2_5,0.005198193504382574
2017,July,Placer (LT),LDA,Gas,PMBW,NCAT,PM,1.6667834538116443e-05
2017,July,Placer (LT),LDA,Gas,PMBW,NCAT,PM10,1.633447784735412e-05
2017,July,Placer (LT),LDA,Gas,PMBW,NCAT,PM2_5,7.000490506008909e-06
2017,July,Placer (LT),LDA,Dsl,RUNEX,DSL,CO,0.0021629349823992844
2017,July,Placer (LT),LDA,Dsl,RUNEX,DSL,NOx,0.002773229281386897
2017,July,Placer (LT),LDA,Dsl,RUNEX,DSL,SOx,1.0958424140560873e-05
2017,July,Placer (LT),LDA,Dsl,RUNEX,DSL,PM,0.00012729759278280736
2017,July,Placer (LT),LDA,Dsl,RUNEX,DSL,TOG,0.00023907812926251553
2017,July,Placer (LT),LDA,Dsl,RUNEX,DSL,PM10,0.0001265338072261104
2017,July,Placer (LT),LDA,Dsl,RUNEX,DSL,PM2_5,0.00012106001073644965
2017,July,Placer (LT),LDA,Dsl,PMTW,DSL,PM,4.1176026752090825e-05
2017,July,Placer (LT),LDA,Dsl,PMTW,DSL,PM10,4.1176026752090825e-05
2017,July,Placer (LT),LDA,Dsl,PMTW,DSL,PM2_5,1.0294006688022706e-05
2017,July,Placer (LT),LDA,Dsl,PMBW,DSL,PM,0.00019301262540042562
2017,July,Placer (LT),LDA,Dsl,PMBW,DSL,PM10,0.00018915237289241722
2017,July,Placer (LT),LDA,Dsl,PMBW,DSL,PM2_5,8.106530266817878e-05
2017,July,Placer (LT),LDA,Elec,HOTSOAK,CAT,TOG,1.5231888314930762e-06
2017,July,Placer (LT),LDA,Elec,RESTLOSS,CAT,TOG,2.2752929479160666e-07
2017,July,Placer (LT),LDA,Elec,DIURN,CAT,TOG,1.8758037165979183e-06
2017,July,Placer (LT),LDA,Elec,PMTW,CAT,PM,1.8593234612726154e-05
2017,July,Placer (LT),LDA,Elec,PMTW,CAT,PM10,1.8593234612726154e-05
2017,July,Placer (LT),LDA,Elec,PMTW,CAT,PM2_5,4.648308653181539e-06
2017,July,Placer (LT),LDA,Elec,PMBW,CAT,PM,8.715578724715379e-05
2017,July,Placer (LT),LDA,Elec,PMBW,CAT,PM10,8.541267150221077e-05
2017,July,Placer (LT),LDA,Elec,PMBW,CAT,PM2_5,3.660543064380458e-05
2017,July,Placer (LT),LDT1,Gas,RUNEX,CAT,CO,0.2135472353385119
2017,July,Placer (LT),LDT1,Gas,RUNEX,CAT,NOx,0.01825032979902161
2017,July,Placer (LT),LDT1,Gas,RUNEX,CAT,SOx,0.00021193927095335515
2017,July,Placer (LT),LDT1,Gas,RUNEX,CAT,PM,0.00022893458326189104
2017,July,Placer (LT),LDT1,Gas,RUNEX,CAT,TOG,0.006914457358384997
2017,July,Placer (LT),LDT1,Gas,RUNEX,CAT,PM10,0.00020478334857493592
2017,July,Placer (LT),LDT1,Gas,RUNEX,CAT,PM2_5,0.00018834846562316225
2017,July,Placer (LT),LDT1,Gas,RUNEX,NCAT,CO,0.01285068980811546
2017,July,Placer (LT),LDT1,Gas,RUNEX,NCAT,NOx,0.000424671594556408
2017,July,Placer (LT),LDT1,Gas,RUNEX,NCAT,SOx,8.372575892152055e-07
2017,July,Placer (LT),LDT1,Gas,RUNEX,NCAT,PM,7.233350178707953e-06
2017,July,Placer (LT),LDT1,Gas,RUNEX,NCAT,TOG,0.0008873133643579729
2017,July,Placer (LT),LDT1,Gas,RUNEX,NCAT,PM10,6.835418382933252e-06
2017,July,Placer (LT),LDT1,Gas,RUNEX,NCAT,PM2_5,6.468743931987372e-06
2017,July,Placer (LT),LDT1,Gas,STREX,CAT,CO,0.0244011847892752
2017,July,Placer (LT),LDT1,Gas,STREX,CAT,NOx,0.004500603073705324
2017,July,Placer (LT),LDT1,Gas,STREX,CAT,SOx,6.455749110342794e-06
2017,July,Placer (LT),LDT1,Gas,STREX,CAT,PM,4.6928587604461645e-05
2017,July,Placer (LT),LDT1,Gas,STREX,CAT,TOG,0.008192401921463295
2017,July,Placer (LT),LDT1,Gas,STREX,CAT,PM10,4.200126150143437e-05
2017,July,Placer (LT),LDT1,Gas,STREX,CAT,PM2_5,3.864208852414101e-05
2017,July,Placer (LT),LDT1,Gas,STREX,NCAT,CO,3.9400748091707446e-05
2017,July,Placer (LT),LDT1,Gas,STREX,NCAT,NOx,0.00017280349730936406
2017,July,Placer (LT),LDT1,Gas,STREX,NCAT,SOx,8.067730110585509e-08
2017,July,Placer (LT),LDT1,Gas,STREX,NCAT,PM,2.8809773380261528e-06
2017,July,Placer (LT),LDT1,Gas,STREX,NCAT,TOG,0.00011978874146724224
2017,July,Placer (LT),LDT1,Gas,STREX,NCAT,PM10,2.721515038797538e-06
2017,July,Placer (LT),LDT1,Gas,STREX,NCAT,PM2_5,2.575066705696378e-06
2017,July,Placer (LT),LDT1,Gas,HOTSOAK,CAT,TOG,0.004111772894154036
2017,July,Placer (LT),LDT1,Gas,HOTSOAK,NCAT,TOG,0.0001402268716194862
2017,July,Placer (LT),LDT1,Gas,RUNLOSS,CAT,TOG,0.014968771957019233
2017,July,Placer (LT),LDT1,Gas,RUNLOSS,NCAT,TOG,0.00030693604113075234
2017,July,Placer (LT),LDT1,Gas,RESTLOSS,CAT,TOG,0.0011039648192053715
2017,July,Placer (LT),LDT1,Gas,RESTLOSS,NCAT,TOG,4.4901555052931076e-05
2017,July,Placer (LT),LDT1,Gas,DIURN,CAT,TOG,0.003405914613029202
2017,July,Placer (LT),LDT1,Gas,DIURN,NCAT,TOG,0.00013305519420235193
2017,July,Placer (LT),LDT1,Gas,PMTW,CAT,PM,0.0005073197247362152
2017,July,Placer (LT),LDT1,Gas,PMTW,CAT,PM10,0.0005073197247362152
2017,July,Placer (LT),LDT1,Gas,PMTW,CAT,PM2_5,0.0001268299311840538
2017,July,Placer (LT),LDT1,Gas,PMTW,NCAT,PM,1.076227552688042e-06
2017,July,Placer (LT),LDT1,Gas,PMTW,NCAT,PM10,1.076227552688042e-06
2017,July,Placer (LT),LDT1,Gas,PMTW,NCAT,PM2_5,2.690568881720105e-07
2017,July,Placer (LT),LDT1,Gas,PMBW,CAT,PM,0.0023780612097010095
2017,July,Placer (LT),LDT1,Gas,PMBW,CAT,PM10,0.0023304999855069865
2017,July,Placer (LT),LDT1,Gas,PMBW,CAT,PM2_5,0.0009987857080744245
2017,July,Placer (LT),LDT1,Gas,PMBW,NCAT,PM,5.0448166532252e-06
2017,July,Placer (LT),LDT1,Gas,PMBW,NCAT,PM10,4.943920320160701e-06
2017,July,Placer (LT),LDT1,Gas,PMBW,NCAT,PM2_5,2.1188229943545825e-06
2017,July,Placer (LT),LDT2,Gas,RUNEX,CAT,CO,0.5538079365176176
2017,July,Placer (LT),LDT2,Gas,RUNEX,CAT,NOx,0.06037393134699158
2017,July,Placer (LT),LDT2,Gas,RUNEX,CAT,SOx,0.0010561803197103388
2017,July,Placer (LT),LDT2,Gas,RUNEX,CAT,PM,0.000519432818416537
2017,July,Placer (LT),LDT2,Gas,RUNEX,CAT,TOG,0.01652395562226926
2017,July,Placer (LT),LDT2,Gas,RUNEX,CAT,PM10,0.0004644670867890458
2017,July,Placer (LT),LDT2,Gas,RUNEX,CAT,PM2_5,0.0004271072689300769
2017,July,Placer (LT),LDT2,Gas,RUNEX,NCAT,CO,0.012217487434340195
2017,July,Placer (LT),LDT2,Gas,RUNEX,NCAT,NOx,0.00041565614734847395
2017,July,Placer (LT),LDT2,Gas,RUNEX,NCAT,SOx,7.934528422031672e-07
2017,July,Placer (LT),LDT2,Gas,RUNEX,NCAT,PM,6.827482872316851e-06
2017,July,Placer (LT),LDT2,Gas,RUNEX,NCAT,TOG,0.0008808714021058608
2017,July,Placer (LT),LDT2,Gas,RUNEX,NCAT,PM10,6.467063915635353e-06
2017,July,Placer (LT),LDT2,Gas,RUNEX,NCAT,PM2_5,6.127309602230839e-06
2017,July,Placer (LT),LDT2,Gas,STREX,CAT,CO,0.11757849704012949
2017,July,Placer (LT),LDT2,Gas,STREX,CAT,NOx,0.019158000406652352
2017,July,Placer (LT),LDT2,Gas,STREX,CAT,SOx,2.9572646261331695e-05
2017,July,Placer (LT),LDT2,Gas,STREX,CAT,PM,9.659351150167351e-05
2017,July,Placer (LT),LDT2,Gas,STREX,CAT,TOG,0.025029328771897234
2017,July,Placer (LT),LDT2,Gas,STREX,CAT,PM10,8.63924473434508e-05
2017,July,Placer (LT),LDT2,Gas,STREX,CAT,PM2_5,7.945353161543071e-05
2017,July,Placer (LT),LDT2,Gas,STREX,NCAT,CO,3.107597066413574e-05
2017,July,Placer (LT),LDT2,Gas,STREX,NCAT,NOx,0.00015933793390729526
2017,July,Placer (LT),LDT2,Gas,STREX,NCAT,SOx,7.311755265385456e-08
2017,July,Placer (LT),LDT2,Gas,STREX,NCAT,PM,2.572845961695836e-06
2017,July,Placer (LT),LDT2,Gas,STREX,NCAT,TOG,0.00011054891290379039
2017,July,Placer (LT),LDT2,Gas,STREX,NCAT,PM10,2.4346569082351166e-06
2017,July,Placer (LT),LDT2,Gas,STREX,NCAT,PM2_5,2.3056345858200816e-06
2017,July,Placer (LT),LDT2,Gas,HOTSOAK,CAT,TOG,0.008175729843457562
2017,July,Placer (LT),LDT2,Gas,HOTSOAK,NCAT,TOG,0.00012596512520038458
2017,July,Placer (LT),LDT2,Gas,RUNLOSS,CAT,TOG,0.026585044813305075
2017,July,Placer (LT),LDT2,Gas,RUNLOSS,NCAT,TOG,0.00027708140544858387
2017,July,Placer (LT),LDT2,Gas,RESTLOSS,CAT,TOG,0.0021742749797436177
2017,July,Placer (LT),LDT2,Gas,RESTLOSS,NCAT,TOG,4.165671549168324e-05
2017,July,Placer (LT),LDT2,Gas,DIURN,CAT,TOG,0.006013984371389826
2017,July,Placer (LT),LDT2,Gas,DIURN,NCAT,TOG,0.00012168400269664839
2017,July,Placer (LT),LDT2,Gas,PMTW,CAT,PM,0.0022660444824380756
2017,July,Placer (LT),LDT2,Gas,PMTW,CAT,PM10,0.0022660444824380756
2017,July,Placer (LT),LDT2,Gas,PMTW,CAT,PM2_5,0.0005665111206095189
2017,July,Placer (LT),LDT2,Gas,PMTW,NCAT,PM,1.0156417279607896e-06
2017,July,Placer (LT),LDT2,Gas,PMTW,NCAT,PM10,1.0156417279607896e-06
2017,July,Placer (LT),LDT2,Gas,PMTW,NCAT,PM2_5,2.539104319901974e-07
2017,July,Placer (LT),LDT2,Gas,PMBW,CAT,PM,0.0106220835114285
2017,July,Placer (LT),LDT2,Gas,PMBW,CAT,PM10,0.01040964184119991
2017,July,Placer (LT),LDT2,Gas,PMBW,CAT,PM2_5,0.004461275074799964
2017,July,Placer (LT),LDT2,Gas,PMBW,NCAT,PM,4.760820599816203e-06
2017,July,Placer (LT),LDT2,Gas,PMBW,NCAT,PM10,4.6656041878198795e-06
2017,July,Placer (LT),LDT2,Gas,PMBW,NCAT,PM2_5,1.9995446519228055e-06
2017,July,Placer (LT),MDV,Gas,RUNEX,CAT,CO,0.43274916547952225
2017,July,Placer (LT),MDV,Gas,RUNEX,CAT,NOx,0.04748049220287801
2017,July,Placer (LT),MDV,Gas,RUNEX,CAT,SOx,0.0008825189306348805
2017,July,Placer (LT),MDV,Gas,RUNEX,CAT,PM,0.0003820176313333947
2017,July,Placer (LT),MDV,Gas,RUNEX,CAT,TOG,0.013885413716817617
2017,July,Placer (LT),MDV,Gas,RUNEX,CAT,PM10,0.0003416863149855576
2017,July,Placer (LT),MDV,Gas,RUNEX,CAT,PM2_5,0.00031424897794833054
2017,July,Placer (LT),MDV,Gas,RUNEX,NCAT,CO,0.07220242530049219
2017,July,Placer (LT),MDV,Gas,RUNEX,NCAT,NOx,0.0018027352797037894
2017,July,Placer (LT),MDV,Gas,RUNEX,NCAT,SOx,3.1780989430336465e-06
2017,July,Placer (LT),MDV,Gas,RUNEX,NCAT,PM,1.9473473940798917e-05
2017,July,Placer (LT),MDV,Gas,RUNEX,NCAT,TOG,0.0029463905153401765
2017,July,Placer (LT),MDV,Gas,RUNEX,NCAT,PM10,1.8551455883604954e-05
2017,July,Placer (LT),MDV,Gas,RUNEX,NCAT,PM2_5,1.762669061143255e-05
2017,July,Placer (LT),MDV,Gas,STREX,CAT,CO,0.11607724076082364
2017,July,Placer (LT),MDV,Gas,STREX,CAT,NOx,0.01815412151409
2017,July,Placer (LT),MDV,Gas,STREX,CAT,SOx,2.7030163184878855e-05
2017,July,Placer (LT),MDV,Gas,STREX,CAT,PM,8.889894773900238e-05
2017,July,Placer (LT),MDV,Gas,STREX,CAT,TOG,0.024633004588035193
2017,July,Placer (LT),MDV,Gas,STREX,CAT,PM10,7.954048357096042e-05
2017,July,Placer (LT),MDV,Gas,STREX,CAT,PM2_5,7.316685008276985e-05
2017,July,Placer (LT),MDV,Gas,STREX,NCAT,CO,5.1563746643212434e-05
2017,July,Placer (LT),MDV,Gas,STREX,NCAT,NOx,0.0007372219753596874
2017,July,Placer (LT),MDV,Gas,STREX,NCAT,SOx,2.647262581506867e-07
2017,July,Placer (LT),MDV,Gas,STREX,NCAT,PM,7.536833909421671e-06
2017,July,Placer (LT),MDV,Gas,STREX,NCAT,TOG,0.0003866765211904956
2017,July,Placer (LT),MDV,Gas,STREX,NCAT,PM10,7.178073094661984e-06
2017,July,Placer (LT),MDV,Gas,STREX,NCAT,PM2_5,6.81936165362978e-06
2017,July,Placer (LT),MDV,Gas,HOTSOAK,CAT,TOG,0.006591575099299346
2017,July,Placer (LT),MDV,Gas,HOTSOAK,NCAT,TOG,0.0002531655250149794
2017,July,Placer (LT),MDV,Gas,RUNLOSS,CAT,TOG,0.01995137908400473
2017,July,Placer (LT),MDV,Gas,RUNLOSS,NCAT,TOG,0.0005924416819714438
2017,July,Placer (LT),MDV,Gas,RESTLOSS,CAT,TOG,0.0018294592383635998
2017,July,Placer (LT),MDV,Gas,RESTLOSS,NCAT,TOG,0.00013328923867886265
2017,July,Placer (LT),MDV,Gas,DIURN,CAT,TOG,0.0047400157540006555
2017,July,Placer (LT),MDV,Gas,DIURN,NCAT,TOG,0.0003761095738094156
2017,July,Placer (LT),MDV,Gas,PMTW,CAT,PM,0.0015873026360597336
2017,July,Placer (LT),MDV,Gas,PMTW,CAT,PM10,0.0015873026360597336
2017,July,Placer (LT),MDV,Gas,PMTW,CAT,PM2_5,0.0003968256590149334
2017,July,Placer (LT),MDV,Gas,PMTW,NCAT,PM,2.9131572809124687e-06
2017,July,Placer (LT),MDV,Gas,PMTW,NCAT,PM10,2.9131572809124687e-06
2017,July,Placer (LT),MDV,Gas,PMTW,NCAT,PM2_5,7.282893202281172e-07
2017,July,Placer (LT),MDV,Gas,PMBW,CAT,PM,0.0074404811065299885
2017,July,Placer (LT),MDV,Gas,PMBW,CAT,PM10,0.007291671484399402
2017,July,Placer (LT),MDV,Gas,PMBW,CAT,PM2_5,0.0031250020647426
2017,July,Placer (LT),MDV,Gas,PMBW,NCAT,PM,1.3655424754277202e-05
2017,July,Placer (LT),MDV,Gas,PMBW,NCAT,PM10,1.3382316259191658e-05
2017,July,Placer (LT),MDV,Gas,PMBW,NCAT,PM2_5,5.735278396796422e-06
2017,July,Placer (LT),LHD1,Gas,RUNEX,CAT,CO,0.1744082623181916
2017,July,Placer (LT),LHD1,Gas,RUNEX,CAT,NOx,0.020292211472019053
2017,July,Placer (LT),LHD1,Gas,RUNEX,CAT,SOx,0.0003612016944292884
2017,July,Placer (LT),LHD1,Gas,RUNEX,CAT,PM,0.00016042826333708662
2017,July,Placer (LT),LHD1,Gas,RUNEX,CAT,TOG,0.010564306184702029
2017,July,Placer (LT),LHD1,Gas,RUNEX,CAT,PM10,0.00014342286742335524
2017,July,Placer (LT),LHD1,Gas,RUNEX,CAT,PM2_5,0.00013187203246308523
2017,July,Placer (LT),LHD1,Gas,RUNEX,NCAT,CO,0.02489965996724364
2017,July,Placer (LT),LHD1,Gas,RUNEX,NCAT,NOx,0.00020264511415007844
2017,July,Placer (LT),LHD1,Gas,RUNEX,NCAT,SOx,1.6522797628218355e-06
2017,July,Placer (LT),LHD1,Gas,RUNEX,NCAT,PM,6.64186281442225e-06
2017,July,Placer (LT),LHD1,Gas,RUNEX,NCAT,TOG,0.0009769336872331115
2017,July,Placer (LT),LHD1,Gas,RUNEX,NCAT,PM10,6.382830164659779e-06
2017,July,Placer (LT),LHD1,Gas,RUNEX,NCAT,PM2_5,6.090588200825201e-06
2017,July,Placer (LT),LHD1,Gas,IDLEX,CAT,CO,0.003856992773354383
2017,July,Placer (LT),LHD1,Gas,IDLEX,CAT,NOx,4.327553863531923e-05
2017,July,Placer (LT),LHD1,Gas,IDLEX,CAT,SOx,1.295068503638676e-06
2017,July,Placer (LT),LHD1,Gas,IDLEX,CAT,TOG,0.0007190676051017729
2017,July,Placer (LT),LHD1,Gas,IDLEX,NCAT,CO,2.6056991086361186e-05
2017,July,Placer (LT),LHD1,Gas,IDLEX,NCAT,NOx,2.946580943767579e-07
2017,July,Placer (LT),LHD1,Gas,IDLEX,NCAT,SOx,9.60125801025354e-09
2017,July,Placer (LT),LHD1,Gas,IDLEX,NCAT,TOG,4.683527596212666e-06
2017,July,Placer (LT),LHD1,Gas,STREX,CAT,CO,0.039555285663690966
2017,July,Placer (LT),LHD1,Gas,STREX,CAT,NOx,0.00837064223905699
2017,July,Placer (LT),LHD1,Gas,STREX,CAT,SOx,3.1168520529563446e-06
2017,July,Placer (LT),LHD1,Gas,STREX,CAT,PM,1.3658725812943178e-05
2017,July,Placer (LT),LHD1,Gas,STREX,CAT,TOG,0.0033552199383930685
2017,July,Placer (LT),LHD1,Gas,STREX,CAT,PM10,1.221090087677121e-05
2017,July,Placer (LT),LHD1,Gas,STREX,CAT,PM2_5,1.1227472618239288e-05
2017,July,Placer (LT),LHD1,Gas,STREX,NCAT,CO,1.0391657657360288e-05
2017,July,Placer (LT),LHD1,Gas,STREX,NCAT,NOx,4.370860035386614e-05
2017,July,Placer (LT),LHD1,Gas,STREX,NCAT,SOx,7.721423460538638e-08
2017,July,Placer (LT),LHD1,Gas,STREX,NCAT,PM,1.777393965578881e-06
2017,July,Placer (LT),LHD1,Gas,STREX,NCAT,TOG,0.00024061992019224653
2017,July,Placer (LT),LHD1,Gas,STREX,NCAT,PM10,1.7080756009213048e-06
2017,July,Placer (LT),LHD1,Gas,STREX,NCAT,PM2_5,1.6298702664358342e-06
2017,July,Placer (LT),LHD1,Gas,HOTSOAK,CAT,TOG,0.0036020891198088587
2017,July,Placer (LT),LHD1,Gas,HOTSOAK,NCAT,TOG,0.00015110109570145162
2017,July,Placer (LT),LHD1,Gas,RUNLOSS,CAT,TOG,0.03312724200766601
2017,July,Placer (LT),LHD1,Gas,RUNLOSS,NCAT,TOG,0.00040133150921882433
2017,July,Placer (LT),LHD1,Gas,RESTLOSS,CAT,TOG,3.3490083037014025e-05
2017,July,Placer (LT),LHD1,Gas,RESTLOSS,NCAT,TOG,1.0591660516798769e-06
2017,July,Placer (LT),LHD1,Gas,DIURN,CAT,TOG,0.00016080264807234623
2017,July,Placer (LT),LHD1,Gas,DIURN,NCAT,TOG,4.7877847382224245e-06
2017,July,Placer (LT),LHD1,Gas,PMTW,CAT,PM,0.0002758017946595794
2017,July,Placer (LT),LHD1,Gas,PMTW,CAT,PM10,0.0002758017946595794
2017,July,Placer (LT),LHD1,Gas,PMTW,CAT,PM2_5,6.895044866489485e-05
2017,July,Placer (LT),LHD1,Gas,PMTW,NCAT,PM,9.423878361398834e-07
2017,July,Placer (LT),LHD1,Gas,PMTW,NCAT,PM10,9.423878361398834e-07
2017,July,Placer (LT),LHD1,Gas,PMTW,NCAT,PM2_5,2.3559695903497084e-07
2017,July,Placer (LT),LHD1,Gas,PMBW,CAT,PM,0.0026890674979309
2017,July,Placer (LT),LHD1,Gas,PMBW,CAT,PM10,0.0026352861479722878
2017,July,Placer (LT),LHD1,Gas,PMBW,CAT,PM2_5,0.0011294083491309788
2017,July,Placer (LT),LHD1,Gas,PMBW,NCAT,PM,9.18828140236386e-06
2017,July,Placer (LT),LHD1,Gas,PMBW,NCAT,PM10,9.004515774316581e-06
2017,July,Placer (LT),LHD1,Gas,PMBW,NCAT,PM2_5,3.859078188992823e-06
2017,July,Placer (LT),LHD2,Gas,RUNEX,CAT,CO,0.02192365883474548
2017,July,Placer (LT),LHD2,Gas,RUNEX,CAT,NOx,0.0020361097759716965
2017,July,Placer (LT),LHD2,Gas,RUNEX,CAT,SOx,5.312391090632935e-05
2017,July,Placer (LT),LHD2,Gas,RUNEX,CAT,PM,1.5832099957767832e-05
2017,July,Placer (LT),LHD2,Gas,RUNEX,CAT,TOG,0.00121267956271477
2017,July,Placer (LT),LHD2,Gas,RUNEX,CAT,PM10,1.4153897362244433e-05
2017,July,Placer (LT),LHD2,Gas,RUNEX,CAT,PM2_5,1.3013986165285143e-05
2017,July,Placer (LT),LHD2,Gas,IDLEX,CAT,CO,0.0004783957244703068
2017,July,Placer (LT),LHD2,Gas,IDLEX,CAT,NOx,5.384928857083851e-06
2017,July,Placer (LT),LHD2,Gas,IDLEX,CAT,SOx,1.8409356813363973e-07
2017,July,Placer (LT),LHD2,Gas,IDLEX,CAT,TOG,8.970271454067036e-05
2017,July,Placer (LT),LHD2,Gas,STREX,CAT,CO,0.004559039494045736
2017,July,Placer (LT),LHD2,Gas,STREX,CAT,NOx,0.0009435358549039704
2017,July,Placer (LT),LHD2,Gas,STREX,CAT,SOx,4.3192240131099804e-07
2017,July,Placer (LT),LHD2,Gas,STREX,CAT,PM,1.3648758782534443e-06
2017,July,Placer (LT),LHD2,Gas,STREX,CAT,TOG,0.00039188600776502336
2017,July,Placer (LT),LHD2,Gas,STREX,CAT,PM10,1.2201990351585798e-06
2017,July,Placer (LT),LHD2,Gas,STREX,CAT,PM2_5,1.1219279719243308e-06
2017,July,Placer (LT),LHD2,Gas,HOTSOAK,CAT,TOG,0.00032552141122100983
2017,July,Placer (LT),LHD2,Gas,RUNLOSS,CAT,TOG,0.0025345616561007834
2017,July,Placer (LT),LHD2,Gas,RESTLOSS,CAT,TOG,3.408414977098053e-06
2017,July,Placer (LT),LHD2,Gas,DIURN,CAT,TOG,1.617441721748037e-05
2017,July,Placer (LT),LHD2,Gas,PMTW,CAT,PM,3.532767697595389e-05
2017,July,Placer (LT),LHD2,Gas,PMTW,CAT,PM10,3.532767697595389e-05
2017,July,Placer (LT),LHD2,Gas,PMTW,CAT,PM2_5,8.831919243988472e-06
2017,July,Placer (LT),LHD2,Gas,PMBW,CAT,PM,0.0004018523256014754
2017,July,Placer (LT),LHD2,Gas,PMBW,CAT,PM10,0.00039381527908944643
2017,July,Placer (LT),LHD2,Gas,PMBW,CAT,PM2_5,0.00016877797675261992
2017,July,Placer (LT),T6TS,Gas,RUNEX,CAT,CO,0.0318328328394177
2017,July,Placer (LT),T6TS,Gas,RUNEX,CAT,NOx,0.00619972128240321
2017,July,Placer (LT),T6TS,Gas,RUNEX,CAT,SOx,5.2112106097789014e-05
2017,July,Placer (LT),T6TS,Gas,RUNEX,CAT,PM,8.34093764136396e-06
2017,July,Placer (LT),T6TS,Gas,RUNEX,CAT,TOG,0.0018208396415216883
2017,July,Placer (LT),T6TS,Gas,RUNEX,CAT,PM10,7.456798251379379e-06
2017,July,Placer (LT),T6TS,Gas,RUNEX,CAT,PM2_5,6.8562507412011795e-06
2017,July,Placer (LT),T6TS,Gas,IDLEX,CAT,CO,0.0005797328385623915
2017,July,Placer (LT),T6TS,Gas,IDLEX,CAT,NOx,5.133481363894513e-06
2017,July,Placer (LT),T6TS,Gas,IDLEX,CAT,SOx,3.3662847643078846e-07
2017,July,Placer (LT),T6TS,Gas,IDLEX,CAT,TOG,7.563375014599609e-05
2017,July,Placer (LT),T6TS,Gas,STREX,CAT,CO,0.008746648634930253
2017,July,Placer (LT),T6TS,Gas,STREX,CAT,NOx,0.0005057747053564524
2017,July,Placer (LT),T6TS,Gas,STREX,CAT,SOx,5.175926754447204e-07
2017,July,Placer (LT),T6TS,Gas,STREX,CAT,PM,1.1199440855282241e-06
2017,July,Placer (LT),T6TS,Gas,STREX,CAT,TOG,0.00039002367865894754
2017,July,Placer (LT),T6TS,Gas,STREX,CAT,PM10,1.0012300124622327e-06
2017,July,Placer (LT),T6TS,Gas,STREX,CAT,PM2_5,9.205940383042004e-07
2017,July,Placer (LT),T6TS,Gas,HOTSOAK,CAT,TOG,0.00020498723430000386
2017,July,Placer (LT),T6TS,Gas,RUNLOSS,CAT,TOG,0.0011863722267090686
2017,July,Placer (LT),T6TS,Gas,RESTLOSS,CAT,TOG,1.8048236643510244e-06
2017,July,Placer (LT),T6TS,Gas,DIURN,CAT,TOG,7.943633861418579e-06
2017,July,Placer (LT),T6TS,Gas,PMTW,CAT,PM,3.328322788998203e-05
2017,July,Placer (LT),T6TS,Gas,PMTW,CAT,PM10,3.328322788998203e-05
2017,July,Placer (LT),T6TS,Gas,PMTW,CAT,PM2_5,8.320806972495508e-06
2017,July,Placer (LT),T6TS,Gas,PMBW,CAT,PM,0.00036888910911396717
2017,July,Placer (LT),T6TS,Gas,PMBW,CAT,PM10,0.00036151132693168785
2017,July,Placer (LT),T6TS,Gas,PMBW,CAT,PM2_5,0.00015493342582786624
2017,July,Placer (LT),T7IS,Gas,RUNEX,CAT,CO,2.4712399319332544e-05
2017,July,Placer (LT),T7IS,Gas,RUNEX,CAT,NOx,2.9488070961647538e-06
2017,July,Placer (LT),T7IS,Gas,RUNEX,CAT,SOx,2.6140625573243197e-08
2017,July,Placer (LT),T7IS,Gas,RUNEX,CAT,PM,1.672683644359381e-09
2017,July,Placer (LT),T7IS,Gas,RUNEX,CAT,TOG,3.5888465801697073e-07
2017,July,Placer (LT),T7IS,Gas,RUNEX,CAT,PM10,1.495379178057287e-09
2017,July,Placer (LT),T7IS,Gas,RUNEX,CAT,PM2_5,1.3749459556634112e-09
2017,July,Placer (LT),T7IS,Gas,STREX,CAT,CO,9.98852472076856e-07
2017,July,Placer (LT),T7IS,Gas,STREX,CAT,NOx,1.2211995473490085e-08
2017,July,Placer (LT),T7IS,Gas,STREX,CAT,SOx,4.2537009672618485e-11
2017,July,Placer (LT),T7IS,Gas,STREX,CAT,PM,3.542083152569567e-11
2017,July,Placer (LT),T7IS,Gas,STREX,CAT,TOG,3.16926913348046e-09
2017,July,Placer (LT),T7IS,Gas,STREX,CAT,PM10,3.1666223383971925e-11
2017,July,Placer (LT),T7IS,Gas,STREX,CAT,PM2_5,2.9115923514121835e-11
2017,July,Placer (LT),T7IS,Gas,HOTSOAK,CAT,TOG,2.998564879697185e-10
2017,July,Placer (LT),T7IS,Gas,RUNLOSS,CAT,TOG,5.147208898705859e-10
2017,July,Placer (LT),T7IS,Gas,RESTLOSS,CAT,TOG,4.41220810412643e-12
2017,July,Placer (LT),T7IS,Gas,DIURN,CAT,TOG,2.4452449681362567e-11
2017,July,Placer (LT),T7IS,Gas,PMTW,CAT,PM,2.7534635117611856e-08
2017,July,Placer (LT),T7IS,Gas,PMTW,CAT,PM10,2.7534635117611856e-08
2017,July,Placer (LT),T7IS,Gas,PMTW,CAT,PM2_5,6.883658779402964e-09
2017,July,Placer (LT),T7IS,Gas,PMBW,CAT,PM,8.673410062047736e-08
2017,July,Placer (LT),T7IS,Gas,PMBW,CAT,PM10,8.499941860806779e-08
2017,July,Placer (LT),T7IS,Gas,PMBW,CAT,PM2_5,3.642832226060047e-08
2017,July,Placer (LT),LDT1,Dsl,RUNEX,DSL,CO,3.258966772617979e-08
2017,July,Placer (LT),LDT1,Dsl,RUNEX,DSL,NOx,1.1801409293364783e-08
2017,July,Placer (LT),LDT1,Dsl,RUNEX,DSL,SOx,1.5672406156003915e-09
2017,July,Placer (LT),LDT1,Dsl,RUNEX,DSL,PM,1.3264313924923803e-09
2017,July,Placer (LT),LDT1,Dsl,RUNEX,DSL,TOG,5.5845517947732735e-09
2017,July,Placer (LT),LDT1,Dsl,RUNEX,DSL,PM10,1.3184728041374259e-09
2017,July,Placer (LT),LDT1,Dsl,RUNEX,DSL,PM2_5,1.2614362542602533e-09
2017,July,Placer (LT),LDT1,Dsl,PMTW,DSL,PM,3.796953234351589e-09
2017,July,Placer (LT),LDT1,Dsl,PMTW,DSL,PM10,3.796953234351589e-09
2017,July,Placer (LT),LDT1,Dsl,PMTW,DSL,PM2_5,9.492383085878973e-10
2017,July,Placer (LT),LDT1,Dsl,PMBW,DSL,PM,1.7798218286023076e-08
2017,July,Placer (LT),LDT1,Dsl,PMBW,DSL,PM10,1.7442253920302617e-08
2017,July,Placer (LT),LDT1,Dsl,PMBW,DSL,PM2_5,7.47525168012969e-09
2017,July,Placer (LT),LDT2,Dsl,RUNEX,DSL,CO,0.0003448980494005787
2017,July,Placer (LT),LDT2,Dsl,RUNEX,DSL,NOx,0.0003218066226503317
2017,July,Placer (LT),LDT2,Dsl,RUNEX,DSL,SOx,6.671246726053995e-06
2017,July,Placer (LT),LDT2,Dsl,RUNEX,DSL,PM,1.5196885745818237e-05
2017,July,Placer (LT),LDT2,Dsl,RUNEX,DSL,TOG,4.178842958512034e-05
2017,July,Placer (LT),LDT2,Dsl,RUNEX,DSL,PM10,1.510570443134332e-05
2017,July,Placer (LT),LDT2,Dsl,RUNEX,DSL,PM2_5,1.4452238344273142e-05
2017,July,Placer (LT),LDT2,Dsl,PMTW,DSL,PM,1.9047356162730875e-05
2017,July,Placer (LT),LDT2,Dsl,PMTW,DSL,PM10,1.9047356162730875e-05
2017,July,Placer (LT),LDT2,Dsl,PMTW,DSL,PM2_5,4.761839040682719e-06
2017,July,Placer (LT),LDT2,Dsl,PMBW,DSL,PM,8.928448201280095e-05
2017,July,Placer (LT),LDT2,Dsl,PMBW,DSL,PM10,8.749879237254501e-05
2017,July,Placer (LT),LDT2,Dsl,PMBW,DSL,PM2_5,3.749948244537637e-05
2017,July,Placer (LT),MDV,Dsl,RUNEX,DSL,CO,0.0014811149033793034
2017,July,Placer (LT),MDV,Dsl,RUNEX,DSL,NOx,0.0009120385747170677
2017,July,Placer (LT),MDV,Dsl,RUNEX,DSL,SOx,2.6182832825297394e-05
2017,July,Placer (LT),MDV,Dsl,RUNEX,DSL,PM,5.018639005322164e-05
2017,July,Placer (LT),MDV,Dsl,RUNEX,DSL,TOG,0.00011395118477361785
2017,July,Placer (LT),MDV,Dsl,RUNEX,DSL,PM10,4.988527171290228e-05
2017,July,Placer (LT),MDV,Dsl,RUNEX,DSL,PM2_5,4.7727256940613756e-05
2017,July,Placer (LT),MDV,Dsl,PMTW,DSL,PM,5.72498648113805e-05
2017,July,Placer (LT),MDV,Dsl,PMTW,DSL,PM10,5.72498648113805e-05
2017,July,Placer (LT),MDV,Dsl,PMTW,DSL,PM2_5,1.4312466202845125e-05
2017,July,Placer (LT),MDV,Dsl,PMBW,DSL,PM,0.000268358741303346
2017,July,Placer (LT),MDV,Dsl,PMBW,DSL,PM10,0.0002629915664772794
2017,July,Placer (LT),MDV,Dsl,PMBW,DSL,PM2_5,0.00011271067134740541
2017,July,Placer (LT),LHD1,Dsl,RUNEX,DSL,CO,0.03808669704553542
2017,July,Placer (LT),LHD1,Dsl,RUNEX,DSL,NOx,0.1627574654885741
2017,July,Placer (LT),LHD1,Dsl,RUNEX,DSL,SOx,0.00020721902326392493
2017,July,Placer (LT),LHD1,Dsl,RUNEX,DSL,PM,0.0015952470715069797
2017,July,Placer (LT),LHD1,Dsl,RUNEX,DSL,TOG,0.009497726590412618
2017,July,Placer (LT),LHD1,Dsl,RUNEX,DSL,PM10,0.0015856755890779359
2017,July,Placer (LT),LHD1,Dsl,RUNEX,DSL,PM2_5,0.0015170799650031349
2017,July,Placer (LT),LHD1,Dsl,IDLEX,DSL,CO,0.0009262432359717075
2017,July,Placer (LT),LHD1,Dsl,IDLEX,DSL,NOx,0.002621730765715504
2017,July,Placer (LT),LHD1,Dsl,IDLEX,DSL,SOx,1.3703247356403544e-06
2017,July,Placer (LT),LHD1,Dsl,IDLEX,DSL,PM,2.9461762130852796e-05
2017,July,Placer (LT),LHD1,Dsl,IDLEX,DSL,TOG,0.00012722016070500035
2017,July,Placer (LT),LHD1,Dsl,IDLEX,DSL,PM10,2.92849915580677e-05
2017,July,Placer (LT),LHD1,Dsl,IDLEX,DSL,PM2_5,2.8018135786441033e-05
2017,July,Placer (LT),LHD1,Dsl,PMTW,DSL,PM,0.0004432025092528135
2017,July,Placer (LT),LHD1,Dsl,PMTW,DSL,PM10,0.0004432025092528135
2017,July,Placer (LT),LHD1,Dsl,PMTW,DSL,PM2_5,0.00011080062731320337
2017,July,Placer (LT),LHD1,Dsl,PMBW,DSL,PM,0.0028808163101432882
2017,July,Placer (LT),LHD1,Dsl,PMBW,DSL,PM10,0.002823199983940428
2017,July,Placer (LT),LHD1,Dsl,PMBW,DSL,PM2_5,0.0012099428502601818
2017,July,Placer (LT),LHD2,Dsl,RUNEX,DSL,CO,0.010804435318403532
2017,July,Placer (LT),LHD2,Dsl,RUNEX,DSL,NOx,0.03761894966589722
2017,July,Placer (LT),LHD2,Dsl,RUNEX,DSL,SOx,8.795543262590628e-05
2017,July,Placer (LT),LHD2,Dsl,RUNEX,DSL,PM,0.00042566824506461333
2017,July,Placer (LT),LHD2,Dsl,RUNEX,DSL,TOG,0.0028691297427037685
2017,July,Placer (LT),LHD2,Dsl,RUNEX,DSL,PM10,0.00042311423559422614
2017,July,Placer (LT),LHD2,Dsl,RUNEX,DSL,PM2_5,0.0004048105010564479
2017,July,Placer (LT),LHD2,Dsl,IDLEX,DSL,CO,0.0003153643167662816
2017,July,Placer (LT),LHD2,Dsl,IDLEX,DSL,NOx,0.0008872971829491324
2017,July,Placer (LT),LHD2,Dsl,IDLEX,DSL,SOx,7.40275632818006e-07
2017,July,Placer (LT),LHD2,Dsl,IDLEX,DSL,PM,9.88591382069915e-06
2017,July,Placer (LT),LHD2,Dsl,IDLEX,DSL,TOG,4.331551098188478e-05
2017,July,Placer (LT),LHD2,Dsl,IDLEX,DSL,PM10,9.826598337774958e-06
2017,July,Placer (LT),LHD2,Dsl,IDLEX,DSL,PM2_5,9.401504043484898e-06
2017,July,Placer (LT),LHD2,Dsl,PMTW,DSL,PM,0.00016894323141211656
2017,July,Placer (LT),LHD2,Dsl,PMTW,DSL,PM10,0.00016894323141211656
2017,July,Placer (LT),LHD2,Dsl,PMTW,DSL,PM2_5,4.223580785302914e-05
2017,July,Placer (LT),LHD2,Dsl,PMBW,DSL,PM,0.0012811528382085506
2017,July,Placer (LT),LHD2,Dsl,PMBW,DSL,PM10,0.00125552978144438
2017,July,Placer (LT),LHD2,Dsl,PMBW,DSL,PM2_5,0.0005380841920475911
2017,July,Placer (LT),LDT1,Elec,HOTSOAK,CAT,TOG,4.5614568713750984e-09
2017,July,Placer (LT),LDT1,Elec,RESTLOSS,CAT,TOG,6.678424031155343e-10
2017,July,Placer (LT),LDT1,Elec,DIURN,CAT,TOG,5.505846018699199e-09
2017,July,Placer (LT),LDT1,Elec,PMTW,CAT,PM,5.824328099247386e-08
2017,July,Placer (LT),LDT1,Elec,PMTW,CAT,PM10,5.824328099247386e-08
2017,July,Placer (LT),LDT1,Elec,PMTW,CAT,PM2_5,1.4560820248118465e-08
2017,July,Placer (LT),LDT1,Elec,PMBW,CAT,PM,2.7301537965222126e-07
2017,July,Placer (LT),LDT1,Elec,PMBW,CAT,PM10,2.675550720591768e-07
2017,July,Placer (LT),LDT1,Elec,PMBW,CAT,PM2_5,1.1466645945393292e-07
2017,July,Placer (LT),LDT2,Elec,HOTSOAK,CAT,TOG,3.2407166781086324e-07
2017,July,Placer (LT),LDT2,Elec,RESTLOSS,CAT,TOG,4.7840723591468085e-08
2017,July,Placer (LT),LDT2,Elec,DIURN,CAT,TOG,3.9440990312830666e-07
2017,July,Placer (LT),LDT2,Elec,PMTW,CAT,PM,3.839640792294243e-06
2017,July,Placer (LT),LDT2,Elec,PMTW,CAT,PM10,3.839640792294243e-06
2017,July,Placer (LT),LDT2,Elec,PMTW,CAT,PM2_5,9.599101980735608e-07
2017,July,Placer (LT),LDT2,Elec,PMBW,CAT,PM,1.799831621387927e-05
2017,July,Placer (LT),LDT2,Elec,PMBW,CAT,PM10,1.7638349889601677e-05
2017,July,Placer (LT),LDT2,Elec,PMBW,CAT,PM2_5,7.559292809829294e-06
2017,July,Placer (LT),MDV,Elec,HOTSOAK,CAT,TOG,1.177341935730781e-08
2017,July,Placer (LT),MDV,Elec,RESTLOSS,CAT,TOG,1.7237450442233549e-09
2017,July,Placer (LT),MDV,Elec,DIURN,CAT,TOG,1.4210949686205807e-08
2017,July,Placer (LT),MDV,Elec,PMTW,CAT,PM,1.4197379563742016e-07
2017,July,Placer (LT),MDV,Elec,PMTW,CAT,PM10,1.4197379563742016e-07
2017,July,Placer (LT),MDV,Elec,PMTW,CAT,PM2_5,3.549344890935504e-08
2017,July,Placer (LT),MDV,Elec,PMBW,CAT,PM,6.655021670504068e-07
2017,July,Placer (LT),MDV,Elec,PMBW,CAT,PM10,6.521921237093987e-07
2017,July,Placer (LT),MDV,Elec,PMBW,CAT,PM2_5,2.7951091016117085e-07
2017,July,Placer (LT),SBUS,Gas,RUNEX,CAT,CO,0.00025691470004466174
2017,July,Placer (LT),SBUS,Gas,RUNEX,CAT,NOx,4.241419434742322e-05
2017,July,Placer (LT),SBUS,Gas,RUNEX,CAT,SOx,4.899522362321166e-07
2017,July,Placer (LT),SBUS,Gas,RUNEX,CAT,PM,1.2033506963440384e-07
2017,July,Placer (LT),SBUS,Gas,RUNEX,CAT,TOG,1.4009493444197992e-05
2017,July,Placer (LT),SBUS,Gas,RUNEX,CAT,PM10,1.0757955225315695e-07
2017,July,Placer (LT),SBUS,Gas,RUNEX,CAT,PM2_5,9.891542723947983e-08
2017,July,Placer (LT),SBUS,Gas,IDLEX,CAT,CO,8.865470076227608e-05
2017,July,Placer (LT),SBUS,Gas,IDLEX,CAT,NOx,9.989344675262752e-07
2017,July,Placer (LT),SBUS,Gas,IDLEX,CAT,SOx,2.8729010381209407e-08
2017,July,Placer (LT),SBUS,Gas,IDLEX,CAT,TOG,1.6682303933908837e-05
2017,July,Placer (LT),SBUS,Gas,STREX,CAT,CO,6.330399836317848e-05
2017,July,Placer (LT),SBUS,Gas,STREX,CAT,NOx,2.430716293141659e-06
2017,July,Placer (LT),SBUS,Gas,STREX,CAT,SOx,2.573956566605828e-09
2017,July,Placer (LT),SBUS,Gas,STREX,CAT,PM,3.1281931500803783e-09
2017,July,Placer (LT),SBUS,Gas,STREX,CAT,TOG,2.2680284378350685e-06
2017,July,Placer (LT),SBUS,Gas,STREX,CAT,PM10,2.7966046761718563e-09
2017,July,Placer (LT),SBUS,Gas,STREX,CAT,PM2_5,2.571374769366069e-09
2017,July,Placer (LT),SBUS,Gas,HOTSOAK,CAT,TOG,4.3386174278963933e-07
2017,July,Placer (LT),SBUS,Gas,RUNLOSS,CAT,TOG,4.699147054689574e-06
2017,July,Placer (LT),SBUS,Gas,RESTLOSS,CAT,TOG,1.4083535990925476e-08
2017,July,Placer (LT),SBUS,Gas,DIURN,CAT,TOG,8.817916406451932e-08
2017,July,Placer (LT),SBUS,Gas,PMTW,CAT,PM,4.397597956376202e-07
2017,July,Placer (LT),SBUS,Gas,PMTW,CAT,PM10,4.397597956376202e-07
2017,July,Placer (LT),SBUS,Gas,PMTW,CAT,PM2_5,1.0993994890940505e-07
2017,July,Placer (LT),SBUS,Gas,PMBW,CAT,PM,4.17771800358742e-05
2017,July,Placer (LT),SBUS,Gas,PMBW,CAT,PM10,4.094163643515673e-05
2017,July,Placer (LT),SBUS,Gas,PMBW,CAT,PM2_5,1.7546415615067167e-05
2017,July,Placer (LT),OBUS,Gas,RUNEX,CAT,CO,0.0073067007149586385
2017,July,Placer (LT),OBUS,Gas,RUNEX,CAT,NOx,0.002053625886143287
2017,July,Placer (LT),OBUS,Gas,RUNEX,CAT,SOx,3.8485778332371876e-05
2017,July,Placer (LT),OBUS,Gas,RUNEX,CAT,PM,1.8021442404560174e-06
2017,July,Placer (LT),OBUS,Gas,RUNEX,CAT,TOG,0.00045285591737085344
2017,July,Placer (LT),OBUS,Gas,RUNEX,CAT,PM10,1.6111169509676807e-06
2017,July,Placer (LT),OBUS,Gas,RUNEX,CAT,PM2_5,1.481362565654847e-06
2017,July,Placer (LT),OBUS,Gas,IDLEX,CAT,CO,0.00018278020145903902
2017,July,Placer (LT),OBUS,Gas,IDLEX,CAT,NOx,2.059207872009687e-06
2017,July,Placer (LT),OBUS,Gas,IDLEX,CAT,SOx,1.2337262890128004e-07
2017,July,Placer (LT),OBUS,Gas,IDLEX,CAT,TOG,3.444132388658797e-05
2017,July,Placer (LT),OBUS,Gas,STREX,CAT,CO,0.0027539695866614974
2017,July,Placer (LT),OBUS,Gas,STREX,CAT,NOx,0.00022161692646175744
2017,July,Placer (LT),OBUS,Gas,STREX,CAT,SOx,1.827670846022974e-07
2017,July,Placer (LT),OBUS,Gas,STREX,CAT,PM,1.3668144914240058e-07
2017,July,Placer (LT),OBUS,Gas,STREX,CAT,TOG,0.00013863826337699145
2017,July,Placer (LT),OBUS,Gas,STREX,CAT,PM10,1.2219321553330605e-07
2017,July,Placer (LT),OBUS,Gas,STREX,CAT,PM2_5,1.1235215119505326e-07
2017,July,Placer (LT),OBUS,Gas,HOTSOAK,CAT,TOG,2.0534620446854562e-05
2017,July,Placer (LT),OBUS,Gas,RUNLOSS,CAT,TOG,0.0002766963106639647
2017,July,Placer (LT),OBUS,Gas,RESTLOSS,CAT,TOG,4.2170942662764577e-07
2017,July,Placer (LT),OBUS,Gas,DIURN,CAT,TOG,2.110434648954716e-06
2017,July,Placer (LT),OBUS,Gas,PMTW,CAT,PM,2.4670120497315606e-05
2017,July,Placer (LT),OBUS,Gas,PMTW,CAT,PM10,2.4670120497315606e-05
2017,July,Placer (LT),OBUS,Gas,PMTW,CAT,PM2_5,6.1675301243289014e-06
2017,July,Placer (LT),OBUS,Gas,PMBW,CAT,PM,0.0002734271688452481
2017,July,Placer (LT),OBUS,Gas,PMBW,CAT,PM10,0.0002679586254683432
2017,July,Placer (LT),OBUS,Gas,PMBW,CAT,PM2_5,0.00011483941091500422
2017,July,Placer (LT),MCY,Gas,RUNEX,CAT,CO,0.05400174477459678
2017,July,Placer (LT),MCY,Gas,RUNEX,CAT,NOx,0.0046465047153714184
2017,July,Placer (LT),MCY,Gas,RUNEX,CAT,SOx,9.103416226232497e-06
2017,July,Placer (LT),MCY,Gas,RUNEX,CAT,PM,5.836512092611727e-06
2017,July,Placer (LT),MCY,Gas,RUNEX,CAT,TOG,0.009582692726865637
2017,July,Placer (LT),MCY,Gas,RUNEX,CAT,PM10,5.39757961829496e-06
2017,July,Placer (LT),MCY,Gas,RUNEX,CAT,PM2_5,5.052465055238888e-06
2017,July,Placer (LT),MCY,Gas,RUNEX,NCAT,CO,0.16442179659747125
2017,July,Placer (LT),MCY,Gas,RUNEX,NCAT,NOx,0.007242270282976756
2017,July,Placer (LT),MCY,Gas,RUNEX,NCAT,SOx,1.1531446373993405e-05
2017,July,Placer (LT),MCY,Gas,RUNEX,NCAT,PM,1.706413496747233e-05
2017,July,Placer (LT),MCY,Gas,RUNEX,NCAT,TOG,0.018885569459728285
2017,July,Placer (LT),MCY,Gas,RUNEX,NCAT,PM10,1.6218895896240846e-05
2017,July,Placer (LT),MCY,Gas,RUNEX,NCAT,PM2_5,1.5392959650060095e-05
2017,July,Placer (LT),MCY,Gas,STREX,CAT,CO,0.004741658476653747
2017,July,Placer (LT),MCY,Gas,STREX,CAT,NOx,0.00018533260582024485
2017,July,Placer (LT),MCY,Gas,STREX,CAT,SOx,4.291753745706284e-07
2017,July,Placer (LT),MCY,Gas,STREX,CAT,PM,1.4702746793417766e-06
2017,July,Placer (LT),MCY,Gas,STREX,CAT,TOG,0.0012950022882083879
2017,July,Placer (LT),MCY,Gas,STREX,CAT,PM10,1.3679218815350895e-06
2017,July,Placer (LT),MCY,Gas,STREX,CAT,PM2_5,1.2844187749165005e-06
2017,July,Placer (LT),MCY,Gas,STREX,NCAT,CO,0.015945043761957916
2017,July,Placer (LT),MCY,Gas,STREX,NCAT,NOx,0.00043871770477958233
2017,July,Placer (LT),MCY,Gas,STREX,NCAT,SOx,1.1117945179590795e-06
2017,July,Placer (LT),MCY,Gas,STREX,NCAT,PM,1.398704177443443e-05
2017,July,Placer (LT),MCY,Gas,STREX,NCAT,TOG,0.004099132368621666
2017,July,Placer (LT),MCY,Gas,STREX,NCAT,PM10,1.3388050827027955e-05
2017,July,Placer (LT),MCY,Gas,STREX,NCAT,PM2_5,1.275026431865881e-05
2017,July,Placer (LT),MCY,Gas,HOTSOAK,CAT,TOG,0.00027303123629272206
2017,July,Placer (LT),MCY,Gas,HOTSOAK,NCAT,TOG,0.0020978382906598485
2017,July,Placer (LT),MCY,Gas,RUNLOSS,CAT,TOG,0.0006579427253806565
2017,July,Placer (LT),MCY,Gas,RUNLOSS,NCAT,TOG,0.008073023937385949
2017,July,Placer (LT),MCY,Gas,RESTLOSS,CAT,TOG,0.00016783912416887747
2017,July,Placer (LT),MCY,Gas,RESTLOSS,NCAT,TOG,0.0008793480167272156
2017,July,Placer (LT),MCY,Gas,DIURN,CAT,TOG,0.0006954754148171144
2017,July,Placer (LT),MCY,Gas,DIURN,NCAT,TOG,0.0032026689715153552
2017,July,Placer (LT),MCY,Gas,PMTW,CAT,PM,1.8786022833625256e-05
2017,July,Placer (LT),MCY,Gas,PMTW,CAT,PM10,1.8786022833625256e-05
2017,July,Placer (LT),MCY,Gas,PMTW,CAT,PM2_5,4.696505708406314e-06
2017,July,Placer (LT),MCY,Gas,PMTW,NCAT,PM,2.3571366528162485e-05
2017,July,Placer (LT),MCY,Gas,PMTW,NCAT,PM10,2.3571366528162485e-05
2017,July,Placer (LT),MCY,Gas,PMTW,NCAT,PM2_5,5.892841632040621e-06
2017,July,Placer (LT),MCY,Gas,PMBW,CAT,PM,5.6358068500875767e-05
2017,July,Placer (LT),MCY,Gas,PMBW,CAT,PM10,5.523090713085827e-05
2017,July,Placer (LT),MCY,Gas,PMBW,CAT,PM2_5,2.367038877036782e-05
2017,July,Placer (LT),MCY,Gas,PMBW,NCAT,PM,7.071409958448741e-05
2017,July,Placer (LT),MCY,Gas,PMBW,NCAT,PM10,6.92998175927977e-05
2017,July,Placer (LT),MCY,Gas,PMBW,NCAT,PM2_5,2.96999218254847e-05
2017,July,Placer (LT),MH,Gas,RUNEX,CAT,CO,0.026458179050784653
2017,July,Placer (LT),MH,Gas,RUNEX,CAT,NOx,0.0017858422063560247
2017,July,Placer (LT),MH,Gas,RUNEX,CAT,SOx,2.8838326317395218e-05
2017,July,Placer (LT),MH,Gas,RUNEX,CAT,PM,6.458718920222588e-06
2017,July,Placer (LT),MH,Gas,RUNEX,CAT,TOG,0.0008861000741367905
2017,July,Placer (LT),MH,Gas,RUNEX,CAT,PM10,5.774094714678982e-06
2017,July,Placer (LT),MH,Gas,RUNEX,CAT,PM2_5,5.30906695242296e-06
2017,July,Placer (LT),MH,Gas,RUNEX,NCAT,CO,0.0075656643403636155
2017,July,Placer (LT),MH,Gas,RUNEX,NCAT,NOx,7.092145872058804e-05
2017,July,Placer (LT),MH,Gas,RUNEX,NCAT,SOx,6.573599306548872e-07
2017,July,Placer (LT),MH,Gas,RUNEX,NCAT,PM,1.1849868128621778e-06
2017,July,Placer (LT),MH,Gas,RUNEX,NCAT,TOG,0.0002452946587500696
2017,July,Placer (LT),MH,Gas,RUNEX,NCAT,PM10,1.1387723271605522e-06
2017,July,Placer (LT),MH,Gas,RUNEX,NCAT,PM2_5,1.0866329073946167e-06
2017,July,Placer (LT),MH,Gas,STREX,CAT,CO,9.665666612974307e-05
2017,July,Placer (LT),MH,Gas,STREX,CAT,NOx,5.336095332426923e-06
2017,July,Placer (LT),MH,Gas,STREX,CAT,SOx,5.8743644876525035e-09
2017,July,Placer (LT),MH,Gas,STREX,CAT,PM,1.6143089558856685e-08
2017,July,Placer (LT),MH,Gas,STREX,CAT,TOG,4.354769554824454e-06
2017,July,Placer (LT),MH,Gas,STREX,CAT,PM10,1.443192206561784e-08
2017,July,Placer (LT),MH,Gas,STREX,CAT,PM2_5,1.3269619617380183e-08
2017,July,Placer (LT),MH,Gas,STREX,NCAT,CO,7.969806426214019e-08
2017,July,Placer (LT),MH,Gas,STREX,NCAT,NOx,3.109382289809608e-07
2017,July,Placer (LT),MH,Gas,STREX,NCAT,SOx,7.455915013750124e-10
2017,July,Placer (LT),MH,Gas,STREX,NCAT,PM,8.921135765492159e-09
2017,July,Placer (LT),MH,Gas,STREX,NCAT,TOG,1.7343953503433733e-06
2017,July,Placer (LT),MH,Gas,STREX,NCAT,PM10,8.573211470637965e-09
2017,July,Placer (LT),MH,Gas,STREX,NCAT,PM2_5,8.180681496956313e-09
2017,July,Placer (LT),MH,Gas,HOTSOAK,CAT,TOG,3.014147584912247e-06
2017,July,Placer (LT),MH,Gas,HOTSOAK,NCAT,TOG,2.695303479737082e-07
2017,July,Placer (LT),MH,Gas,RUNLOSS,CAT,TOG,9.28965152946088e-05
2017,July,Placer (LT),MH,Gas,RUNLOSS,NCAT,TOG,2.0168492076922904e-06
2017,July,Placer (LT),MH,Gas,RESTLOSS,CAT,TOG,1.0495179908470302e-05
2017,July,Placer (LT),MH,Gas,RESTLOSS,NCAT,TOG,8.859994934578627e-07
2017,July,Placer (LT),MH,Gas,DIURN,CAT,TOG,7.09743953940533e-05
2017,July,Placer (LT),MH,Gas,DIURN,NCAT,TOG,5.155253778690359e-06
2017,July,Placer (LT),MH,Gas,PMTW,CAT,PM,1.8379723960719164e-05
2017,July,Placer (LT),MH,Gas,PMTW,CAT,PM10,1.8379723960719164e-05
2017,July,Placer (LT),MH,Gas,PMTW,CAT,PM2_5,4.594930990179791e-06
2017,July,Placer (LT),MH,Gas,PMTW,NCAT,PM,3.413081394857681e-07
2017,July,Placer (LT),MH,Gas,PMTW,NCAT,PM10,3.413081394857681e-07
2017,July,Placer (LT),MH,Gas,PMTW,NCAT,PM2_5,8.532703487144203e-08
2017,July,Placer (LT),MH,Gas,PMBW,CAT,PM,0.00020370860723130399
2017,July,Placer (LT),MH,Gas,PMBW,CAT,PM10,0.00019963443508667797
2017,July,Placer (LT),MH,Gas,PMBW,CAT,PM2_5,8.55576150371476e-05
2017,July,Placer (LT),MH,Gas,PMBW,NCAT,PM,3.782831879300597e-06
2017,July,Placer (LT),MH,Gas,PMBW,NCAT,PM10,3.7071752417145847e-06
2017,July,Placer (LT),MH,Gas,PMBW,NCAT,PM2_5,1.588789389306251e-06
2017,July,Placer (LT),MH,Dsl,RUNEX,DSL,CO,0.0002974765975831853
2017,July,Placer (LT),MH,Dsl,RUNEX,DSL,NOx,0.0031325482937133134
2017,July,Placer (LT),MH,Dsl,RUNEX,DSL,SOx,5.5931234555101314e-06
2017,July,Placer (LT),MH,Dsl,RUNEX,DSL,PM,9.567315038967976e-05
2017,July,Placer (LT),MH,Dsl,RUNEX,DSL,TOG,8.942810556472462e-05
2017,July,Placer (LT),MH,Dsl,RUNEX,DSL,PM10,9.509911148734181e-05
2017,July,Placer (LT),MH,Dsl,RUNEX,DSL,PM2_5,9.098516602058553e-05
2017,July,Placer (LT),MH,Dsl,PMTW,DSL,PM,8.803548677446588e-06
2017,July,Placer (LT),MH,Dsl,PMTW,DSL,PM10,8.803548677446588e-06
2017,July,Placer (LT),MH,Dsl,PMTW,DSL,PM2_5,2.200887169361647e-06
2017,July,Placer (LT),MH,Dsl,PMBW,DSL,PM,7.31794983812748e-05
2017,July,Placer (LT),MH,Dsl,PMBW,DSL,PM10,7.171590841364929e-05
2017,July,Placer (LT),MH,Dsl,PMBW,DSL,PM2_5,3.073538932013542e-05
2017,July,Placer (LT),SBUS,Dsl,RUNEX,DSL,CO,7.648688741170191e-05
2017,July,Placer (LT),SBUS,Dsl,RUNEX,DSL,NOx,0.0023466402489362758
2017,July,Placer (LT),SBUS,Dsl,RUNEX,DSL,PM,1.3448663388877969e-05
2017,July,Placer (LT),SBUS,Dsl,RUNEX,DSL,PM10,1.3367971408544703e-05
2017,July,Placer (LT),SBUS,Dsl,RUNEX,DSL,PM2_5,1.278967888282295e-05
2017,July,Placer (LT),SBUS,Dsl,IDLEX,DSL,CO,5.1154163136299186e-05
2017,July,Placer (LT),SBUS,Dsl,IDLEX,DSL,NOx,0.0005579007640166376
2017,July,Placer (LT),SBUS,Dsl,IDLEX,DSL,PM,4.7517215427194646e-07
2017,July,Placer (LT),SBUS,Dsl,IDLEX,DSL,PM10,4.723211213463149e-07
2017,July,Placer (LT),SBUS,Dsl,IDLEX,DSL,PM2_5,4.5188871871262117e-07
2017,July,Placer (LT),SBUS,Dsl,STREX,DSL,NOx,8.786327761263783e-05
2017,July,Placer (LT),SBUS,Dsl,PMTW,DSL,PM,4.055730296440546e-06
2017,July,Placer (LT),SBUS,Dsl,PMTW,DSL,PM10,4.055730296440546e-06
2017,July,Placer (LT),SBUS,Dsl,PMTW,DSL,PM2_5,1.0139325741101365e-06
2017,July,Placer (LT),SBUS,Dsl,PMBW,DSL,PM,0.00025686291877456783
2017,July,Placer (LT),SBUS,Dsl,PMBW,DSL,PM10,0.0002517256603990765
2017,July,Placer (LT),SBUS,Dsl,PMBW,DSL,PM2_5,0.00010788242588531856
2017,July,Placer (LT),SBUS,Dsl,RUNEX,DSL,SOx,3.6445970977223723e-06
2017,July,Placer (LT),SBUS,Dsl,IDLEX,DSL,SOx,3.8626245804492656e-07
2017,July,Placer (LT),SBUS,Dsl,RUNEX,DSL,TOG,3.0404525514520953e-05
2017,July,Placer (LT),SBUS,Dsl,IDLEX,DSL,TOG,2.7319880117283684e-06
2017,     ,Placer (LT),LDA,Dsl,RUNEX,DSL,NH3,1.59414e-05
2017,     ,Placer (LT),LDA,Gas,RUNEX,CAT,NH3,0.010826347
2017,     ,Placer (LT),LDT1,Dsl,RUNEX,DSL,NH3,1.47e-09
2017,     ,Placer (LT),LDT1,Gas,RUNEX,CAT,NH3,0.002425254
2017,     ,Placer (LT),LDT2,Dsl,RUNEX,DSL,NH3,7.37424e-06
2017,     ,Placer (LT),LDT2,Gas,RUNEX,CAT,NH3,0.008744525
2017,     ,Placer (LT),LHD1,Dsl,RUNEX,DSL,NH3,0.00314873
2017,     ,Placer (LT),LHD1,Gas,RUNEX,CAT,NH3,0.001536971
2017,     ,Placer (LT),LHD2,Dsl,RUNEX,DSL,NH3,0.001888635
2017,     ,Placer (LT),LHD2,Gas,RUNEX,CAT,NH3,0.000197446
2017,     ,Placer (LT),MCY,Gas,RUNEX,CAT,NH3,0.000162552
2017,     ,Placer (LT),MDV,Dsl,RUNEX,DSL,NH3,2.21645e-05
2017,     ,Placer (LT),MDV,Gas,RUNEX,CAT,NH3,0.006360875
2017,     ,Placer (LT),MH,Dsl,RUNEX,DSL,NH3,1.4863e-05
2017,     ,Placer (LT),MH,Gas,RUNEX,CAT,NH3,6.48238e-05
2017,     ,Placer (LT),OBUS,Gas,RUNEX,CAT,NH3,9.25572e-05
2017,     ,Placer (LT),SBUS,Gas,RUNEX,CAT,NH3,2.47483e-06
2017,     ,Placer (LT),T6TS,Gas,RUNEX,CAT,NH3,0.000122411
2017,     ,Placer (LT),T7IS,Gas,RUNEX,CAT,NH3,6.18973e-08
