calendar_year,season_month,sub_area,vehicle_class,fuel,process,cat_ncat,pollutant,emission
2017,July,Placer (MC),LDA,Gas,RUNEX,CAT,CO,0.9775394133515447
2017,July,Placer (MC),LDA,Gas,RUNEX,CAT,NOx,0.0645472323212135
2017,July,Placer (MC),LDA,Gas,RUNEX,CAT,SOx,0.002376077142024203
2017,July,Placer (MC),LDA,Gas,RUNEX,CAT,PM,0.001340846413702992
2017,July,Placer (MC),LDA,Gas,RUNEX,CAT,TOG,0.028788700805939645
2017,July,Placer (MC),LDA,Gas,RUNEX,CAT,PM10,0.0011988274450488473
2017,July,Placer (MC),LDA,Gas,RUNEX,CAT,PM2_5,0.0011023327873451328
2017,July,Placer (MC),LDA,Gas,RUNEX,NCAT,CO,0.017493320195048827
2017,July,Placer (MC),LDA,Gas,RUNEX,NCAT,NOx,0.0015954297070159347
2017,July,Placer (MC),LDA,Gas,RUNEX,NCAT,SOx,1.7242762904642087e-06
2017,July,Placer (MC),LDA,Gas,RUNEX,NCAT,PM,1.6709375328941082e-05
2017,July,Placer (MC),LDA,Gas,RUNEX,NCAT,TOG,0.0016758083712114513
2017,July,Placer (MC),LDA,Gas,RUNEX,NCAT,PM10,1.5946958492739923e-05
2017,July,Placer (MC),LDA,Gas,RUNEX,NCAT,PM2_5,1.5165461895364604e-05
2017,July,Placer (MC),LDA,Gas,STREX,CAT,CO,0.19209018431542402
2017,July,Placer (MC),LDA,Gas,STREX,CAT,NOx,0.023378193907761767
2017,July,Placer (MC),LDA,Gas,STREX,CAT,SOx,5.443054153264111e-05
2017,July,Placer (MC),LDA,Gas,STREX,CAT,PM,0.00021718886126972508
2017,July,Placer (MC),LDA,Gas,STREX,CAT,TOG,0.035400206318686074
2017,July,Placer (MC),LDA,Gas,STREX,CAT,PM10,0.00019421825684864488
2017,July,Placer (MC),LDA,Gas,STREX,CAT,PM2_5,0.00017860214565003523
2017,July,Placer (MC),LDA,Gas,STREX,NCAT,CO,0.00362453825334692
2017,July,Placer (MC),LDA,Gas,STREX,NCAT,NOx,0.00020824075826163688
2017,July,Placer (MC),LDA,Gas,STREX,NCAT,SOx,3.25844969647884e-07
2017,July,Placer (MC),LDA,Gas,STREX,NCAT,PM,8.717915919256197e-06
2017,July,Placer (MC),LDA,Gas,STREX,NCAT,TOG,0.0005725211318687656
2017,July,Placer (MC),LDA,Gas,STREX,NCAT,PM10,8.326502324894635e-06
2017,July,Placer (MC),LDA,Gas,STREX,NCAT,PM2_5,7.921427211636978e-06
2017,July,Placer (MC),LDA,Gas,HOTSOAK,CAT,TOG,0.015604418774282059
2017,July,Placer (MC),LDA,Gas,HOTSOAK,NCAT,TOG,0.0005557099006019662
2017,July,Placer (MC),LDA,Gas,RUNLOSS,CAT,TOG,0.024980415772548156
2017,July,Placer (MC),LDA,Gas,RUNLOSS,NCAT,TOG,0.0021287249477796766
2017,July,Placer (MC),LDA,Gas,RESTLOSS,CAT,TOG,0.008851966871355851
2017,July,Placer (MC),LDA,Gas,RESTLOSS,NCAT,TOG,0.0003981507576751744
2017,July,Placer (MC),LDA,Gas,DIURN,CAT,TOG,0.015447047011475964
2017,July,Placer (MC),LDA,Gas,DIURN,NCAT,TOG,0.0007005936689330576
2017,July,Placer (MC),LDA,Gas,PMTW,CAT,PM,0.00606914886719581
2017,July,Placer (MC),LDA,Gas,PMTW,CAT,PM10,0.00606914886719581
2017,July,Placer (MC),LDA,Gas,PMTW,CAT,PM2_5,0.0015172872167989525
2017,July,Placer (MC),LDA,Gas,PMTW,NCAT,PM,2.2680019046724652e-06
2017,July,Placer (MC),LDA,Gas,PMTW,NCAT,PM10,2.2680019046724652e-06
2017,July,Placer (MC),LDA,Gas,PMTW,NCAT,PM2_5,5.670004761681163e-07
2017,July,Placer (MC),LDA,Gas,PMBW,CAT,PM,0.028449135314980337
2017,July,Placer (MC),LDA,Gas,PMBW,CAT,PM10,0.02788015260868071
2017,July,Placer (MC),LDA,Gas,PMBW,CAT,PM2_5,0.01194863683229174
2017,July,Placer (MC),LDA,Gas,PMBW,NCAT,PM,1.0631258928152184e-05
2017,July,Placer (MC),LDA,Gas,PMBW,NCAT,PM10,1.0418633749589138e-05
2017,July,Placer (MC),LDA,Gas,PMBW,NCAT,PM2_5,4.46512874982392e-06
2017,July,Placer (MC),LDA,Dsl,RUNEX,DSL,CO,0.0025553707746836163
2017,July,Placer (MC),LDA,Dsl,RUNEX,DSL,NOx,0.0021705233010769257
2017,July,Placer (MC),LDA,Dsl,RUNEX,DSL,SOx,1.630976124380799e-05
2017,July,Placer (MC),LDA,Dsl,RUNEX,DSL,PM,0.00015790354795578468
2017,July,Placer (MC),LDA,Dsl,RUNEX,DSL,TOG,0.0002851879440851808
2017,July,Placer (MC),LDA,Dsl,RUNEX,DSL,PM10,0.0001569561266680497
2017,July,Placer (MC),LDA,Dsl,RUNEX,DSL,PM2_5,0.00015016627410595107
2017,July,Placer (MC),LDA,Dsl,PMTW,DSL,PM,5.9541513247382885e-05
2017,July,Placer (MC),LDA,Dsl,PMTW,DSL,PM10,5.9541513247382885e-05
2017,July,Placer (MC),LDA,Dsl,PMTW,DSL,PM2_5,1.4885378311845721e-05
2017,July,Placer (MC),LDA,Dsl,PMBW,DSL,PM,0.00027910084334710716
2017,July,Placer (MC),LDA,Dsl,PMBW,DSL,PM10,0.00027351882648016495
2017,July,Placer (MC),LDA,Dsl,PMBW,DSL,PM2_5,0.00011722235420578499
2017,July,Placer (MC),LDA,Elec,HOTSOAK,CAT,TOG,3.919187084820037e-06
2017,July,Placer (MC),LDA,Elec,RESTLOSS,CAT,TOG,2.3333652242122584e-06
2017,July,Placer (MC),LDA,Elec,DIURN,CAT,TOG,7.918484386833428e-06
2017,July,Placer (MC),LDA,Elec,PMTW,CAT,PM,4.681102125244411e-05
2017,July,Placer (MC),LDA,Elec,PMTW,CAT,PM10,4.681102125244411e-05
2017,July,Placer (MC),LDA,Elec,PMTW,CAT,PM2_5,1.1702755313111027e-05
2017,July,Placer (MC),LDA,Elec,PMBW,CAT,PM,0.0002194266621208319
2017,July,Placer (MC),LDA,Elec,PMBW,CAT,PM10,0.00021503812887841518
2017,July,Placer (MC),LDA,Elec,PMBW,CAT,PM2_5,9.215919809074935e-05
2017,July,Placer (MC),LDT1,Gas,RUNEX,CAT,CO,0.2189482038369725
2017,July,Placer (MC),LDT1,Gas,RUNEX,CAT,NOx,0.018455277089345273
2017,July,Placer (MC),LDT1,Gas,RUNEX,CAT,SOx,0.0003118677243614205
2017,July,Placer (MC),LDT1,Gas,RUNEX,CAT,PM,0.0002746290378510119
2017,July,Placer (MC),LDT1,Gas,RUNEX,CAT,TOG,0.007609971452989829
2017,July,Placer (MC),LDT1,Gas,RUNEX,CAT,PM10,0.00024561197428803693
2017,July,Placer (MC),LDT1,Gas,RUNEX,CAT,PM2_5,0.00022587780601915908
2017,July,Placer (MC),LDT1,Gas,RUNEX,NCAT,CO,0.01258941866377215
2017,July,Placer (MC),LDT1,Gas,RUNEX,NCAT,NOx,0.00116312811967344
2017,July,Placer (MC),LDT1,Gas,RUNEX,NCAT,SOx,1.241897320078579e-06
2017,July,Placer (MC),LDT1,Gas,RUNEX,NCAT,PM,1.2298442363556477e-05
2017,July,Placer (MC),LDT1,Gas,RUNEX,NCAT,TOG,0.0012425431183799625
2017,July,Placer (MC),LDT1,Gas,RUNEX,NCAT,PM10,1.1725188662145528e-05
2017,July,Placer (MC),LDT1,Gas,RUNEX,NCAT,PM2_5,1.1144934741753481e-05
2017,July,Placer (MC),LDT1,Gas,STREX,CAT,CO,0.026010815723665204
2017,July,Placer (MC),LDT1,Gas,STREX,CAT,NOx,0.004223144691038939
2017,July,Placer (MC),LDT1,Gas,STREX,CAT,SOx,7.71122904858997e-06
2017,July,Placer (MC),LDT1,Gas,STREX,CAT,PM,4.456200408992062e-05
2017,July,Placer (MC),LDT1,Gas,STREX,CAT,TOG,0.006952068337759821
2017,July,Placer (MC),LDT1,Gas,STREX,CAT,PM10,3.987254218219854e-05
2017,July,Placer (MC),LDT1,Gas,STREX,CAT,PM2_5,3.66783330328387e-05
2017,July,Placer (MC),LDT1,Gas,STREX,NCAT,CO,0.0020343489547556995
2017,July,Placer (MC),LDT1,Gas,STREX,NCAT,NOx,0.00010977854747033333
2017,July,Placer (MC),LDT1,Gas,STREX,NCAT,SOx,1.730762063400806e-07
2017,July,Placer (MC),LDT1,Gas,STREX,NCAT,PM,4.636021094100576e-06
2017,July,Placer (MC),LDT1,Gas,STREX,NCAT,TOG,0.0003153766222618841
2017,July,Placer (MC),LDT1,Gas,STREX,NCAT,PM10,4.421105745621112e-06
2017,July,Placer (MC),LDT1,Gas,STREX,NCAT,PM2_5,4.202865672366249e-06
2017,July,Placer (MC),LDT1,Gas,HOTSOAK,CAT,TOG,0.004038932650062313
2017,July,Placer (MC),LDT1,Gas,HOTSOAK,NCAT,TOG,0.00028358260191210875
2017,July,Placer (MC),LDT1,Gas,RUNLOSS,CAT,TOG,0.012377359933899365
2017,July,Placer (MC),LDT1,Gas,RUNLOSS,NCAT,TOG,0.0004960244232609364
2017,July,Placer (MC),LDT1,Gas,RESTLOSS,CAT,TOG,0.0024132528821072126
2017,July,Placer (MC),LDT1,Gas,RESTLOSS,NCAT,TOG,0.00020523224012258725
2017,July,Placer (MC),LDT1,Gas,DIURN,CAT,TOG,0.00467006010678278
2017,July,Placer (MC),LDT1,Gas,DIURN,NCAT,TOG,0.00035946499331217187
2017,July,Placer (MC),LDT1,Gas,PMTW,CAT,PM,0.0006894228201218844
2017,July,Placer (MC),LDT1,Gas,PMTW,CAT,PM10,0.0006894228201218844
2017,July,Placer (MC),LDT1,Gas,PMTW,CAT,PM2_5,0.0001723557050304711
2017,July,Placer (MC),LDT1,Gas,PMTW,NCAT,PM,1.6690506284113688e-06
2017,July,Placer (MC),LDT1,Gas,PMTW,NCAT,PM10,1.6690506284113688e-06
2017,July,Placer (MC),LDT1,Gas,PMTW,NCAT,PM2_5,4.172626571028422e-07
2017,July,Placer (MC),LDT1,Gas,PMBW,CAT,PM,0.0032316694693213304
2017,July,Placer (MC),LDT1,Gas,PMBW,CAT,PM10,0.0031670360799349057
2017,July,Placer (MC),LDT1,Gas,PMBW,CAT,PM2_5,0.0013573011771149596
2017,July,Placer (MC),LDT1,Gas,PMBW,NCAT,PM,7.823674820678283e-06
2017,July,Placer (MC),LDT1,Gas,PMBW,NCAT,PM10,7.667201324264717e-06
2017,July,Placer (MC),LDT1,Gas,PMBW,NCAT,PM2_5,3.2859434246848775e-06
2017,July,Placer (MC),LDT2,Gas,RUNEX,CAT,CO,0.5807059612237491
2017,July,Placer (MC),LDT2,Gas,RUNEX,CAT,NOx,0.05891917642211917
2017,July,Placer (MC),LDT2,Gas,RUNEX,CAT,SOx,0.0012471927223311177
2017,July,Placer (MC),LDT2,Gas,RUNEX,CAT,PM,0.0006098178391464406
2017,July,Placer (MC),LDT2,Gas,RUNEX,CAT,TOG,0.018446171564368053
2017,July,Placer (MC),LDT2,Gas,RUNEX,CAT,PM10,0.0005453126426913741
2017,July,Placer (MC),LDT2,Gas,RUNEX,CAT,PM2_5,0.0005014623828376762
2017,July,Placer (MC),LDT2,Gas,RUNEX,NCAT,CO,0.015280549515168093
2017,July,Placer (MC),LDT2,Gas,RUNEX,NCAT,NOx,0.0014083014597518323
2017,July,Placer (MC),LDT2,Gas,RUNEX,NCAT,SOx,1.519091971107971e-06
2017,July,Placer (MC),LDT2,Gas,RUNEX,NCAT,PM,1.5010709064852227e-05
2017,July,Placer (MC),LDT2,Gas,RUNEX,NCAT,TOG,0.001496597421309267
2017,July,Placer (MC),LDT2,Gas,RUNEX,NCAT,PM10,1.4289796916867811e-05
2017,July,Placer (MC),LDT2,Gas,RUNEX,NCAT,PM2_5,1.3572701153167376e-05
2017,July,Placer (MC),LDT2,Gas,STREX,CAT,CO,0.10560367524991655
2017,July,Placer (MC),LDT2,Gas,STREX,CAT,NOx,0.01805233570991181
2017,July,Placer (MC),LDT2,Gas,STREX,CAT,SOx,3.0330453243226614e-05
2017,July,Placer (MC),LDT2,Gas,STREX,CAT,PM,9.921257875893673e-05
2017,July,Placer (MC),LDT2,Gas,STREX,CAT,TOG,0.02114672360871088
2017,July,Placer (MC),LDT2,Gas,STREX,CAT,PM10,8.874063389425242e-05
2017,July,Placer (MC),LDT2,Gas,STREX,CAT,PM2_5,8.161596221682336e-05
2017,July,Placer (MC),LDT2,Gas,STREX,NCAT,CO,0.0022232429998553915
2017,July,Placer (MC),LDT2,Gas,STREX,NCAT,NOx,0.00011545911316471289
2017,July,Placer (MC),LDT2,Gas,STREX,NCAT,SOx,1.8493633591336908e-07
2017,July,Placer (MC),LDT2,Gas,STREX,NCAT,PM,4.980525858268854e-06
2017,July,Placer (MC),LDT2,Gas,STREX,NCAT,TOG,0.000332397480349077
2017,July,Placer (MC),LDT2,Gas,STREX,NCAT,PM10,4.74169686603333e-06
2017,July,Placer (MC),LDT2,Gas,STREX,NCAT,PM2_5,4.503919735055086e-06
2017,July,Placer (MC),LDT2,Gas,HOTSOAK,CAT,TOG,0.008567215235446204
2017,July,Placer (MC),LDT2,Gas,HOTSOAK,NCAT,TOG,0.0002982363771527647
2017,July,Placer (MC),LDT2,Gas,RUNLOSS,CAT,TOG,0.024833411102168718
2017,July,Placer (MC),LDT2,Gas,RUNLOSS,NCAT,TOG,0.0004936422071236721
2017,July,Placer (MC),LDT2,Gas,RESTLOSS,CAT,TOG,0.005302325466912301
2017,July,Placer (MC),LDT2,Gas,RESTLOSS,NCAT,TOG,0.00022495037527797882
2017,July,Placer (MC),LDT2,Gas,DIURN,CAT,TOG,0.009121761798929137
2017,July,Placer (MC),LDT2,Gas,DIURN,NCAT,TOG,0.00038947746164620894
2017,July,Placer (MC),LDT2,Gas,PMTW,CAT,PM,0.0024491036743556
2017,July,Placer (MC),LDT2,Gas,PMTW,CAT,PM10,0.0024491036743556
2017,July,Placer (MC),LDT2,Gas,PMTW,CAT,PM2_5,0.0006122759185889
2017,July,Placer (MC),LDT2,Gas,PMTW,NCAT,PM,2.0370567662173428e-06
2017,July,Placer (MC),LDT2,Gas,PMTW,NCAT,PM10,2.0370567662173428e-06
2017,July,Placer (MC),LDT2,Gas,PMTW,NCAT,PM2_5,5.092641915543357e-07
2017,July,Placer (MC),LDT2,Gas,PMBW,CAT,PM,0.011480173473541872
2017,July,Placer (MC),LDT2,Gas,PMBW,CAT,PM10,0.011250570004071031
2017,July,Placer (MC),LDT2,Gas,PMBW,CAT,PM2_5,0.00482167285888759
2017,July,Placer (MC),LDT2,Gas,PMBW,NCAT,PM,9.548703591643808e-06
2017,July,Placer (MC),LDT2,Gas,PMBW,NCAT,PM10,9.357729519810928e-06
2017,July,Placer (MC),LDT2,Gas,PMBW,NCAT,PM2_5,4.010455508490399e-06
2017,July,Placer (MC),MDV,Gas,RUNEX,CAT,CO,0.42013933932507774
2017,July,Placer (MC),MDV,Gas,RUNEX,CAT,NOx,0.04519371533910853
2017,July,Placer (MC),MDV,Gas,RUNEX,CAT,SOx,0.001054539719234763
2017,July,Placer (MC),MDV,Gas,RUNEX,CAT,PM,0.0004285630620543764
2017,July,Placer (MC),MDV,Gas,RUNEX,CAT,TOG,0.014669244073988931
2017,July,Placer (MC),MDV,Gas,RUNEX,CAT,PM10,0.0003832514506645152
2017,July,Placer (MC),MDV,Gas,RUNEX,CAT,PM2_5,0.00035244341839452934
2017,July,Placer (MC),MDV,Gas,RUNEX,NCAT,CO,0.05219727840263297
2017,July,Placer (MC),MDV,Gas,RUNEX,NCAT,NOx,0.003675327014878029
2017,July,Placer (MC),MDV,Gas,RUNEX,NCAT,SOx,3.4881803340979144e-06
2017,July,Placer (MC),MDV,Gas,RUNEX,NCAT,PM,2.721735253853402e-05
2017,July,Placer (MC),MDV,Gas,RUNEX,NCAT,TOG,0.0031322962874600077
2017,July,Placer (MC),MDV,Gas,RUNEX,NCAT,PM10,2.603980260162859e-05
2017,July,Placer (MC),MDV,Gas,RUNEX,NCAT,PM2_5,2.479373089200365e-05
2017,July,Placer (MC),MDV,Gas,STREX,CAT,CO,0.09698991879654686
2017,July,Placer (MC),MDV,Gas,STREX,CAT,NOx,0.015465481190024114
2017,July,Placer (MC),MDV,Gas,STREX,CAT,SOx,2.730593408872199e-05
2017,July,Placer (MC),MDV,Gas,STREX,CAT,PM,8.024970877278083e-05
2017,July,Placer (MC),MDV,Gas,STREX,CAT,TOG,0.019273699795612942
2017,July,Placer (MC),MDV,Gas,STREX,CAT,PM10,7.17781220892392e-05
2017,July,Placer (MC),MDV,Gas,STREX,CAT,PM2_5,6.601472079638191e-05
2017,July,Placer (MC),MDV,Gas,STREX,NCAT,CO,0.006278845814948257
2017,July,Placer (MC),MDV,Gas,STREX,NCAT,NOx,0.0002747935024815621
2017,July,Placer (MC),MDV,Gas,STREX,NCAT,SOx,3.932582350003033e-07
2017,July,Placer (MC),MDV,Gas,STREX,NCAT,PM,8.255415675346694e-06
2017,July,Placer (MC),MDV,Gas,STREX,NCAT,TOG,0.0006891343682843818
2017,July,Placer (MC),MDV,Gas,STREX,NCAT,PM10,7.898572017634914e-06
2017,July,Placer (MC),MDV,Gas,STREX,NCAT,PM2_5,7.5207559891368055e-06
2017,July,Placer (MC),MDV,Gas,HOTSOAK,CAT,TOG,0.006231722318836597
2017,July,Placer (MC),MDV,Gas,HOTSOAK,NCAT,TOG,0.0003461845853135451
2017,July,Placer (MC),MDV,Gas,RUNLOSS,CAT,TOG,0.017352581973775413
2017,July,Placer (MC),MDV,Gas,RUNLOSS,NCAT,TOG,0.0006361894390484807
2017,July,Placer (MC),MDV,Gas,RESTLOSS,CAT,TOG,0.004023888417173711
2017,July,Placer (MC),MDV,Gas,RESTLOSS,NCAT,TOG,0.0003944915435623128
2017,July,Placer (MC),MDV,Gas,DIURN,CAT,TOG,0.006527800573940419
2017,July,Placer (MC),MDV,Gas,DIURN,NCAT,TOG,0.0006626203765940456
2017,July,Placer (MC),MDV,Gas,PMTW,CAT,PM,0.0017426686884079497
2017,July,Placer (MC),MDV,Gas,PMTW,CAT,PM10,0.0017426686884079497
2017,July,Placer (MC),MDV,Gas,PMTW,CAT,PM2_5,0.00043566717210198743
2017,July,Placer (MC),MDV,Gas,PMTW,NCAT,PM,3.705089895354739e-06
2017,July,Placer (MC),MDV,Gas,PMTW,NCAT,PM10,3.705089895354739e-06
2017,July,Placer (MC),MDV,Gas,PMTW,NCAT,PM2_5,9.262724738386847e-07
2017,July,Placer (MC),MDV,Gas,PMBW,CAT,PM,0.008168759476912259
2017,July,Placer (MC),MDV,Gas,PMBW,CAT,PM10,0.008005384287374016
2017,July,Placer (MC),MDV,Gas,PMBW,CAT,PM2_5,0.0034308789803031495
2017,July,Placer (MC),MDV,Gas,PMBW,NCAT,PM,1.7367608884475352e-05
2017,July,Placer (MC),MDV,Gas,PMBW,NCAT,PM10,1.7020256706785836e-05
2017,July,Placer (MC),MDV,Gas,PMBW,NCAT,PM2_5,7.29439573147964e-06
2017,July,Placer (MC),LHD1,Gas,RUNEX,CAT,CO,0.06530560334153769
2017,July,Placer (MC),LHD1,Gas,RUNEX,CAT,NOx,0.013362211541838217
2017,July,Placer (MC),LHD1,Gas,RUNEX,CAT,SOx,0.00028928832103040773
2017,July,Placer (MC),LHD1,Gas,RUNEX,CAT,PM,9.97050548089994e-05
2017,July,Placer (MC),LHD1,Gas,RUNEX,CAT,TOG,0.005067795592164825
2017,July,Placer (MC),LHD1,Gas,RUNEX,CAT,PM10,8.913631899924557e-05
2017,July,Placer (MC),LHD1,Gas,RUNEX,CAT,PM2_5,8.195755505299756e-05
2017,July,Placer (MC),LHD1,Gas,RUNEX,NCAT,CO,0.019197652125874397
2017,July,Placer (MC),LHD1,Gas,RUNEX,NCAT,NOx,0.0005159589737876657
2017,July,Placer (MC),LHD1,Gas,RUNEX,NCAT,SOx,2.2162680505702745e-06
2017,July,Placer (MC),LHD1,Gas,RUNEX,NCAT,PM,1.0140716326521745e-05
2017,July,Placer (MC),LHD1,Gas,RUNEX,NCAT,TOG,0.001111480863748654
2017,July,Placer (MC),LHD1,Gas,RUNEX,NCAT,PM10,9.745228389787396e-06
2017,July,Placer (MC),LHD1,Gas,RUNEX,NCAT,PM2_5,9.29903687142044e-06
2017,July,Placer (MC),LHD1,Gas,IDLEX,CAT,CO,0.0030160831528463447
2017,July,Placer (MC),LHD1,Gas,IDLEX,CAT,NOx,3.379916727099629e-05
2017,July,Placer (MC),LHD1,Gas,IDLEX,CAT,SOx,1.0040737378814362e-06
2017,July,Placer (MC),LHD1,Gas,IDLEX,CAT,TOG,0.0005631015532034677
2017,July,Placer (MC),LHD1,Gas,IDLEX,NCAT,CO,4.068251900584256e-05
2017,July,Placer (MC),LHD1,Gas,IDLEX,NCAT,NOx,4.6004672930107817e-07
2017,July,Placer (MC),LHD1,Gas,IDLEX,NCAT,SOx,1.4990347895025704e-08
2017,July,Placer (MC),LHD1,Gas,IDLEX,NCAT,TOG,7.312344691518958e-06
2017,July,Placer (MC),LHD1,Gas,STREX,CAT,CO,0.026117856415565934
2017,July,Placer (MC),LHD1,Gas,STREX,CAT,NOx,0.006684564096935004
2017,July,Placer (MC),LHD1,Gas,STREX,CAT,SOx,2.3619353788026433e-06
2017,July,Placer (MC),LHD1,Gas,STREX,CAT,PM,8.194044375975228e-06
2017,July,Placer (MC),LHD1,Gas,STREX,CAT,TOG,0.0023358276460029937
2017,July,Placer (MC),LHD1,Gas,STREX,CAT,PM10,7.325475672121858e-06
2017,July,Placer (MC),LHD1,Gas,STREX,CAT,PM2_5,6.735504477051645e-06
2017,July,Placer (MC),LHD1,Gas,STREX,NCAT,CO,1.629481225715685e-05
2017,July,Placer (MC),LHD1,Gas,STREX,NCAT,NOx,6.425180635205039e-05
2017,July,Placer (MC),LHD1,Gas,STREX,NCAT,SOx,1.2007744047799433e-07
2017,July,Placer (MC),LHD1,Gas,STREX,NCAT,PM,2.7750273830880195e-06
2017,July,Placer (MC),LHD1,Gas,STREX,NCAT,TOG,0.0003598503041667579
2017,July,Placer (MC),LHD1,Gas,STREX,NCAT,PM10,2.666801315147587e-06
2017,July,Placer (MC),LHD1,Gas,STREX,NCAT,PM2_5,2.5447001102917136e-06
2017,July,Placer (MC),LHD1,Gas,HOTSOAK,CAT,TOG,0.002441099964294714
2017,July,Placer (MC),LHD1,Gas,HOTSOAK,NCAT,TOG,0.0002816087616754606
2017,July,Placer (MC),LHD1,Gas,RUNLOSS,CAT,TOG,0.017235772781774183
2017,July,Placer (MC),LHD1,Gas,RUNLOSS,NCAT,TOG,0.0005432950926189884
2017,July,Placer (MC),LHD1,Gas,RESTLOSS,CAT,TOG,4.516371582822063e-05
2017,July,Placer (MC),LHD1,Gas,RESTLOSS,NCAT,TOG,4.106916206871806e-06
2017,July,Placer (MC),LHD1,Gas,DIURN,CAT,TOG,0.00013832817203988327
2017,July,Placer (MC),LHD1,Gas,DIURN,NCAT,TOG,1.1375954179524068e-05
2017,July,Placer (MC),LHD1,Gas,PMTW,CAT,PM,0.00022218999487575873
2017,July,Placer (MC),LHD1,Gas,PMTW,CAT,PM10,0.00022218999487575873
2017,July,Placer (MC),LHD1,Gas,PMTW,CAT,PM2_5,5.554749871893968e-05
2017,July,Placer (MC),LHD1,Gas,PMTW,NCAT,PM,1.4388264230793968e-06
2017,July,Placer (MC),LHD1,Gas,PMTW,NCAT,PM10,1.4388264230793968e-06
2017,July,Placer (MC),LHD1,Gas,PMTW,NCAT,PM2_5,3.597066057698492e-07
2017,July,Placer (MC),LHD1,Gas,PMBW,CAT,PM,0.002166352450038649
2017,July,Placer (MC),LHD1,Gas,PMBW,CAT,PM10,0.002123025401037874
2017,July,Placer (MC),LHD1,Gas,PMBW,CAT,PM2_5,0.0009098680290162318
2017,July,Placer (MC),LHD1,Gas,PMBW,NCAT,PM,1.402855762502411e-05
2017,July,Placer (MC),LHD1,Gas,PMBW,NCAT,PM10,1.3747986472523623e-05
2017,July,Placer (MC),LHD1,Gas,PMBW,NCAT,PM2_5,5.891994202510126e-06
2017,July,Placer (MC),LHD2,Gas,RUNEX,CAT,CO,0.002558219310444041
2017,July,Placer (MC),LHD2,Gas,RUNEX,CAT,NOx,0.0008739290818243985
2017,July,Placer (MC),LHD2,Gas,RUNEX,CAT,SOx,2.850216790989275e-05
2017,July,Placer (MC),LHD2,Gas,RUNEX,CAT,PM,6.154400634610642e-06
2017,July,Placer (MC),LHD2,Gas,RUNEX,CAT,TOG,0.00020685859562760413
2017,July,Placer (MC),LHD2,Gas,RUNEX,CAT,PM10,5.502034167341915e-06
2017,July,Placer (MC),LHD2,Gas,RUNEX,CAT,PM2_5,5.058917321649939e-06
2017,July,Placer (MC),LHD2,Gas,IDLEX,CAT,CO,0.00024059336063984545
2017,July,Placer (MC),LHD2,Gas,IDLEX,CAT,NOx,2.6976001550653427e-06
2017,July,Placer (MC),LHD2,Gas,IDLEX,CAT,SOx,9.161759999279642e-08
2017,July,Placer (MC),LHD2,Gas,IDLEX,CAT,TOG,4.5058355172615596e-05
2017,July,Placer (MC),LHD2,Gas,STREX,CAT,CO,0.0018819046090056497
2017,July,Placer (MC),LHD2,Gas,STREX,CAT,NOx,0.0004973338576811578
2017,July,Placer (MC),LHD2,Gas,STREX,CAT,SOx,2.1028910775869432e-07
2017,July,Placer (MC),LHD2,Gas,STREX,CAT,PM,4.2522616939419985e-07
2017,July,Placer (MC),LHD2,Gas,STREX,CAT,TOG,0.00015699685647233783
2017,July,Placer (MC),LHD2,Gas,STREX,CAT,PM10,3.8015219543841535e-07
2017,July,Placer (MC),LHD2,Gas,STREX,CAT,PM2_5,3.495359112420325e-07
2017,July,Placer (MC),LHD2,Gas,HOTSOAK,CAT,TOG,0.00013070999200181588
2017,July,Placer (MC),LHD2,Gas,RUNLOSS,CAT,TOG,0.000760066674492451
2017,July,Placer (MC),LHD2,Gas,RESTLOSS,CAT,TOG,2.354792425220673e-06
2017,July,Placer (MC),LHD2,Gas,DIURN,CAT,TOG,6.941344031347018e-06
2017,July,Placer (MC),LHD2,Gas,PMTW,CAT,PM,1.9162062896645192e-05
2017,July,Placer (MC),LHD2,Gas,PMTW,CAT,PM10,1.9162062896645192e-05
2017,July,Placer (MC),LHD2,Gas,PMTW,CAT,PM2_5,4.790515724161298e-06
2017,July,Placer (MC),LHD2,Gas,PMBW,CAT,PM,0.0002179684654493388
2017,July,Placer (MC),LHD2,Gas,PMBW,CAT,PM10,0.00021360909614035216
2017,July,Placer (MC),LHD2,Gas,PMBW,CAT,PM2_5,9.154675548872233e-05
2017,July,Placer (MC),T6TS,Gas,RUNEX,CAT,CO,0.01087634648690723
2017,July,Placer (MC),T6TS,Gas,RUNEX,CAT,NOx,0.002234289427217058
2017,July,Placer (MC),T6TS,Gas,RUNEX,CAT,SOx,2.7955764318122508e-05
2017,July,Placer (MC),T6TS,Gas,RUNEX,CAT,PM,4.710507897379615e-06
2017,July,Placer (MC),T6TS,Gas,RUNEX,CAT,TOG,0.0006791275194605926
2017,July,Placer (MC),T6TS,Gas,RUNEX,CAT,PM10,4.211194060257373e-06
2017,July,Placer (MC),T6TS,Gas,RUNEX,CAT,PM2_5,3.872037491646044e-06
2017,July,Placer (MC),T6TS,Gas,RUNEX,NCAT,CO,0.0016586232292292984
2017,July,Placer (MC),T6TS,Gas,RUNEX,NCAT,NOx,5.380059472473799e-05
2017,July,Placer (MC),T6TS,Gas,RUNEX,NCAT,SOx,2.595750890288032e-07
2017,July,Placer (MC),T6TS,Gas,RUNEX,NCAT,PM,5.15429442280749e-07
2017,July,Placer (MC),T6TS,Gas,RUNEX,NCAT,TOG,8.1219198425652e-05
2017,July,Placer (MC),T6TS,Gas,RUNEX,NCAT,PM10,4.953276940318e-07
2017,July,Placer (MC),T6TS,Gas,RUNEX,NCAT,PM2_5,4.72648798571447e-07
2017,July,Placer (MC),T6TS,Gas,IDLEX,CAT,CO,0.00026005221968452625
2017,July,Placer (MC),T6TS,Gas,IDLEX,CAT,NOx,2.3029755452534407e-06
2017,July,Placer (MC),T6TS,Gas,IDLEX,CAT,SOx,1.4899230107633812e-07
2017,July,Placer (MC),T6TS,Gas,IDLEX,CAT,TOG,3.3890139209772706e-05
2017,July,Placer (MC),T6TS,Gas,IDLEX,NCAT,CO,7.863028645869425e-06
2017,July,Placer (MC),T6TS,Gas,IDLEX,NCAT,NOx,6.985274850258778e-08
2017,July,Placer (MC),T6TS,Gas,IDLEX,NCAT,SOx,4.93910388919792e-09
2017,July,Placer (MC),T6TS,Gas,IDLEX,NCAT,TOG,9.890867444069087e-07
2017,July,Placer (MC),T6TS,Gas,STREX,CAT,CO,0.0033285445063567843
2017,July,Placer (MC),T6TS,Gas,STREX,CAT,NOx,0.00021099467720404416
2017,July,Placer (MC),T6TS,Gas,STREX,CAT,SOx,2.199951851037269e-07
2017,July,Placer (MC),T6TS,Gas,STREX,CAT,PM,5.416348955113217e-07
2017,July,Placer (MC),T6TS,Gas,STREX,CAT,TOG,0.00015601998048046475
2017,July,Placer (MC),T6TS,Gas,STREX,CAT,PM10,4.84221596587122e-07
2017,July,Placer (MC),T6TS,Gas,STREX,CAT,PM2_5,4.452238841103062e-07
2017,July,Placer (MC),T6TS,Gas,STREX,NCAT,CO,2.4012848517439613e-06
2017,July,Placer (MC),T6TS,Gas,STREX,NCAT,NOx,8.665306771639637e-06
2017,July,Placer (MC),T6TS,Gas,STREX,NCAT,SOx,2.3162319040091815e-08
2017,July,Placer (MC),T6TS,Gas,STREX,NCAT,PM,2.5822984486143374e-07
2017,July,Placer (MC),T6TS,Gas,STREX,NCAT,TOG,5.020423496824136e-05
2017,July,Placer (MC),T6TS,Gas,STREX,NCAT,PM10,2.481588809118378e-07
2017,July,Placer (MC),T6TS,Gas,STREX,NCAT,PM2_5,2.3679676773793473e-07
2017,July,Placer (MC),T6TS,Gas,HOTSOAK,CAT,TOG,8.989738010252428e-05
2017,July,Placer (MC),T6TS,Gas,HOTSOAK,NCAT,TOG,2.844631947987886e-05
2017,July,Placer (MC),T6TS,Gas,RUNLOSS,CAT,TOG,0.0005480759664860811
2017,July,Placer (MC),T6TS,Gas,RUNLOSS,NCAT,TOG,4.923185194548087e-05
2017,July,Placer (MC),T6TS,Gas,RESTLOSS,CAT,TOG,1.8795296264253453e-06
2017,July,Placer (MC),T6TS,Gas,RESTLOSS,NCAT,TOG,3.0639393919615094e-07
2017,July,Placer (MC),T6TS,Gas,DIURN,CAT,TOG,5.607868571466625e-06
2017,July,Placer (MC),T6TS,Gas,DIURN,NCAT,TOG,8.090020510128691e-07
2017,July,Placer (MC),T6TS,Gas,PMTW,CAT,PM,1.843745639536098e-05
2017,July,Placer (MC),T6TS,Gas,PMTW,CAT,PM10,1.843745639536098e-05
2017,July,Placer (MC),T6TS,Gas,PMTW,CAT,PM2_5,4.609364098840245e-06
2017,July,Placer (MC),T6TS,Gas,PMTW,NCAT,PM,1.484575710645401e-07
2017,July,Placer (MC),T6TS,Gas,PMTW,NCAT,PM10,1.484575710645401e-07
2017,July,Placer (MC),T6TS,Gas,PMTW,NCAT,PM2_5,3.7114392766135024e-08
2017,July,Placer (MC),T6TS,Gas,PMBW,CAT,PM,0.00020434847504858413
2017,July,Placer (MC),T6TS,Gas,PMBW,CAT,PM10,0.00020026150554761243
2017,July,Placer (MC),T6TS,Gas,PMBW,CAT,PM2_5,8.582635952040532e-05
2017,July,Placer (MC),T6TS,Gas,PMBW,NCAT,PM,1.645404745965319e-06
2017,July,Placer (MC),T6TS,Gas,PMBW,NCAT,PM10,1.6124966510460132e-06
2017,July,Placer (MC),T6TS,Gas,PMBW,NCAT,PM2_5,6.910699933054342e-07
2017,July,Placer (MC),T7IS,Gas,RUNEX,CAT,CO,4.769545553853042e-05
2017,July,Placer (MC),T7IS,Gas,RUNEX,CAT,NOx,5.3550861096454544e-06
2017,July,Placer (MC),T7IS,Gas,RUNEX,CAT,SOx,4.9495297414889244e-08
2017,July,Placer (MC),T7IS,Gas,RUNEX,CAT,PM,3.1661522128399972e-09
2017,July,Placer (MC),T7IS,Gas,RUNEX,CAT,TOG,6.931950903448473e-07
2017,July,Placer (MC),T7IS,Gas,RUNEX,CAT,PM10,2.830540078278958e-09
2017,July,Placer (MC),T7IS,Gas,RUNEX,CAT,PM2_5,2.602577118954478e-09
2017,July,Placer (MC),T7IS,Gas,RUNEX,NCAT,CO,0.0031769418504132897
2017,July,Placer (MC),T7IS,Gas,RUNEX,NCAT,NOx,0.00015660799618994907
2017,July,Placer (MC),T7IS,Gas,RUNEX,NCAT,SOx,2.65410336565698e-07
2017,July,Placer (MC),T7IS,Gas,RUNEX,NCAT,PM,3.4939688132386004e-07
2017,July,Placer (MC),T7IS,Gas,RUNEX,NCAT,TOG,0.00011277713827515101
2017,July,Placer (MC),T7IS,Gas,RUNEX,NCAT,PM10,3.357704029522296e-07
2017,July,Placer (MC),T7IS,Gas,RUNEX,NCAT,PM2_5,3.2039694017397967e-07
2017,July,Placer (MC),T7IS,Gas,STREX,CAT,CO,1.8578186726794534e-06
2017,July,Placer (MC),T7IS,Gas,STREX,CAT,NOx,2.3158942825297444e-08
2017,July,Placer (MC),T7IS,Gas,STREX,CAT,SOx,8.154467389030257e-11
2017,July,Placer (MC),T7IS,Gas,STREX,CAT,PM,6.908953854169199e-11
2017,July,Placer (MC),T7IS,Gas,STREX,CAT,TOG,5.983248064889672e-09
2017,July,Placer (MC),T7IS,Gas,STREX,CAT,PM10,6.17660474562726e-11
2017,July,Placer (MC),T7IS,Gas,STREX,CAT,PM2_5,5.679160068127078e-11
2017,July,Placer (MC),T7IS,Gas,STREX,NCAT,CO,0.0
2017,July,Placer (MC),T7IS,Gas,STREX,NCAT,NOx,0.0
2017,July,Placer (MC),T7IS,Gas,STREX,NCAT,SOx,1.0598367444426487e-08
2017,July,Placer (MC),T7IS,Gas,STREX,NCAT,PM,9.947413272305092e-08
2017,July,Placer (MC),T7IS,Gas,STREX,NCAT,TOG,0.0
2017,July,Placer (MC),T7IS,Gas,STREX,NCAT,PM10,9.559464154685191e-08
2017,July,Placer (MC),T7IS,Gas,STREX,NCAT,PM2_5,9.121777970703768e-08
2017,July,Placer (MC),T7IS,Gas,HOTSOAK,CAT,TOG,8.996260942733564e-10
2017,July,Placer (MC),T7IS,Gas,HOTSOAK,NCAT,TOG,1.095805396856609e-05
2017,July,Placer (MC),T7IS,Gas,RUNLOSS,CAT,TOG,1.0234538240815994e-09
2017,July,Placer (MC),T7IS,Gas,RUNLOSS,NCAT,TOG,3.345377001494593e-05
2017,July,Placer (MC),T7IS,Gas,RESTLOSS,CAT,TOG,2.5701926181555022e-11
2017,July,Placer (MC),T7IS,Gas,RESTLOSS,NCAT,TOG,1.0181973644204457e-07
2017,July,Placer (MC),T7IS,Gas,DIURN,CAT,TOG,7.534824966427931e-11
2017,July,Placer (MC),T7IS,Gas,DIURN,NCAT,TOG,2.6093564417151764e-07
2017,July,Placer (MC),T7IS,Gas,PMTW,CAT,PM,5.211914769499476e-08
2017,July,Placer (MC),T7IS,Gas,PMTW,CAT,PM10,5.211914769499476e-08
2017,July,Placer (MC),T7IS,Gas,PMTW,CAT,PM2_5,1.302978692374869e-08
2017,July,Placer (MC),T7IS,Gas,PMTW,NCAT,PM,1.919080205263187e-07
2017,July,Placer (MC),T7IS,Gas,PMTW,NCAT,PM10,1.919080205263187e-07
2017,July,Placer (MC),T7IS,Gas,PMTW,NCAT,PM2_5,4.797700513157968e-08
2017,July,Placer (MC),T7IS,Gas,PMBW,CAT,PM,1.6417531523923347e-07
2017,July,Placer (MC),T7IS,Gas,PMBW,CAT,PM10,1.608918089344488e-07
2017,July,Placer (MC),T7IS,Gas,PMBW,CAT,PM2_5,6.895363240047805e-08
2017,July,Placer (MC),T7IS,Gas,PMBW,NCAT,PM,6.045102646579039e-07
2017,July,Placer (MC),T7IS,Gas,PMBW,NCAT,PM10,5.924200593647457e-07
2017,July,Placer (MC),T7IS,Gas,PMBW,NCAT,PM2_5,2.5389431115631964e-07
2017,July,Placer (MC),LDT1,Dsl,RUNEX,DSL,CO,6.236782867831944e-05
2017,July,Placer (MC),LDT1,Dsl,RUNEX,DSL,NOx,5.017301967669465e-05
2017,July,Placer (MC),LDT1,Dsl,RUNEX,DSL,SOx,1.3099838795543497e-07
2017,July,Placer (MC),LDT1,Dsl,RUNEX,DSL,PM,7.961134031113076e-06
2017,July,Placer (MC),LDT1,Dsl,RUNEX,DSL,TOG,1.237624385370828e-05
2017,July,Placer (MC),LDT1,Dsl,RUNEX,DSL,PM10,7.913367226926402e-06
2017,July,Placer (MC),LDT1,Dsl,RUNEX,DSL,PM2_5,7.5710384635885374e-06
2017,July,Placer (MC),LDT1,Dsl,PMTW,DSL,PM,2.7583150889013e-07
2017,July,Placer (MC),LDT1,Dsl,PMTW,DSL,PM10,2.7583150889013e-07
2017,July,Placer (MC),LDT1,Dsl,PMTW,DSL,PM2_5,6.89578772225325e-08
2017,July,Placer (MC),LDT1,Dsl,PMBW,DSL,PM,1.2929601979224844e-06
2017,July,Placer (MC),LDT1,Dsl,PMBW,DSL,PM10,1.2671009939640353e-06
2017,July,Placer (MC),LDT1,Dsl,PMBW,DSL,PM2_5,5.430432831274435e-07
2017,July,Placer (MC),LDT2,Dsl,RUNEX,DSL,CO,0.00012402978314059678
2017,July,Placer (MC),LDT2,Dsl,RUNEX,DSL,NOx,7.885024271157533e-05
2017,July,Placer (MC),LDT2,Dsl,RUNEX,DSL,SOx,2.939439580331596e-06
2017,July,Placer (MC),LDT2,Dsl,RUNEX,DSL,PM,4.75430173814917e-06
2017,July,Placer (MC),LDT2,Dsl,RUNEX,DSL,TOG,1.647772289678996e-05
2017,July,Placer (MC),LDT2,Dsl,RUNEX,DSL,PM10,4.725775927720275e-06
2017,July,Placer (MC),LDT2,Dsl,RUNEX,DSL,PM2_5,4.52134095297986e-06
2017,July,Placer (MC),LDT2,Dsl,PMTW,DSL,PM,8.14027144567648e-06
2017,July,Placer (MC),LDT2,Dsl,PMTW,DSL,PM10,8.14027144567648e-06
2017,July,Placer (MC),LDT2,Dsl,PMTW,DSL,PM2_5,2.03506786141912e-06
2017,July,Placer (MC),LDT2,Dsl,PMBW,DSL,PM,3.815752240160849e-05
2017,July,Placer (MC),LDT2,Dsl,PMBW,DSL,PM10,3.739437195357632e-05
2017,July,Placer (MC),LDT2,Dsl,PMBW,DSL,PM2_5,1.6026159408675566e-05
2017,July,Placer (MC),MDV,Dsl,RUNEX,DSL,CO,0.0011604845515854132
2017,July,Placer (MC),MDV,Dsl,RUNEX,DSL,NOx,0.0007263663483971052
2017,July,Placer (MC),MDV,Dsl,RUNEX,DSL,SOx,1.793247362369971e-05
2017,July,Placer (MC),MDV,Dsl,RUNEX,DSL,PM,5.0978318593586095e-05
2017,July,Placer (MC),MDV,Dsl,RUNEX,DSL,TOG,0.000102856410891163
2017,July,Placer (MC),MDV,Dsl,RUNEX,DSL,PM10,5.067244868202462e-05
2017,July,Placer (MC),MDV,Dsl,RUNEX,DSL,PM2_5,4.848038098250043e-05
2017,July,Placer (MC),MDV,Dsl,PMTW,DSL,PM,3.666642802080445e-05
2017,July,Placer (MC),MDV,Dsl,PMTW,DSL,PM10,3.666642802080445e-05
2017,July,Placer (MC),MDV,Dsl,PMTW,DSL,PM2_5,9.166607005201113e-06
2017,July,Placer (MC),MDV,Dsl,PMBW,DSL,PM,0.0001718738813475209
2017,July,Placer (MC),MDV,Dsl,PMBW,DSL,PM10,0.00016843640372057043
2017,July,Placer (MC),MDV,Dsl,PMBW,DSL,PM2_5,7.218703016595875e-05
2017,July,Placer (MC),LHD1,Dsl,RUNEX,DSL,CO,0.03759005412351569
2017,July,Placer (MC),LHD1,Dsl,RUNEX,DSL,NOx,0.1619060178991914
2017,July,Placer (MC),LHD1,Dsl,RUNEX,DSL,SOx,0.00020224036683346133
2017,July,Placer (MC),LHD1,Dsl,RUNEX,DSL,PM,0.0015798933554783266
2017,July,Placer (MC),LHD1,Dsl,RUNEX,DSL,TOG,0.00944148075144593
2017,July,Placer (MC),LHD1,Dsl,RUNEX,DSL,PM10,0.0015704139953454535
2017,July,Placer (MC),LHD1,Dsl,RUNEX,DSL,PM2_5,0.0015024785810598888
2017,July,Placer (MC),LHD1,Dsl,IDLEX,DSL,CO,0.0009288494015912265
2017,July,Placer (MC),LHD1,Dsl,IDLEX,DSL,NOx,0.002620494564265118
2017,July,Placer (MC),LHD1,Dsl,IDLEX,DSL,SOx,1.3725703282002019e-06
2017,July,Placer (MC),LHD1,Dsl,IDLEX,DSL,PM,2.9424108196683334e-05
2017,July,Placer (MC),LHD1,Dsl,IDLEX,DSL,TOG,0.00012757811938805737
2017,July,Placer (MC),LHD1,Dsl,IDLEX,DSL,PM10,2.924756354750323e-05
2017,July,Placer (MC),LHD1,Dsl,IDLEX,DSL,PM2_5,2.798232689504584e-05
2017,July,Placer (MC),LHD1,Dsl,PMTW,DSL,PM,0.0004336033205797533
2017,July,Placer (MC),LHD1,Dsl,PMTW,DSL,PM10,0.0004336033205797533
2017,July,Placer (MC),LHD1,Dsl,PMTW,DSL,PM2_5,0.00010840083014493832
2017,July,Placer (MC),LHD1,Dsl,PMBW,DSL,PM,0.0028184215837683897
2017,July,Placer (MC),LHD1,Dsl,PMBW,DSL,PM10,0.0027620531520930252
2017,July,Placer (MC),LHD1,Dsl,PMBW,DSL,PM2_5,0.001183737065182725
2017,July,Placer (MC),LHD2,Dsl,RUNEX,DSL,CO,0.008087393099697271
2017,July,Placer (MC),LHD2,Dsl,RUNEX,DSL,NOx,0.028715426607526885
2017,July,Placer (MC),LHD2,Dsl,RUNEX,DSL,SOx,6.273193879778924e-05
2017,July,Placer (MC),LHD2,Dsl,RUNEX,DSL,PM,0.0003113445497383592
2017,July,Placer (MC),LHD2,Dsl,RUNEX,DSL,TOG,0.002084527799218483
2017,July,Placer (MC),LHD2,Dsl,RUNEX,DSL,PM10,0.00030947648243992833
2017,July,Placer (MC),LHD2,Dsl,RUNEX,DSL,PM2_5,0.0002960886668011791
2017,July,Placer (MC),LHD2,Dsl,IDLEX,DSL,CO,0.0002317005048371814
2017,July,Placer (MC),LHD2,Dsl,IDLEX,DSL,NOx,0.0006525120890148613
2017,July,Placer (MC),LHD2,Dsl,IDLEX,DSL,SOx,5.481189063423268e-07
2017,July,Placer (MC),LHD2,Dsl,IDLEX,DSL,PM,6.945735535964851e-06
2017,July,Placer (MC),LHD2,Dsl,IDLEX,DSL,TOG,3.182422749882982e-05
2017,July,Placer (MC),LHD2,Dsl,IDLEX,DSL,PM10,6.904061122749058e-06
2017,July,Placer (MC),LHD2,Dsl,IDLEX,DSL,PM2_5,6.605394494702565e-06
2017,July,Placer (MC),LHD2,Dsl,PMTW,DSL,PM,0.00012035825094269199
2017,July,Placer (MC),LHD2,Dsl,PMTW,DSL,PM10,0.00012035825094269199
2017,July,Placer (MC),LHD2,Dsl,PMTW,DSL,PM2_5,3.0089562735672997e-05
2017,July,Placer (MC),LHD2,Dsl,PMBW,DSL,PM,0.0009127167363154145
2017,July,Placer (MC),LHD2,Dsl,PMBW,DSL,PM10,0.000894462401589105
2017,July,Placer (MC),LHD2,Dsl,PMBW,DSL,PM2_5,0.0003833410292524738
2017,July,Placer (MC),LDT1,Elec,HOTSOAK,CAT,TOG,8.897277018821936e-09
2017,July,Placer (MC),LDT1,Elec,RESTLOSS,CAT,TOG,5.1920852851408775e-09
2017,July,Placer (MC),LDT1,Elec,DIURN,CAT,TOG,1.761980758043374e-08
2017,July,Placer (MC),LDT1,Elec,PMTW,CAT,PM,1.1122301396590506e-07
2017,July,Placer (MC),LDT1,Elec,PMTW,CAT,PM10,1.1122301396590506e-07
2017,July,Placer (MC),LDT1,Elec,PMTW,CAT,PM2_5,2.7805753491476265e-08
2017,July,Placer (MC),LDT1,Elec,PMBW,CAT,PM,5.213578779651797e-07
2017,July,Placer (MC),LDT1,Elec,PMBW,CAT,PM10,5.109307204058763e-07
2017,July,Placer (MC),LDT1,Elec,PMBW,CAT,PM2_5,2.1897030874537556e-07
2017,July,Placer (MC),LDT2,Elec,HOTSOAK,CAT,TOG,3.382756433128049e-07
2017,July,Placer (MC),LDT2,Elec,RESTLOSS,CAT,TOG,1.9854850504040262e-07
2017,July,Placer (MC),LDT2,Elec,DIURN,CAT,TOG,6.737921783000433e-07
2017,July,Placer (MC),LDT2,Elec,PMTW,CAT,PM,3.944859151551946e-06
2017,July,Placer (MC),LDT2,Elec,PMTW,CAT,PM10,3.944859151551946e-06
2017,July,Placer (MC),LDT2,Elec,PMTW,CAT,PM2_5,9.862147878879865e-07
2017,July,Placer (MC),LDT2,Elec,PMBW,CAT,PM,1.8491527272899746e-05
2017,July,Placer (MC),LDT2,Elec,PMBW,CAT,PM10,1.812169672744175e-05
2017,July,Placer (MC),LDT2,Elec,PMBW,CAT,PM2_5,7.766441454617895e-06
2017,July,Placer (MC),MDV,Elec,HOTSOAK,CAT,TOG,2.2964455531320133e-08
2017,July,Placer (MC),MDV,Elec,RESTLOSS,CAT,TOG,1.3401112654265389e-08
2017,July,Placer (MC),MDV,Elec,DIURN,CAT,TOG,4.547787899548438e-08
2017,July,Placer (MC),MDV,Elec,PMTW,CAT,PM,2.711171689832136e-07
2017,July,Placer (MC),MDV,Elec,PMTW,CAT,PM10,2.711171689832136e-07
2017,July,Placer (MC),MDV,Elec,PMTW,CAT,PM2_5,6.77792922458034e-08
2017,July,Placer (MC),MDV,Elec,PMBW,CAT,PM,1.2708617296088136e-06
2017,July,Placer (MC),MDV,Elec,PMBW,CAT,PM10,1.2454444950166378e-06
2017,July,Placer (MC),MDV,Elec,PMBW,CAT,PM2_5,5.337619264357018e-07
2017,July,Placer (MC),SBUS,Gas,RUNEX,CAT,CO,5.114744811533443e-06
2017,July,Placer (MC),SBUS,Gas,RUNEX,CAT,NOx,2.498646995823841e-06
2017,July,Placer (MC),SBUS,Gas,RUNEX,CAT,SOx,1.9484654415119034e-07
2017,July,Placer (MC),SBUS,Gas,RUNEX,CAT,PM,4.0035313321367475e-08
2017,July,Placer (MC),SBUS,Gas,RUNEX,CAT,TOG,5.614724717405965e-07
2017,July,Placer (MC),SBUS,Gas,RUNEX,CAT,PM10,3.579157010930252e-08
2017,July,Placer (MC),SBUS,Gas,RUNEX,CAT,PM2_5,3.290902755016406e-08
2017,July,Placer (MC),SBUS,Gas,IDLEX,CAT,CO,3.354636356955646e-05
2017,July,Placer (MC),SBUS,Gas,IDLEX,CAT,NOx,3.7793523804256536e-07
2017,July,Placer (MC),SBUS,Gas,IDLEX,CAT,SOx,1.009957171878359e-08
2017,July,Placer (MC),SBUS,Gas,IDLEX,CAT,TOG,6.333961597158941e-06
2017,July,Placer (MC),SBUS,Gas,STREX,CAT,CO,1.1362107934878771e-05
2017,July,Placer (MC),SBUS,Gas,STREX,CAT,NOx,7.707328913734952e-07
2017,July,Placer (MC),SBUS,Gas,STREX,CAT,SOx,7.221096337096106e-10
2017,July,Placer (MC),SBUS,Gas,STREX,CAT,PM,1.2565934099024177e-09
2017,July,Placer (MC),SBUS,Gas,STREX,CAT,TOG,4.997079310955342e-07
2017,July,Placer (MC),SBUS,Gas,STREX,CAT,PM10,1.1233945084527616e-09
2017,July,Placer (MC),SBUS,Gas,STREX,CAT,PM2_5,1.0329197829397873e-09
2017,July,Placer (MC),SBUS,Gas,HOTSOAK,CAT,TOG,7.797408595264713e-09
2017,July,Placer (MC),SBUS,Gas,RUNLOSS,CAT,TOG,4.6787476657832356e-08
2017,July,Placer (MC),SBUS,Gas,RESTLOSS,CAT,TOG,1.3204614142872216e-09
2017,July,Placer (MC),SBUS,Gas,DIURN,CAT,TOG,5.248012276216368e-09
2017,July,Placer (MC),SBUS,Gas,PMTW,CAT,PM,1.8871733995605865e-07
2017,July,Placer (MC),SBUS,Gas,PMTW,CAT,PM10,1.8871733995605865e-07
2017,July,Placer (MC),SBUS,Gas,PMTW,CAT,PM2_5,4.7179334989014664e-08
2017,July,Placer (MC),SBUS,Gas,PMBW,CAT,PM,1.7928147059928893e-05
2017,July,Placer (MC),SBUS,Gas,PMBW,CAT,PM10,1.7569584118730317e-05
2017,July,Placer (MC),SBUS,Gas,PMBW,CAT,PM2_5,7.529821765170136e-06
2017,July,Placer (MC),OBUS,Gas,RUNEX,CAT,CO,0.004876300269329554
2017,July,Placer (MC),OBUS,Gas,RUNEX,CAT,NOx,0.0012418607348179973
2017,July,Placer (MC),OBUS,Gas,RUNEX,CAT,SOx,1.1768858999896157e-05
2017,July,Placer (MC),OBUS,Gas,RUNEX,CAT,PM,1.0534123818783023e-06
2017,July,Placer (MC),OBUS,Gas,RUNEX,CAT,TOG,0.0003044660225172487
2017,July,Placer (MC),OBUS,Gas,RUNEX,CAT,PM10,9.417506693992014e-07
2017,July,Placer (MC),OBUS,Gas,RUNEX,CAT,PM2_5,8.659049779039644e-07
2017,July,Placer (MC),OBUS,Gas,IDLEX,CAT,CO,5.0789068343861486e-05
2017,July,Placer (MC),OBUS,Gas,IDLEX,CAT,NOx,5.721912568823438e-07
2017,July,Placer (MC),OBUS,Gas,IDLEX,CAT,SOx,3.412447040956253e-08
2017,July,Placer (MC),OBUS,Gas,IDLEX,CAT,TOG,9.56875235539021e-06
2017,July,Placer (MC),OBUS,Gas,STREX,CAT,CO,0.0009871150817862707
2017,July,Placer (MC),OBUS,Gas,STREX,CAT,NOx,6.217366950212529e-05
2017,July,Placer (MC),OBUS,Gas,STREX,CAT,SOx,5.4331577700618955e-08
2017,July,Placer (MC),OBUS,Gas,STREX,CAT,PM,6.764931852780951e-08
2017,July,Placer (MC),OBUS,Gas,STREX,CAT,TOG,4.6560107594014225e-05
2017,July,Placer (MC),OBUS,Gas,STREX,CAT,PM10,6.047849076386168e-08
2017,July,Placer (MC),OBUS,Gas,STREX,CAT,PM2_5,5.560773982985944e-08
2017,July,Placer (MC),OBUS,Gas,HOTSOAK,CAT,TOG,6.7883737115551235e-06
2017,July,Placer (MC),OBUS,Gas,RUNLOSS,CAT,TOG,8.440100050456794e-05
2017,July,Placer (MC),OBUS,Gas,RESTLOSS,CAT,TOG,2.3313171272938077e-07
2017,July,Placer (MC),OBUS,Gas,DIURN,CAT,TOG,7.857556982474835e-07
2017,July,Placer (MC),OBUS,Gas,PMTW,CAT,PM,7.567886798267654e-06
2017,July,Placer (MC),OBUS,Gas,PMTW,CAT,PM10,7.567886798267654e-06
2017,July,Placer (MC),OBUS,Gas,PMTW,CAT,PM2_5,1.8919716995669134e-06
2017,July,Placer (MC),OBUS,Gas,PMBW,CAT,PM,8.387741201413315e-05
2017,July,Placer (MC),OBUS,Gas,PMBW,CAT,PM10,8.21998637738505e-05
2017,July,Placer (MC),OBUS,Gas,PMBW,CAT,PM2_5,3.522851304593592e-05
2017,July,Placer (MC),MCY,Gas,RUNEX,CAT,CO,0.08368302189012021
2017,July,Placer (MC),MCY,Gas,RUNEX,CAT,NOx,0.006672554009712657
2017,July,Placer (MC),MCY,Gas,RUNEX,CAT,SOx,1.4326286715120871e-05
2017,July,Placer (MC),MCY,Gas,RUNEX,CAT,PM,9.766524644266573e-06
2017,July,Placer (MC),MCY,Gas,RUNEX,CAT,TOG,0.015138628462627916
2017,July,Placer (MC),MCY,Gas,RUNEX,CAT,PM10,9.023449075640508e-06
2017,July,Placer (MC),MCY,Gas,RUNEX,CAT,PM2_5,8.44236272248695e-06
2017,July,Placer (MC),MCY,Gas,RUNEX,NCAT,CO,0.25539353667600284
2017,July,Placer (MC),MCY,Gas,RUNEX,NCAT,NOx,0.01022235134564899
2017,July,Placer (MC),MCY,Gas,RUNEX,NCAT,SOx,1.782712183938285e-05
2017,July,Placer (MC),MCY,Gas,RUNEX,NCAT,PM,2.2135252297936216e-05
2017,July,Placer (MC),MCY,Gas,RUNEX,NCAT,TOG,0.028710219215069
2017,July,Placer (MC),MCY,Gas,RUNEX,NCAT,PM10,2.0979801414650446e-05
2017,July,Placer (MC),MCY,Gas,RUNEX,NCAT,PM2_5,1.9883746892307665e-05
2017,July,Placer (MC),MCY,Gas,STREX,CAT,CO,0.005380174277142292
2017,July,Placer (MC),MCY,Gas,STREX,CAT,NOx,0.00023153379219318783
2017,July,Placer (MC),MCY,Gas,STREX,CAT,SOx,5.401682586164224e-07
2017,July,Placer (MC),MCY,Gas,STREX,CAT,PM,1.937559043344077e-06
2017,July,Placer (MC),MCY,Gas,STREX,CAT,TOG,0.0014622779685290928
2017,July,Placer (MC),MCY,Gas,STREX,CAT,PM10,1.7985486005556874e-06
2017,July,Placer (MC),MCY,Gas,STREX,CAT,PM2_5,1.6867814067867113e-06
2017,July,Placer (MC),MCY,Gas,STREX,NCAT,CO,0.01724439254600101
2017,July,Placer (MC),MCY,Gas,STREX,NCAT,NOx,0.0004892923727206251
2017,July,Placer (MC),MCY,Gas,STREX,NCAT,SOx,1.2403000391865171e-06
2017,July,Placer (MC),MCY,Gas,STREX,NCAT,PM,1.1603414064593838e-05
2017,July,Placer (MC),MCY,Gas,STREX,NCAT,TOG,0.003980745854537678
2017,July,Placer (MC),MCY,Gas,STREX,NCAT,PM10,1.1084510100268588e-05
2017,July,Placer (MC),MCY,Gas,STREX,NCAT,PM2_5,1.0546222824074664e-05
2017,July,Placer (MC),MCY,Gas,HOTSOAK,CAT,TOG,0.00043967299960229336
2017,July,Placer (MC),MCY,Gas,HOTSOAK,NCAT,TOG,0.0026458161791999453
2017,July,Placer (MC),MCY,Gas,RUNLOSS,CAT,TOG,0.0008777601355464085
2017,July,Placer (MC),MCY,Gas,RUNLOSS,NCAT,TOG,0.00745928876199698
2017,July,Placer (MC),MCY,Gas,RESTLOSS,CAT,TOG,0.000668396342567014
2017,July,Placer (MC),MCY,Gas,RESTLOSS,NCAT,TOG,0.002718663910175201
2017,July,Placer (MC),MCY,Gas,DIURN,CAT,TOG,0.0014870223973081414
2017,July,Placer (MC),MCY,Gas,DIURN,NCAT,TOG,0.005766256090662362
2017,July,Placer (MC),MCY,Gas,PMTW,CAT,PM,2.7648551285145027e-05
2017,July,Placer (MC),MCY,Gas,PMTW,CAT,PM10,2.7648551285145027e-05
2017,July,Placer (MC),MCY,Gas,PMTW,CAT,PM2_5,6.912137821286257e-06
2017,July,Placer (MC),MCY,Gas,PMTW,NCAT,PM,3.4059416417595474e-05
2017,July,Placer (MC),MCY,Gas,PMTW,NCAT,PM10,3.4059416417595474e-05
2017,July,Placer (MC),MCY,Gas,PMTW,NCAT,PM2_5,8.514854104398869e-06
2017,July,Placer (MC),MCY,Gas,PMBW,CAT,PM,8.294565385543502e-05
2017,July,Placer (MC),MCY,Gas,PMBW,CAT,PM10,8.128674077832637e-05
2017,July,Placer (MC),MCY,Gas,PMBW,CAT,PM2_5,3.4837174619282716e-05
2017,July,Placer (MC),MCY,Gas,PMBW,NCAT,PM,0.0001021782492527866
2017,July,Placer (MC),MCY,Gas,PMBW,NCAT,PM10,0.00010013468426773076
2017,July,Placer (MC),MCY,Gas,PMBW,NCAT,PM2_5,4.291486468617033e-05
2017,July,Placer (MC),MH,Gas,RUNEX,CAT,CO,0.006298701486364773
2017,July,Placer (MC),MH,Gas,RUNEX,CAT,NOx,0.0013213052832640386
2017,July,Placer (MC),MH,Gas,RUNEX,CAT,SOx,3.351013192580019e-05
2017,July,Placer (MC),MH,Gas,RUNEX,CAT,PM,4.629405194105783e-06
2017,July,Placer (MC),MH,Gas,RUNEX,CAT,TOG,0.00034338929315210317
2017,July,Placer (MC),MH,Gas,RUNEX,CAT,PM10,4.13868824353057e-06
2017,July,Placer (MC),MH,Gas,RUNEX,CAT,PM2_5,3.805371069554956e-06
2017,July,Placer (MC),MH,Gas,RUNEX,NCAT,CO,0.001090137098936967
2017,July,Placer (MC),MH,Gas,RUNEX,NCAT,NOx,3.06247584551271e-05
2017,July,Placer (MC),MH,Gas,RUNEX,NCAT,SOx,1.7059450206710382e-07
2017,July,Placer (MC),MH,Gas,RUNEX,NCAT,PM,3.389439977662009e-07
2017,July,Placer (MC),MH,Gas,RUNEX,NCAT,TOG,5.029512017614604e-05
2017,July,Placer (MC),MH,Gas,RUNEX,NCAT,PM10,3.2572518185331913e-07
2017,July,Placer (MC),MH,Gas,RUNEX,NCAT,PM2_5,3.108116459516062e-07
2017,July,Placer (MC),MH,Gas,STREX,CAT,CO,7.359137173666126e-05
2017,July,Placer (MC),MH,Gas,STREX,CAT,NOx,6.49084563561427e-06
2017,July,Placer (MC),MH,Gas,STREX,CAT,SOx,5.889197203688302e-09
2017,July,Placer (MC),MH,Gas,STREX,CAT,PM,1.1202903062506785e-08
2017,July,Placer (MC),MH,Gas,STREX,CAT,TOG,3.8120076547662668e-06
2017,July,Placer (MC),MH,Gas,STREX,CAT,PM10,1.0015395337881061e-08
2017,July,Placer (MC),MH,Gas,STREX,CAT,PM2_5,9.208786317380566e-09
2017,July,Placer (MC),MH,Gas,STREX,NCAT,CO,2.273661481229651e-08
2017,July,Placer (MC),MH,Gas,STREX,NCAT,NOx,8.85980667843003e-08
2017,July,Placer (MC),MH,Gas,STREX,NCAT,SOx,2.1789190316214206e-10
2017,July,Placer (MC),MH,Gas,STREX,NCAT,PM,2.6145121984646905e-09
2017,July,Placer (MC),MH,Gas,STREX,NCAT,TOG,4.881298015027569e-07
2017,July,Placer (MC),MH,Gas,STREX,NCAT,PM10,2.512546222724568e-09
2017,July,Placer (MC),MH,Gas,STREX,NCAT,PM2_5,2.3975076859921215e-09
2017,July,Placer (MC),MH,Gas,HOTSOAK,CAT,TOG,2.704206035126601e-06
2017,July,Placer (MC),MH,Gas,HOTSOAK,NCAT,TOG,9.857876726186192e-08
2017,July,Placer (MC),MH,Gas,RUNLOSS,CAT,TOG,6.209992163190884e-05
2017,July,Placer (MC),MH,Gas,RUNLOSS,NCAT,TOG,5.928053647370174e-07
2017,July,Placer (MC),MH,Gas,RESTLOSS,CAT,TOG,1.5223516112604632e-05
2017,July,Placer (MC),MH,Gas,RESTLOSS,NCAT,TOG,5.079276911435478e-07
2017,July,Placer (MC),MH,Gas,DIURN,CAT,TOG,7.168109334616654e-05
2017,July,Placer (MC),MH,Gas,DIURN,NCAT,TOG,2.030555013571105e-06
2017,July,Placer (MC),MH,Gas,PMTW,CAT,PM,2.164892351606159e-05
2017,July,Placer (MC),MH,Gas,PMTW,CAT,PM10,2.164892351606159e-05
2017,July,Placer (MC),MH,Gas,PMTW,CAT,PM2_5,5.412230879015398e-06
2017,July,Placer (MC),MH,Gas,PMTW,NCAT,PM,9.762500646570935e-08
2017,July,Placer (MC),MH,Gas,PMTW,NCAT,PM10,9.762500646570935e-08
2017,July,Placer (MC),MH,Gas,PMTW,NCAT,PM2_5,2.4406251616427338e-08
2017,July,Placer (MC),MH,Gas,PMBW,CAT,PM,0.00023994223563634953
2017,July,Placer (MC),MH,Gas,PMBW,CAT,PM10,0.00023514339092362273
2017,July,Placer (MC),MH,Gas,PMBW,CAT,PM2_5,0.0001007757389672669
2017,July,Placer (MC),MH,Gas,PMBW,NCAT,PM,1.0820104883282783e-06
2017,July,Placer (MC),MH,Gas,PMBW,NCAT,PM10,1.060370278561713e-06
2017,July,Placer (MC),MH,Gas,PMBW,NCAT,PM2_5,4.544444050978771e-07
2017,July,Placer (MC),MH,Dsl,RUNEX,DSL,CO,0.00036293258009938183
2017,July,Placer (MC),MH,Dsl,RUNEX,DSL,NOx,0.0040885200963534105
2017,July,Placer (MC),MH,Dsl,RUNEX,DSL,SOx,6.3917701275539105e-06
2017,July,Placer (MC),MH,Dsl,RUNEX,DSL,PM,0.00010563318548000699
2017,July,Placer (MC),MH,Dsl,RUNEX,DSL,TOG,0.00010736366377272572
2017,July,Placer (MC),MH,Dsl,RUNEX,DSL,PM10,0.00010499938636712693
2017,July,Placer (MC),MH,Dsl,RUNEX,DSL,PM2_5,0.00010045715939148678
2017,July,Placer (MC),MH,Dsl,PMTW,DSL,PM,1.0076006120361953e-05
2017,July,Placer (MC),MH,Dsl,PMTW,DSL,PM10,1.0076006120361953e-05
2017,July,Placer (MC),MH,Dsl,PMTW,DSL,PM2_5,2.5190015300904883e-06
2017,July,Placer (MC),MH,Dsl,PMBW,DSL,PM,8.375680087550867e-05
2017,July,Placer (MC),MH,Dsl,PMBW,DSL,PM10,8.208166485799853e-05
2017,July,Placer (MC),MH,Dsl,PMBW,DSL,PM2_5,3.5177856367713666e-05
2017,July,Placer (MC),SBUS,Dsl,RUNEX,DSL,CO,7.117580196554438e-05
2017,July,Placer (MC),SBUS,Dsl,RUNEX,DSL,NOx,0.0017813424072138928
2017,July,Placer (MC),SBUS,Dsl,RUNEX,DSL,PM,1.2940772502735689e-05
2017,July,Placer (MC),SBUS,Dsl,RUNEX,DSL,PM10,1.2863127867719273e-05
2017,July,Placer (MC),SBUS,Dsl,RUNEX,DSL,PM2_5,1.2306674650101638e-05
2017,July,Placer (MC),SBUS,Dsl,IDLEX,DSL,CO,1.5484302174296713e-05
2017,July,Placer (MC),SBUS,Dsl,IDLEX,DSL,NOx,0.00027775888733019014
2017,July,Placer (MC),SBUS,Dsl,IDLEX,DSL,PM,5.037947121905242e-07
2017,July,Placer (MC),SBUS,Dsl,IDLEX,DSL,PM10,5.00771943917381e-07
2017,July,Placer (MC),SBUS,Dsl,IDLEX,DSL,PM2_5,4.791087712931883e-07
2017,July,Placer (MC),SBUS,Dsl,STREX,DSL,NOx,5.186058671295605e-06
2017,July,Placer (MC),SBUS,Dsl,PMTW,DSL,PM,2.0535608896509275e-06
2017,July,Placer (MC),SBUS,Dsl,PMTW,DSL,PM10,2.0535608896509275e-06
2017,July,Placer (MC),SBUS,Dsl,PMTW,DSL,PM2_5,5.133902224127319e-07
2017,July,Placer (MC),SBUS,Dsl,PMBW,DSL,PM,0.00013005885634455875
2017,July,Placer (MC),SBUS,Dsl,PMBW,DSL,PM10,0.00012745767921766758
2017,July,Placer (MC),SBUS,Dsl,PMBW,DSL,PM2_5,5.462471966471467e-05
2017,July,Placer (MC),SBUS,Dsl,RUNEX,DSL,SOx,1.9881516651579003e-06
2017,July,Placer (MC),SBUS,Dsl,IDLEX,DSL,SOx,2.0416874311780577e-07
2017,July,Placer (MC),SBUS,Dsl,RUNEX,DSL,TOG,3.512796192688067e-05
2017,July,Placer (MC),SBUS,Dsl,IDLEX,DSL,TOG,2.6282158239723366e-06
2017,     ,Placer (MC),LDA,Dsl,RUNEX,DSL,NH3,2.30516e-05
2017,     ,Placer (MC),LDA,Gas,RUNEX,CAT,NH3,0.022626967
2017,     ,Placer (MC),LDT1,Dsl,RUNEX,DSL,NH3,1.06789e-07
2017,     ,Placer (MC),LDT1,Gas,RUNEX,CAT,NH3,0.00308478
2017,     ,Placer (MC),LDT2,Dsl,RUNEX,DSL,NH3,3.15152e-06
2017,     ,Placer (MC),LDT2,Gas,RUNEX,CAT,NH3,0.009550945
2017,     ,Placer (MC),LHD1,Dsl,RUNEX,DSL,NH3,0.002980687
2017,     ,Placer (MC),LHD1,Gas,RUNEX,CAT,NH3,0.001243933
2017,     ,Placer (MC),LHD2,Dsl,RUNEX,DSL,NH3,0.001250998
2017,     ,Placer (MC),LHD2,Gas,RUNEX,CAT,NH3,0.00010769
2017,     ,Placer (MC),MCY,Gas,RUNEX,CAT,NH3,0.000238329
2017,     ,Placer (MC),MDV,Dsl,RUNEX,DSL,NH3,1.41955e-05
2017,     ,Placer (MC),MDV,Gas,RUNEX,CAT,NH3,0.006930686
2017,     ,Placer (MC),MH,Dsl,RUNEX,DSL,NH3,1.70113e-05
2017,     ,Placer (MC),MH,Gas,RUNEX,CAT,NH3,8.0374e-05
2017,     ,Placer (MC),OBUS,Gas,RUNEX,CAT,NH3,2.83932e-05
2017,     ,Placer (MC),SBUS,Gas,RUNEX,CAT,NH3,1.06204e-06
2017,     ,Placer (MC),T6TS,Gas,RUNEX,CAT,NH3,6.83063e-05
2017,     ,Placer (MC),T7IS,Gas,RUNEX,CAT,NH3,1.65097e-07
