calendar_year,season_month,sub_area,vehicle_class,fuel,process,cat_ncat,pollutant,emission
2017,July,Plumas (MC),LDA,Gas,RUNEX,CAT,CO,0.8286378220685705
2017,July,Plumas (MC),LDA,Gas,RUNEX,CAT,NOx,0.0567870195468143
2017,July,Plumas (MC),LDA,Gas,RUNEX,CAT,SOx,0.001547237015237689
2017,July,Plumas (MC),LDA,Gas,RUNEX,CAT,PM,0.0013330354238095792
2017,July,Plumas (MC),LDA,Gas,RUNEX,CAT,TOG,0.03248382394239085
2017,July,Plumas (MC),LDA,Gas,RUNEX,CAT,PM10,0.0011919764695447355
2017,July,Plumas (MC),LDA,Gas,RUNEX,CAT,PM2_5,0.001096099387962553
2017,July,Plumas (MC),LDA,Gas,RUNEX,NCAT,CO,0.02671125703813138
2017,July,Plumas (MC),LDA,Gas,RUNEX,NCAT,NOx,0.002231365706801278
2017,July,Plumas (MC),LDA,Gas,RUNEX,NCAT,SOx,2.8028532858413165e-06
2017,July,Plumas (MC),LDA,Gas,RUNEX,NCAT,PM,3.0610391274736346e-05
2017,July,Plumas (MC),LDA,Gas,RUNEX,NCAT,TOG,0.0030713957385602236
2017,July,Plumas (MC),LDA,Gas,RUNEX,NCAT,PM10,2.9173785356050195e-05
2017,July,Plumas (MC),LDA,Gas,RUNEX,NCAT,PM2_5,2.772545920785432e-05
2017,July,Plumas (MC),LDA,Gas,STREX,CAT,CO,0.13579255297033152
2017,July,Plumas (MC),LDA,Gas,STREX,CAT,NOx,0.01640487302960029
2017,July,Plumas (MC),LDA,Gas,STREX,CAT,SOx,3.349205342783494e-05
2017,July,Plumas (MC),LDA,Gas,STREX,CAT,PM,0.00016183468535524586
2017,July,Plumas (MC),LDA,Gas,STREX,CAT,TOG,0.028089643257094593
2017,July,Plumas (MC),LDA,Gas,STREX,CAT,PM10,0.0001447522623652286
2017,July,Plumas (MC),LDA,Gas,STREX,CAT,PM2_5,0.00013313027699597758
2017,July,Plumas (MC),LDA,Gas,STREX,NCAT,CO,0.0036268966067717393
2017,July,Plumas (MC),LDA,Gas,STREX,NCAT,NOx,0.00020523933650617882
2017,July,Plumas (MC),LDA,Gas,STREX,NCAT,SOx,3.219019526291212e-07
2017,July,Plumas (MC),LDA,Gas,STREX,NCAT,PM,8.68842683735889e-06
2017,July,Plumas (MC),LDA,Gas,STREX,NCAT,TOG,0.000604914268105486
2017,July,Plumas (MC),LDA,Gas,STREX,NCAT,PM10,8.277524533063217e-06
2017,July,Plumas (MC),LDA,Gas,STREX,NCAT,PM2_5,7.865121775892816e-06
2017,July,Plumas (MC),LDA,Gas,HOTSOAK,CAT,TOG,0.01355204706286233
2017,July,Plumas (MC),LDA,Gas,HOTSOAK,NCAT,TOG,0.0005146377314669538
2017,July,Plumas (MC),LDA,Gas,RUNLOSS,CAT,TOG,0.021872663415986926
2017,July,Plumas (MC),LDA,Gas,RUNLOSS,NCAT,TOG,0.002404421132038196
2017,July,Plumas (MC),LDA,Gas,RESTLOSS,CAT,TOG,0.005702547157812597
2017,July,Plumas (MC),LDA,Gas,RESTLOSS,NCAT,TOG,0.0002646762005876696
2017,July,Plumas (MC),LDA,Gas,DIURN,CAT,TOG,0.010525821139657889
2017,July,Plumas (MC),LDA,Gas,DIURN,NCAT,TOG,0.000511395458386296
2017,July,Plumas (MC),LDA,Gas,PMTW,CAT,PM,0.003690117911000799
2017,July,Plumas (MC),LDA,Gas,PMTW,CAT,PM10,0.003690117911000799
2017,July,Plumas (MC),LDA,Gas,PMTW,CAT,PM2_5,0.0009225294777501997
2017,July,Plumas (MC),LDA,Gas,PMTW,NCAT,PM,3.4654907761208234e-06
2017,July,Plumas (MC),LDA,Gas,PMTW,NCAT,PM10,3.4654907761208234e-06
2017,July,Plumas (MC),LDA,Gas,PMTW,NCAT,PM2_5,8.663726940302059e-07
2017,July,Plumas (MC),LDA,Gas,PMBW,CAT,PM,0.017297427707816226
2017,July,Plumas (MC),LDA,Gas,PMBW,CAT,PM10,0.016951479153659917
2017,July,Plumas (MC),LDA,Gas,PMBW,CAT,PM2_5,0.007264919637282822
2017,July,Plumas (MC),LDA,Gas,PMBW,NCAT,PM,1.6244488013066365e-05
2017,July,Plumas (MC),LDA,Gas,PMBW,NCAT,PM10,1.5919598252805037e-05
2017,July,Plumas (MC),LDA,Gas,PMBW,NCAT,PM2_5,6.822684965487868e-06
2017,July,Plumas (MC),LDA,Dsl,RUNEX,DSL,CO,0.0035138609619225487
2017,July,Plumas (MC),LDA,Dsl,RUNEX,DSL,NOx,0.0022215041972185735
2017,July,Plumas (MC),LDA,Dsl,RUNEX,DSL,SOx,1.57962009512354e-05
2017,July,Plumas (MC),LDA,Dsl,RUNEX,DSL,PM,0.00018659059520119913
2017,July,Plumas (MC),LDA,Dsl,RUNEX,DSL,TOG,0.0003842427306405638
2017,July,Plumas (MC),LDA,Dsl,RUNEX,DSL,PM10,0.00018547105162999153
2017,July,Plumas (MC),LDA,Dsl,RUNEX,DSL,PM2_5,0.0001774476560363404
2017,July,Plumas (MC),LDA,Dsl,PMTW,DSL,PM,5.123487084167869e-05
2017,July,Plumas (MC),LDA,Dsl,PMTW,DSL,PM10,5.123487084167869e-05
2017,July,Plumas (MC),LDA,Dsl,PMTW,DSL,PM2_5,1.2808717710419672e-05
2017,July,Plumas (MC),LDA,Dsl,PMBW,DSL,PM,0.00024016345707036872
2017,July,Plumas (MC),LDA,Dsl,PMBW,DSL,PM10,0.0002353601879289615
2017,July,Plumas (MC),LDA,Dsl,PMBW,DSL,PM2_5,0.00010086865196955487
2017,July,Plumas (MC),LDA,Elec,HOTSOAK,CAT,TOG,1.8989655642511025e-06
2017,July,Plumas (MC),LDA,Elec,RESTLOSS,CAT,TOG,6.49428525291458e-07
2017,July,Plumas (MC),LDA,Elec,DIURN,CAT,TOG,2.7776240599853018e-06
2017,July,Plumas (MC),LDA,Elec,PMTW,CAT,PM,2.43725568626183e-05
2017,July,Plumas (MC),LDA,Elec,PMTW,CAT,PM10,2.43725568626183e-05
2017,July,Plumas (MC),LDA,Elec,PMTW,CAT,PM2_5,6.093139215654575e-06
2017,July,Plumas (MC),LDA,Elec,PMBW,CAT,PM,0.00011424636029352324
2017,July,Plumas (MC),LDA,Elec,PMBW,CAT,PM10,0.0001119614330876528
2017,July,Plumas (MC),LDA,Elec,PMBW,CAT,PM2_5,4.7983471323279767e-05
2017,July,Plumas (MC),LDT1,Gas,RUNEX,CAT,CO,0.4154689668310614
2017,July,Plumas (MC),LDT1,Gas,RUNEX,CAT,NOx,0.035194974494153916
2017,July,Plumas (MC),LDT1,Gas,RUNEX,CAT,SOx,0.00034243925705789536
2017,July,Plumas (MC),LDT1,Gas,RUNEX,CAT,PM,0.0005895380673949265
2017,July,Plumas (MC),LDT1,Gas,RUNEX,CAT,TOG,0.01828812154185195
2017,July,Plumas (MC),LDT1,Gas,RUNEX,CAT,PM10,0.0005275981626287077
2017,July,Plumas (MC),LDT1,Gas,RUNEX,CAT,PM2_5,0.0004853817449191676
2017,July,Plumas (MC),LDT1,Gas,RUNEX,NCAT,CO,0.032425087552141255
2017,July,Plumas (MC),LDT1,Gas,RUNEX,NCAT,NOx,0.0026442581067902308
2017,July,Plumas (MC),LDT1,Gas,RUNEX,NCAT,SOx,3.4554143014173434e-06
2017,July,Plumas (MC),LDT1,Gas,RUNEX,NCAT,PM,3.8348004422645e-05
2017,July,Plumas (MC),LDT1,Gas,RUNEX,NCAT,TOG,0.003591221120348479
2017,July,Plumas (MC),LDT1,Gas,RUNEX,NCAT,PM10,3.630130187251904e-05
2017,July,Plumas (MC),LDT1,Gas,RUNEX,NCAT,PM2_5,3.4383666535027115e-05
2017,July,Plumas (MC),LDT1,Gas,STREX,CAT,CO,0.039277900882368426
2017,July,Plumas (MC),LDT1,Gas,STREX,CAT,NOx,0.0059424658730147266
2017,July,Plumas (MC),LDT1,Gas,STREX,CAT,SOx,8.617996365248916e-06
2017,July,Plumas (MC),LDT1,Gas,STREX,CAT,PM,7.367095574206725e-05
2017,July,Plumas (MC),LDT1,Gas,STREX,CAT,TOG,0.011362726707432557
2017,July,Plumas (MC),LDT1,Gas,STREX,CAT,PM10,6.598255327717777e-05
2017,July,Plumas (MC),LDT1,Gas,STREX,CAT,PM2_5,6.072869412980182e-05
2017,July,Plumas (MC),LDT1,Gas,STREX,NCAT,CO,0.0038718303441182657
2017,July,Plumas (MC),LDT1,Gas,STREX,NCAT,NOx,0.00017719005319098078
2017,July,Plumas (MC),LDT1,Gas,STREX,NCAT,SOx,2.964413218936727e-07
2017,July,Plumas (MC),LDT1,Gas,STREX,NCAT,PM,8.150979972607882e-06
2017,July,Plumas (MC),LDT1,Gas,STREX,NCAT,TOG,0.0005550889928247796
2017,July,Plumas (MC),LDT1,Gas,STREX,NCAT,PM10,7.71237290990653e-06
2017,July,Plumas (MC),LDT1,Gas,STREX,NCAT,PM2_5,7.303280125058802e-06
2017,July,Plumas (MC),LDT1,Gas,HOTSOAK,CAT,TOG,0.007160687913716603
2017,July,Plumas (MC),LDT1,Gas,HOTSOAK,NCAT,TOG,0.0004475754540393408
2017,July,Plumas (MC),LDT1,Gas,RUNLOSS,CAT,TOG,0.025565837948252276
2017,July,Plumas (MC),LDT1,Gas,RUNLOSS,NCAT,TOG,0.0009939043735824045
2017,July,Plumas (MC),LDT1,Gas,RESTLOSS,CAT,TOG,0.003267529110313727
2017,July,Plumas (MC),LDT1,Gas,RESTLOSS,NCAT,TOG,0.0002388901276135233
2017,July,Plumas (MC),LDT1,Gas,DIURN,CAT,TOG,0.006619725022887884
2017,July,Plumas (MC),LDT1,Gas,DIURN,NCAT,TOG,0.00045207408096012457
2017,July,Plumas (MC),LDT1,Gas,PMTW,CAT,PM,0.0006892770785067899
2017,July,Plumas (MC),LDT1,Gas,PMTW,CAT,PM10,0.0006892770785067899
2017,July,Plumas (MC),LDT1,Gas,PMTW,CAT,PM2_5,0.00017231926962669748
2017,July,Plumas (MC),LDT1,Gas,PMTW,NCAT,PM,4.342773587561249e-06
2017,July,Plumas (MC),LDT1,Gas,PMTW,NCAT,PM10,4.342773587561249e-06
2017,July,Plumas (MC),LDT1,Gas,PMTW,NCAT,PM2_5,1.0856933968903123e-06
2017,July,Plumas (MC),LDT1,Gas,PMBW,CAT,PM,0.0032309863055005757
2017,July,Plumas (MC),LDT1,Gas,PMBW,CAT,PM10,0.0031663665793905654
2017,July,Plumas (MC),LDT1,Gas,PMBW,CAT,PM2_5,0.001357014248310243
2017,July,Plumas (MC),LDT1,Gas,PMBW,NCAT,PM,2.035675119169336e-05
2017,July,Plumas (MC),LDT1,Gas,PMBW,NCAT,PM10,1.9949616167859494e-05
2017,July,Plumas (MC),LDT1,Gas,PMBW,NCAT,PM2_5,8.54983550051122e-06
2017,July,Plumas (MC),LDT2,Gas,RUNEX,CAT,CO,0.8028550089040226
2017,July,Plumas (MC),LDT2,Gas,RUNEX,CAT,NOx,0.08475758244913663
2017,July,Plumas (MC),LDT2,Gas,RUNEX,CAT,SOx,0.0012582955417612392
2017,July,Plumas (MC),LDT2,Gas,RUNEX,CAT,PM,0.0009789367292840551
2017,July,Plumas (MC),LDT2,Gas,RUNEX,CAT,TOG,0.03342126511662587
2017,July,Plumas (MC),LDT2,Gas,RUNEX,CAT,PM10,0.0008755390455294935
2017,July,Plumas (MC),LDT2,Gas,RUNEX,CAT,PM2_5,0.0008052100647133897
2017,July,Plumas (MC),LDT2,Gas,RUNEX,NCAT,CO,0.02565438828770321
2017,July,Plumas (MC),LDT2,Gas,RUNEX,NCAT,NOx,0.0020908995363458673
2017,July,Plumas (MC),LDT2,Gas,RUNEX,NCAT,SOx,2.6709301506341575e-06
2017,July,Plumas (MC),LDT2,Gas,RUNEX,NCAT,PM,2.9419146698162682e-05
2017,July,Plumas (MC),LDT2,Gas,RUNEX,NCAT,TOG,0.002841424636085412
2017,July,Plumas (MC),LDT2,Gas,RUNEX,NCAT,PM10,2.7902190427386507e-05
2017,July,Plumas (MC),LDT2,Gas,RUNEX,NCAT,PM2_5,2.6453284280318994e-05
2017,July,Plumas (MC),LDT2,Gas,STREX,CAT,CO,0.11434074120942088
2017,July,Plumas (MC),LDT2,Gas,STREX,CAT,NOx,0.02002334562411973
2017,July,Plumas (MC),LDT2,Gas,STREX,CAT,SOx,2.902596790859594e-05
2017,July,Plumas (MC),LDT2,Gas,STREX,CAT,PM,0.00011362755927973396
2017,July,Plumas (MC),LDT2,Gas,STREX,CAT,TOG,0.026028674321355937
2017,July,Plumas (MC),LDT2,Gas,STREX,CAT,PM10,0.00010166320493199004
2017,July,Plumas (MC),LDT2,Gas,STREX,CAT,PM2_5,9.351552326393014e-05
2017,July,Plumas (MC),LDT2,Gas,STREX,NCAT,CO,0.0029502693641112877
2017,July,Plumas (MC),LDT2,Gas,STREX,NCAT,NOx,0.00013677503974598564
2017,July,Plumas (MC),LDT2,Gas,STREX,NCAT,SOx,2.25869986276953e-07
2017,July,Plumas (MC),LDT2,Gas,STREX,NCAT,PM,6.104197301723534e-06
2017,July,Plumas (MC),LDT2,Gas,STREX,NCAT,TOG,0.00042939091397028724
2017,July,Plumas (MC),LDT2,Gas,STREX,NCAT,PM10,5.7859666710484665e-06
2017,July,Plumas (MC),LDT2,Gas,STREX,NCAT,PM2_5,5.483879389691746e-06
2017,July,Plumas (MC),LDT2,Gas,HOTSOAK,CAT,TOG,0.011355790472669203
2017,July,Plumas (MC),LDT2,Gas,HOTSOAK,NCAT,TOG,0.0003437392186029264
2017,July,Plumas (MC),LDT2,Gas,RUNLOSS,CAT,TOG,0.03946543562619205
2017,July,Plumas (MC),LDT2,Gas,RUNLOSS,NCAT,TOG,0.0007462591580149564
2017,July,Plumas (MC),LDT2,Gas,RESTLOSS,CAT,TOG,0.005098037306578773
2017,July,Plumas (MC),LDT2,Gas,RESTLOSS,NCAT,TOG,0.00017785898904042096
2017,July,Plumas (MC),LDT2,Gas,DIURN,CAT,TOG,0.00942266007903254
2017,July,Plumas (MC),LDT2,Gas,DIURN,NCAT,TOG,0.0003410965616395576
2017,July,Plumas (MC),LDT2,Gas,PMTW,CAT,PM,0.002267368468075895
2017,July,Plumas (MC),LDT2,Gas,PMTW,CAT,PM10,0.002267368468075895
2017,July,Plumas (MC),LDT2,Gas,PMTW,CAT,PM2_5,0.0005668421170189737
2017,July,Plumas (MC),LDT2,Gas,PMTW,NCAT,PM,3.3311102752308223e-06
2017,July,Plumas (MC),LDT2,Gas,PMTW,NCAT,PM10,3.3311102752308223e-06
2017,July,Plumas (MC),LDT2,Gas,PMTW,NCAT,PM2_5,8.327775688077056e-07
2017,July,Plumas (MC),LDT2,Gas,PMBW,CAT,PM,0.010628289694105755
2017,July,Plumas (MC),LDT2,Gas,PMBW,CAT,PM10,0.010415723900223646
2017,July,Plumas (MC),LDT2,Gas,PMBW,CAT,PM2_5,0.0044638816715244205
2017,July,Plumas (MC),LDT2,Gas,PMBW,NCAT,PM,1.5614579415144495e-05
2017,July,Plumas (MC),LDT2,Gas,PMBW,NCAT,PM10,1.5302287826841595e-05
2017,July,Plumas (MC),LDT2,Gas,PMBW,NCAT,PM2_5,6.55812335436068e-06
2017,July,Plumas (MC),MDV,Gas,RUNEX,CAT,CO,0.6700902218056319
2017,July,Plumas (MC),MDV,Gas,RUNEX,CAT,NOx,0.07087743897264369
2017,July,Plumas (MC),MDV,Gas,RUNEX,CAT,SOx,0.0011488493817406464
2017,July,Plumas (MC),MDV,Gas,RUNEX,CAT,PM,0.0008078065445704805
2017,July,Plumas (MC),MDV,Gas,RUNEX,CAT,TOG,0.030770111636739525
2017,July,Plumas (MC),MDV,Gas,RUNEX,CAT,PM10,0.0007227764523009395
2017,July,Plumas (MC),MDV,Gas,RUNEX,CAT,PM2_5,0.0006648640414013867
2017,July,Plumas (MC),MDV,Gas,RUNEX,NCAT,CO,0.1833225026176564
2017,July,Plumas (MC),MDV,Gas,RUNEX,NCAT,NOx,0.011135238581628388
2017,July,Plumas (MC),MDV,Gas,RUNEX,NCAT,SOx,1.1917126816518305e-05
2017,July,Plumas (MC),MDV,Gas,RUNEX,NCAT,PM,9.73776654181177e-05
2017,July,Plumas (MC),MDV,Gas,RUNEX,NCAT,TOG,0.011636726721699107
2017,July,Plumas (MC),MDV,Gas,RUNEX,NCAT,PM10,9.298253501188097e-05
2017,July,Plumas (MC),MDV,Gas,RUNEX,NCAT,PM2_5,8.844825742396104e-05
2017,July,Plumas (MC),MDV,Gas,STREX,CAT,CO,0.12229908998942265
2017,July,Plumas (MC),MDV,Gas,STREX,CAT,NOx,0.018198388237038676
2017,July,Plumas (MC),MDV,Gas,STREX,CAT,SOx,2.821304381800807e-05
2017,July,Plumas (MC),MDV,Gas,STREX,CAT,PM,0.00011969583413419065
2017,July,Plumas (MC),MDV,Gas,STREX,CAT,TOG,0.026397711448456193
2017,July,Plumas (MC),MDV,Gas,STREX,CAT,PM10,0.00010714935602564736
2017,July,Plumas (MC),MDV,Gas,STREX,CAT,PM2_5,9.859029848546421e-05
2017,July,Plumas (MC),MDV,Gas,STREX,NCAT,CO,0.019914405549344663
2017,July,Plumas (MC),MDV,Gas,STREX,NCAT,NOx,0.0008245306657841505
2017,July,Plumas (MC),MDV,Gas,STREX,NCAT,SOx,1.1365662053140101e-06
2017,July,Plumas (MC),MDV,Gas,STREX,NCAT,PM,2.2067900456302686e-05
2017,July,Plumas (MC),MDV,Gas,STREX,NCAT,TOG,0.002064198100907118
2017,July,Plumas (MC),MDV,Gas,STREX,NCAT,PM10,2.1065972028826023e-05
2017,July,Plumas (MC),MDV,Gas,STREX,NCAT,PM2_5,2.003594189127013e-05
2017,July,Plumas (MC),MDV,Gas,HOTSOAK,CAT,TOG,0.010125246746498274
2017,July,Plumas (MC),MDV,Gas,HOTSOAK,NCAT,TOG,0.0010563303801749615
2017,July,Plumas (MC),MDV,Gas,RUNLOSS,CAT,TOG,0.03428080813442546
2017,July,Plumas (MC),MDV,Gas,RUNLOSS,NCAT,TOG,0.0021274892372484437
2017,July,Plumas (MC),MDV,Gas,RESTLOSS,CAT,TOG,0.004718294921946201
2017,July,Plumas (MC),MDV,Gas,RESTLOSS,NCAT,TOG,0.0007137044274884774
2017,July,Plumas (MC),MDV,Gas,DIURN,CAT,TOG,0.008525149867101709
2017,July,Plumas (MC),MDV,Gas,DIURN,NCAT,TOG,0.001303340981370074
2017,July,Plumas (MC),MDV,Gas,PMTW,CAT,PM,0.0017615302713476569
2017,July,Plumas (MC),MDV,Gas,PMTW,CAT,PM10,0.0017615302713476569
2017,July,Plumas (MC),MDV,Gas,PMTW,CAT,PM2_5,0.0004403825678369142
2017,July,Plumas (MC),MDV,Gas,PMTW,NCAT,PM,1.1103702442968703e-05
2017,July,Plumas (MC),MDV,Gas,PMTW,NCAT,PM10,1.1103702442968703e-05
2017,July,Plumas (MC),MDV,Gas,PMTW,NCAT,PM2_5,2.7759256107421757e-06
2017,July,Plumas (MC),MDV,Gas,PMBW,CAT,PM,0.008257173146942142
2017,July,Plumas (MC),MDV,Gas,PMBW,CAT,PM10,0.008092029684003296
2017,July,Plumas (MC),MDV,Gas,PMBW,CAT,PM2_5,0.003468012721715699
2017,July,Plumas (MC),MDV,Gas,PMBW,NCAT,PM,5.204860520141581e-05
2017,July,Plumas (MC),MDV,Gas,PMBW,NCAT,PM10,5.1007633097387484e-05
2017,July,Plumas (MC),MDV,Gas,PMBW,NCAT,PM2_5,2.186041418459464e-05
2017,July,Plumas (MC),LHD1,Gas,RUNEX,CAT,CO,0.1925128635467072
2017,July,Plumas (MC),LHD1,Gas,RUNEX,CAT,NOx,0.028151286300567072
2017,July,Plumas (MC),LHD1,Gas,RUNEX,CAT,SOx,0.0003516842737251137
2017,July,Plumas (MC),LHD1,Gas,RUNEX,CAT,PM,0.00020159103856892853
2017,July,Plumas (MC),LHD1,Gas,RUNEX,CAT,TOG,0.014928082909047156
2017,July,Plumas (MC),LHD1,Gas,RUNEX,CAT,PM10,0.00018022238848062214
2017,July,Plumas (MC),LHD1,Gas,RUNEX,CAT,PM2_5,0.00016570783370365908
2017,July,Plumas (MC),LHD1,Gas,RUNEX,NCAT,CO,0.05036857935867939
2017,July,Plumas (MC),LHD1,Gas,RUNEX,NCAT,NOx,0.0012565747012389184
2017,July,Plumas (MC),LHD1,Gas,RUNEX,NCAT,SOx,5.697407119860754e-06
2017,July,Plumas (MC),LHD1,Gas,RUNEX,NCAT,PM,2.5985054598907602e-05
2017,July,Plumas (MC),LHD1,Gas,RUNEX,NCAT,TOG,0.0028445992187110334
2017,July,Plumas (MC),LHD1,Gas,RUNEX,NCAT,PM10,2.497163746955021e-05
2017,July,Plumas (MC),LHD1,Gas,RUNEX,NCAT,PM2_5,2.382829506719827e-05
2017,July,Plumas (MC),LHD1,Gas,IDLEX,CAT,CO,0.0038057770903102317
2017,July,Plumas (MC),LHD1,Gas,IDLEX,CAT,NOx,4.2809424244583063e-05
2017,July,Plumas (MC),LHD1,Gas,IDLEX,CAT,SOx,1.293805162183998e-06
2017,July,Plumas (MC),LHD1,Gas,IDLEX,CAT,TOG,0.0007086022445826169
2017,July,Plumas (MC),LHD1,Gas,IDLEX,NCAT,CO,9.629587233902049e-05
2017,July,Plumas (MC),LHD1,Gas,IDLEX,NCAT,NOx,1.0889345644599426e-06
2017,July,Plumas (MC),LHD1,Gas,IDLEX,NCAT,SOx,3.5482282378079665e-08
2017,July,Plumas (MC),LHD1,Gas,IDLEX,NCAT,TOG,1.7308382767849206e-05
2017,July,Plumas (MC),LHD1,Gas,STREX,CAT,CO,0.04258262308551163
2017,July,Plumas (MC),LHD1,Gas,STREX,CAT,NOx,0.007742742111370384
2017,July,Plumas (MC),LHD1,Gas,STREX,CAT,SOx,3.1454606041195854e-06
2017,July,Plumas (MC),LHD1,Gas,STREX,CAT,PM,1.7338415667238028e-05
2017,July,Plumas (MC),LHD1,Gas,STREX,CAT,TOG,0.003386458367265049
2017,July,Plumas (MC),LHD1,Gas,STREX,CAT,PM10,1.550054360651082e-05
2017,July,Plumas (MC),LHD1,Gas,STREX,CAT,PM2_5,1.4252177678469692e-05
2017,July,Plumas (MC),LHD1,Gas,STREX,NCAT,CO,3.907270821238922e-05
2017,July,Plumas (MC),LHD1,Gas,STREX,NCAT,NOx,0.0001599380518847847
2017,July,Plumas (MC),LHD1,Gas,STREX,NCAT,SOx,2.847928668995889e-07
2017,July,Plumas (MC),LHD1,Gas,STREX,NCAT,PM,6.568513679813019e-06
2017,July,Plumas (MC),LHD1,Gas,STREX,NCAT,TOG,0.0008703528897473987
2017,July,Plumas (MC),LHD1,Gas,STREX,NCAT,PM10,6.312341646300307e-06
2017,July,Plumas (MC),LHD1,Gas,STREX,NCAT,PM2_5,6.023327044388534e-06
2017,July,Plumas (MC),LHD1,Gas,HOTSOAK,CAT,TOG,0.0055485550231846896
2017,July,Plumas (MC),LHD1,Gas,HOTSOAK,NCAT,TOG,0.0006072259930564274
2017,July,Plumas (MC),LHD1,Gas,RUNLOSS,CAT,TOG,0.05164130421141456
2017,July,Plumas (MC),LHD1,Gas,RUNLOSS,NCAT,TOG,0.001576986425737033
2017,July,Plumas (MC),LHD1,Gas,RESTLOSS,CAT,TOG,7.374911983383117e-05
2017,July,Plumas (MC),LHD1,Gas,RESTLOSS,NCAT,TOG,6.828139130937611e-06
2017,July,Plumas (MC),LHD1,Gas,DIURN,CAT,TOG,0.0002553829505540918
2017,July,Plumas (MC),LHD1,Gas,DIURN,NCAT,TOG,2.0941216777275927e-05
2017,July,Plumas (MC),LHD1,Gas,PMTW,CAT,PM,0.0002674305271759261
2017,July,Plumas (MC),LHD1,Gas,PMTW,CAT,PM10,0.0002674305271759261
2017,July,Plumas (MC),LHD1,Gas,PMTW,CAT,PM2_5,6.685763179398153e-05
2017,July,Plumas (MC),LHD1,Gas,PMTW,NCAT,PM,3.6869173680082104e-06
2017,July,Plumas (MC),LHD1,Gas,PMTW,NCAT,PM10,3.6869173680082104e-06
2017,July,Plumas (MC),LHD1,Gas,PMTW,NCAT,PM2_5,9.217293420020526e-07
2017,July,Plumas (MC),LHD1,Gas,PMBW,CAT,PM,0.0026074476399652767
2017,July,Plumas (MC),LHD1,Gas,PMBW,CAT,PM10,0.0025552986871659753
2017,July,Plumas (MC),LHD1,Gas,PMBW,CAT,PM2_5,0.0010951280087854159
2017,July,Plumas (MC),LHD1,Gas,PMBW,NCAT,PM,3.594744433808006e-05
2017,July,Plumas (MC),LHD1,Gas,PMBW,NCAT,PM10,3.522849545131845e-05
2017,July,Plumas (MC),LHD1,Gas,PMBW,NCAT,PM2_5,1.5097926621993613e-05
2017,July,Plumas (MC),LHD2,Gas,RUNEX,CAT,CO,0.009439631535006545
2017,July,Plumas (MC),LHD2,Gas,RUNEX,CAT,NOx,0.0016370712319572994
2017,July,Plumas (MC),LHD2,Gas,RUNEX,CAT,SOx,3.274560134416204e-05
2017,July,Plumas (MC),LHD2,Gas,RUNEX,CAT,PM,1.0717244793552232e-05
2017,July,Plumas (MC),LHD2,Gas,RUNEX,CAT,TOG,0.0007140716907009174
2017,July,Plumas (MC),LHD2,Gas,RUNEX,CAT,PM10,9.581216845435714e-06
2017,July,Plumas (MC),LHD2,Gas,RUNEX,CAT,PM2_5,8.809575220299938e-06
2017,July,Plumas (MC),LHD2,Gas,IDLEX,CAT,CO,0.00028454578026343186
2017,July,Plumas (MC),LHD2,Gas,IDLEX,CAT,NOx,3.1935727730277925e-06
2017,July,Plumas (MC),LHD2,Gas,IDLEX,CAT,SOx,1.0937936123065569e-07
2017,July,Plumas (MC),LHD2,Gas,IDLEX,CAT,TOG,5.318714310680052e-05
2017,July,Plumas (MC),LHD2,Gas,STREX,CAT,CO,0.0028448011327720252
2017,July,Plumas (MC),LHD2,Gas,STREX,CAT,NOx,0.0005620149253390209
2017,July,Plumas (MC),LHD2,Gas,STREX,CAT,SOx,2.566333789283367e-07
2017,July,Plumas (MC),LHD2,Gas,STREX,CAT,PM,8.216995540972679e-07
2017,July,Plumas (MC),LHD2,Gas,STREX,CAT,TOG,0.00024862792911976953
2017,July,Plumas (MC),LHD2,Gas,STREX,CAT,PM10,7.345994013629578e-07
2017,July,Plumas (MC),LHD2,Gas,STREX,CAT,PM2_5,6.754370334679548e-07
2017,July,Plumas (MC),LHD2,Gas,HOTSOAK,CAT,TOG,0.00027346790889677756
2017,July,Plumas (MC),LHD2,Gas,RUNLOSS,CAT,TOG,0.0021689994563178906
2017,July,Plumas (MC),LHD2,Gas,RESTLOSS,CAT,TOG,3.7210099530654215e-06
2017,July,Plumas (MC),LHD2,Gas,DIURN,CAT,TOG,1.2266531320362455e-05
2017,July,Plumas (MC),LHD2,Gas,PMTW,CAT,PM,2.1919331370507604e-05
2017,July,Plumas (MC),LHD2,Gas,PMTW,CAT,PM10,2.1919331370507604e-05
2017,July,Plumas (MC),LHD2,Gas,PMTW,CAT,PM2_5,5.479832842626901e-06
2017,July,Plumas (MC),LHD2,Gas,PMBW,CAT,PM,0.0002493323943395238
2017,July,Plumas (MC),LHD2,Gas,PMBW,CAT,PM10,0.00024434574645273353
2017,July,Plumas (MC),LHD2,Gas,PMBW,CAT,PM2_5,0.0001047196056226001
2017,July,Plumas (MC),T6TS,Gas,RUNEX,CAT,CO,0.023252380280504636
2017,July,Plumas (MC),T6TS,Gas,RUNEX,CAT,NOx,0.0038593019987902487
2017,July,Plumas (MC),T6TS,Gas,RUNEX,CAT,SOx,2.799350166299944e-05
2017,July,Plumas (MC),T6TS,Gas,RUNEX,CAT,PM,7.414367562515024e-06
2017,July,Plumas (MC),T6TS,Gas,RUNEX,CAT,TOG,0.0015246424123818835
2017,July,Plumas (MC),T6TS,Gas,RUNEX,CAT,PM10,6.628444600888439e-06
2017,July,Plumas (MC),T6TS,Gas,RUNEX,CAT,PM2_5,6.094610136387339e-06
2017,July,Plumas (MC),T6TS,Gas,RUNEX,NCAT,CO,0.013660289286630593
2017,July,Plumas (MC),T6TS,Gas,RUNEX,NCAT,NOx,0.0004073579564625416
2017,July,Plumas (MC),T6TS,Gas,RUNEX,NCAT,SOx,2.0933201187194794e-06
2017,July,Plumas (MC),T6TS,Gas,RUNEX,NCAT,PM,4.147592125770694e-06
2017,July,Plumas (MC),T6TS,Gas,RUNEX,NCAT,TOG,0.0006412169401526065
2017,July,Plumas (MC),T6TS,Gas,RUNEX,NCAT,PM10,3.985836032865638e-06
2017,July,Plumas (MC),T6TS,Gas,RUNEX,NCAT,PM2_5,3.8033419793317273e-06
2017,July,Plumas (MC),T6TS,Gas,IDLEX,CAT,CO,0.0005198110886164532
2017,July,Plumas (MC),T6TS,Gas,IDLEX,CAT,NOx,4.607822693545377e-06
2017,July,Plumas (MC),T6TS,Gas,IDLEX,CAT,SOx,3.1009472962638075e-07
2017,July,Plumas (MC),T6TS,Gas,IDLEX,CAT,TOG,6.714033685636733e-05
2017,July,Plumas (MC),T6TS,Gas,IDLEX,NCAT,CO,9.715769106338499e-05
2017,July,Plumas (MC),T6TS,Gas,IDLEX,NCAT,NOx,8.631192972326164e-07
2017,July,Plumas (MC),T6TS,Gas,IDLEX,NCAT,SOx,6.102889248009278e-08
2017,July,Plumas (MC),T6TS,Gas,IDLEX,NCAT,TOG,1.2221421118497033e-05
2017,July,Plumas (MC),T6TS,Gas,STREX,CAT,CO,0.007265832827768154
2017,July,Plumas (MC),T6TS,Gas,STREX,CAT,NOx,0.00037074201836626627
2017,July,Plumas (MC),T6TS,Gas,STREX,CAT,SOx,4.6292143743484526e-07
2017,July,Plumas (MC),T6TS,Gas,STREX,CAT,PM,1.9021875773315195e-06
2017,July,Plumas (MC),T6TS,Gas,STREX,CAT,TOG,0.0003000537344017299
2017,July,Plumas (MC),T6TS,Gas,STREX,CAT,PM10,1.7005556941343774e-06
2017,July,Plumas (MC),T6TS,Gas,STREX,CAT,PM2_5,1.5635981885665098e-06
2017,July,Plumas (MC),T6TS,Gas,STREX,NCAT,CO,2.845567854803964e-05
2017,July,Plumas (MC),T6TS,Gas,STREX,NCAT,NOx,0.0001163768135217204
2017,July,Plumas (MC),T6TS,Gas,STREX,NCAT,SOx,2.8620935132280176e-07
2017,July,Plumas (MC),T6TS,Gas,STREX,NCAT,PM,3.1907572285868078e-06
2017,July,Plumas (MC),T6TS,Gas,STREX,NCAT,TOG,0.000621284559447702
2017,July,Plumas (MC),T6TS,Gas,STREX,NCAT,PM10,3.0663176966719237e-06
2017,July,Plumas (MC),T6TS,Gas,STREX,NCAT,PM2_5,2.9259243786141043e-06
2017,July,Plumas (MC),T6TS,Gas,HOTSOAK,CAT,TOG,0.00041424697161586004
2017,July,Plumas (MC),T6TS,Gas,HOTSOAK,NCAT,TOG,0.0003185858093165789
2017,July,Plumas (MC),T6TS,Gas,RUNLOSS,CAT,TOG,0.0026652324973563267
2017,July,Plumas (MC),T6TS,Gas,RUNLOSS,NCAT,TOG,0.0007803175364754524
2017,July,Plumas (MC),T6TS,Gas,RESTLOSS,CAT,TOG,6.008929489104365e-06
2017,July,Plumas (MC),T6TS,Gas,RESTLOSS,NCAT,TOG,2.700866844535285e-06
2017,July,Plumas (MC),T6TS,Gas,DIURN,CAT,TOG,1.8792851407149626e-05
2017,July,Plumas (MC),T6TS,Gas,DIURN,NCAT,TOG,7.978072654283843e-06
2017,July,Plumas (MC),T6TS,Gas,PMTW,CAT,PM,1.8037768103398e-05
2017,July,Plumas (MC),T6TS,Gas,PMTW,CAT,PM10,1.8037768103398e-05
2017,July,Plumas (MC),T6TS,Gas,PMTW,CAT,PM2_5,4.5094420258495e-06
2017,July,Plumas (MC),T6TS,Gas,PMTW,NCAT,PM,1.194618316824102e-06
2017,July,Plumas (MC),T6TS,Gas,PMTW,NCAT,PM10,1.194618316824102e-06
2017,July,Plumas (MC),T6TS,Gas,PMTW,NCAT,PM2_5,2.986545792060255e-07
2017,July,Plumas (MC),T6TS,Gas,PMBW,CAT,PM,0.00019991859647932797
2017,July,Plumas (MC),T6TS,Gas,PMBW,CAT,PM10,0.00019592022454974152
2017,July,Plumas (MC),T6TS,Gas,PMBW,CAT,PM2_5,8.396581052131769e-05
2017,July,Plumas (MC),T6TS,Gas,PMBW,NCAT,PM,1.3240353011467126e-05
2017,July,Plumas (MC),T6TS,Gas,PMBW,NCAT,PM10,1.2975545951237786e-05
2017,July,Plumas (MC),T6TS,Gas,PMBW,NCAT,PM2_5,5.560948264816192e-06
2017,July,Plumas (MC),T7IS,Gas,RUNEX,CAT,CO,0.0044279447183545656
2017,July,Plumas (MC),T7IS,Gas,RUNEX,CAT,NOx,0.0008270108558006905
2017,July,Plumas (MC),T7IS,Gas,RUNEX,CAT,SOx,4.1685007418515847e-07
2017,July,Plumas (MC),T7IS,Gas,RUNEX,CAT,PM,2.0637419379653039e-07
2017,July,Plumas (MC),T7IS,Gas,RUNEX,CAT,TOG,0.00013954778846900372
2017,July,Plumas (MC),T7IS,Gas,RUNEX,CAT,PM10,1.8449852925409813e-07
2017,July,Plumas (MC),T7IS,Gas,RUNEX,CAT,PM2_5,1.696395873007479e-07
2017,July,Plumas (MC),T7IS,Gas,STREX,CAT,CO,1.0751092330558686e-06
2017,July,Plumas (MC),T7IS,Gas,STREX,CAT,NOx,0.00017525094549837797
2017,July,Plumas (MC),T7IS,Gas,STREX,CAT,SOx,8.05041287689018e-09
2017,July,Plumas (MC),T7IS,Gas,STREX,CAT,PM,6.228806392134676e-08
2017,July,Plumas (MC),T7IS,Gas,STREX,CAT,TOG,3.442229676574367e-09
2017,July,Plumas (MC),T7IS,Gas,STREX,CAT,PM10,5.568552914568401e-08
2017,July,Plumas (MC),T7IS,Gas,STREX,CAT,PM2_5,5.120078854334704e-08
2017,July,Plumas (MC),T7IS,Gas,HOTSOAK,CAT,TOG,1.207454125703799e-05
2017,July,Plumas (MC),T7IS,Gas,RUNLOSS,CAT,TOG,0.00010459050173486406
2017,July,Plumas (MC),T7IS,Gas,RESTLOSS,CAT,TOG,1.4330066841443536e-07
2017,July,Plumas (MC),T7IS,Gas,DIURN,CAT,TOG,4.328688873337843e-07
2017,July,Plumas (MC),T7IS,Gas,PMTW,CAT,PM,3.1453427081937184e-07
2017,July,Plumas (MC),T7IS,Gas,PMTW,CAT,PM10,3.1453427081937184e-07
2017,July,Plumas (MC),T7IS,Gas,PMTW,CAT,PM2_5,7.863356770484296e-08
2017,July,Plumas (MC),T7IS,Gas,PMBW,CAT,PM,9.90782953081021e-07
2017,July,Plumas (MC),T7IS,Gas,PMBW,CAT,PM10,9.709672940194003e-07
2017,July,Plumas (MC),T7IS,Gas,PMBW,CAT,PM2_5,4.161288402940287e-07
2017,July,Plumas (MC),LDT1,Dsl,RUNEX,DSL,CO,1.874972453548373e-05
2017,July,Plumas (MC),LDT1,Dsl,RUNEX,DSL,NOx,2.0994463925089374e-05
2017,July,Plumas (MC),LDT1,Dsl,RUNEX,DSL,SOx,6.029428578701694e-08
2017,July,Plumas (MC),LDT1,Dsl,RUNEX,DSL,PM,4.2349796301147096e-06
2017,July,Plumas (MC),LDT1,Dsl,RUNEX,DSL,TOG,5.736464486052124e-06
2017,July,Plumas (MC),LDT1,Dsl,RUNEX,DSL,PM10,4.2095697523340205e-06
2017,July,Plumas (MC),LDT1,Dsl,RUNEX,DSL,PM2_5,4.027465628239088e-06
2017,July,Plumas (MC),LDT1,Dsl,PMTW,DSL,PM,1.074657732019717e-07
2017,July,Plumas (MC),LDT1,Dsl,PMTW,DSL,PM10,1.074657732019717e-07
2017,July,Plumas (MC),LDT1,Dsl,PMTW,DSL,PM2_5,2.6866443300492925e-08
2017,July,Plumas (MC),LDT1,Dsl,PMBW,DSL,PM,5.037458118842425e-07
2017,July,Plumas (MC),LDT1,Dsl,PMBW,DSL,PM10,4.936708956465575e-07
2017,July,Plumas (MC),LDT1,Dsl,PMBW,DSL,PM2_5,2.115732409913818e-07
2017,July,Plumas (MC),LDT2,Dsl,RUNEX,DSL,CO,0.0004830471847594304
2017,July,Plumas (MC),LDT2,Dsl,RUNEX,DSL,NOx,0.00030099275638735025
2017,July,Plumas (MC),LDT2,Dsl,RUNEX,DSL,SOx,4.560711287602174e-06
2017,July,Plumas (MC),LDT2,Dsl,RUNEX,DSL,PM,3.3267473597325e-05
2017,July,Plumas (MC),LDT2,Dsl,RUNEX,DSL,TOG,8.442412329393895e-05
2017,July,Plumas (MC),LDT2,Dsl,RUNEX,DSL,PM10,3.306786875574104e-05
2017,July,Plumas (MC),LDT2,Dsl,RUNEX,DSL,PM2_5,3.163736739105605e-05
2017,July,Plumas (MC),LDT2,Dsl,PMTW,DSL,PM,1.0793040285831957e-05
2017,July,Plumas (MC),LDT2,Dsl,PMTW,DSL,PM10,1.0793040285831957e-05
2017,July,Plumas (MC),LDT2,Dsl,PMTW,DSL,PM2_5,2.698260071457989e-06
2017,July,Plumas (MC),LDT2,Dsl,PMBW,DSL,PM,5.05923763398373e-05
2017,July,Plumas (MC),LDT2,Dsl,PMBW,DSL,PM10,4.9580528813040554e-05
2017,July,Plumas (MC),LDT2,Dsl,PMBW,DSL,PM2_5,2.1248798062731663e-05
2017,July,Plumas (MC),MDV,Dsl,RUNEX,DSL,CO,0.002380693029035432
2017,July,Plumas (MC),MDV,Dsl,RUNEX,DSL,NOx,0.0012475154363922943
2017,July,Plumas (MC),MDV,Dsl,RUNEX,DSL,SOx,2.065385618385434e-05
2017,July,Plumas (MC),MDV,Dsl,RUNEX,DSL,PM,9.306929847051711e-05
2017,July,Plumas (MC),MDV,Dsl,RUNEX,DSL,TOG,0.00021904195909497513
2017,July,Plumas (MC),MDV,Dsl,RUNEX,DSL,PM10,9.251088267969394e-05
2017,July,Plumas (MC),MDV,Dsl,RUNEX,DSL,PM2_5,8.850890284546176e-05
2017,July,Plumas (MC),MDV,Dsl,PMTW,DSL,PM,3.8000619757853655e-05
2017,July,Plumas (MC),MDV,Dsl,PMTW,DSL,PM10,3.8000619757853655e-05
2017,July,Plumas (MC),MDV,Dsl,PMTW,DSL,PM2_5,9.500154939463414e-06
2017,July,Plumas (MC),MDV,Dsl,PMBW,DSL,PM,0.00017812790511493915
2017,July,Plumas (MC),MDV,Dsl,PMBW,DSL,PM10,0.00017456534701264025
2017,July,Plumas (MC),MDV,Dsl,PMBW,DSL,PM2_5,7.481372014827446e-05
2017,July,Plumas (MC),LHD1,Dsl,RUNEX,DSL,CO,0.061314203548327784
2017,July,Plumas (MC),LHD1,Dsl,RUNEX,DSL,NOx,0.2671419913851218
2017,July,Plumas (MC),LHD1,Dsl,RUNEX,DSL,SOx,0.000315732920748554
2017,July,Plumas (MC),LHD1,Dsl,RUNEX,DSL,PM,0.00278434223136893
2017,July,Plumas (MC),LHD1,Dsl,RUNEX,DSL,TOG,0.015292144390817263
2017,July,Plumas (MC),LHD1,Dsl,RUNEX,DSL,PM10,0.0027676361779807174
2017,July,Plumas (MC),LHD1,Dsl,RUNEX,DSL,PM2_5,0.0026479094620318533
2017,July,Plumas (MC),LHD1,Dsl,IDLEX,DSL,CO,0.001407833284040505
2017,July,Plumas (MC),LHD1,Dsl,IDLEX,DSL,NOx,0.003992603541337577
2017,July,Plumas (MC),LHD1,Dsl,IDLEX,DSL,SOx,2.0851152508580408e-06
2017,July,Plumas (MC),LHD1,Dsl,IDLEX,DSL,PM,4.9925871580460406e-05
2017,July,Plumas (MC),LHD1,Dsl,IDLEX,DSL,TOG,0.00019336689293453837
2017,July,Plumas (MC),LHD1,Dsl,IDLEX,DSL,PM10,4.9626316350977677e-05
2017,July,Plumas (MC),LHD1,Dsl,IDLEX,DSL,PM2_5,4.7479503873017885e-05
2017,July,Plumas (MC),LHD1,Dsl,PMTW,DSL,PM,0.0006742132105757403
2017,July,Plumas (MC),LHD1,Dsl,PMTW,DSL,PM10,0.0006742132105757403
2017,July,Plumas (MC),LHD1,Dsl,PMTW,DSL,PM2_5,0.00016855330264393508
2017,July,Plumas (MC),LHD1,Dsl,PMBW,DSL,PM,0.004382385868742309
2017,July,Plumas (MC),LHD1,Dsl,PMBW,DSL,PM10,0.004294738151367463
2017,July,Plumas (MC),LHD1,Dsl,PMBW,DSL,PM2_5,0.0018406020648717727
2017,July,Plumas (MC),LHD2,Dsl,RUNEX,DSL,CO,0.011715101269706651
2017,July,Plumas (MC),LHD2,Dsl,RUNEX,DSL,NOx,0.042649985823232275
2017,July,Plumas (MC),LHD2,Dsl,RUNEX,DSL,SOx,8.204833134019248e-05
2017,July,Plumas (MC),LHD2,Dsl,RUNEX,DSL,PM,0.0004797619778833025
2017,July,Plumas (MC),LHD2,Dsl,RUNEX,DSL,TOG,0.002877617809055661
2017,July,Plumas (MC),LHD2,Dsl,RUNEX,DSL,PM10,0.0004768834060160032
2017,July,Plumas (MC),LHD2,Dsl,RUNEX,DSL,PM2_5,0.0004562536409670205
2017,July,Plumas (MC),LHD2,Dsl,IDLEX,DSL,CO,0.00029701188456489244
2017,July,Plumas (MC),LHD2,Dsl,IDLEX,DSL,NOx,0.0008414588359251393
2017,July,Plumas (MC),LHD2,Dsl,IDLEX,DSL,SOx,7.026120726847143e-07
2017,July,Plumas (MC),LHD2,Dsl,IDLEX,DSL,PM,9.131226108748737e-06
2017,July,Plumas (MC),LHD2,Dsl,IDLEX,DSL,TOG,4.079479149556221e-05
2017,July,Plumas (MC),LHD2,Dsl,IDLEX,DSL,PM10,9.076438752096243e-06
2017,July,Plumas (MC),LHD2,Dsl,IDLEX,DSL,PM2_5,8.683796029420052e-06
2017,July,Plumas (MC),LHD2,Dsl,PMTW,DSL,PM,0.00015646260735794948
2017,July,Plumas (MC),LHD2,Dsl,PMTW,DSL,PM10,0.00015646260735794948
2017,July,Plumas (MC),LHD2,Dsl,PMTW,DSL,PM2_5,3.911565183948737e-05
2017,July,Plumas (MC),LHD2,Dsl,PMBW,DSL,PM,0.0011865081057977841
2017,July,Plumas (MC),LHD2,Dsl,PMBW,DSL,PM10,0.0011627779436818282
2017,July,Plumas (MC),LHD2,Dsl,PMBW,DSL,PM2_5,0.000498333404435069
2017,July,Plumas (MC),LDT1,Elec,HOTSOAK,CAT,TOG,3.5874912349798297e-08
2017,July,Plumas (MC),LDT1,Elec,RESTLOSS,CAT,TOG,1.2619090432643633e-08
2017,July,Plumas (MC),LDT1,Elec,DIURN,CAT,TOG,5.397220453953829e-08
2017,July,Plumas (MC),LDT1,Elec,PMTW,CAT,PM,4.315043501117121e-07
2017,July,Plumas (MC),LDT1,Elec,PMTW,CAT,PM10,4.315043501117121e-07
2017,July,Plumas (MC),LDT1,Elec,PMTW,CAT,PM2_5,1.0787608752792802e-07
2017,July,Plumas (MC),LDT1,Elec,PMBW,CAT,PM,2.02267664114865e-06
2017,July,Plumas (MC),LDT1,Elec,PMBW,CAT,PM10,1.9822231083256764e-06
2017,July,Plumas (MC),LDT1,Elec,PMBW,CAT,PM2_5,8.495241892824331e-07
2017,July,Plumas (MC),LDT2,Elec,HOTSOAK,CAT,TOG,9.215664205950234e-08
2017,July,Plumas (MC),LDT2,Elec,RESTLOSS,CAT,TOG,3.086675876263551e-08
2017,July,Plumas (MC),LDT2,Elec,DIURN,CAT,TOG,1.320179949816353e-07
2017,July,Plumas (MC),LDT2,Elec,PMTW,CAT,PM,1.1698004853993813e-06
2017,July,Plumas (MC),LDT2,Elec,PMTW,CAT,PM10,1.1698004853993813e-06
2017,July,Plumas (MC),LDT2,Elec,PMTW,CAT,PM2_5,2.924501213498453e-07
2017,July,Plumas (MC),LDT2,Elec,PMBW,CAT,PM,5.483439775309599e-06
2017,July,Plumas (MC),LDT2,Elec,PMBW,CAT,PM10,5.373770979803408e-06
2017,July,Plumas (MC),LDT2,Elec,PMBW,CAT,PM2_5,2.3030447056300317e-06
2017,July,Plumas (MC),MDV,Elec,HOTSOAK,CAT,TOG,1.3021314699551043e-08
2017,July,Plumas (MC),MDV,Elec,RESTLOSS,CAT,TOG,4.361332733281365e-09
2017,July,Plumas (MC),MDV,Elec,DIURN,CAT,TOG,1.865354270991878e-08
2017,July,Plumas (MC),MDV,Elec,PMTW,CAT,PM,1.652874922052598e-07
2017,July,Plumas (MC),MDV,Elec,PMTW,CAT,PM10,1.652874922052598e-07
2017,July,Plumas (MC),MDV,Elec,PMTW,CAT,PM2_5,4.132187305131495e-08
2017,July,Plumas (MC),MDV,Elec,PMBW,CAT,PM,7.747851197121553e-07
2017,July,Plumas (MC),MDV,Elec,PMBW,CAT,PM10,7.592894173179121e-07
2017,July,Plumas (MC),MDV,Elec,PMBW,CAT,PM2_5,3.254097502791053e-07
2017,July,Plumas (MC),SBUS,Gas,RUNEX,CAT,CO,5.146703968764422e-05
2017,July,Plumas (MC),SBUS,Gas,RUNEX,CAT,NOx,3.126057948460125e-05
2017,July,Plumas (MC),SBUS,Gas,RUNEX,CAT,SOx,2.3692416569724324e-06
2017,July,Plumas (MC),SBUS,Gas,RUNEX,CAT,PM,1.0978569815599105e-07
2017,July,Plumas (MC),SBUS,Gas,RUNEX,CAT,TOG,4.661350024820505e-06
2017,July,Plumas (MC),SBUS,Gas,RUNEX,CAT,PM10,9.814841415145602e-08
2017,July,Plumas (MC),SBUS,Gas,RUNEX,CAT,PM2_5,9.024384388422463e-08
2017,July,Plumas (MC),SBUS,Gas,IDLEX,CAT,CO,0.00042597047675267446
2017,July,Plumas (MC),SBUS,Gas,IDLEX,CAT,NOx,4.799007594275458e-06
2017,July,Plumas (MC),SBUS,Gas,IDLEX,CAT,SOx,1.3935918473242974e-07
2017,July,Plumas (MC),SBUS,Gas,IDLEX,CAT,TOG,8.042840875079078e-05
2017,July,Plumas (MC),SBUS,Gas,STREX,CAT,CO,0.00015680337424791942
2017,July,Plumas (MC),SBUS,Gas,STREX,CAT,NOx,1.1296100766865292e-05
2017,July,Plumas (MC),SBUS,Gas,STREX,CAT,SOx,9.993304220718882e-09
2017,July,Plumas (MC),SBUS,Gas,STREX,CAT,PM,3.3213601171740986e-09
2017,July,Plumas (MC),SBUS,Gas,STREX,CAT,TOG,6.394180210562609e-06
2017,July,Plumas (MC),SBUS,Gas,STREX,CAT,PM10,2.9692959447536434e-09
2017,July,Plumas (MC),SBUS,Gas,STREX,CAT,PM2_5,2.730158016317108e-09
2017,July,Plumas (MC),SBUS,Gas,HOTSOAK,CAT,TOG,4.154924448801186e-07
2017,July,Plumas (MC),SBUS,Gas,RUNLOSS,CAT,TOG,2.341514844210479e-06
2017,July,Plumas (MC),SBUS,Gas,RESTLOSS,CAT,TOG,3.0561489734562085e-08
2017,July,Plumas (MC),SBUS,Gas,DIURN,CAT,TOG,1.1136379424397201e-07
2017,July,Plumas (MC),SBUS,Gas,PMTW,CAT,PM,2.0995168112752515e-06
2017,July,Plumas (MC),SBUS,Gas,PMTW,CAT,PM10,2.0995168112752515e-06
2017,July,Plumas (MC),SBUS,Gas,PMTW,CAT,PM2_5,5.248792028188129e-07
2017,July,Plumas (MC),SBUS,Gas,PMBW,CAT,PM,0.00019945409444675278
2017,July,Plumas (MC),SBUS,Gas,PMBW,CAT,PM10,0.00019546501255781782
2017,July,Plumas (MC),SBUS,Gas,PMBW,CAT,PM2_5,8.377071966763619e-05
2017,July,Plumas (MC),OBUS,Gas,RUNEX,CAT,CO,0.0023138553036200172
2017,July,Plumas (MC),OBUS,Gas,RUNEX,CAT,NOx,0.0007324949439495347
2017,July,Plumas (MC),OBUS,Gas,RUNEX,CAT,SOx,1.1049234613235905e-05
2017,July,Plumas (MC),OBUS,Gas,RUNEX,CAT,PM,7.168364255691237e-07
2017,July,Plumas (MC),OBUS,Gas,RUNEX,CAT,TOG,0.0001497024835296236
2017,July,Plumas (MC),OBUS,Gas,RUNEX,CAT,PM10,6.40851764458796e-07
2017,July,Plumas (MC),OBUS,Gas,RUNEX,CAT,PM2_5,5.892395418178194e-07
2017,July,Plumas (MC),OBUS,Gas,IDLEX,CAT,CO,7.405520838050948e-05
2017,July,Plumas (MC),OBUS,Gas,IDLEX,CAT,NOx,8.347670852214646e-07
2017,July,Plumas (MC),OBUS,Gas,IDLEX,CAT,SOx,5.0477724307353676e-08
2017,July,Plumas (MC),OBUS,Gas,IDLEX,CAT,TOG,1.3903823192015715e-05
2017,July,Plumas (MC),OBUS,Gas,STREX,CAT,CO,0.0009174766434553771
2017,July,Plumas (MC),OBUS,Gas,STREX,CAT,NOx,0.00011757355097598033
2017,July,Plumas (MC),OBUS,Gas,STREX,CAT,SOx,7.11496719212994e-08
2017,July,Plumas (MC),OBUS,Gas,STREX,CAT,PM,1.310034045859011e-07
2017,July,Plumas (MC),OBUS,Gas,STREX,CAT,TOG,4.4682870829893313e-05
2017,July,Plumas (MC),OBUS,Gas,STREX,CAT,PM10,1.1711704369979545e-07
2017,July,Plumas (MC),OBUS,Gas,STREX,CAT,PM2_5,1.0768479856961063e-07
2017,July,Plumas (MC),OBUS,Gas,HOTSOAK,CAT,TOG,1.5179999831662524e-05
2017,July,Plumas (MC),OBUS,Gas,RUNLOSS,CAT,TOG,0.0002022111209810417
2017,July,Plumas (MC),OBUS,Gas,RESTLOSS,CAT,TOG,5.746788713636521e-07
2017,July,Plumas (MC),OBUS,Gas,DIURN,CAT,TOG,2.3748189550805003e-06
2017,July,Plumas (MC),OBUS,Gas,PMTW,CAT,PM,7.1032132642456945e-06
2017,July,Plumas (MC),OBUS,Gas,PMTW,CAT,PM10,7.1032132642456945e-06
2017,July,Plumas (MC),OBUS,Gas,PMTW,CAT,PM2_5,1.7758033160614236e-06
2017,July,Plumas (MC),OBUS,Gas,PMBW,CAT,PM,7.87272803453897e-05
2017,July,Plumas (MC),OBUS,Gas,PMBW,CAT,PM10,7.715273473848198e-05
2017,July,Plumas (MC),OBUS,Gas,PMBW,CAT,PM2_5,3.306545774506369e-05
2017,July,Plumas (MC),MCY,Gas,RUNEX,CAT,CO,0.04959647207285321
2017,July,Plumas (MC),MCY,Gas,RUNEX,CAT,NOx,0.0037914831374395276
2017,July,Plumas (MC),MCY,Gas,RUNEX,CAT,SOx,8.611424936131e-06
2017,July,Plumas (MC),MCY,Gas,RUNEX,CAT,PM,6.982987285763758e-06
2017,July,Plumas (MC),MCY,Gas,RUNEX,CAT,TOG,0.01102735035765956
2017,July,Plumas (MC),MCY,Gas,RUNEX,CAT,PM10,6.446649320583462e-06
2017,July,Plumas (MC),MCY,Gas,RUNEX,CAT,PM2_5,6.029068911218898e-06
2017,July,Plumas (MC),MCY,Gas,RUNEX,NCAT,CO,0.14991139822208005
2017,July,Plumas (MC),MCY,Gas,RUNEX,NCAT,NOx,0.005567467648611396
2017,July,Plumas (MC),MCY,Gas,RUNEX,NCAT,SOx,1.0616787920023525e-05
2017,July,Plumas (MC),MCY,Gas,RUNEX,NCAT,PM,1.554793859240271e-05
2017,July,Plumas (MC),MCY,Gas,RUNEX,NCAT,TOG,0.020276577585561235
2017,July,Plumas (MC),MCY,Gas,RUNEX,NCAT,PM10,1.4737710300188348e-05
2017,July,Plumas (MC),MCY,Gas,RUNEX,NCAT,PM2_5,1.39684063269122e-05
2017,July,Plumas (MC),MCY,Gas,STREX,CAT,CO,0.00433021599118428
2017,July,Plumas (MC),MCY,Gas,STREX,CAT,NOx,0.0001786413963937476
2017,July,Plumas (MC),MCY,Gas,STREX,CAT,SOx,4.162000924313251e-07
2017,July,Plumas (MC),MCY,Gas,STREX,CAT,PM,1.4691872749547277e-06
2017,July,Plumas (MC),MCY,Gas,STREX,CAT,TOG,0.0011835337790787829
2017,July,Plumas (MC),MCY,Gas,STREX,CAT,PM10,1.3650985897585488e-06
2017,July,Plumas (MC),MCY,Gas,STREX,CAT,PM2_5,1.2809001603882651e-06
2017,July,Plumas (MC),MCY,Gas,STREX,NCAT,CO,0.01453326599347831
2017,July,Plumas (MC),MCY,Gas,STREX,NCAT,NOx,0.00040854783102576566
2017,July,Plumas (MC),MCY,Gas,STREX,NCAT,SOx,1.0381712598548726e-06
2017,July,Plumas (MC),MCY,Gas,STREX,NCAT,PM,1.0854809830486514e-05
2017,July,Plumas (MC),MCY,Gas,STREX,NCAT,TOG,0.0035468026349750686
2017,July,Plumas (MC),MCY,Gas,STREX,NCAT,PM10,1.0379827081148508e-05
2017,July,Plumas (MC),MCY,Gas,STREX,NCAT,PM2_5,9.880632394180667e-06
2017,July,Plumas (MC),MCY,Gas,HOTSOAK,CAT,TOG,0.00029197368024724813
2017,July,Plumas (MC),MCY,Gas,HOTSOAK,NCAT,TOG,0.0020692292457862344
2017,July,Plumas (MC),MCY,Gas,RUNLOSS,CAT,TOG,0.0006495864609956757
2017,July,Plumas (MC),MCY,Gas,RUNLOSS,NCAT,TOG,0.0068890195584320225
2017,July,Plumas (MC),MCY,Gas,RESTLOSS,CAT,TOG,0.00032328446016871137
2017,July,Plumas (MC),MCY,Gas,RESTLOSS,NCAT,TOG,0.0015286346799226252
2017,July,Plumas (MC),MCY,Gas,DIURN,CAT,TOG,0.0008109197195229925
2017,July,Plumas (MC),MCY,Gas,DIURN,NCAT,TOG,0.0035449720059119866
2017,July,Plumas (MC),MCY,Gas,PMTW,CAT,PM,1.5293599768340618e-05
2017,July,Plumas (MC),MCY,Gas,PMTW,CAT,PM10,1.5293599768340618e-05
2017,July,Plumas (MC),MCY,Gas,PMTW,CAT,PM2_5,3.8233999420851544e-06
2017,July,Plumas (MC),MCY,Gas,PMTW,NCAT,PM,1.8706100727673337e-05
2017,July,Plumas (MC),MCY,Gas,PMTW,NCAT,PM10,1.8706100727673337e-05
2017,July,Plumas (MC),MCY,Gas,PMTW,NCAT,PM2_5,4.676525181918334e-06
2017,July,Plumas (MC),MCY,Gas,PMBW,CAT,PM,4.5880799305021836e-05
2017,July,Plumas (MC),MCY,Gas,PMBW,CAT,PM10,4.4963183318921407e-05
2017,July,Plumas (MC),MCY,Gas,PMBW,CAT,PM2_5,1.926993570810917e-05
2017,July,Plumas (MC),MCY,Gas,PMBW,NCAT,PM,5.6118302183020076e-05
2017,July,Plumas (MC),MCY,Gas,PMBW,NCAT,PM10,5.499593613935966e-05
2017,July,Plumas (MC),MCY,Gas,PMBW,NCAT,PM2_5,2.3569686916868426e-05
2017,July,Plumas (MC),MH,Gas,RUNEX,CAT,CO,0.018365487390826454
2017,July,Plumas (MC),MH,Gas,RUNEX,CAT,NOx,0.0028363776067499907
2017,July,Plumas (MC),MH,Gas,RUNEX,CAT,SOx,4.1032750284117755e-05
2017,July,Plumas (MC),MH,Gas,RUNEX,CAT,PM,9.210402390297557e-06
2017,July,Plumas (MC),MH,Gas,RUNEX,CAT,TOG,0.000906513505036496
2017,July,Plumas (MC),MH,Gas,RUNEX,CAT,PM10,8.234099736925998e-06
2017,July,Plumas (MC),MH,Gas,RUNEX,CAT,PM2_5,7.570950764824571e-06
2017,July,Plumas (MC),MH,Gas,RUNEX,NCAT,CO,0.001354703142311807
2017,July,Plumas (MC),MH,Gas,RUNEX,NCAT,NOx,3.185088828846863e-05
2017,July,Plumas (MC),MH,Gas,RUNEX,NCAT,SOx,2.1127602701091003e-07
2017,July,Plumas (MC),MH,Gas,RUNEX,NCAT,PM,4.198453317162607e-07
2017,July,Plumas (MC),MH,Gas,RUNEX,NCAT,TOG,5.872703143350167e-05
2017,July,Plumas (MC),MH,Gas,RUNEX,NCAT,PM10,4.0347136377932645e-07
2017,July,Plumas (MC),MH,Gas,RUNEX,NCAT,PM2_5,3.84998169183811e-07
2017,July,Plumas (MC),MH,Gas,STREX,CAT,CO,0.00012055057896176444
2017,July,Plumas (MC),MH,Gas,STREX,CAT,NOx,7.97559195823294e-06
2017,July,Plumas (MC),MH,Gas,STREX,CAT,SOx,7.987585894606055e-09
2017,July,Plumas (MC),MH,Gas,STREX,CAT,PM,2.139535672697665e-08
2017,July,Plumas (MC),MH,Gas,STREX,CAT,TOG,5.757314422562628e-06
2017,July,Plumas (MC),MH,Gas,STREX,CAT,PM10,1.9127448913917144e-08
2017,July,Plumas (MC),MH,Gas,STREX,CAT,PM2_5,1.75869832295748e-08
2017,July,Plumas (MC),MH,Gas,STREX,NCAT,CO,2.5562628311159643e-08
2017,July,Plumas (MC),MH,Gas,STREX,NCAT,NOx,1.0412802783721743e-07
2017,July,Plumas (MC),MH,Gas,STREX,NCAT,SOx,2.458841232779717e-10
2017,July,Plumas (MC),MH,Gas,STREX,NCAT,PM,2.952020941609324e-09
2017,July,Plumas (MC),MH,Gas,STREX,NCAT,TOG,5.467059685488033e-07
2017,July,Plumas (MC),MH,Gas,STREX,NCAT,PM10,2.8368921248865604e-09
2017,July,Plumas (MC),MH,Gas,STREX,NCAT,PM2_5,2.7070032034557505e-09
2017,July,Plumas (MC),MH,Gas,HOTSOAK,CAT,TOG,4.851799885100637e-06
2017,July,Plumas (MC),MH,Gas,HOTSOAK,NCAT,TOG,9.912344968300967e-08
2017,July,Plumas (MC),MH,Gas,RUNLOSS,CAT,TOG,0.0001380050724313348
2017,July,Plumas (MC),MH,Gas,RUNLOSS,NCAT,TOG,6.381002030145243e-07
2017,July,Plumas (MC),MH,Gas,RESTLOSS,CAT,TOG,2.2095089853145792e-05
2017,July,Plumas (MC),MH,Gas,RESTLOSS,NCAT,TOG,4.6921363054099305e-07
2017,July,Plumas (MC),MH,Gas,DIURN,CAT,TOG,0.00011626721416184223
2017,July,Plumas (MC),MH,Gas,DIURN,NCAT,TOG,1.977328190377578e-06
2017,July,Plumas (MC),MH,Gas,PMTW,CAT,PM,2.628482411185721e-05
2017,July,Plumas (MC),MH,Gas,PMTW,CAT,PM10,2.628482411185721e-05
2017,July,Plumas (MC),MH,Gas,PMTW,CAT,PM2_5,6.571206027964303e-06
2017,July,Plumas (MC),MH,Gas,PMTW,NCAT,PM,1.209267710739851e-07
2017,July,Plumas (MC),MH,Gas,PMTW,NCAT,PM10,1.209267710739851e-07
2017,July,Plumas (MC),MH,Gas,PMTW,NCAT,PM2_5,3.0231692768496274e-08
2017,July,Plumas (MC),MH,Gas,PMBW,CAT,PM,0.0002913234672397505
2017,July,Plumas (MC),MH,Gas,PMBW,CAT,PM10,0.0002854969978949556
2017,July,Plumas (MC),MH,Gas,PMBW,CAT,PM2_5,0.00012235585624069525
2017,July,Plumas (MC),MH,Gas,PMBW,NCAT,PM,1.3402717127366677e-06
2017,July,Plumas (MC),MH,Gas,PMBW,NCAT,PM10,1.3134662784819345e-06
2017,July,Plumas (MC),MH,Gas,PMBW,NCAT,PM2_5,5.629141193494004e-07
2017,July,Plumas (MC),MH,Dsl,RUNEX,DSL,CO,0.00032546565794547
2017,July,Plumas (MC),MH,Dsl,RUNEX,DSL,NOx,0.0032013843011297815
2017,July,Plumas (MC),MH,Dsl,RUNEX,DSL,SOx,4.896668706968376e-06
2017,July,Plumas (MC),MH,Dsl,RUNEX,DSL,PM,9.181661474404913e-05
2017,July,Plumas (MC),MH,Dsl,RUNEX,DSL,TOG,9.72145842706032e-05
2017,July,Plumas (MC),MH,Dsl,RUNEX,DSL,PM10,9.126571505558472e-05
2017,July,Plumas (MC),MH,Dsl,RUNEX,DSL,PM2_5,8.73176006215907e-05
2017,July,Plumas (MC),MH,Dsl,PMTW,DSL,PM,7.691448366433904e-06
2017,July,Plumas (MC),MH,Dsl,PMTW,DSL,PM10,7.691448366433904e-06
2017,July,Plumas (MC),MH,Dsl,PMTW,DSL,PM2_5,1.922862091608476e-06
2017,July,Plumas (MC),MH,Dsl,PMBW,DSL,PM,6.393516454598181e-05
2017,July,Plumas (MC),MH,Dsl,PMBW,DSL,PM10,6.265646125506225e-05
2017,July,Plumas (MC),MH,Dsl,PMBW,DSL,PM2_5,2.685276910931238e-05
2017,July,Plumas (MC),UBUS,Gas,RUNEX,CAT,CO,0.00017311019372491925
2017,July,Plumas (MC),UBUS,Gas,RUNEX,CAT,NOx,0.00013673773761941225
2017,July,Plumas (MC),UBUS,Gas,RUNEX,CAT,SOx,9.22215314530156e-06
2017,July,Plumas (MC),UBUS,Gas,RUNEX,CAT,PM,1.1484848930253481e-07
2017,July,Plumas (MC),UBUS,Gas,RUNEX,CAT,TOG,1.3344805877245691e-05
2017,July,Plumas (MC),UBUS,Gas,RUNEX,CAT,PM10,1.026745494364661e-07
2017,July,Plumas (MC),UBUS,Gas,RUNEX,CAT,PM2_5,9.440545820668357e-08
2017,July,Plumas (MC),UBUS,Gas,STREX,CAT,CO,0.00013402053310150524
2017,July,Plumas (MC),UBUS,Gas,STREX,CAT,NOx,1.6459339418211293e-05
2017,July,Plumas (MC),UBUS,Gas,STREX,CAT,SOx,1.7238818465478087e-08
2017,July,Plumas (MC),UBUS,Gas,STREX,CAT,PM,1.235677642318817e-09
2017,July,Plumas (MC),UBUS,Gas,STREX,CAT,TOG,1.0837988274967272e-05
2017,July,Plumas (MC),UBUS,Gas,STREX,CAT,PM10,1.1046958122330227e-09
2017,July,Plumas (MC),UBUS,Gas,STREX,CAT,PM2_5,1.0157270219860674e-09
2017,July,Plumas (MC),UBUS,Gas,HOTSOAK,CAT,TOG,1.3782975027054207e-06
2017,July,Plumas (MC),UBUS,Gas,RUNLOSS,CAT,TOG,7.756386898855623e-06
2017,July,Plumas (MC),UBUS,Gas,RESTLOSS,CAT,TOG,7.307528266525176e-08
2017,July,Plumas (MC),UBUS,Gas,DIURN,CAT,TOG,1.6613963188227409e-07
2017,July,Plumas (MC),UBUS,Gas,PMTW,CAT,PM,4.735559415065582e-06
2017,July,Plumas (MC),UBUS,Gas,PMTW,CAT,PM10,4.735559415065582e-06
2017,July,Plumas (MC),UBUS,Gas,PMTW,CAT,PM2_5,1.1838898537663956e-06
2017,July,Plumas (MC),UBUS,Gas,PMBW,CAT,PM,5.248578351697686e-05
2017,July,Plumas (MC),UBUS,Gas,PMBW,CAT,PM10,5.143606784663734e-05
2017,July,Plumas (MC),UBUS,Gas,PMBW,CAT,PM2_5,2.2044029077130282e-05
2017,July,Plumas (MC),UBUS,Dsl,RUNEX,DSL,CO,2.9144926329041052e-05
2017,July,Plumas (MC),UBUS,Dsl,RUNEX,DSL,NOx,0.0004011638756644802
2017,July,Plumas (MC),UBUS,Dsl,RUNEX,DSL,SOx,1.2915652241678134e-06
2017,July,Plumas (MC),UBUS,Dsl,RUNEX,DSL,PM,8.173261240488545e-07
2017,July,Plumas (MC),UBUS,Dsl,RUNEX,DSL,TOG,2.019314992382021e-05
2017,July,Plumas (MC),UBUS,Dsl,RUNEX,DSL,PM10,8.124221673045615e-07
2017,July,Plumas (MC),UBUS,Dsl,RUNEX,DSL,PM2_5,7.772771439704609e-07
2017,July,Plumas (MC),UBUS,Dsl,PMTW,DSL,PM,1.1918884775412532e-06
2017,July,Plumas (MC),UBUS,Dsl,PMTW,DSL,PM10,1.1918884775412532e-06
2017,July,Plumas (MC),UBUS,Dsl,PMTW,DSL,PM2_5,2.979721193853133e-07
2017,July,Plumas (MC),UBUS,Dsl,PMBW,DSL,PM,1.321009729274889e-05
2017,July,Plumas (MC),UBUS,Dsl,PMBW,DSL,PM10,1.294589534689391e-05
2017,July,Plumas (MC),UBUS,Dsl,PMBW,DSL,PM2_5,5.548240862954534e-06
2017,July,Plumas (MC),UBUS,NG,RUNEX,DSL,CO,0.0045080235518637005
2017,July,Plumas (MC),UBUS,NG,RUNEX,DSL,NOx,6.050085499852078e-05
2017,July,Plumas (MC),UBUS,NG,RUNEX,DSL,PM,4.358683686018515e-07
2017,July,Plumas (MC),UBUS,NG,RUNEX,DSL,TOG,0.0006611008766306916
2017,July,Plumas (MC),UBUS,NG,RUNEX,DSL,PM10,4.3325315839024037e-07
2017,July,Plumas (MC),UBUS,NG,RUNEX,DSL,PM2_5,4.145108185403607e-07
2017,July,Plumas (MC),UBUS,NG,PMTW,DSL,PM,2.4428921897105733e-06
2017,July,Plumas (MC),UBUS,NG,PMTW,DSL,PM10,2.4428921897105733e-06
2017,July,Plumas (MC),UBUS,NG,PMTW,DSL,PM2_5,6.107230474276433e-07
2017,July,Plumas (MC),UBUS,NG,PMBW,DSL,PM,2.7075388435958858e-05
2017,July,Plumas (MC),UBUS,NG,PMBW,DSL,PM10,2.6533880667239676e-05
2017,July,Plumas (MC),UBUS,NG,PMBW,DSL,PM2_5,1.1371663143102719e-05
2017,July,Plumas (MC),SBUS,Dsl,RUNEX,DSL,CO,0.00024193017002054683
2017,July,Plumas (MC),SBUS,Dsl,RUNEX,DSL,NOx,0.005399375200737247
2017,July,Plumas (MC),SBUS,Dsl,RUNEX,DSL,PM,4.6656553954916675e-05
2017,July,Plumas (MC),SBUS,Dsl,RUNEX,DSL,PM10,4.637661463118717e-05
2017,July,Plumas (MC),SBUS,Dsl,RUNEX,DSL,PM2_5,4.4370382811125766e-05
2017,July,Plumas (MC),SBUS,Dsl,IDLEX,DSL,CO,0.00010242977741697295
2017,July,Plumas (MC),SBUS,Dsl,IDLEX,DSL,NOx,0.0008760008902833905
2017,July,Plumas (MC),SBUS,Dsl,IDLEX,DSL,PM,2.059014215220245e-06
2017,July,Plumas (MC),SBUS,Dsl,IDLEX,DSL,PM10,2.046660129928924e-06
2017,July,Plumas (MC),SBUS,Dsl,IDLEX,DSL,PM2_5,1.9581225186744535e-06
2017,July,Plumas (MC),SBUS,Dsl,STREX,DSL,NOx,0.0001212578229611612
2017,July,Plumas (MC),SBUS,Dsl,PMTW,DSL,PM,8.325732502013095e-06
2017,July,Plumas (MC),SBUS,Dsl,PMTW,DSL,PM10,8.325732502013095e-06
2017,July,Plumas (MC),SBUS,Dsl,PMTW,DSL,PM2_5,2.081433125503274e-06
2017,July,Plumas (MC),SBUS,Dsl,PMBW,DSL,PM,0.0005272963917941624
2017,July,Plumas (MC),SBUS,Dsl,PMBW,DSL,PM10,0.0005167504639582793
2017,July,Plumas (MC),SBUS,Dsl,PMBW,DSL,PM2_5,0.00022146448455354832
2017,July,Plumas (MC),SBUS,Dsl,RUNEX,DSL,SOx,7.984362000774617e-06
2017,July,Plumas (MC),SBUS,Dsl,IDLEX,DSL,SOx,7.85843700017128e-07
2017,July,Plumas (MC),SBUS,Dsl,RUNEX,DSL,TOG,0.00011336488504666776
2017,July,Plumas (MC),SBUS,Dsl,IDLEX,DSL,TOG,1.1809009845709216e-05
2017,     ,Plumas (MC),LDA,Dsl,RUNEX,DSL,NH3,1.98357e-05
2017,     ,Plumas (MC),LDA,Gas,RUNEX,CAT,NH3,0.014408197
2017,     ,Plumas (MC),LDT1,Dsl,RUNEX,DSL,NH3,4.16056e-08
2017,     ,Plumas (MC),LDT1,Gas,RUNEX,CAT,NH3,0.003446656
2017,     ,Plumas (MC),LDT2,Dsl,RUNEX,DSL,NH3,4.17855e-06
2017,     ,Plumas (MC),LDT2,Gas,RUNEX,CAT,NH3,0.009255365
2017,     ,Plumas (MC),LHD1,Dsl,RUNEX,DSL,NH3,0.00407119
2017,     ,Plumas (MC),LHD1,Gas,RUNEX,CAT,NH3,0.001472618
2017,     ,Plumas (MC),LHD2,Dsl,RUNEX,DSL,NH3,0.001373179
2017,     ,Plumas (MC),LHD2,Gas,RUNEX,CAT,NH3,0.000122053
2017,     ,Plumas (MC),MCY,Gas,RUNEX,CAT,NH3,0.000131297
2017,     ,Plumas (MC),MDV,Dsl,RUNEX,DSL,NH3,1.4712e-05
2017,     ,Plumas (MC),MDV,Gas,RUNEX,CAT,NH3,0.00736826
2017,     ,Plumas (MC),MH,Dsl,RUNEX,DSL,NH3,1.29854e-05
2017,     ,Plumas (MC),MH,Gas,RUNEX,CAT,NH3,9.378e-05
2017,     ,Plumas (MC),OBUS,Gas,RUNEX,CAT,NH3,2.63527e-05
2017,     ,Plumas (MC),SBUS,Gas,RUNEX,CAT,NH3,1.18154e-05
2017,     ,Plumas (MC),T6TS,Gas,RUNEX,CAT,NH3,6.33423e-05
2017,     ,Plumas (MC),T7IS,Gas,RUNEX,CAT,NH3,2.75594e-07
2017,     ,Plumas (MC),UBUS,Dsl,RUNEX,DSL,NH3,3.77092e-06
2017,     ,Plumas (MC),UBUS,Gas,RUNEX,CAT,NH3,1.77668e-05
2017,     ,Plumas (MC),UBUS,NG,RUNEX,DSL,NH3,5.49157e-06
