calendar_year,season_month,sub_area,vehicle_class,fuel,process,cat_ncat,pollutant,emission
2017,July,Riverside (SS),LDA,Gas,RUNEX,CAT,CO,8.145704753091552
2017,July,Riverside (SS),LDA,Gas,RUNEX,CAT,NOx,0.4324027164528195
2017,July,Riverside (SS),LDA,Gas,RUNEX,CAT,SOx,0.0224620840440867
2017,July,Riverside (SS),LDA,Gas,RUNEX,CAT,PM,0.010615941711255092
2017,July,Riverside (SS),LDA,Gas,RUNEX,CAT,TOG,0.20707191885848672
2017,July,Riverside (SS),LDA,Gas,RUNEX,CAT,PM10,0.009491603691944047
2017,July,Riverside (SS),LDA,Gas,RUNEX,CAT,PM2_5,0.008727653656767947
2017,July,Riverside (SS),LDA,Gas,RUNEX,NCAT,CO,0.2342309520728087
2017,July,Riverside (SS),LDA,Gas,RUNEX,NCAT,NOx,0.013232645290581005
2017,July,Riverside (SS),LDA,Gas,RUNEX,NCAT,SOx,1.6580612038009266e-05
2017,July,Riverside (SS),LDA,Gas,RUNEX,NCAT,PM,0.00014614042736125967
2017,July,Riverside (SS),LDA,Gas,RUNEX,NCAT,TOG,0.01622077210901546
2017,July,Riverside (SS),LDA,Gas,RUNEX,NCAT,PM10,0.00013948914861217334
2017,July,Riverside (SS),LDA,Gas,RUNEX,NCAT,PM2_5,0.00013266120177401051
2017,July,Riverside (SS),LDA,Gas,STREX,CAT,CO,1.9425410735218607
2017,July,Riverside (SS),LDA,Gas,STREX,CAT,NOx,0.224551353035926
2017,July,Riverside (SS),LDA,Gas,STREX,CAT,SOx,0.0005443810787668883
2017,July,Riverside (SS),LDA,Gas,STREX,CAT,PM,0.002044141950823512
2017,July,Riverside (SS),LDA,Gas,STREX,CAT,TOG,0.2907062092179379
2017,July,Riverside (SS),LDA,Gas,STREX,CAT,PM10,0.0018278616561006186
2017,July,Riverside (SS),LDA,Gas,STREX,CAT,PM2_5,0.0016808500782951017
2017,July,Riverside (SS),LDA,Gas,STREX,NCAT,CO,0.028506723167014972
2017,July,Riverside (SS),LDA,Gas,STREX,NCAT,NOx,0.0013969449975522541
2017,July,Riverside (SS),LDA,Gas,STREX,NCAT,SOx,2.2835215162544203e-06
2017,July,Riverside (SS),LDA,Gas,STREX,NCAT,PM,5.967463585985998e-05
2017,July,Riverside (SS),LDA,Gas,STREX,NCAT,TOG,0.0040631315333375445
2017,July,Riverside (SS),LDA,Gas,STREX,NCAT,PM10,5.694857299692877e-05
2017,July,Riverside (SS),LDA,Gas,STREX,NCAT,PM2_5,5.415624636531723e-05
2017,July,Riverside (SS),LDA,Gas,HOTSOAK,CAT,TOG,0.1686415252641791
2017,July,Riverside (SS),LDA,Gas,HOTSOAK,NCAT,TOG,0.005094389888693186
2017,July,Riverside (SS),LDA,Gas,RUNLOSS,CAT,TOG,0.24267487660261391
2017,July,Riverside (SS),LDA,Gas,RUNLOSS,NCAT,TOG,0.015386767614664785
2017,July,Riverside (SS),LDA,Gas,RESTLOSS,CAT,TOG,0.12678385591040564
2017,July,Riverside (SS),LDA,Gas,RESTLOSS,NCAT,TOG,0.005134341164036692
2017,July,Riverside (SS),LDA,Gas,DIURN,CAT,TOG,0.31421695408561945
2017,July,Riverside (SS),LDA,Gas,DIURN,NCAT,TOG,0.013484459174814953
2017,July,Riverside (SS),LDA,Gas,PMTW,CAT,PM,0.05343920596698567
2017,July,Riverside (SS),LDA,Gas,PMTW,CAT,PM10,0.05343920596698567
2017,July,Riverside (SS),LDA,Gas,PMTW,CAT,PM2_5,0.013359801491746417
2017,July,Riverside (SS),LDA,Gas,PMTW,NCAT,PM,1.939838807954919e-05
2017,July,Riverside (SS),LDA,Gas,PMTW,NCAT,PM10,1.939838807954919e-05
2017,July,Riverside (SS),LDA,Gas,PMTW,NCAT,PM2_5,4.849597019887297e-06
2017,July,Riverside (SS),LDA,Gas,PMBW,CAT,PM,0.2504962779702451
2017,July,Riverside (SS),LDA,Gas,PMBW,CAT,PM10,0.2454863524108402
2017,July,Riverside (SS),LDA,Gas,PMBW,CAT,PM2_5,0.10520843674750299
2017,July,Riverside (SS),LDA,Gas,PMBW,NCAT,PM,9.092994412288681e-05
2017,July,Riverside (SS),LDA,Gas,PMBW,NCAT,PM10,8.911134524042897e-05
2017,July,Riverside (SS),LDA,Gas,PMBW,NCAT,PM2_5,3.819057653161247e-05
2017,July,Riverside (SS),LDA,Dsl,RUNEX,DSL,CO,0.011569174738535535
2017,July,Riverside (SS),LDA,Dsl,RUNEX,DSL,NOx,0.0072053588648333874
2017,July,Riverside (SS),LDA,Dsl,RUNEX,DSL,SOx,8.867848367150752e-05
2017,July,Riverside (SS),LDA,Dsl,RUNEX,DSL,PM,0.0007507827553150127
2017,July,Riverside (SS),LDA,Dsl,RUNEX,DSL,TOG,0.0012941856817893496
2017,July,Riverside (SS),LDA,Dsl,RUNEX,DSL,PM10,0.000746278058783121
2017,July,Riverside (SS),LDA,Dsl,RUNEX,DSL,PM2_5,0.0007139944003045773
2017,July,Riverside (SS),LDA,Dsl,PMTW,DSL,PM,0.0003246249344387498
2017,July,Riverside (SS),LDA,Dsl,PMTW,DSL,PM10,0.0003246249344387498
2017,July,Riverside (SS),LDA,Dsl,PMTW,DSL,PM2_5,8.115623360968746e-05
2017,July,Riverside (SS),LDA,Dsl,PMBW,DSL,PM,0.0015216793801816398
2017,July,Riverside (SS),LDA,Dsl,PMBW,DSL,PM10,0.0014912457925780078
2017,July,Riverside (SS),LDA,Dsl,PMBW,DSL,PM2_5,0.0006391053396762889
2017,July,Riverside (SS),LDA,Elec,HOTSOAK,CAT,TOG,2.5971993750449062e-05
2017,July,Riverside (SS),LDA,Elec,RESTLOSS,CAT,TOG,4.6279542668478874e-05
2017,July,Riverside (SS),LDA,Elec,DIURN,CAT,TOG,0.0001282915422949521
2017,July,Riverside (SS),LDA,Elec,PMTW,CAT,PM,0.0003032113338398916
2017,July,Riverside (SS),LDA,Elec,PMTW,CAT,PM10,0.0003032113338398916
2017,July,Riverside (SS),LDA,Elec,PMTW,CAT,PM2_5,7.58028334599729e-05
2017,July,Riverside (SS),LDA,Elec,PMBW,CAT,PM,0.0014213031273744923
2017,July,Riverside (SS),LDA,Elec,PMBW,CAT,PM10,0.001392877064827002
2017,July,Riverside (SS),LDA,Elec,PMBW,CAT,PM2_5,0.0005969473134972865
2017,July,Riverside (SS),LDT1,Gas,RUNEX,CAT,CO,2.71756360188584
2017,July,Riverside (SS),LDT1,Gas,RUNEX,CAT,NOx,0.19893086299481927
2017,July,Riverside (SS),LDT1,Gas,RUNEX,CAT,SOx,0.003204455951791256
2017,July,Riverside (SS),LDT1,Gas,RUNEX,CAT,PM,0.002701121917500825
2017,July,Riverside (SS),LDT1,Gas,RUNEX,CAT,TOG,0.08987875233555569
2017,July,Riverside (SS),LDT1,Gas,RUNEX,CAT,PM10,0.002415765229051122
2017,July,Riverside (SS),LDT1,Gas,RUNEX,CAT,PM2_5,0.0022216865789694363
2017,July,Riverside (SS),LDT1,Gas,RUNEX,NCAT,CO,0.16845759828110615
2017,July,Riverside (SS),LDT1,Gas,RUNEX,NCAT,NOx,0.00973932953545554
2017,July,Riverside (SS),LDT1,Gas,RUNEX,NCAT,SOx,1.2240375391117447e-05
2017,July,Riverside (SS),LDT1,Gas,RUNEX,NCAT,PM,0.00011342986282005752
2017,July,Riverside (SS),LDT1,Gas,RUNEX,NCAT,TOG,0.012118341249171898
2017,July,Riverside (SS),LDT1,Gas,RUNEX,NCAT,PM10,0.00010804386336468843
2017,July,Riverside (SS),LDT1,Gas,RUNEX,NCAT,PM2_5,0.0001026508214222352
2017,July,Riverside (SS),LDT1,Gas,STREX,CAT,CO,0.2461636173993185
2017,July,Riverside (SS),LDT1,Gas,STREX,CAT,NOx,0.03930719587872744
2017,July,Riverside (SS),LDT1,Gas,STREX,CAT,SOx,7.1243350522983e-05
2017,July,Riverside (SS),LDT1,Gas,STREX,CAT,PM,0.0003860475485614152
2017,July,Riverside (SS),LDT1,Gas,STREX,CAT,TOG,0.05752876151709459
2017,July,Riverside (SS),LDT1,Gas,STREX,CAT,PM10,0.00034524994364041955
2017,July,Riverside (SS),LDT1,Gas,STREX,CAT,PM2_5,0.0003175061050147809
2017,July,Riverside (SS),LDT1,Gas,STREX,NCAT,CO,0.006727279319299851
2017,July,Riverside (SS),LDT1,Gas,STREX,NCAT,NOx,0.0002969855594045535
2017,July,Riverside (SS),LDT1,Gas,STREX,NCAT,SOx,5.009370691834216e-07
2017,July,Riverside (SS),LDT1,Gas,STREX,NCAT,PM,1.314641840767753e-05
2017,July,Riverside (SS),LDT1,Gas,STREX,NCAT,TOG,0.0008941540729714447
2017,July,Riverside (SS),LDT1,Gas,STREX,NCAT,PM10,1.2510272863262979e-05
2017,July,Riverside (SS),LDT1,Gas,STREX,NCAT,PM2_5,1.188024558254274e-05
2017,July,Riverside (SS),LDT1,Gas,HOTSOAK,CAT,TOG,0.04667563889598275
2017,July,Riverside (SS),LDT1,Gas,HOTSOAK,NCAT,TOG,0.001062427280439192
2017,July,Riverside (SS),LDT1,Gas,RUNLOSS,CAT,TOG,0.1125319064687331
2017,July,Riverside (SS),LDT1,Gas,RUNLOSS,NCAT,TOG,0.0013907371692596338
2017,July,Riverside (SS),LDT1,Gas,RESTLOSS,CAT,TOG,0.03517828200039779
2017,July,Riverside (SS),LDT1,Gas,RESTLOSS,NCAT,TOG,0.0011176625110188867
2017,July,Riverside (SS),LDT1,Gas,DIURN,CAT,TOG,0.09549234996100513
2017,July,Riverside (SS),LDT1,Gas,DIURN,NCAT,TOG,0.0028932194401328566
2017,July,Riverside (SS),LDT1,Gas,PMTW,CAT,PM,0.006488529356447748
2017,July,Riverside (SS),LDT1,Gas,PMTW,CAT,PM10,0.006488529356447748
2017,July,Riverside (SS),LDT1,Gas,PMTW,CAT,PM2_5,0.001622132339111937
2017,July,Riverside (SS),LDT1,Gas,PMTW,NCAT,PM,1.5054747992937063e-05
2017,July,Riverside (SS),LDT1,Gas,PMTW,NCAT,PM10,1.5054747992937063e-05
2017,July,Riverside (SS),LDT1,Gas,PMTW,NCAT,PM2_5,3.7636869982342657e-06
2017,July,Riverside (SS),LDT1,Gas,PMBW,CAT,PM,0.03041498135834881
2017,July,Riverside (SS),LDT1,Gas,PMBW,CAT,PM10,0.029806681731181835
2017,July,Riverside (SS),LDT1,Gas,PMBW,CAT,PM2_5,0.012774292170506508
2017,July,Riverside (SS),LDT1,Gas,PMBW,NCAT,PM,7.056913121689246e-05
2017,July,Riverside (SS),LDT1,Gas,PMBW,NCAT,PM10,6.915774859255458e-05
2017,July,Riverside (SS),LDT1,Gas,PMBW,NCAT,PM2_5,2.9639035111094847e-05
2017,July,Riverside (SS),LDT2,Gas,RUNEX,CAT,CO,5.165552712238949
2017,July,Riverside (SS),LDT2,Gas,RUNEX,CAT,NOx,0.42938972163357525
2017,July,Riverside (SS),LDT2,Gas,RUNEX,CAT,SOx,0.011513822003869785
2017,July,Riverside (SS),LDT2,Gas,RUNEX,CAT,PM,0.004752626785518061
2017,July,Riverside (SS),LDT2,Gas,RUNEX,CAT,TOG,0.1464439077523379
2017,July,Riverside (SS),LDT2,Gas,RUNEX,CAT,PM10,0.00425040281568871
2017,July,Riverside (SS),LDT2,Gas,RUNEX,CAT,PM2_5,0.003908863316149246
2017,July,Riverside (SS),LDT2,Gas,RUNEX,NCAT,CO,0.23776478175288232
2017,July,Riverside (SS),LDT2,Gas,RUNEX,NCAT,NOx,0.013931547505010309
2017,July,Riverside (SS),LDT2,Gas,RUNEX,NCAT,SOx,1.7369645872845826e-05
2017,July,Riverside (SS),LDT2,Gas,RUNEX,NCAT,PM,0.00016062038797191207
2017,July,Riverside (SS),LDT2,Gas,RUNEX,NCAT,TOG,0.017476827924758385
2017,July,Riverside (SS),LDT2,Gas,RUNEX,NCAT,PM10,0.00015280172340544732
2017,July,Riverside (SS),LDT2,Gas,RUNEX,NCAT,PM2_5,0.00014508479731683725
2017,July,Riverside (SS),LDT2,Gas,STREX,CAT,CO,0.9059849127678619
2017,July,Riverside (SS),LDT2,Gas,STREX,CAT,NOx,0.139239375682744
2017,July,Riverside (SS),LDT2,Gas,STREX,CAT,SOx,0.00025763863053614443
2017,July,Riverside (SS),LDT2,Gas,STREX,CAT,PM,0.0007388332281984926
2017,July,Riverside (SS),LDT2,Gas,STREX,CAT,TOG,0.1394412144022919
2017,July,Riverside (SS),LDT2,Gas,STREX,CAT,PM10,0.0006607135052697384
2017,July,Riverside (SS),LDT2,Gas,STREX,CAT,PM2_5,0.0006075996737243429
2017,July,Riverside (SS),LDT2,Gas,STREX,NCAT,CO,0.009684579102805974
2017,July,Riverside (SS),LDT2,Gas,STREX,NCAT,NOx,0.0004198491165966279
2017,July,Riverside (SS),LDT2,Gas,STREX,NCAT,SOx,7.097732781387474e-07
2017,July,Riverside (SS),LDT2,Gas,STREX,NCAT,PM,1.865602729117295e-05
2017,July,Riverside (SS),LDT2,Gas,STREX,NCAT,TOG,0.001301665382620137
2017,July,Riverside (SS),LDT2,Gas,STREX,NCAT,PM10,1.7731842966531132e-05
2017,July,Riverside (SS),LDT2,Gas,STREX,NCAT,PM2_5,1.6828816880823834e-05
2017,July,Riverside (SS),LDT2,Gas,HOTSOAK,CAT,TOG,0.06977239772766834
2017,July,Riverside (SS),LDT2,Gas,HOTSOAK,NCAT,TOG,0.0014886356351736514
2017,July,Riverside (SS),LDT2,Gas,RUNLOSS,CAT,TOG,0.1654991534212733
2017,July,Riverside (SS),LDT2,Gas,RUNLOSS,NCAT,TOG,0.0019421732697437277
2017,July,Riverside (SS),LDT2,Gas,RESTLOSS,CAT,TOG,0.05775373323656675
2017,July,Riverside (SS),LDT2,Gas,RESTLOSS,NCAT,TOG,0.0015902212120520519
2017,July,Riverside (SS),LDT2,Gas,DIURN,CAT,TOG,0.13693241692233418
2017,July,Riverside (SS),LDT2,Gas,DIURN,NCAT,TOG,0.004107256931499983
2017,July,Riverside (SS),LDT2,Gas,PMTW,CAT,PM,0.021290217966218626
2017,July,Riverside (SS),LDT2,Gas,PMTW,CAT,PM10,0.021290217966218626
2017,July,Riverside (SS),LDT2,Gas,PMTW,CAT,PM2_5,0.0053225544915546565
2017,July,Riverside (SS),LDT2,Gas,PMTW,NCAT,PM,2.1313218976795685e-05
2017,July,Riverside (SS),LDT2,Gas,PMTW,NCAT,PM10,2.1313218976795685e-05
2017,July,Riverside (SS),LDT2,Gas,PMTW,NCAT,PM2_5,5.328304744198921e-06
2017,July,Riverside (SS),LDT2,Gas,PMBW,CAT,PM,0.09979789671664985
2017,July,Riverside (SS),LDT2,Gas,PMBW,CAT,PM10,0.0978019387823168
2017,July,Riverside (SS),LDT2,Gas,PMBW,CAT,PM2_5,0.041915116620992926
2017,July,Riverside (SS),LDT2,Gas,PMBW,NCAT,PM,9.990571395372984e-05
2017,July,Riverside (SS),LDT2,Gas,PMBW,NCAT,PM10,9.790759967465506e-05
2017,July,Riverside (SS),LDT2,Gas,PMBW,NCAT,PM2_5,4.1960399860566504e-05
2017,July,Riverside (SS),MDV,Gas,RUNEX,CAT,CO,4.553472525640986
2017,July,Riverside (SS),MDV,Gas,RUNEX,CAT,NOx,0.4157968685796772
2017,July,Riverside (SS),MDV,Gas,RUNEX,CAT,SOx,0.011577196335093857
2017,July,Riverside (SS),MDV,Gas,RUNEX,CAT,PM,0.0038768343070073657
2017,July,Riverside (SS),MDV,Gas,RUNEX,CAT,TOG,0.14359866709971866
2017,July,Riverside (SS),MDV,Gas,RUNEX,CAT,PM10,0.003466742194970708
2017,July,Riverside (SS),MDV,Gas,RUNEX,CAT,PM2_5,0.003187966320182165
2017,July,Riverside (SS),MDV,Gas,RUNEX,NCAT,CO,0.5386449398151952
2017,July,Riverside (SS),MDV,Gas,RUNEX,NCAT,NOx,0.02396910860217475
2017,July,Riverside (SS),MDV,Gas,RUNEX,NCAT,SOx,2.7061404292972653e-05
2017,July,Riverside (SS),MDV,Gas,RUNEX,NCAT,PM,0.0001896245239163273
2017,July,Riverside (SS),MDV,Gas,RUNEX,NCAT,TOG,0.023499661127165537
2017,July,Riverside (SS),MDV,Gas,RUNEX,NCAT,PM10,0.0001813768429774706
2017,July,Riverside (SS),MDV,Gas,RUNEX,NCAT,PM2_5,0.00017267716860916186
2017,July,Riverside (SS),MDV,Gas,STREX,CAT,CO,0.9024849348305458
2017,July,Riverside (SS),MDV,Gas,STREX,CAT,NOx,0.140978339706541
2017,July,Riverside (SS),MDV,Gas,STREX,CAT,SOx,0.00026051331702909886
2017,July,Riverside (SS),MDV,Gas,STREX,CAT,PM,0.0006494467013095019
2017,July,Riverside (SS),MDV,Gas,STREX,CAT,TOG,0.15211953329495173
2017,July,Riverside (SS),MDV,Gas,STREX,CAT,PM10,0.0005807505466112872
2017,July,Riverside (SS),MDV,Gas,STREX,CAT,PM2_5,0.0005340510628921764
2017,July,Riverside (SS),MDV,Gas,STREX,NCAT,CO,0.027346908531458405
2017,July,Riverside (SS),MDV,Gas,STREX,NCAT,NOx,0.0010061419060463086
2017,July,Riverside (SS),MDV,Gas,STREX,NCAT,SOx,1.5070735732615882e-06
2017,July,Riverside (SS),MDV,Gas,STREX,NCAT,PM,2.9837046944080217e-05
2017,July,Riverside (SS),MDV,Gas,STREX,NCAT,TOG,0.0026171604265855584
2017,July,Riverside (SS),MDV,Gas,STREX,NCAT,PM10,2.852820647266796e-05
2017,July,Riverside (SS),MDV,Gas,STREX,NCAT,PM2_5,2.7154697631955183e-05
2017,July,Riverside (SS),MDV,Gas,HOTSOAK,CAT,TOG,0.06303024466083658
2017,July,Riverside (SS),MDV,Gas,HOTSOAK,NCAT,TOG,0.001648583698812935
2017,July,Riverside (SS),MDV,Gas,RUNLOSS,CAT,TOG,0.1491705526626221
2017,July,Riverside (SS),MDV,Gas,RUNLOSS,NCAT,TOG,0.002483816052680536
2017,July,Riverside (SS),MDV,Gas,RESTLOSS,CAT,TOG,0.05384235884682391
2017,July,Riverside (SS),MDV,Gas,RESTLOSS,NCAT,TOG,0.002616395716423716
2017,July,Riverside (SS),MDV,Gas,DIURN,CAT,TOG,0.12381423438835147
2017,July,Riverside (SS),MDV,Gas,DIURN,NCAT,TOG,0.006658733805020465
2017,July,Riverside (SS),MDV,Gas,PMTW,CAT,PM,0.017976415555730978
2017,July,Riverside (SS),MDV,Gas,PMTW,CAT,PM10,0.017976415555730978
2017,July,Riverside (SS),MDV,Gas,PMTW,CAT,PM2_5,0.004494103888932744
2017,July,Riverside (SS),MDV,Gas,PMTW,NCAT,PM,2.521905755961685e-05
2017,July,Riverside (SS),MDV,Gas,PMTW,NCAT,PM10,2.521905755961685e-05
2017,July,Riverside (SS),MDV,Gas,PMTW,NCAT,PM2_5,6.304764389904212e-06
2017,July,Riverside (SS),MDV,Gas,PMBW,CAT,PM,0.08426444791748887
2017,July,Riverside (SS),MDV,Gas,PMBW,CAT,PM10,0.08257915895913912
2017,July,Riverside (SS),MDV,Gas,PMBW,CAT,PM2_5,0.035391068125345315
2017,July,Riverside (SS),MDV,Gas,PMBW,NCAT,PM,0.00011821433231070413
2017,July,Riverside (SS),MDV,Gas,PMBW,NCAT,PM10,0.00011585004566448995
2017,July,Riverside (SS),MDV,Gas,PMBW,NCAT,PM2_5,4.965001957049571e-05
2017,July,Riverside (SS),LHD1,Gas,RUNEX,CAT,CO,0.19482641425720557
2017,July,Riverside (SS),LHD1,Gas,RUNEX,CAT,NOx,0.04246738088254652
2017,July,Riverside (SS),LHD1,Gas,RUNEX,CAT,SOx,0.0013657405026880347
2017,July,Riverside (SS),LHD1,Gas,RUNEX,CAT,PM,0.0002202992632352943
2017,July,Riverside (SS),LHD1,Gas,RUNEX,CAT,TOG,0.010737900322630304
2017,July,Riverside (SS),LHD1,Gas,RUNEX,CAT,PM10,0.00019694754133235288
2017,July,Riverside (SS),LHD1,Gas,RUNEX,CAT,PM2_5,0.00018108599437941154
2017,July,Riverside (SS),LHD1,Gas,RUNEX,NCAT,CO,0.0722561962862324
2017,July,Riverside (SS),LHD1,Gas,RUNEX,NCAT,NOx,0.0016226051564871824
2017,July,Riverside (SS),LHD1,Gas,RUNEX,NCAT,SOx,5.3715246561742345e-06
2017,July,Riverside (SS),LHD1,Gas,RUNEX,NCAT,PM,1.9596619625786634e-05
2017,July,Riverside (SS),LHD1,Gas,RUNEX,NCAT,TOG,0.0022298073118299567
2017,July,Riverside (SS),LHD1,Gas,RUNEX,NCAT,PM10,1.8832351460380956e-05
2017,July,Riverside (SS),LHD1,Gas,RUNEX,NCAT,PM2_5,1.7970100196846343e-05
2017,July,Riverside (SS),LHD1,Gas,IDLEX,CAT,CO,0.017059043015726815
2017,July,Riverside (SS),LHD1,Gas,IDLEX,CAT,NOx,0.00019076645440947447
2017,July,Riverside (SS),LHD1,Gas,IDLEX,CAT,SOx,5.625357259562877e-06
2017,July,Riverside (SS),LHD1,Gas,IDLEX,CAT,TOG,0.003186530036458208
2017,July,Riverside (SS),LHD1,Gas,IDLEX,NCAT,CO,0.00011489928464530369
2017,July,Riverside (SS),LHD1,Gas,IDLEX,NCAT,NOx,1.2993059769114664e-06
2017,July,Riverside (SS),LHD1,Gas,IDLEX,NCAT,SOx,4.233710920101408e-08
2017,July,Riverside (SS),LHD1,Gas,IDLEX,NCAT,TOG,2.065219152272136e-05
2017,July,Riverside (SS),LHD1,Gas,STREX,CAT,CO,0.12276995185985544
2017,July,Riverside (SS),LHD1,Gas,STREX,CAT,NOx,0.038954512365609144
2017,July,Riverside (SS),LHD1,Gas,STREX,CAT,SOx,1.296694450854637e-05
2017,July,Riverside (SS),LHD1,Gas,STREX,CAT,PM,3.4898334501228776e-05
2017,July,Riverside (SS),LHD1,Gas,STREX,CAT,TOG,0.011452511989701791
2017,July,Riverside (SS),LHD1,Gas,STREX,CAT,PM10,3.119911104409853e-05
2017,July,Riverside (SS),LHD1,Gas,STREX,CAT,PM2_5,2.868643096001006e-05
2017,July,Riverside (SS),LHD1,Gas,STREX,NCAT,CO,5.69045617656873e-05
2017,July,Riverside (SS),LHD1,Gas,STREX,NCAT,NOx,0.00018057070281457443
2017,July,Riverside (SS),LHD1,Gas,STREX,NCAT,SOx,3.4210080115244313e-07
2017,July,Riverside (SS),LHD1,Gas,STREX,NCAT,PM,7.837485705891312e-06
2017,July,Riverside (SS),LHD1,Gas,STREX,NCAT,TOG,0.0011090168285732237
2017,July,Riverside (SS),LHD1,Gas,STREX,NCAT,PM10,7.531823763361549e-06
2017,July,Riverside (SS),LHD1,Gas,STREX,NCAT,PM2_5,7.186974392302331e-06
2017,July,Riverside (SS),LHD1,Gas,HOTSOAK,CAT,TOG,0.012938554182116278
2017,July,Riverside (SS),LHD1,Gas,HOTSOAK,NCAT,TOG,0.0010785202622903883
2017,July,Riverside (SS),LHD1,Gas,RUNLOSS,CAT,TOG,0.06400489692905441
2017,July,Riverside (SS),LHD1,Gas,RUNLOSS,NCAT,TOG,0.0016895259499196988
2017,July,Riverside (SS),LHD1,Gas,RESTLOSS,CAT,TOG,0.00030022792908803667
2017,July,Riverside (SS),LHD1,Gas,RESTLOSS,NCAT,TOG,1.923688991209817e-05
2017,July,Riverside (SS),LHD1,Gas,DIURN,CAT,TOG,0.0012526862486368397
2017,July,Riverside (SS),LHD1,Gas,DIURN,NCAT,TOG,8.132397625802161e-05
2017,July,Riverside (SS),LHD1,Gas,PMTW,CAT,PM,0.0013158603761443083
2017,July,Riverside (SS),LHD1,Gas,PMTW,CAT,PM10,0.0013158603761443083
2017,July,Riverside (SS),LHD1,Gas,PMTW,CAT,PM2_5,0.00032896509403607707
2017,July,Riverside (SS),LHD1,Gas,PMTW,NCAT,PM,3.985403850888799e-06
2017,July,Riverside (SS),LHD1,Gas,PMTW,NCAT,PM10,3.985403850888799e-06
2017,July,Riverside (SS),LHD1,Gas,PMTW,NCAT,PM2_5,9.963509627221997e-07
2017,July,Riverside (SS),LHD1,Gas,PMBW,CAT,PM,0.012829638667407002
2017,July,Riverside (SS),LHD1,Gas,PMBW,CAT,PM10,0.012573045894058872
2017,July,Riverside (SS),LHD1,Gas,PMBW,CAT,PM2_5,0.005388448240310937
2017,July,Riverside (SS),LHD1,Gas,PMBW,NCAT,PM,3.8857687546165784e-05
2017,July,Riverside (SS),LHD1,Gas,PMBW,NCAT,PM10,3.808053379524248e-05
2017,July,Riverside (SS),LHD1,Gas,PMBW,NCAT,PM2_5,1.6320228769389628e-05
2017,July,Riverside (SS),LHD2,Gas,RUNEX,CAT,CO,0.035217001593863324
2017,July,Riverside (SS),LHD2,Gas,RUNEX,CAT,NOx,0.00944030641586868
2017,July,Riverside (SS),LHD2,Gas,RUNEX,CAT,SOx,0.0003646731682220521
2017,July,Riverside (SS),LHD2,Gas,RUNEX,CAT,PM,4.2477439914622884e-05
2017,July,Riverside (SS),LHD2,Gas,RUNEX,CAT,TOG,0.0019178349209911772
2017,July,Riverside (SS),LHD2,Gas,RUNEX,CAT,PM10,3.7974831283672844e-05
2017,July,Riverside (SS),LHD2,Gas,RUNEX,CAT,PM2_5,3.4916455609819975e-05
2017,July,Riverside (SS),LHD2,Gas,RUNEX,NCAT,CO,0.002149146132593238
2017,July,Riverside (SS),LHD2,Gas,RUNEX,NCAT,NOx,5.07807785400331e-05
2017,July,Riverside (SS),LHD2,Gas,RUNEX,NCAT,SOx,1.7705583830918123e-07
2017,July,Riverside (SS),LHD2,Gas,RUNEX,NCAT,PM,5.794647537247606e-07
2017,July,Riverside (SS),LHD2,Gas,RUNEX,NCAT,TOG,6.854824843370463e-05
2017,July,Riverside (SS),LHD2,Gas,RUNEX,NCAT,PM10,5.568656283294949e-07
2017,July,Riverside (SS),LHD2,Gas,RUNEX,NCAT,PM2_5,5.313691791656055e-07
2017,July,Riverside (SS),LHD2,Gas,IDLEX,CAT,CO,0.004081484199213141
2017,July,Riverside (SS),LHD2,Gas,IDLEX,CAT,NOx,4.582660444663808e-05
2017,July,Riverside (SS),LHD2,Gas,IDLEX,CAT,SOx,1.550797724734096e-06
2017,July,Riverside (SS),LHD2,Gas,IDLEX,CAT,TOG,0.0007661388131816867
2017,July,Riverside (SS),LHD2,Gas,IDLEX,NCAT,CO,3.2828367041515358e-06
2017,July,Riverside (SS),LHD2,Gas,IDLEX,NCAT,NOx,3.712302791175618e-08
2017,July,Riverside (SS),LHD2,Gas,IDLEX,NCAT,SOx,1.395917129210782e-09
2017,July,Riverside (SS),LHD2,Gas,IDLEX,NCAT,TOG,5.900626149348958e-07
2017,July,Riverside (SS),LHD2,Gas,STREX,CAT,CO,0.02828732182577165
2017,July,Riverside (SS),LHD2,Gas,STREX,CAT,NOx,0.009513271996424757
2017,July,Riverside (SS),LHD2,Gas,STREX,CAT,SOx,3.5280982016006513e-06
2017,July,Riverside (SS),LHD2,Gas,STREX,CAT,PM,6.643486797297215e-06
2017,July,Riverside (SS),LHD2,Gas,STREX,CAT,TOG,0.002637614884105718
2017,July,Riverside (SS),LHD2,Gas,STREX,CAT,PM10,5.939277196783709e-06
2017,July,Riverside (SS),LHD2,Gas,STREX,CAT,PM2_5,5.46094614737832e-06
2017,July,Riverside (SS),LHD2,Gas,STREX,NCAT,CO,1.7807752178299953e-06
2017,July,Riverside (SS),LHD2,Gas,STREX,NCAT,NOx,5.003361674733436e-06
2017,July,Riverside (SS),LHD2,Gas,STREX,NCAT,SOx,1.1224304946768934e-08
2017,July,Riverside (SS),LHD2,Gas,STREX,NCAT,PM,2.2392816302546591e-07
2017,July,Riverside (SS),LHD2,Gas,STREX,NCAT,TOG,3.2064214072916556e-05
2017,July,Riverside (SS),LHD2,Gas,STREX,NCAT,PM10,2.1519496466747283e-07
2017,July,Riverside (SS),LHD2,Gas,STREX,NCAT,PM2_5,2.0534212549435224e-07
2017,July,Riverside (SS),LHD2,Gas,HOTSOAK,CAT,TOG,0.0027126049173946203
2017,July,Riverside (SS),LHD2,Gas,HOTSOAK,NCAT,TOG,3.08832506173518e-05
2017,July,Riverside (SS),LHD2,Gas,RUNLOSS,CAT,TOG,0.01293315279752692
2017,July,Riverside (SS),LHD2,Gas,RUNLOSS,NCAT,TOG,7.2408862301075e-05
2017,July,Riverside (SS),LHD2,Gas,RESTLOSS,CAT,TOG,6.190877252314118e-05
2017,July,Riverside (SS),LHD2,Gas,RESTLOSS,NCAT,TOG,5.034148204195115e-07
2017,July,Riverside (SS),LHD2,Gas,DIURN,CAT,TOG,0.0002538818029502108
2017,July,Riverside (SS),LHD2,Gas,DIURN,NCAT,TOG,2.198792146941026e-06
2017,July,Riverside (SS),LHD2,Gas,PMTW,CAT,PM,0.00030577251143090517
2017,July,Riverside (SS),LHD2,Gas,PMTW,CAT,PM10,0.00030577251143090517
2017,July,Riverside (SS),LHD2,Gas,PMTW,CAT,PM2_5,7.644312785772629e-05
2017,July,Riverside (SS),LHD2,Gas,PMTW,NCAT,PM,1.178469095715934e-07
2017,July,Riverside (SS),LHD2,Gas,PMTW,NCAT,PM10,1.178469095715934e-07
2017,July,Riverside (SS),LHD2,Gas,PMTW,NCAT,PM2_5,2.946172739289835e-08
2017,July,Riverside (SS),LHD2,Gas,PMBW,CAT,PM,0.0034781623175265445
2017,July,Riverside (SS),LHD2,Gas,PMBW,CAT,PM10,0.003408599071176015
2017,July,Riverside (SS),LHD2,Gas,PMBW,CAT,PM2_5,0.0014608281733611498
2017,July,Riverside (SS),LHD2,Gas,PMBW,NCAT,PM,1.3405085963768748e-06
2017,July,Riverside (SS),LHD2,Gas,PMBW,NCAT,PM10,1.313698424449337e-06
2017,July,Riverside (SS),LHD2,Gas,PMBW,NCAT,PM2_5,5.630136104782874e-07
2017,July,Riverside (SS),T6TS,Gas,RUNEX,CAT,CO,0.22574427139769576
2017,July,Riverside (SS),T6TS,Gas,RUNEX,CAT,NOx,0.054958215345648966
2017,July,Riverside (SS),T6TS,Gas,RUNEX,CAT,SOx,0.0009383377446632895
2017,July,Riverside (SS),T6TS,Gas,RUNEX,CAT,PM,7.255942506324827e-05
2017,July,Riverside (SS),T6TS,Gas,RUNEX,CAT,TOG,0.013269350632829946
2017,July,Riverside (SS),T6TS,Gas,RUNEX,CAT,PM10,6.486812600654396e-05
2017,July,Riverside (SS),T6TS,Gas,RUNEX,CAT,PM2_5,5.9643847401990055e-05
2017,July,Riverside (SS),T6TS,Gas,RUNEX,NCAT,CO,0.04678530632104292
2017,July,Riverside (SS),T6TS,Gas,RUNEX,NCAT,NOx,0.0008957828316429142
2017,July,Riverside (SS),T6TS,Gas,RUNEX,NCAT,SOx,4.669869941794554e-06
2017,July,Riverside (SS),T6TS,Gas,RUNEX,NCAT,PM,8.607431842563756e-06
2017,July,Riverside (SS),T6TS,Gas,RUNEX,NCAT,TOG,0.0013669487566951761
2017,July,Riverside (SS),T6TS,Gas,RUNEX,NCAT,PM10,8.271742000703772e-06
2017,July,Riverside (SS),T6TS,Gas,RUNEX,NCAT,PM2_5,7.893014999630968e-06
2017,July,Riverside (SS),T6TS,Gas,IDLEX,CAT,CO,0.007113016673673607
2017,July,Riverside (SS),T6TS,Gas,IDLEX,CAT,NOx,6.296882446323045e-05
2017,July,Riverside (SS),T6TS,Gas,IDLEX,CAT,SOx,4.008414424365586e-06
2017,July,Riverside (SS),T6TS,Gas,IDLEX,CAT,TOG,0.0009339424711892496
2017,July,Riverside (SS),T6TS,Gas,IDLEX,NCAT,CO,0.0001359673611897917
2017,July,Riverside (SS),T6TS,Gas,IDLEX,NCAT,NOx,1.207892570853131e-06
2017,July,Riverside (SS),T6TS,Gas,IDLEX,NCAT,SOx,8.54069026963622e-08
2017,July,Riverside (SS),T6TS,Gas,IDLEX,NCAT,TOG,1.7103271612199426e-05
2017,July,Riverside (SS),T6TS,Gas,STREX,CAT,CO,0.0839838214687929
2017,July,Riverside (SS),T6TS,Gas,STREX,CAT,NOx,0.005621175312513753
2017,July,Riverside (SS),T6TS,Gas,STREX,CAT,SOx,5.8253301983962365e-06
2017,July,Riverside (SS),T6TS,Gas,STREX,CAT,PM,8.934491541018134e-06
2017,July,Riverside (SS),T6TS,Gas,STREX,CAT,TOG,0.004091985439944932
2017,July,Riverside (SS),T6TS,Gas,STREX,CAT,PM10,7.987435437670214e-06
2017,July,Riverside (SS),T6TS,Gas,STREX,CAT,PM2_5,7.344152046716906e-06
2017,July,Riverside (SS),T6TS,Gas,STREX,NCAT,CO,4.957286924519994e-05
2017,July,Riverside (SS),T6TS,Gas,STREX,NCAT,NOx,0.0001583529086879688
2017,July,Riverside (SS),T6TS,Gas,STREX,NCAT,SOx,4.030413378469669e-07
2017,July,Riverside (SS),T6TS,Gas,STREX,NCAT,PM,4.465306202935269e-06
2017,July,Riverside (SS),T6TS,Gas,STREX,NCAT,TOG,0.0009474409659433075
2017,July,Riverside (SS),T6TS,Gas,STREX,NCAT,PM10,4.291159261020794e-06
2017,July,Riverside (SS),T6TS,Gas,STREX,NCAT,PM2_5,4.094685788091643e-06
2017,July,Riverside (SS),T6TS,Gas,HOTSOAK,CAT,TOG,0.0023526382803755433
2017,July,Riverside (SS),T6TS,Gas,HOTSOAK,NCAT,TOG,0.0006662245039574153
2017,July,Riverside (SS),T6TS,Gas,RUNLOSS,CAT,TOG,0.009829385236912559
2017,July,Riverside (SS),T6TS,Gas,RUNLOSS,NCAT,TOG,0.0008486630285925293
2017,July,Riverside (SS),T6TS,Gas,RESTLOSS,CAT,TOG,4.9297739608572106e-05
2017,July,Riverside (SS),T6TS,Gas,RESTLOSS,NCAT,TOG,8.43986294440551e-06
2017,July,Riverside (SS),T6TS,Gas,DIURN,CAT,TOG,0.00019627212520069732
2017,July,Riverside (SS),T6TS,Gas,DIURN,NCAT,TOG,3.388927139674469e-05
2017,July,Riverside (SS),T6TS,Gas,PMTW,CAT,PM,0.0006476186868117996
2017,July,Riverside (SS),T6TS,Gas,PMTW,CAT,PM10,0.0006476186868117996
2017,July,Riverside (SS),T6TS,Gas,PMTW,CAT,PM2_5,0.0001619046717029499
2017,July,Riverside (SS),T6TS,Gas,PMTW,NCAT,PM,2.6478022932667743e-06
2017,July,Riverside (SS),T6TS,Gas,PMTW,NCAT,PM10,2.6478022932667743e-06
2017,July,Riverside (SS),T6TS,Gas,PMTW,NCAT,PM2_5,6.619505733166936e-07
2017,July,Riverside (SS),T6TS,Gas,PMBW,CAT,PM,0.007177773778830772
2017,July,Riverside (SS),T6TS,Gas,PMBW,CAT,PM10,0.007034218303254164
2017,July,Riverside (SS),T6TS,Gas,PMBW,CAT,PM2_5,0.0030146649871089265
2017,July,Riverside (SS),T6TS,Gas,PMBW,NCAT,PM,2.9346475417040093e-05
2017,July,Riverside (SS),T6TS,Gas,PMBW,NCAT,PM10,2.875954590869929e-05
2017,July,Riverside (SS),T6TS,Gas,PMBW,NCAT,PM2_5,1.2325519675156841e-05
2017,July,Riverside (SS),T7IS,Gas,RUNEX,CAT,CO,0.02421493585451758
2017,July,Riverside (SS),T7IS,Gas,RUNEX,CAT,NOx,0.0027397992500221616
2017,July,Riverside (SS),T7IS,Gas,RUNEX,CAT,SOx,2.195508452214601e-06
2017,July,Riverside (SS),T7IS,Gas,RUNEX,CAT,PM,7.710959621646977e-07
2017,July,Riverside (SS),T7IS,Gas,RUNEX,CAT,TOG,0.0005321283898742785
2017,July,Riverside (SS),T7IS,Gas,RUNEX,CAT,PM10,6.893597901752396e-07
2017,July,Riverside (SS),T7IS,Gas,RUNEX,CAT,PM2_5,6.338408808993817e-07
2017,July,Riverside (SS),T7IS,Gas,RUNEX,NCAT,CO,0.02068545892253607
2017,July,Riverside (SS),T7IS,Gas,RUNEX,NCAT,NOx,0.000531374697071765
2017,July,Riverside (SS),T7IS,Gas,RUNEX,NCAT,SOx,1.0594587310494552e-06
2017,July,Riverside (SS),T7IS,Gas,RUNEX,NCAT,PM,1.2969730575937983e-06
2017,July,Riverside (SS),T7IS,Gas,RUNEX,NCAT,TOG,0.0004316705261945497
2017,July,Riverside (SS),T7IS,Gas,RUNEX,NCAT,PM10,1.2463911083476397e-06
2017,July,Riverside (SS),T7IS,Gas,RUNEX,NCAT,PM2_5,1.189324293813513e-06
2017,July,Riverside (SS),T7IS,Gas,STREX,CAT,CO,2.1528497199802035e-05
2017,July,Riverside (SS),T7IS,Gas,STREX,CAT,NOx,0.0003434593811229223
2017,July,Riverside (SS),T7IS,Gas,STREX,CAT,SOx,1.6684386730196078e-08
2017,July,Riverside (SS),T7IS,Gas,STREX,CAT,PM,1.2319553046347502e-07
2017,July,Riverside (SS),T7IS,Gas,STREX,CAT,TOG,6.922697901573908e-08
2017,July,Riverside (SS),T7IS,Gas,STREX,CAT,PM10,1.1013680423434659e-07
2017,July,Riverside (SS),T7IS,Gas,STREX,CAT,PM2_5,1.0126672604097641e-07
2017,July,Riverside (SS),T7IS,Gas,STREX,NCAT,CO,0.0
2017,July,Riverside (SS),T7IS,Gas,STREX,NCAT,NOx,0.0
2017,July,Riverside (SS),T7IS,Gas,STREX,NCAT,SOx,4.3739135934085e-08
2017,July,Riverside (SS),T7IS,Gas,STREX,NCAT,PM,4.1052668120001925e-07
2017,July,Riverside (SS),T7IS,Gas,STREX,NCAT,TOG,0.0
2017,July,Riverside (SS),T7IS,Gas,STREX,NCAT,PM10,3.9451614063321853e-07
2017,July,Riverside (SS),T7IS,Gas,STREX,NCAT,PM2_5,3.764529666604177e-07
2017,July,Riverside (SS),T7IS,Gas,HOTSOAK,CAT,TOG,2.256750557888496e-05
2017,July,Riverside (SS),T7IS,Gas,HOTSOAK,NCAT,TOG,6.125656387123631e-05
2017,July,Riverside (SS),T7IS,Gas,RUNLOSS,CAT,TOG,0.00013631754208884465
2017,July,Riverside (SS),T7IS,Gas,RUNLOSS,NCAT,TOG,0.00014918204918837528
2017,July,Riverside (SS),T7IS,Gas,RESTLOSS,CAT,TOG,7.208112059795426e-07
2017,July,Riverside (SS),T7IS,Gas,RESTLOSS,NCAT,TOG,6.872693548900905e-07
2017,July,Riverside (SS),T7IS,Gas,DIURN,CAT,TOG,2.267351982668793e-06
2017,July,Riverside (SS),T7IS,Gas,DIURN,NCAT,TOG,2.5603646551414137e-06
2017,July,Riverside (SS),T7IS,Gas,PMTW,CAT,PM,1.692740961131215e-06
2017,July,Riverside (SS),T7IS,Gas,PMTW,CAT,PM10,1.692740961131215e-06
2017,July,Riverside (SS),T7IS,Gas,PMTW,CAT,PM2_5,4.2318524028280377e-07
2017,July,Riverside (SS),T7IS,Gas,PMTW,NCAT,PM,6.301843781123414e-07
2017,July,Riverside (SS),T7IS,Gas,PMTW,NCAT,PM10,6.301843781123414e-07
2017,July,Riverside (SS),T7IS,Gas,PMTW,NCAT,PM2_5,1.5754609452808536e-07
2017,July,Riverside (SS),T7IS,Gas,PMBW,CAT,PM,5.332134027563328e-06
2017,July,Riverside (SS),T7IS,Gas,PMBW,CAT,PM10,5.225491347012062e-06
2017,July,Riverside (SS),T7IS,Gas,PMBW,CAT,PM2_5,2.239496291576598e-06
2017,July,Riverside (SS),T7IS,Gas,PMBW,NCAT,PM,1.9850807910538757e-06
2017,July,Riverside (SS),T7IS,Gas,PMBW,NCAT,PM10,1.9453791752327977e-06
2017,July,Riverside (SS),T7IS,Gas,PMBW,NCAT,PM2_5,8.337339322426278e-07
2017,July,Riverside (SS),LDT1,Dsl,RUNEX,DSL,CO,0.0010671916786975748
2017,July,Riverside (SS),LDT1,Dsl,RUNEX,DSL,NOx,0.0007305897930013989
2017,July,Riverside (SS),LDT1,Dsl,RUNEX,DSL,SOx,1.9661390080852773e-06
2017,July,Riverside (SS),LDT1,Dsl,RUNEX,DSL,PM,0.00012017825944482241
2017,July,Riverside (SS),LDT1,Dsl,RUNEX,DSL,TOG,0.0001814155340375136
2017,July,Riverside (SS),LDT1,Dsl,RUNEX,DSL,PM10,0.00011945718988815352
2017,July,Riverside (SS),LDT1,Dsl,RUNEX,DSL,PM2_5,0.0001142895247320262
2017,July,Riverside (SS),LDT1,Dsl,PMTW,DSL,PM,4.014826355563616e-06
2017,July,Riverside (SS),LDT1,Dsl,PMTW,DSL,PM10,4.014826355563616e-06
2017,July,Riverside (SS),LDT1,Dsl,PMTW,DSL,PM2_5,1.003706588890904e-06
2017,July,Riverside (SS),LDT1,Dsl,PMBW,DSL,PM,1.8819498541704444e-05
2017,July,Riverside (SS),LDT1,Dsl,PMBW,DSL,PM10,1.844310857087037e-05
2017,July,Riverside (SS),LDT1,Dsl,PMBW,DSL,PM2_5,7.904189387515875e-06
2017,July,Riverside (SS),LDT2,Dsl,RUNEX,DSL,CO,0.0013775500520098155
2017,July,Riverside (SS),LDT2,Dsl,RUNEX,DSL,NOx,0.0008022479242070238
2017,July,Riverside (SS),LDT2,Dsl,RUNEX,DSL,SOx,2.8119437824317372e-05
2017,July,Riverside (SS),LDT2,Dsl,RUNEX,DSL,PM,0.00012847343094871268
2017,July,Riverside (SS),LDT2,Dsl,RUNEX,DSL,TOG,0.00026120709906187227
2017,July,Riverside (SS),LDT2,Dsl,RUNEX,DSL,PM10,0.00012770259036302026
2017,July,Riverside (SS),LDT2,Dsl,RUNEX,DSL,PM2_5,0.00012217823283222564
2017,July,Riverside (SS),LDT2,Dsl,PMTW,DSL,PM,7.490013061454055e-05
2017,July,Riverside (SS),LDT2,Dsl,PMTW,DSL,PM10,7.490013061454055e-05
2017,July,Riverside (SS),LDT2,Dsl,PMTW,DSL,PM2_5,1.8725032653635138e-05
2017,July,Riverside (SS),LDT2,Dsl,PMBW,DSL,PM,0.0003510943622556589
2017,July,Riverside (SS),LDT2,Dsl,PMBW,DSL,PM10,0.0003440724750105455
2017,July,Riverside (SS),LDT2,Dsl,PMBW,DSL,PM2_5,0.00014745963214737677
2017,July,Riverside (SS),MDV,Dsl,RUNEX,DSL,CO,0.0049863478708137
2017,July,Riverside (SS),MDV,Dsl,RUNEX,DSL,NOx,0.0024641600294875443
2017,July,Riverside (SS),MDV,Dsl,RUNEX,DSL,SOx,0.00010329190718105797
2017,July,Riverside (SS),MDV,Dsl,RUNEX,DSL,PM,0.0002057344492304508
2017,July,Riverside (SS),MDV,Dsl,RUNEX,DSL,TOG,0.00040634198578744343
2017,July,Riverside (SS),MDV,Dsl,RUNEX,DSL,PM10,0.000204500042535068
2017,July,Riverside (SS),MDV,Dsl,RUNEX,DSL,PM2_5,0.00019565346121815834
2017,July,Riverside (SS),MDV,Dsl,PMTW,DSL,PM,0.00021002881863343818
2017,July,Riverside (SS),MDV,Dsl,PMTW,DSL,PM10,0.00021002881863343818
2017,July,Riverside (SS),MDV,Dsl,PMTW,DSL,PM2_5,5.2507204658359545e-05
2017,July,Riverside (SS),MDV,Dsl,PMBW,DSL,PM,0.0009845100873442415
2017,July,Riverside (SS),MDV,Dsl,PMBW,DSL,PM10,0.0009648198855973567
2017,July,Riverside (SS),MDV,Dsl,PMBW,DSL,PM2_5,0.0004134942366845813
2017,July,Riverside (SS),LHD1,Dsl,RUNEX,DSL,CO,0.09711428121132151
2017,July,Riverside (SS),LHD1,Dsl,RUNEX,DSL,NOx,0.41628620413837614
2017,July,Riverside (SS),LHD1,Dsl,RUNEX,DSL,SOx,0.0005258213940627405
2017,July,Riverside (SS),LHD1,Dsl,RUNEX,DSL,PM,0.0029210766159086504
2017,July,Riverside (SS),LHD1,Dsl,RUNEX,DSL,TOG,0.014554700492739792
2017,July,Riverside (SS),LHD1,Dsl,RUNEX,DSL,PM10,0.002903550156213203
2017,July,Riverside (SS),LHD1,Dsl,RUNEX,DSL,PM2_5,0.002777943861729131
2017,July,Riverside (SS),LHD1,Dsl,IDLEX,DSL,CO,0.002558367850593265
2017,July,Riverside (SS),LHD1,Dsl,IDLEX,DSL,NOx,0.007139055379445282
2017,July,Riverside (SS),LHD1,Dsl,IDLEX,DSL,SOx,3.7597063522852675e-06
2017,July,Riverside (SS),LHD1,Dsl,IDLEX,DSL,PM,7.821910100121854e-05
2017,July,Riverside (SS),LHD1,Dsl,IDLEX,DSL,TOG,0.00035139362583687785
2017,July,Riverside (SS),LHD1,Dsl,IDLEX,DSL,PM10,7.774978639521123e-05
2017,July,Riverside (SS),LHD1,Dsl,IDLEX,DSL,PM2_5,7.438636505215883e-05
2017,July,Riverside (SS),LHD1,Dsl,PMTW,DSL,PM,0.001318293308917129
2017,July,Riverside (SS),LHD1,Dsl,PMTW,DSL,PM10,0.001318293308917129
2017,July,Riverside (SS),LHD1,Dsl,PMTW,DSL,PM2_5,0.00032957332722928224
2017,July,Riverside (SS),LHD1,Dsl,PMBW,DSL,PM,0.008568906507961334
2017,July,Riverside (SS),LHD1,Dsl,PMBW,DSL,PM10,0.008397528377802114
2017,July,Riverside (SS),LHD1,Dsl,PMBW,DSL,PM2_5,0.0035989407333437595
2017,July,Riverside (SS),LHD2,Dsl,RUNEX,DSL,CO,0.03794247164675807
2017,July,Riverside (SS),LHD2,Dsl,RUNEX,DSL,NOx,0.1629261232801799
2017,July,Riverside (SS),LHD2,Dsl,RUNEX,DSL,SOx,0.0002305272845423981
2017,July,Riverside (SS),LHD2,Dsl,RUNEX,DSL,PM,0.001183210374236169
2017,July,Riverside (SS),LHD2,Dsl,RUNEX,DSL,TOG,0.005763272833486886
2017,July,Riverside (SS),LHD2,Dsl,RUNEX,DSL,PM10,0.0011761111119907527
2017,July,Riverside (SS),LHD2,Dsl,RUNEX,DSL,PM2_5,0.0011252330658985963
2017,July,Riverside (SS),LHD2,Dsl,IDLEX,DSL,CO,0.0010638127818738596
2017,July,Riverside (SS),LHD2,Dsl,IDLEX,DSL,NOx,0.00297630757440764
2017,July,Riverside (SS),LHD2,Dsl,IDLEX,DSL,SOx,2.5046776726223852e-06
2017,July,Riverside (SS),LHD2,Dsl,IDLEX,DSL,PM,3.284629370600633e-05
2017,July,Riverside (SS),LHD2,Dsl,IDLEX,DSL,TOG,0.00014611543470872913
2017,July,Riverside (SS),LHD2,Dsl,IDLEX,DSL,PM10,3.2649215943770256e-05
2017,July,Riverside (SS),LHD2,Dsl,IDLEX,DSL,PM2_5,3.123682531441201e-05
2017,July,Riverside (SS),LHD2,Dsl,PMTW,DSL,PM,0.0005351154787641097
2017,July,Riverside (SS),LHD2,Dsl,PMTW,DSL,PM10,0.0005351154787641097
2017,July,Riverside (SS),LHD2,Dsl,PMTW,DSL,PM2_5,0.00013377886969102742
2017,July,Riverside (SS),LHD2,Dsl,PMBW,DSL,PM,0.004057959047294506
2017,July,Riverside (SS),LHD2,Dsl,PMBW,DSL,PM10,0.003976799866348613
2017,July,Riverside (SS),LHD2,Dsl,PMBW,DSL,PM2_5,0.0017043427998636924
2017,July,Riverside (SS),LDT1,Elec,HOTSOAK,CAT,TOG,1.4902326556516736e-07
2017,July,Riverside (SS),LDT1,Elec,RESTLOSS,CAT,TOG,2.7576287394973063e-07
2017,July,Riverside (SS),LDT1,Elec,DIURN,CAT,TOG,7.644423943453427e-07
2017,July,Riverside (SS),LDT1,Elec,PMTW,CAT,PM,1.6606263374065101e-06
2017,July,Riverside (SS),LDT1,Elec,PMTW,CAT,PM10,1.6606263374065101e-06
2017,July,Riverside (SS),LDT1,Elec,PMTW,CAT,PM2_5,4.1515658435162753e-07
2017,July,Riverside (SS),LDT1,Elec,PMBW,CAT,PM,7.784185956593015e-06
2017,July,Riverside (SS),LDT1,Elec,PMBW,CAT,PM10,7.628502237461152e-06
2017,July,Riverside (SS),LDT1,Elec,PMBW,CAT,PM2_5,3.2693581017690665e-06
2017,July,Riverside (SS),LDT2,Elec,HOTSOAK,CAT,TOG,2.6565498375017384e-06
2017,July,Riverside (SS),LDT2,Elec,RESTLOSS,CAT,TOG,4.6457389985546936e-06
2017,July,Riverside (SS),LDT2,Elec,DIURN,CAT,TOG,1.2878455292738484e-05
2017,July,Riverside (SS),LDT2,Elec,PMTW,CAT,PM,3.0473421953148926e-05
2017,July,Riverside (SS),LDT2,Elec,PMTW,CAT,PM10,3.0473421953148926e-05
2017,July,Riverside (SS),LDT2,Elec,PMTW,CAT,PM2_5,7.6183554882872315e-06
2017,July,Riverside (SS),LDT2,Elec,PMBW,CAT,PM,0.00014284416540538564
2017,July,Riverside (SS),LDT2,Elec,PMBW,CAT,PM10,0.00013998728209727794
2017,July,Riverside (SS),LDT2,Elec,PMBW,CAT,PM2_5,5.999454947026198e-05
2017,July,Riverside (SS),MDV,Elec,HOTSOAK,CAT,TOG,3.059317675347838e-07
2017,July,Riverside (SS),MDV,Elec,RESTLOSS,CAT,TOG,5.495078571621712e-07
2017,July,Riverside (SS),MDV,Elec,DIURN,CAT,TOG,1.5232909928158183e-06
2017,July,Riverside (SS),MDV,Elec,PMTW,CAT,PM,3.3552348398697334e-06
2017,July,Riverside (SS),MDV,Elec,PMTW,CAT,PM10,3.3552348398697334e-06
2017,July,Riverside (SS),MDV,Elec,PMTW,CAT,PM2_5,8.388087099674333e-07
2017,July,Riverside (SS),MDV,Elec,PMBW,CAT,PM,1.5727663311889377e-05
2017,July,Riverside (SS),MDV,Elec,PMBW,CAT,PM10,1.5413110045651583e-05
2017,July,Riverside (SS),MDV,Elec,PMBW,CAT,PM2_5,6.605618590993536e-06
2017,July,Riverside (SS),SBUS,Gas,RUNEX,CAT,CO,0.0008392573566365578
2017,July,Riverside (SS),SBUS,Gas,RUNEX,CAT,NOx,0.0004402773952888873
2017,July,Riverside (SS),SBUS,Gas,RUNEX,CAT,SOx,3.234443256795532e-05
2017,July,Riverside (SS),SBUS,Gas,RUNEX,CAT,PM,1.9253941517103653e-06
2017,July,Riverside (SS),SBUS,Gas,RUNEX,CAT,TOG,7.150752112199196e-05
2017,July,Riverside (SS),SBUS,Gas,RUNEX,CAT,PM10,1.7213023716290666e-06
2017,July,Riverside (SS),SBUS,Gas,RUNEX,CAT,PM2_5,1.5826739927059204e-06
2017,July,Riverside (SS),SBUS,Gas,IDLEX,CAT,CO,0.003961683166133758
2017,July,Riverside (SS),SBUS,Gas,IDLEX,CAT,NOx,4.463254764819751e-05
2017,July,Riverside (SS),SBUS,Gas,IDLEX,CAT,SOx,1.280706478637701e-06
2017,July,Riverside (SS),SBUS,Gas,IDLEX,CAT,TOG,0.0007480139831661059
2017,July,Riverside (SS),SBUS,Gas,STREX,CAT,CO,0.0008865411275021107
2017,July,Riverside (SS),SBUS,Gas,STREX,CAT,NOx,0.00010319708448245972
2017,July,Riverside (SS),SBUS,Gas,STREX,CAT,SOx,8.280530240199936e-08
2017,July,Riverside (SS),SBUS,Gas,STREX,CAT,PM,4.1400734985154443e-08
2017,July,Riverside (SS),SBUS,Gas,STREX,CAT,TOG,4.95538899781054e-05
2017,July,Riverside (SS),SBUS,Gas,STREX,CAT,PM10,3.7012257076728076e-08
2017,July,Riverside (SS),SBUS,Gas,STREX,CAT,PM2_5,3.403140415779695e-08
2017,July,Riverside (SS),SBUS,Gas,HOTSOAK,CAT,TOG,9.389773607269267e-06
2017,July,Riverside (SS),SBUS,Gas,RUNLOSS,CAT,TOG,4.99176254968137e-05
2017,July,Riverside (SS),SBUS,Gas,RESTLOSS,CAT,TOG,8.402177652799366e-07
2017,July,Riverside (SS),SBUS,Gas,DIURN,CAT,TOG,3.974201670001834e-06
2017,July,Riverside (SS),SBUS,Gas,PMTW,CAT,PM,2.9024291572306554e-05
2017,July,Riverside (SS),SBUS,Gas,PMTW,CAT,PM10,2.9024291572306554e-05
2017,July,Riverside (SS),SBUS,Gas,PMTW,CAT,PM2_5,7.256072893076638e-06
2017,July,Riverside (SS),SBUS,Gas,PMBW,CAT,PM,0.0027573076630887567
2017,July,Riverside (SS),SBUS,Gas,PMBW,CAT,PM10,0.0027021615098269834
2017,July,Riverside (SS),SBUS,Gas,PMBW,CAT,PM2_5,0.001158069218497278
2017,July,Riverside (SS),OBUS,Gas,RUNEX,CAT,CO,0.018935182272821014
2017,July,Riverside (SS),OBUS,Gas,RUNEX,CAT,NOx,0.005249601148631518
2017,July,Riverside (SS),OBUS,Gas,RUNEX,CAT,SOx,0.00020118643174095254
2017,July,Riverside (SS),OBUS,Gas,RUNEX,CAT,PM,6.859278406431583e-06
2017,July,Riverside (SS),OBUS,Gas,RUNEX,CAT,TOG,0.001106482454077077
2017,July,Riverside (SS),OBUS,Gas,RUNEX,CAT,PM10,6.132194895349837e-06
2017,July,Riverside (SS),OBUS,Gas,RUNEX,CAT,PM2_5,5.638326850086763e-06
2017,July,Riverside (SS),OBUS,Gas,IDLEX,CAT,CO,0.0007708626449396193
2017,July,Riverside (SS),OBUS,Gas,IDLEX,CAT,NOx,8.684786870717561e-06
2017,July,Riverside (SS),OBUS,Gas,IDLEX,CAT,SOx,5.124402646384754e-07
2017,July,Riverside (SS),OBUS,Gas,IDLEX,CAT,TOG,0.00014548177749148803
2017,July,Riverside (SS),OBUS,Gas,STREX,CAT,CO,0.008096934706612727
2017,July,Riverside (SS),OBUS,Gas,STREX,CAT,NOx,0.000824951896371117
2017,July,Riverside (SS),OBUS,Gas,STREX,CAT,SOx,7.02263273840961e-07
2017,July,Riverside (SS),OBUS,Gas,STREX,CAT,PM,5.309624807932315e-07
2017,July,Riverside (SS),OBUS,Gas,STREX,CAT,TOG,0.00043841156712579
2017,July,Riverside (SS),OBUS,Gas,STREX,CAT,PM10,4.7468045782914867e-07
2017,July,Riverside (SS),OBUS,Gas,STREX,CAT,PM2_5,4.364511592120363e-07
2017,July,Riverside (SS),OBUS,Gas,HOTSOAK,CAT,TOG,6.362155728440237e-05
2017,July,Riverside (SS),OBUS,Gas,RUNLOSS,CAT,TOG,0.0004941508094128338
2017,July,Riverside (SS),OBUS,Gas,RESTLOSS,CAT,TOG,3.2732272042388153e-06
2017,July,Riverside (SS),OBUS,Gas,DIURN,CAT,TOG,1.555349576714587e-05
2017,July,Riverside (SS),OBUS,Gas,PMTW,CAT,PM,0.00014050236966036705
2017,July,Riverside (SS),OBUS,Gas,PMTW,CAT,PM10,0.00014050236966036705
2017,July,Riverside (SS),OBUS,Gas,PMTW,CAT,PM2_5,3.512559241509176e-05
2017,July,Riverside (SS),OBUS,Gas,PMBW,CAT,PM,0.0015572345970690682
2017,July,Riverside (SS),OBUS,Gas,PMBW,CAT,PM10,0.0015260899051276868
2017,July,Riverside (SS),OBUS,Gas,PMBW,CAT,PM2_5,0.0006540385307690078
2017,July,Riverside (SS),MCY,Gas,RUNEX,CAT,CO,0.590388863739374
2017,July,Riverside (SS),MCY,Gas,RUNEX,CAT,NOx,0.03674926786021068
2017,July,Riverside (SS),MCY,Gas,RUNEX,CAT,SOx,9.176081292187443e-05
2017,July,Riverside (SS),MCY,Gas,RUNEX,CAT,PM,6.318335965752817e-05
2017,July,Riverside (SS),MCY,Gas,RUNEX,CAT,TOG,0.0943933942919952
2017,July,Riverside (SS),MCY,Gas,RUNEX,CAT,PM10,5.818032151529487e-05
2017,July,Riverside (SS),MCY,Gas,RUNEX,CAT,PM2_5,5.433922623907239e-05
2017,July,Riverside (SS),MCY,Gas,RUNEX,NCAT,CO,1.573331805718109
2017,July,Riverside (SS),MCY,Gas,RUNEX,NCAT,NOx,0.045238514349939626
2017,July,Riverside (SS),MCY,Gas,RUNEX,NCAT,SOx,9.146964563762511e-05
2017,July,Riverside (SS),MCY,Gas,RUNEX,NCAT,PM,8.12819366444367e-05
2017,July,Riverside (SS),MCY,Gas,RUNEX,NCAT,TOG,0.1442230167022202
2017,July,Riverside (SS),MCY,Gas,RUNEX,NCAT,PM10,7.641754313383903e-05
2017,July,Riverside (SS),MCY,Gas,RUNEX,NCAT,PM2_5,7.213303130236412e-05
2017,July,Riverside (SS),MCY,Gas,STREX,CAT,CO,0.03161319683677857
2017,July,Riverside (SS),MCY,Gas,STREX,CAT,NOx,0.0013457548726065753
2017,July,Riverside (SS),MCY,Gas,STREX,CAT,SOx,3.1602015791944404e-06
2017,July,Riverside (SS),MCY,Gas,STREX,CAT,PM,1.1544528400565346e-05
2017,July,Riverside (SS),MCY,Gas,STREX,CAT,TOG,0.008520843641820599
2017,July,Riverside (SS),MCY,Gas,STREX,CAT,PM10,1.0675363918118824e-05
2017,July,Riverside (SS),MCY,Gas,STREX,CAT,PM2_5,9.992330332746395e-06
2017,July,Riverside (SS),MCY,Gas,STREX,NCAT,CO,0.08747798462953105
2017,July,Riverside (SS),MCY,Gas,STREX,NCAT,NOx,0.002222006489945101
2017,July,Riverside (SS),MCY,Gas,STREX,NCAT,SOx,5.643710462244633e-06
2017,July,Riverside (SS),MCY,Gas,STREX,NCAT,PM,3.402352972966053e-05
2017,July,Riverside (SS),MCY,Gas,STREX,NCAT,TOG,0.018023618639111144
2017,July,Riverside (SS),MCY,Gas,STREX,NCAT,PM10,3.234205654219041e-05
2017,July,Riverside (SS),MCY,Gas,STREX,NCAT,PM2_5,3.069684877461701e-05
2017,July,Riverside (SS),MCY,Gas,HOTSOAK,CAT,TOG,0.0044171595384708455
2017,July,Riverside (SS),MCY,Gas,HOTSOAK,NCAT,TOG,0.016585681429072886
2017,July,Riverside (SS),MCY,Gas,RUNLOSS,CAT,TOG,0.006001765465692442
2017,July,Riverside (SS),MCY,Gas,RUNLOSS,NCAT,TOG,0.02605524460767806
2017,July,Riverside (SS),MCY,Gas,RESTLOSS,CAT,TOG,0.008992824392498149
2017,July,Riverside (SS),MCY,Gas,RESTLOSS,NCAT,TOG,0.023291360769114602
2017,July,Riverside (SS),MCY,Gas,DIURN,CAT,TOG,0.022266472837582058
2017,July,Riverside (SS),MCY,Gas,DIURN,NCAT,TOG,0.06299213739465108
2017,July,Riverside (SS),MCY,Gas,PMTW,CAT,PM,0.0001730298171062771
2017,July,Riverside (SS),MCY,Gas,PMTW,CAT,PM10,0.0001730298171062771
2017,July,Riverside (SS),MCY,Gas,PMTW,CAT,PM2_5,4.325745427656927e-05
2017,July,Riverside (SS),MCY,Gas,PMTW,NCAT,PM,0.0001673957036993638
2017,July,Riverside (SS),MCY,Gas,PMTW,NCAT,PM10,0.0001673957036993638
2017,July,Riverside (SS),MCY,Gas,PMTW,NCAT,PM2_5,4.184892592484095e-05
2017,July,Riverside (SS),MCY,Gas,PMBW,CAT,PM,0.0005190894513188311
2017,July,Riverside (SS),MCY,Gas,PMBW,CAT,PM10,0.0005087076622924546
2017,July,Riverside (SS),MCY,Gas,PMBW,CAT,PM2_5,0.00021801756955390906
2017,July,Riverside (SS),MCY,Gas,PMBW,NCAT,PM,0.000502187111098091
2017,July,Riverside (SS),MCY,Gas,PMBW,NCAT,PM10,0.0004921433688761296
2017,July,Riverside (SS),MCY,Gas,PMBW,NCAT,PM2_5,0.0002109185866611984
2017,July,Riverside (SS),MH,Gas,RUNEX,CAT,CO,0.03408758476147048
2017,July,Riverside (SS),MH,Gas,RUNEX,CAT,NOx,0.00509787089390467
2017,July,Riverside (SS),MH,Gas,RUNEX,CAT,SOx,0.00018488440924506054
2017,July,Riverside (SS),MH,Gas,RUNEX,CAT,PM,1.7656799307347444e-05
2017,July,Riverside (SS),MH,Gas,RUNEX,CAT,TOG,0.0013950822256842844
2017,July,Riverside (SS),MH,Gas,RUNEX,CAT,PM10,1.578517858076861e-05
2017,July,Riverside (SS),MH,Gas,RUNEX,CAT,PM2_5,1.4513889030639597e-05
2017,July,Riverside (SS),MH,Gas,RUNEX,NCAT,CO,0.009789802316230665
2017,July,Riverside (SS),MH,Gas,RUNEX,NCAT,NOx,0.00018492959449340325
2017,July,Riverside (SS),MH,Gas,RUNEX,NCAT,SOx,9.821277239611232e-07
2017,July,Riverside (SS),MH,Gas,RUNEX,NCAT,PM,1.8119171888988771e-06
2017,July,Riverside (SS),MH,Gas,RUNEX,NCAT,TOG,0.00028821304687225537
2017,July,Riverside (SS),MH,Gas,RUNEX,NCAT,PM10,1.7412524185318208e-06
2017,July,Riverside (SS),MH,Gas,RUNEX,NCAT,PM2_5,1.6615280622202705e-06
2017,July,Riverside (SS),MH,Gas,STREX,CAT,CO,0.00035164357491078
2017,July,Riverside (SS),MH,Gas,STREX,CAT,NOx,3.520956586432716e-05
2017,July,Riverside (SS),MH,Gas,STREX,CAT,SOx,3.0887349316609037e-08
2017,July,Riverside (SS),MH,Gas,STREX,CAT,PM,5.4715327959428e-08
2017,July,Riverside (SS),MH,Gas,STREX,CAT,TOG,1.823486406886943e-05
2017,July,Riverside (SS),MH,Gas,STREX,CAT,PM10,4.8915503195728664e-08
2017,July,Riverside (SS),MH,Gas,STREX,CAT,PM2_5,4.497599958264984e-08
2017,July,Riverside (SS),MH,Gas,STREX,NCAT,CO,1.6434566659711335e-07
2017,July,Riverside (SS),MH,Gas,STREX,NCAT,NOx,5.105260092049622e-07
2017,July,Riverside (SS),MH,Gas,STREX,NCAT,SOx,1.2785093818702693e-09
2017,July,Riverside (SS),MH,Gas,STREX,NCAT,PM,1.5239536605024137e-08
2017,July,Riverside (SS),MH,Gas,STREX,NCAT,TOG,3.1089568160863375e-06
2017,July,Riverside (SS),MH,Gas,STREX,NCAT,PM10,1.46451946774282e-08
2017,July,Riverside (SS),MH,Gas,STREX,NCAT,PM2_5,1.3974655066807138e-08
2017,July,Riverside (SS),MH,Gas,HOTSOAK,CAT,TOG,1.623691625255351e-05
2017,July,Riverside (SS),MH,Gas,HOTSOAK,NCAT,TOG,7.815487344346708e-07
2017,July,Riverside (SS),MH,Gas,RUNLOSS,CAT,TOG,0.0002634957790554687
2017,July,Riverside (SS),MH,Gas,RUNLOSS,NCAT,TOG,3.583459552448291e-06
2017,July,Riverside (SS),MH,Gas,RESTLOSS,CAT,TOG,0.00010927602698478889
2017,July,Riverside (SS),MH,Gas,RESTLOSS,NCAT,TOG,4.879628644951945e-06
2017,July,Riverside (SS),MH,Gas,DIURN,CAT,TOG,0.0006760887196327658
2017,July,Riverside (SS),MH,Gas,DIURN,NCAT,TOG,2.8793866010255823e-05
2017,July,Riverside (SS),MH,Gas,PMTW,CAT,PM,0.00012701219185078612
2017,July,Riverside (SS),MH,Gas,PMTW,CAT,PM10,0.00012701219185078612
2017,July,Riverside (SS),MH,Gas,PMTW,CAT,PM2_5,3.175304796269653e-05
2017,July,Riverside (SS),MH,Gas,PMTW,NCAT,PM,5.573786206765886e-07
2017,July,Riverside (SS),MH,Gas,PMTW,NCAT,PM10,5.573786206765886e-07
2017,July,Riverside (SS),MH,Gas,PMTW,NCAT,PM2_5,1.3934465516914716e-07
2017,July,Riverside (SS),MH,Gas,PMBW,CAT,PM,0.0014077184596795458
2017,July,Riverside (SS),MH,Gas,PMBW,CAT,PM10,0.0013795640904859558
2017,July,Riverside (SS),MH,Gas,PMBW,CAT,PM2_5,0.0005912417530654092
2017,July,Riverside (SS),MH,Gas,PMBW,NCAT,PM,6.177613045832197e-06
2017,July,Riverside (SS),MH,Gas,PMBW,NCAT,PM10,6.05406078491555e-06
2017,July,Riverside (SS),MH,Gas,PMBW,NCAT,PM2_5,2.5945974792495206e-06
2017,July,Riverside (SS),MH,Dsl,RUNEX,DSL,CO,0.002032731626021189
2017,July,Riverside (SS),MH,Dsl,RUNEX,DSL,NOx,0.02483109769535543
2017,July,Riverside (SS),MH,Dsl,RUNEX,DSL,SOx,5.378467792953413e-05
2017,July,Riverside (SS),MH,Dsl,RUNEX,DSL,PM,0.001064626614780763
2017,July,Riverside (SS),MH,Dsl,RUNEX,DSL,TOG,0.0004978946820517182
2017,July,Riverside (SS),MH,Dsl,RUNEX,DSL,PM10,0.0010582388550920794
2017,July,Riverside (SS),MH,Dsl,RUNEX,DSL,PM2_5,0.0010124599106565105
2017,July,Riverside (SS),MH,Dsl,PMTW,DSL,PM,9.47664035480757e-05
2017,July,Riverside (SS),MH,Dsl,PMTW,DSL,PM10,9.47664035480757e-05
2017,July,Riverside (SS),MH,Dsl,PMTW,DSL,PM2_5,2.3691600887018925e-05
2017,July,Riverside (SS),MH,Dsl,PMBW,DSL,PM,0.0007877457294933783
2017,July,Riverside (SS),MH,Dsl,PMBW,DSL,PM10,0.0007719908149035102
2017,July,Riverside (SS),MH,Dsl,PMBW,DSL,PM2_5,0.0003308532063872191
2017,July,Riverside (SS),UBUS,Dsl,RUNEX,DSL,CO,0.0
2017,July,Riverside (SS),UBUS,Dsl,RUNEX,DSL,NOx,0.0
2017,July,Riverside (SS),UBUS,Dsl,RUNEX,DSL,SOx,0.0
2017,July,Riverside (SS),UBUS,Dsl,RUNEX,DSL,PM,0.0
2017,July,Riverside (SS),UBUS,Dsl,RUNEX,DSL,TOG,0.0
2017,July,Riverside (SS),UBUS,Dsl,RUNEX,DSL,PM10,0.0
2017,July,Riverside (SS),UBUS,Dsl,RUNEX,DSL,PM2_5,0.0
2017,July,Riverside (SS),UBUS,Dsl,PMTW,DSL,PM,0.0
2017,July,Riverside (SS),UBUS,Dsl,PMTW,DSL,PM10,0.0
2017,July,Riverside (SS),UBUS,Dsl,PMTW,DSL,PM2_5,0.0
2017,July,Riverside (SS),UBUS,Dsl,PMBW,DSL,PM,0.0
2017,July,Riverside (SS),UBUS,Dsl,PMBW,DSL,PM10,0.0
2017,July,Riverside (SS),UBUS,Dsl,PMBW,DSL,PM2_5,0.0
2017,July,Riverside (SS),UBUS,Elec,PMTW,CAT,PM,1.072552881940507e-05
2017,July,Riverside (SS),UBUS,Elec,PMTW,CAT,PM10,1.072552881940507e-05
2017,July,Riverside (SS),UBUS,Elec,PMTW,CAT,PM2_5,2.6813822048512674e-06
2017,July,Riverside (SS),UBUS,Elec,PMBW,CAT,PM,1.8769675433958875e-05
2017,July,Riverside (SS),UBUS,Elec,PMBW,CAT,PM10,1.8394281925279692e-05
2017,July,Riverside (SS),UBUS,Elec,PMBW,CAT,PM2_5,7.883263682262728e-06
2017,July,Riverside (SS),UBUS,NG,RUNEX,DSL,CO,0.4452658685778887
2017,July,Riverside (SS),UBUS,NG,RUNEX,DSL,NOx,0.033957209345328705
2017,July,Riverside (SS),UBUS,NG,RUNEX,DSL,PM,9.567243929716162e-05
2017,July,Riverside (SS),UBUS,NG,RUNEX,DSL,TOG,0.08662153521997629
2017,July,Riverside (SS),UBUS,NG,RUNEX,DSL,PM10,9.509840466137872e-05
2017,July,Riverside (SS),UBUS,NG,RUNEX,DSL,PM2_5,9.098448977160073e-05
2017,July,Riverside (SS),UBUS,NG,PMTW,DSL,PM,0.00044660656475746627
2017,July,Riverside (SS),UBUS,NG,PMTW,DSL,PM10,0.00044660656475746627
2017,July,Riverside (SS),UBUS,NG,PMTW,DSL,PM2_5,0.00011165164118936657
2017,July,Riverside (SS),UBUS,NG,PMBW,DSL,PM,0.001263823472567331
2017,July,Riverside (SS),UBUS,NG,PMBW,DSL,PM10,0.0012385470031159847
2017,July,Riverside (SS),UBUS,NG,PMBW,DSL,PM2_5,0.0005308058584782793
2017,July,Riverside (SS),SBUS,Dsl,RUNEX,DSL,CO,0.002824015353465032
2017,July,Riverside (SS),SBUS,Dsl,RUNEX,DSL,NOx,0.0641982250585665
2017,July,Riverside (SS),SBUS,Dsl,RUNEX,DSL,PM,0.00039312057295738033
2017,July,Riverside (SS),SBUS,Dsl,RUNEX,DSL,PM10,0.0003907618495196359
2017,July,Riverside (SS),SBUS,Dsl,RUNEX,DSL,PM2_5,0.0003738576648824683
2017,July,Riverside (SS),SBUS,Dsl,IDLEX,DSL,CO,0.0013432016897945978
2017,July,Riverside (SS),SBUS,Dsl,IDLEX,DSL,NOx,0.01438801323335168
2017,July,Riverside (SS),SBUS,Dsl,IDLEX,DSL,PM,1.5070519584028724e-05
2017,July,Riverside (SS),SBUS,Dsl,IDLEX,DSL,PM10,1.4980096466524544e-05
2017,July,Riverside (SS),SBUS,Dsl,IDLEX,DSL,PM2_5,1.4332064124411326e-05
2017,July,Riverside (SS),SBUS,Dsl,STREX,DSL,NOx,0.002137059194967987
2017,July,Riverside (SS),SBUS,Dsl,PMTW,DSL,PM,0.00010814405193026807
2017,July,Riverside (SS),SBUS,Dsl,PMTW,DSL,PM10,0.00010814405193026807
2017,July,Riverside (SS),SBUS,Dsl,PMTW,DSL,PM2_5,2.7036012982567017e-05
2017,July,Riverside (SS),SBUS,Dsl,PMBW,DSL,PM,0.006849123288916976
2017,July,Riverside (SS),SBUS,Dsl,PMBW,DSL,PM10,0.006712140823138641
2017,July,Riverside (SS),SBUS,Dsl,PMBW,DSL,PM2_5,0.002876631781345127
2017,July,Riverside (SS),SBUS,Dsl,RUNEX,DSL,SOx,0.00010635074298782964
2017,July,Riverside (SS),SBUS,Dsl,IDLEX,DSL,SOx,1.0271603102291358e-05
2017,July,Riverside (SS),SBUS,Dsl,RUNEX,DSL,TOG,0.0011658009872460014
2017,July,Riverside (SS),SBUS,Dsl,IDLEX,DSL,TOG,8.704258051579595e-05
2017,     ,Riverside (SS),LDA,Dsl,RUNEX,DSL,NH3,0.000125679
2017,     ,Riverside (SS),LDA,Gas,RUNEX,CAT,NH3,0.19483593
2017,     ,Riverside (SS),LDT1,Dsl,RUNEX,DSL,NH3,1.55435e-06
2017,     ,Riverside (SS),LDT1,Gas,RUNEX,CAT,NH3,0.030766672
2017,     ,Riverside (SS),LDT2,Dsl,RUNEX,DSL,NH3,2.89977e-05
2017,     ,Riverside (SS),LDT2,Gas,RUNEX,CAT,NH3,0.081777799
2017,     ,Riverside (SS),LHD1,Dsl,RUNEX,DSL,NH3,0.012329782
2017,     ,Riverside (SS),LHD1,Gas,RUNEX,CAT,NH3,0.007367225
2017,     ,Riverside (SS),LHD2,Dsl,RUNEX,DSL,NH3,0.005215904
2017,     ,Riverside (SS),LHD2,Gas,RUNEX,CAT,NH3,0.00171636
2017,     ,Riverside (SS),MCY,Gas,RUNEX,CAT,NH3,0.001388708
2017,     ,Riverside (SS),MDV,Dsl,RUNEX,DSL,NH3,8.13131e-05
2017,     ,Riverside (SS),MDV,Gas,RUNEX,CAT,NH3,0.069869757
2017,     ,Riverside (SS),MH,Dsl,RUNEX,DSL,NH3,0.000159994
2017,     ,Riverside (SS),MH,Gas,RUNEX,CAT,NH3,0.000470672
2017,     ,Riverside (SS),OBUS,Gas,RUNEX,CAT,NH3,0.000526734
2017,     ,Riverside (SS),SBUS,Gas,RUNEX,CAT,NH3,0.00016334
2017,     ,Riverside (SS),T6TS,Gas,RUNEX,CAT,NH3,0.002419463
2017,     ,Riverside (SS),T7IS,Gas,RUNEX,CAT,NH3,2.60855e-06
2017,     ,Riverside (SS),UBUS,NG,RUNEX,DSL,NH3,0.000443867
