calendar_year,season_month,sub_area,vehicle_class,fuel,process,cat_ncat,pollutant,emission
2017,July,Riverside (SC),LDA,Gas,RUNEX,CAT,CO,31.182657973053146
2017,July,Riverside (SC),LDA,Gas,RUNEX,CAT,NOx,1.7458532443865347
2017,July,Riverside (SC),LDA,Gas,RUNEX,CAT,SOx,0.09032213265787607
2017,July,Riverside (SC),LDA,Gas,RUNEX,CAT,PM,0.045302288882473785
2017,July,Riverside (SC),LDA,Gas,RUNEX,CAT,TOG,0.8514324286841709
2017,July,Riverside (SC),LDA,Gas,RUNEX,CAT,PM10,0.04050414388230007
2017,July,Riverside (SC),LDA,Gas,RUNEX,CAT,PM2_5,0.037244007939453316
2017,July,Riverside (SC),LDA,Gas,RUNEX,NCAT,CO,0.839585542106923
2017,July,Riverside (SC),LDA,Gas,RUNEX,NCAT,NOx,0.05889548200550417
2017,July,Riverside (SC),LDA,Gas,RUNEX,NCAT,SOx,7.124227606027222e-05
2017,July,Riverside (SC),LDA,Gas,RUNEX,NCAT,PM,0.0006821275380330616
2017,July,Riverside (SC),LDA,Gas,RUNEX,NCAT,TOG,0.06978684538184646
2017,July,Riverside (SC),LDA,Gas,RUNEX,NCAT,PM10,0.0006516269426812772
2017,July,Riverside (SC),LDA,Gas,RUNEX,NCAT,PM2_5,0.0006199844743165105
2017,July,Riverside (SC),LDA,Gas,STREX,CAT,CO,6.220296927032537
2017,July,Riverside (SC),LDA,Gas,STREX,CAT,NOx,0.7182344318637428
2017,July,Riverside (SC),LDA,Gas,STREX,CAT,SOx,0.0018573941844064194
2017,July,Riverside (SC),LDA,Gas,STREX,CAT,PM,0.0067413923728925716
2017,July,Riverside (SC),LDA,Gas,STREX,CAT,TOG,1.0074164929668463
2017,July,Riverside (SC),LDA,Gas,STREX,CAT,PM10,0.006028011416394752
2017,July,Riverside (SC),LDA,Gas,STREX,CAT,PM2_5,0.005543135430931661
2017,July,Riverside (SC),LDA,Gas,STREX,NCAT,CO,0.08484425209388759
2017,July,Riverside (SC),LDA,Gas,STREX,NCAT,NOx,0.0047672796013603636
2017,July,Riverside (SC),LDA,Gas,STREX,NCAT,SOx,7.532314079661135e-06
2017,July,Riverside (SC),LDA,Gas,STREX,NCAT,PM,0.00020140896300846012
2017,July,Riverside (SC),LDA,Gas,STREX,NCAT,TOG,0.01293530077654857
2017,July,Riverside (SC),LDA,Gas,STREX,NCAT,PM10,0.000192347378422333
2017,July,Riverside (SC),LDA,Gas,STREX,NCAT,PM2_5,0.00018298111866479186
2017,July,Riverside (SC),LDA,Gas,HOTSOAK,CAT,TOG,0.4417748471815093
2017,July,Riverside (SC),LDA,Gas,HOTSOAK,NCAT,TOG,0.01353771042947441
2017,July,Riverside (SC),LDA,Gas,RUNLOSS,CAT,TOG,0.7487129824931641
2017,July,Riverside (SC),LDA,Gas,RUNLOSS,NCAT,TOG,0.04880261053823604
2017,July,Riverside (SC),LDA,Gas,RESTLOSS,CAT,TOG,0.29515166067379534
2017,July,Riverside (SC),LDA,Gas,RESTLOSS,NCAT,TOG,0.011773257501183184
2017,July,Riverside (SC),LDA,Gas,DIURN,CAT,TOG,0.4788328286704649
2017,July,Riverside (SC),LDA,Gas,DIURN,NCAT,TOG,0.019576161928880547
2017,July,Riverside (SC),LDA,Gas,PMTW,CAT,PM,0.2295324428284169
2017,July,Riverside (SC),LDA,Gas,PMTW,CAT,PM10,0.2295324428284169
2017,July,Riverside (SC),LDA,Gas,PMTW,CAT,PM2_5,0.05738311070710422
2017,July,Riverside (SC),LDA,Gas,PMTW,NCAT,PM,9.069577369861016e-05
2017,July,Riverside (SC),LDA,Gas,PMTW,NCAT,PM10,9.069577369861016e-05
2017,July,Riverside (SC),LDA,Gas,PMTW,NCAT,PM2_5,2.267394342465254e-05
2017,July,Riverside (SC),LDA,Gas,PMBW,CAT,PM,1.0759333257582042
2017,July,Riverside (SC),LDA,Gas,PMBW,CAT,PM10,1.0544146592430392
2017,July,Riverside (SC),LDA,Gas,PMBW,CAT,PM2_5,0.45189199681844566
2017,July,Riverside (SC),LDA,Gas,PMBW,NCAT,PM,0.0004251364392122348
2017,July,Riverside (SC),LDA,Gas,PMBW,NCAT,PM10,0.0004166337104279902
2017,July,Riverside (SC),LDA,Gas,PMBW,NCAT,PM2_5,0.00017855730446913855
2017,July,Riverside (SC),LDA,Dsl,RUNEX,DSL,CO,0.05718008930682222
2017,July,Riverside (SC),LDA,Dsl,RUNEX,DSL,NOx,0.03663471448150401
2017,July,Riverside (SC),LDA,Dsl,RUNEX,DSL,SOx,0.0004799507706361749
2017,July,Riverside (SC),LDA,Dsl,RUNEX,DSL,PM,0.0030863914868300233
2017,July,Riverside (SC),LDA,Dsl,RUNEX,DSL,TOG,0.005698413607046687
2017,July,Riverside (SC),LDA,Dsl,RUNEX,DSL,PM10,0.003067873137909039
2017,July,Riverside (SC),LDA,Dsl,RUNEX,DSL,PM2_5,0.002935158303975352
2017,July,Riverside (SC),LDA,Dsl,PMTW,DSL,PM,0.0017678800105674227
2017,July,Riverside (SC),LDA,Dsl,PMTW,DSL,PM10,0.0017678800105674227
2017,July,Riverside (SC),LDA,Dsl,PMTW,DSL,PM2_5,0.00044197000264185567
2017,July,Riverside (SC),LDA,Dsl,PMBW,DSL,PM,0.008286937549534799
2017,July,Riverside (SC),LDA,Dsl,PMBW,DSL,PM10,0.008121198798544102
2017,July,Riverside (SC),LDA,Dsl,PMBW,DSL,PM2_5,0.0034805137708046135
2017,July,Riverside (SC),LDA,Elec,HOTSOAK,CAT,TOG,7.518517847130205e-05
2017,July,Riverside (SC),LDA,Elec,RESTLOSS,CAT,TOG,6.292281707048167e-05
2017,July,Riverside (SC),LDA,Elec,DIURN,CAT,TOG,0.00018269232137736423
2017,July,Riverside (SC),LDA,Elec,PMTW,CAT,PM,0.0008741397028332525
2017,July,Riverside (SC),LDA,Elec,PMTW,CAT,PM10,0.0008741397028332525
2017,July,Riverside (SC),LDA,Elec,PMTW,CAT,PM2_5,0.00021853492570831314
2017,July,Riverside (SC),LDA,Elec,PMBW,CAT,PM,0.00409752985703087
2017,July,Riverside (SC),LDA,Elec,PMBW,CAT,PM10,0.004015579259890254
2017,July,Riverside (SC),LDA,Elec,PMBW,CAT,PM2_5,0.0017209625399529657
2017,July,Riverside (SC),LDT1,Gas,RUNEX,CAT,CO,7.695537499120128
2017,July,Riverside (SC),LDT1,Gas,RUNEX,CAT,NOx,0.5914636524852377
2017,July,Riverside (SC),LDT1,Gas,RUNEX,CAT,SOx,0.010037300419824485
2017,July,Riverside (SC),LDT1,Gas,RUNEX,CAT,PM,0.009135267485172432
2017,July,Riverside (SC),LDT1,Gas,RUNEX,CAT,TOG,0.2674284301328449
2017,July,Riverside (SC),LDT1,Gas,RUNEX,CAT,PM10,0.00816900564199717
2017,July,Riverside (SC),LDT1,Gas,RUNEX,CAT,PM2_5,0.007512134178394383
2017,July,Riverside (SC),LDT1,Gas,RUNEX,NCAT,CO,0.34336532472811754
2017,July,Riverside (SC),LDT1,Gas,RUNEX,NCAT,NOx,0.02405909184987353
2017,July,Riverside (SC),LDT1,Gas,RUNEX,NCAT,SOx,2.928383355460031e-05
2017,July,Riverside (SC),LDT1,Gas,RUNEX,NCAT,PM,0.00028821313525074105
2017,July,Riverside (SC),LDT1,Gas,RUNEX,NCAT,TOG,0.02848435971338671
2017,July,Riverside (SC),LDT1,Gas,RUNEX,NCAT,PM10,0.0002748963127229377
2017,July,Riverside (SC),LDT1,Gas,RUNEX,NCAT,PM2_5,0.00026134713944228323
2017,July,Riverside (SC),LDT1,Gas,STREX,CAT,CO,0.7416347389005721
2017,July,Riverside (SC),LDT1,Gas,STREX,CAT,NOx,0.1290434266210833
2017,July,Riverside (SC),LDT1,Gas,STREX,CAT,SOx,0.00022856511949412956
2017,July,Riverside (SC),LDT1,Gas,STREX,CAT,PM,0.0013282639291720038
2017,July,Riverside (SC),LDT1,Gas,STREX,CAT,TOG,0.20803177074350346
2017,July,Riverside (SC),LDT1,Gas,STREX,CAT,PM10,0.0011878153502654712
2017,July,Riverside (SC),LDT1,Gas,STREX,CAT,PM2_5,0.0010923255284456753
2017,July,Riverside (SC),LDT1,Gas,STREX,NCAT,CO,0.019881143569951527
2017,July,Riverside (SC),LDT1,Gas,STREX,NCAT,NOx,0.0010296061885636755
2017,July,Riverside (SC),LDT1,Gas,STREX,NCAT,SOx,1.6620999981516356e-06
2017,July,Riverside (SC),LDT1,Gas,STREX,NCAT,PM,4.4561710988120174e-05
2017,July,Riverside (SC),LDT1,Gas,STREX,NCAT,TOG,0.002844522869418744
2017,July,Riverside (SC),LDT1,Gas,STREX,NCAT,PM10,4.247640667388505e-05
2017,July,Riverside (SC),LDT1,Gas,STREX,NCAT,PM2_5,4.0370510309817306e-05
2017,July,Riverside (SC),LDT1,Gas,HOTSOAK,CAT,TOG,0.12770860283444546
2017,July,Riverside (SC),LDT1,Gas,HOTSOAK,NCAT,TOG,0.002876338399308424
2017,July,Riverside (SC),LDT1,Gas,RUNLOSS,CAT,TOG,0.3701044288475661
2017,July,Riverside (SC),LDT1,Gas,RUNLOSS,NCAT,TOG,0.004805130757735641
2017,July,Riverside (SC),LDT1,Gas,RESTLOSS,CAT,TOG,0.08777633505302596
2017,July,Riverside (SC),LDT1,Gas,RESTLOSS,NCAT,TOG,0.0025128647019848948
2017,July,Riverside (SC),LDT1,Gas,DIURN,CAT,TOG,0.16041332589219517
2017,July,Riverside (SC),LDT1,Gas,DIURN,NCAT,TOG,0.0041635453972528064
2017,July,Riverside (SC),LDT1,Gas,PMTW,CAT,PM,0.021795479741188072
2017,July,Riverside (SC),LDT1,Gas,PMTW,CAT,PM10,0.021795479741188072
2017,July,Riverside (SC),LDT1,Gas,PMTW,CAT,PM2_5,0.005448869935297018
2017,July,Riverside (SC),LDT1,Gas,PMTW,NCAT,PM,3.831624988909379e-05
2017,July,Riverside (SC),LDT1,Gas,PMTW,NCAT,PM10,3.831624988909379e-05
2017,July,Riverside (SC),LDT1,Gas,PMTW,NCAT,PM2_5,9.579062472273447e-06
2017,July,Riverside (SC),LDT1,Gas,PMBW,CAT,PM,0.10216631128681909
2017,July,Riverside (SC),LDT1,Gas,PMBW,CAT,PM10,0.10012298506108266
2017,July,Riverside (SC),LDT1,Gas,PMBW,CAT,PM2_5,0.04290985074046401
2017,July,Riverside (SC),LDT1,Gas,PMBW,NCAT,PM,0.0001796074213551273
2017,July,Riverside (SC),LDT1,Gas,PMBW,NCAT,PM10,0.0001760152729280248
2017,July,Riverside (SC),LDT1,Gas,PMBW,NCAT,PM2_5,7.543511696915353e-05
2017,July,Riverside (SC),LDT2,Gas,RUNEX,CAT,CO,13.843121534000916
2017,July,Riverside (SC),LDT2,Gas,RUNEX,CAT,NOx,1.1695385298363263
2017,July,Riverside (SC),LDT2,Gas,RUNEX,CAT,SOx,0.03620495061791678
2017,July,Riverside (SC),LDT2,Gas,RUNEX,CAT,PM,0.015288073890743947
2017,July,Riverside (SC),LDT2,Gas,RUNEX,CAT,TOG,0.40262000446266855
2017,July,Riverside (SC),LDT2,Gas,RUNEX,CAT,PM10,0.013671153762168074
2017,July,Riverside (SC),LDT2,Gas,RUNEX,CAT,PM2_5,0.012571923482446531
2017,July,Riverside (SC),LDT2,Gas,RUNEX,NCAT,CO,0.4892857490439226
2017,July,Riverside (SC),LDT2,Gas,RUNEX,NCAT,NOx,0.03524120068967407
2017,July,Riverside (SC),LDT2,Gas,RUNEX,NCAT,SOx,4.2483410197590325e-05
2017,July,Riverside (SC),LDT2,Gas,RUNEX,NCAT,PM,0.0004185861223936222
2017,July,Riverside (SC),LDT2,Gas,RUNEX,NCAT,TOG,0.04233763167201418
2017,July,Riverside (SC),LDT2,Gas,RUNEX,NCAT,PM10,0.00039864555977726197
2017,July,Riverside (SC),LDT2,Gas,RUNEX,NCAT,PM2_5,0.00037871672997993915
2017,July,Riverside (SC),LDT2,Gas,STREX,CAT,CO,2.665284988445071
2017,July,Riverside (SC),LDT2,Gas,STREX,CAT,NOx,0.4168257206984463
2017,July,Riverside (SC),LDT2,Gas,STREX,CAT,SOx,0.0007994892588327484
2017,July,Riverside (SC),LDT2,Gas,STREX,CAT,PM,0.002256666880607277
2017,July,Riverside (SC),LDT2,Gas,STREX,CAT,TOG,0.4533091673200133
2017,July,Riverside (SC),LDT2,Gas,STREX,CAT,PM10,0.0020180562865148135
2017,July,Riverside (SC),LDT2,Gas,STREX,CAT,PM2_5,0.0018558253855447192
2017,July,Riverside (SC),LDT2,Gas,STREX,NCAT,CO,0.02912598325514345
2017,July,Riverside (SC),LDT2,Gas,STREX,NCAT,NOx,0.0014875011697418593
2017,July,Riverside (SC),LDT2,Gas,STREX,NCAT,SOx,2.4049493007372686e-06
2017,July,Riverside (SC),LDT2,Gas,STREX,NCAT,PM,6.487369181745701e-05
2017,July,Riverside (SC),LDT2,Gas,STREX,NCAT,TOG,0.004235203681951089
2017,July,Riverside (SC),LDT2,Gas,STREX,NCAT,PM10,6.174752258466967e-05
2017,July,Riverside (SC),LDT2,Gas,STREX,NCAT,PM2_5,5.864396571106896e-05
2017,July,Riverside (SC),LDT2,Gas,HOTSOAK,CAT,TOG,0.1791625023064513
2017,July,Riverside (SC),LDT2,Gas,HOTSOAK,NCAT,TOG,0.00411748389073836
2017,July,Riverside (SC),LDT2,Gas,RUNLOSS,CAT,TOG,0.48309090061995924
2017,July,Riverside (SC),LDT2,Gas,RUNLOSS,NCAT,TOG,0.006103653744179834
2017,July,Riverside (SC),LDT2,Gas,RESTLOSS,CAT,TOG,0.13237692196090195
2017,July,Riverside (SC),LDT2,Gas,RESTLOSS,NCAT,TOG,0.0037994202141078993
2017,July,Riverside (SC),LDT2,Gas,DIURN,CAT,TOG,0.2022879544309973
2017,July,Riverside (SC),LDT2,Gas,DIURN,NCAT,TOG,0.006172465826164205
2017,July,Riverside (SC),LDT2,Gas,PMTW,CAT,PM,0.07149034108221804
2017,July,Riverside (SC),LDT2,Gas,PMTW,CAT,PM10,0.07149034108221804
2017,July,Riverside (SC),LDT2,Gas,PMTW,CAT,PM2_5,0.01787258527055451
2017,July,Riverside (SC),LDT2,Gas,PMTW,NCAT,PM,5.563616502673988e-05
2017,July,Riverside (SC),LDT2,Gas,PMTW,NCAT,PM10,5.563616502673988e-05
2017,July,Riverside (SC),LDT2,Gas,PMTW,NCAT,PM2_5,1.390904125668497e-05
2017,July,Riverside (SC),LDT2,Gas,PMBW,CAT,PM,0.3351109738228968
2017,July,Riverside (SC),LDT2,Gas,PMBW,CAT,PM10,0.3284087543464386
2017,July,Riverside (SC),LDT2,Gas,PMBW,CAT,PM2_5,0.1407466090056167
2017,July,Riverside (SC),LDT2,Gas,PMBW,NCAT,PM,0.00026079452356284354
2017,July,Riverside (SC),LDT2,Gas,PMBW,NCAT,PM10,0.0002555786330915864
2017,July,Riverside (SC),LDT2,Gas,PMBW,NCAT,PM2_5,0.00010953369989639413
2017,July,Riverside (SC),MDV,Gas,RUNEX,CAT,CO,13.65660711937547
2017,July,Riverside (SC),MDV,Gas,RUNEX,CAT,NOx,1.2712429592807482
2017,July,Riverside (SC),MDV,Gas,RUNEX,CAT,SOx,0.039743448045055974
2017,July,Riverside (SC),MDV,Gas,RUNEX,CAT,PM,0.013922899445125475
2017,July,Riverside (SC),MDV,Gas,RUNEX,CAT,TOG,0.4458420178352927
2017,July,Riverside (SC),MDV,Gas,RUNEX,CAT,PM10,0.012449725606113106
2017,July,Riverside (SC),MDV,Gas,RUNEX,CAT,PM2_5,0.011448385772344468
2017,July,Riverside (SC),MDV,Gas,RUNEX,NCAT,CO,1.519667032980825
2017,July,Riverside (SC),MDV,Gas,RUNEX,NCAT,NOx,0.08338823184111539
2017,July,Riverside (SC),MDV,Gas,RUNEX,NCAT,SOx,8.984200678413257e-05
2017,July,Riverside (SC),MDV,Gas,RUNEX,NCAT,PM,0.0006901179228345093
2017,July,Riverside (SC),MDV,Gas,RUNEX,NCAT,TOG,0.07999389773928899
2017,July,Riverside (SC),MDV,Gas,RUNEX,NCAT,PM10,0.000660549821673014
2017,July,Riverside (SC),MDV,Gas,RUNEX,NCAT,PM2_5,0.000629075706787899
2017,July,Riverside (SC),MDV,Gas,STREX,CAT,CO,3.0235518446473613
2017,July,Riverside (SC),MDV,Gas,STREX,CAT,NOx,0.47321949647810685
2017,July,Riverside (SC),MDV,Gas,STREX,CAT,SOx,0.0009206426003817433
2017,July,Riverside (SC),MDV,Gas,STREX,CAT,PM,0.0022791513833414503
2017,July,Riverside (SC),MDV,Gas,STREX,CAT,TOG,0.552933880257502
2017,July,Riverside (SC),MDV,Gas,STREX,CAT,PM10,0.0020380653003388457
2017,July,Riverside (SC),MDV,Gas,STREX,CAT,PM2_5,0.0018741770124051924
2017,July,Riverside (SC),MDV,Gas,STREX,NCAT,CO,0.09638882280141556
2017,July,Riverside (SC),MDV,Gas,STREX,NCAT,NOx,0.004105207509696799
2017,July,Riverside (SC),MDV,Gas,STREX,NCAT,SOx,5.905175364750775e-06
2017,July,Riverside (SC),MDV,Gas,STREX,NCAT,PM,0.00012229010502489668
2017,July,Riverside (SC),MDV,Gas,STREX,NCAT,TOG,0.010119641274922259
2017,July,Riverside (SC),MDV,Gas,STREX,NCAT,PM10,0.00011701682729733875
2017,July,Riverside (SC),MDV,Gas,STREX,NCAT,PM2_5,0.0001114254510093114
2017,July,Riverside (SC),MDV,Gas,HOTSOAK,CAT,TOG,0.17946408091356497
2017,July,Riverside (SC),MDV,Gas,HOTSOAK,NCAT,TOG,0.005495397714033337
2017,July,Riverside (SC),MDV,Gas,RUNLOSS,CAT,TOG,0.4702600057746232
2017,July,Riverside (SC),MDV,Gas,RUNLOSS,NCAT,TOG,0.009711308124629047
2017,July,Riverside (SC),MDV,Gas,RESTLOSS,CAT,TOG,0.1365913881244111
2017,July,Riverside (SC),MDV,Gas,RESTLOSS,NCAT,TOG,0.007355966444659775
2017,July,Riverside (SC),MDV,Gas,DIURN,CAT,TOG,0.19844545792169416
2017,July,Riverside (SC),MDV,Gas,DIURN,NCAT,TOG,0.011770583588978418
2017,July,Riverside (SC),MDV,Gas,PMTW,CAT,PM,0.0653070419296504
2017,July,Riverside (SC),MDV,Gas,PMTW,CAT,PM10,0.0653070419296504
2017,July,Riverside (SC),MDV,Gas,PMTW,CAT,PM2_5,0.0163267604824126
2017,July,Riverside (SC),MDV,Gas,PMTW,NCAT,PM,9.222786824980362e-05
2017,July,Riverside (SC),MDV,Gas,PMTW,NCAT,PM10,9.222786824980362e-05
2017,July,Riverside (SC),MDV,Gas,PMTW,NCAT,PM2_5,2.3056967062450905e-05
2017,July,Riverside (SC),MDV,Gas,PMBW,CAT,PM,0.306126759045236
2017,July,Riverside (SC),MDV,Gas,PMBW,CAT,PM10,0.3000042238643315
2017,July,Riverside (SC),MDV,Gas,PMBW,CAT,PM2_5,0.12857323879899918
2017,July,Riverside (SC),MDV,Gas,PMBW,NCAT,PM,0.00043231813242095447
2017,July,Riverside (SC),MDV,Gas,PMBW,NCAT,PM10,0.0004236717697725356
2017,July,Riverside (SC),MDV,Gas,PMBW,NCAT,PM2_5,0.0001815736156168009
2017,July,Riverside (SC),LHD1,Gas,RUNEX,CAT,CO,0.7688157756973191
2017,July,Riverside (SC),LHD1,Gas,RUNEX,CAT,NOx,0.16725518098312434
2017,July,Riverside (SC),LHD1,Gas,RUNEX,CAT,SOx,0.004850818332199711
2017,July,Riverside (SC),LHD1,Gas,RUNEX,CAT,PM,0.000836446023916118
2017,July,Riverside (SC),LHD1,Gas,RUNEX,CAT,TOG,0.04154009413688691
2017,July,Riverside (SC),LHD1,Gas,RUNEX,CAT,PM10,0.0007477827453810084
2017,July,Riverside (SC),LHD1,Gas,RUNEX,CAT,PM2_5,0.000687558631659049
2017,July,Riverside (SC),LHD1,Gas,RUNEX,NCAT,CO,0.2377785227370857
2017,July,Riverside (SC),LHD1,Gas,RUNEX,NCAT,NOx,0.006858942619394383
2017,July,Riverside (SC),LHD1,Gas,RUNEX,NCAT,SOx,2.1884061597137966e-05
2017,July,Riverside (SC),LHD1,Gas,RUNEX,NCAT,PM,8.12945940034372e-05
2017,July,Riverside (SC),LHD1,Gas,RUNEX,NCAT,TOG,0.008958756397752737
2017,July,Riverside (SC),LHD1,Gas,RUNEX,NCAT,PM10,7.812410483730306e-05
2017,July,Riverside (SC),LHD1,Gas,RUNEX,NCAT,PM2_5,7.454714270115184e-05
2017,July,Riverside (SC),LHD1,Gas,IDLEX,CAT,CO,0.06395336139987333
2017,July,Riverside (SC),LHD1,Gas,IDLEX,CAT,NOx,0.0007161980273752808
2017,July,Riverside (SC),LHD1,Gas,IDLEX,CAT,SOx,2.1138187451382145e-05
2017,July,Riverside (SC),LHD1,Gas,IDLEX,CAT,TOG,0.011958590189761411
2017,July,Riverside (SC),LHD1,Gas,IDLEX,NCAT,CO,0.0005073790993785152
2017,July,Riverside (SC),LHD1,Gas,IDLEX,NCAT,NOx,5.737552661163647e-06
2017,July,Riverside (SC),LHD1,Gas,IDLEX,NCAT,SOx,1.8695472650689263e-07
2017,July,Riverside (SC),LHD1,Gas,IDLEX,NCAT,TOG,9.119717644316291e-05
2017,July,Riverside (SC),LHD1,Gas,STREX,CAT,CO,0.47938798260105286
2017,July,Riverside (SC),LHD1,Gas,STREX,CAT,NOx,0.14536771500744558
2017,July,Riverside (SC),LHD1,Gas,STREX,CAT,SOx,4.886784468496478e-05
2017,July,Riverside (SC),LHD1,Gas,STREX,CAT,PM,0.00013942903103685274
2017,July,Riverside (SC),LHD1,Gas,STREX,CAT,TOG,0.04555476481589107
2017,July,Riverside (SC),LHD1,Gas,STREX,CAT,PM10,0.0001246495537469466
2017,July,Riverside (SC),LHD1,Gas,STREX,CAT,PM2_5,0.00011461066351229306
2017,July,Riverside (SC),LHD1,Gas,STREX,NCAT,CO,0.00021798814173412955
2017,July,Riverside (SC),LHD1,Gas,STREX,NCAT,NOx,0.0007955933748777118
2017,July,Riverside (SC),LHD1,Gas,STREX,NCAT,SOx,1.5002126954657953e-06
2017,July,Riverside (SC),LHD1,Gas,STREX,NCAT,PM,3.4609235828777235e-05
2017,July,Riverside (SC),LHD1,Gas,STREX,NCAT,TOG,0.004567969115583411
2017,July,Riverside (SC),LHD1,Gas,STREX,NCAT,PM10,3.3259475631454904e-05
2017,July,Riverside (SC),LHD1,Gas,STREX,NCAT,PM2_5,3.17366692549887e-05
2017,July,Riverside (SC),LHD1,Gas,HOTSOAK,CAT,TOG,0.041603687857573235
2017,July,Riverside (SC),LHD1,Gas,HOTSOAK,NCAT,TOG,0.003764825842219025
2017,July,Riverside (SC),LHD1,Gas,RUNLOSS,CAT,TOG,0.25228873855825434
2017,July,Riverside (SC),LHD1,Gas,RUNLOSS,NCAT,TOG,0.007629593888216443
2017,July,Riverside (SC),LHD1,Gas,RESTLOSS,CAT,TOG,0.0009932026171375133
2017,July,Riverside (SC),LHD1,Gas,RESTLOSS,NCAT,TOG,6.791120816583965e-05
2017,July,Riverside (SC),LHD1,Gas,DIURN,CAT,TOG,0.0023607196377587545
2017,July,Riverside (SC),LHD1,Gas,DIURN,NCAT,TOG,0.00015566173530700875
2017,July,Riverside (SC),LHD1,Gas,PMTW,CAT,PM,0.004737002591799234
2017,July,Riverside (SC),LHD1,Gas,PMTW,CAT,PM10,0.004737002591799234
2017,July,Riverside (SC),LHD1,Gas,PMTW,CAT,PM2_5,0.0011842506479498086
2017,July,Riverside (SC),LHD1,Gas,PMTW,NCAT,PM,1.7355510712854655e-05
2017,July,Riverside (SC),LHD1,Gas,PMTW,NCAT,PM10,1.7355510712854655e-05
2017,July,Riverside (SC),LHD1,Gas,PMTW,NCAT,PM2_5,4.338877678213664e-06
2017,July,Riverside (SC),LHD1,Gas,PMBW,CAT,PM,0.046185775270042556
2017,July,Riverside (SC),LHD1,Gas,PMBW,CAT,PM10,0.04526205976464171
2017,July,Riverside (SC),LHD1,Gas,PMBW,CAT,PM2_5,0.019398025613417844
2017,July,Riverside (SC),LHD1,Gas,PMBW,NCAT,PM,0.00016921622945033284
2017,July,Riverside (SC),LHD1,Gas,PMBW,NCAT,PM10,0.0001658319048613262
2017,July,Riverside (SC),LHD1,Gas,PMBW,NCAT,PM2_5,7.10708163691398e-05
2017,July,Riverside (SC),LHD2,Gas,RUNEX,CAT,CO,0.07462032989135002
2017,July,Riverside (SC),LHD2,Gas,RUNEX,CAT,NOx,0.019755041001546774
2017,July,Riverside (SC),LHD2,Gas,RUNEX,CAT,SOx,0.0007544428458445031
2017,July,Riverside (SC),LHD2,Gas,RUNEX,CAT,PM,9.388730759869508e-05
2017,July,Riverside (SC),LHD2,Gas,RUNEX,CAT,TOG,0.0040684114913562336
2017,July,Riverside (SC),LHD2,Gas,RUNEX,CAT,PM10,8.39352529932334e-05
2017,July,Riverside (SC),LHD2,Gas,RUNEX,CAT,PM2_5,7.717536684612736e-05
2017,July,Riverside (SC),LHD2,Gas,RUNEX,NCAT,CO,0.0011271178020243733
2017,July,Riverside (SC),LHD2,Gas,RUNEX,NCAT,NOx,2.2703021049576517e-05
2017,July,Riverside (SC),LHD2,Gas,RUNEX,NCAT,SOx,1.1346664113008334e-07
2017,July,Riverside (SC),LHD2,Gas,RUNEX,NCAT,PM,3.757487524676543e-07
2017,July,Riverside (SC),LHD2,Gas,RUNEX,NCAT,TOG,3.6245996222740325e-05
2017,July,Riverside (SC),LHD2,Gas,RUNEX,NCAT,PM10,3.610945511214157e-07
2017,July,Riverside (SC),LHD2,Gas,RUNEX,NCAT,PM2_5,3.44561606012839e-07
2017,July,Riverside (SC),LHD2,Gas,IDLEX,CAT,CO,0.008603917520971381
2017,July,Riverside (SC),LHD2,Gas,IDLEX,CAT,NOx,9.647801953942843e-05
2017,July,Riverside (SC),LHD2,Gas,IDLEX,CAT,SOx,3.269057723702431e-06
2017,July,Riverside (SC),LHD2,Gas,IDLEX,CAT,TOG,0.0016126301068179456
2017,July,Riverside (SC),LHD2,Gas,IDLEX,NCAT,CO,2.116616128087893e-06
2017,July,Riverside (SC),LHD2,Gas,IDLEX,NCAT,NOx,2.3935153247833643e-08
2017,July,Riverside (SC),LHD2,Gas,IDLEX,NCAT,SOx,9.000206149228272e-10
2017,July,Riverside (SC),LHD2,Gas,IDLEX,NCAT,TOG,3.804441584844865e-07
2017,July,Riverside (SC),LHD2,Gas,STREX,CAT,CO,0.06021962137170077
2017,July,Riverside (SC),LHD2,Gas,STREX,CAT,NOx,0.019403645818374077
2017,July,Riverside (SC),LHD2,Gas,STREX,CAT,SOx,7.424342016431821e-06
2017,July,Riverside (SC),LHD2,Gas,STREX,CAT,PM,1.5219627736059588e-05
2017,July,Riverside (SC),LHD2,Gas,STREX,CAT,TOG,0.005640126750223695
2017,July,Riverside (SC),LHD2,Gas,STREX,CAT,PM10,1.360634719603728e-05
2017,July,Riverside (SC),LHD2,Gas,STREX,CAT,PM2_5,1.2510533999040979e-05
2017,July,Riverside (SC),LHD2,Gas,STREX,NCAT,CO,9.306629186271049e-07
2017,July,Riverside (SC),LHD2,Gas,STREX,NCAT,NOx,3.7789479890625795e-06
2017,July,Riverside (SC),LHD2,Gas,STREX,NCAT,SOx,7.192392290502358e-09
2017,July,Riverside (SC),LHD2,Gas,STREX,NCAT,PM,1.4437817171758962e-07
2017,July,Riverside (SC),LHD2,Gas,STREX,NCAT,TOG,1.9311393182692796e-05
2017,July,Riverside (SC),LHD2,Gas,STREX,NCAT,PM10,1.3874742302060362e-07
2017,July,Riverside (SC),LHD2,Gas,STREX,NCAT,PM2_5,1.3239478346502969e-07
2017,July,Riverside (SC),LHD2,Gas,HOTSOAK,CAT,TOG,0.00473778955797816
2017,July,Riverside (SC),LHD2,Gas,HOTSOAK,NCAT,TOG,1.5663859919099685e-05
2017,July,Riverside (SC),LHD2,Gas,RUNLOSS,CAT,TOG,0.02788670739260077
2017,July,Riverside (SC),LHD2,Gas,RUNLOSS,NCAT,TOG,1.6220635175950025e-05
2017,July,Riverside (SC),LHD2,Gas,RESTLOSS,CAT,TOG,0.00011235651631389083
2017,July,Riverside (SC),LHD2,Gas,RESTLOSS,NCAT,TOG,3.078917611573802e-07
2017,July,Riverside (SC),LHD2,Gas,DIURN,CAT,TOG,0.0002627693457639979
2017,July,Riverside (SC),LHD2,Gas,DIURN,NCAT,TOG,6.801039705848111e-07
2017,July,Riverside (SC),LHD2,Gas,PMTW,CAT,PM,0.0006431492817001132
2017,July,Riverside (SC),LHD2,Gas,PMTW,CAT,PM10,0.0006431492817001132
2017,July,Riverside (SC),LHD2,Gas,PMTW,CAT,PM2_5,0.0001607873204250283
2017,July,Riverside (SC),LHD2,Gas,PMTW,NCAT,PM,8.02182676318972e-08
2017,July,Riverside (SC),LHD2,Gas,PMTW,NCAT,PM10,8.02182676318972e-08
2017,July,Riverside (SC),LHD2,Gas,PMTW,NCAT,PM2_5,2.00545669079743e-08
2017,July,Riverside (SC),LHD2,Gas,PMBW,CAT,PM,0.007315823079338782
2017,July,Riverside (SC),LHD2,Gas,PMBW,CAT,PM10,0.007169506617752009
2017,July,Riverside (SC),LHD2,Gas,PMBW,CAT,PM2_5,0.003072645693322289
2017,July,Riverside (SC),LHD2,Gas,PMBW,NCAT,PM,9.124827943128304e-07
2017,July,Riverside (SC),LHD2,Gas,PMBW,NCAT,PM10,8.942331384265737e-07
2017,July,Riverside (SC),LHD2,Gas,PMBW,NCAT,PM2_5,3.8324277361138874e-07
2017,July,Riverside (SC),T6TS,Gas,RUNEX,CAT,CO,0.2256374162893507
2017,July,Riverside (SC),T6TS,Gas,RUNEX,CAT,NOx,0.05028876590323155
2017,July,Riverside (SC),T6TS,Gas,RUNEX,CAT,SOx,0.0009941958760204643
2017,July,Riverside (SC),T6TS,Gas,RUNEX,CAT,PM,7.230892210056459e-05
2017,July,Riverside (SC),T6TS,Gas,RUNEX,CAT,TOG,0.012331421134471615
2017,July,Riverside (SC),T6TS,Gas,RUNEX,CAT,PM10,6.46441763579046e-05
2017,July,Riverside (SC),T6TS,Gas,RUNEX,CAT,PM2_5,5.943793396666408e-05
2017,July,Riverside (SC),T6TS,Gas,RUNEX,NCAT,CO,0.02705059598400504
2017,July,Riverside (SC),T6TS,Gas,RUNEX,NCAT,NOx,0.0007048223107659304
2017,July,Riverside (SC),T6TS,Gas,RUNEX,NCAT,SOx,3.5052864690953336e-06
2017,July,Riverside (SC),T6TS,Gas,RUNEX,NCAT,PM,6.473726265352743e-06
2017,July,Riverside (SC),T6TS,Gas,RUNEX,NCAT,TOG,0.0009869939104088685
2017,July,Riverside (SC),T6TS,Gas,RUNEX,NCAT,PM10,6.221250941003983e-06
2017,July,Riverside (SC),T6TS,Gas,RUNEX,NCAT,PM2_5,5.936406985328464e-06
2017,July,Riverside (SC),T6TS,Gas,IDLEX,CAT,CO,0.01504703701335483
2017,July,Riverside (SC),T6TS,Gas,IDLEX,CAT,NOx,0.000133212583451145
2017,July,Riverside (SC),T6TS,Gas,IDLEX,CAT,SOx,8.454457312960303e-06
2017,July,Riverside (SC),T6TS,Gas,IDLEX,CAT,TOG,0.0019762092939337355
2017,July,Riverside (SC),T6TS,Gas,IDLEX,NCAT,CO,0.00021782478333581348
2017,July,Riverside (SC),T6TS,Gas,IDLEX,NCAT,NOx,1.9350889451458734e-06
2017,July,Riverside (SC),T6TS,Gas,IDLEX,NCAT,SOx,1.368250432487966e-07
2017,July,Riverside (SC),T6TS,Gas,IDLEX,NCAT,TOG,2.7400078964984852e-05
2017,July,Riverside (SC),T6TS,Gas,STREX,CAT,CO,0.16506138350849578
2017,July,Riverside (SC),T6TS,Gas,STREX,CAT,NOx,0.011629761734716906
2017,July,Riverside (SC),T6TS,Gas,STREX,CAT,SOx,1.2083655063988544e-05
2017,July,Riverside (SC),T6TS,Gas,STREX,CAT,PM,1.898994461279107e-05
2017,July,Riverside (SC),T6TS,Gas,STREX,CAT,TOG,0.008215732484675704
2017,July,Riverside (SC),T6TS,Gas,STREX,CAT,PM10,1.697701048383521e-05
2017,July,Riverside (SC),T6TS,Gas,STREX,CAT,PM2_5,1.5609734471714265e-05
2017,July,Riverside (SC),T6TS,Gas,STREX,NCAT,CO,6.74624468868271e-05
2017,July,Riverside (SC),T6TS,Gas,STREX,NCAT,NOx,0.00025064130951019
2017,July,Riverside (SC),T6TS,Gas,STREX,NCAT,SOx,6.418971064764168e-07
2017,July,Riverside (SC),T6TS,Gas,STREX,NCAT,PM,7.153587064359861e-06
2017,July,Riverside (SC),T6TS,Gas,STREX,NCAT,TOG,0.0013984172328530139
2017,July,Riverside (SC),T6TS,Gas,STREX,NCAT,PM10,6.874597168849822e-06
2017,July,Riverside (SC),T6TS,Gas,STREX,NCAT,PM2_5,6.559839338017992e-06
2017,July,Riverside (SC),T6TS,Gas,HOTSOAK,CAT,TOG,0.003625113160555652
2017,July,Riverside (SC),T6TS,Gas,HOTSOAK,NCAT,TOG,0.0008330182891561218
2017,July,Riverside (SC),T6TS,Gas,RUNLOSS,CAT,TOG,0.017335066334153153
2017,July,Riverside (SC),T6TS,Gas,RUNLOSS,NCAT,TOG,0.0012976476160219009
2017,July,Riverside (SC),T6TS,Gas,RESTLOSS,CAT,TOG,8.34652413093504e-05
2017,July,Riverside (SC),T6TS,Gas,RESTLOSS,NCAT,TOG,1.126131868273674e-05
2017,July,Riverside (SC),T6TS,Gas,DIURN,CAT,TOG,0.0001911507676007487
2017,July,Riverside (SC),T6TS,Gas,DIURN,NCAT,TOG,2.4476141820963834e-05
2017,July,Riverside (SC),T6TS,Gas,PMTW,CAT,PM,0.0006996199279260843
2017,July,Riverside (SC),T6TS,Gas,PMTW,CAT,PM10,0.0006996199279260843
2017,July,Riverside (SC),T6TS,Gas,PMTW,CAT,PM2_5,0.00017490498198152109
2017,July,Riverside (SC),T6TS,Gas,PMTW,NCAT,PM,2.1086493671272778e-06
2017,July,Riverside (SC),T6TS,Gas,PMTW,NCAT,PM10,2.1086493671272778e-06
2017,July,Riverside (SC),T6TS,Gas,PMTW,NCAT,PM2_5,5.271623417818194e-07
2017,July,Riverside (SC),T6TS,Gas,PMBW,CAT,PM,0.0077541208678474334
2017,July,Riverside (SC),T6TS,Gas,PMBW,CAT,PM10,0.007599038450490487
2017,July,Riverside (SC),T6TS,Gas,PMBW,CAT,PM2_5,0.003256730764495922
2017,July,Riverside (SC),T6TS,Gas,PMBW,NCAT,PM,2.3370863818993994e-05
2017,July,Riverside (SC),T6TS,Gas,PMBW,NCAT,PM10,2.2903446542614115e-05
2017,July,Riverside (SC),T6TS,Gas,PMBW,NCAT,PM2_5,9.815762803977474e-06
2017,July,Riverside (SC),T7IS,Gas,RUNEX,CAT,CO,0.032154641591712864
2017,July,Riverside (SC),T7IS,Gas,RUNEX,CAT,NOx,0.0052131369108135
2017,July,Riverside (SC),T7IS,Gas,RUNEX,CAT,SOx,1.8815937599700955e-05
2017,July,Riverside (SC),T7IS,Gas,RUNEX,CAT,PM,1.2727405481154455e-06
2017,July,Riverside (SC),T7IS,Gas,RUNEX,CAT,TOG,0.0012216018760783773
2017,July,Riverside (SC),T7IS,Gas,RUNEX,CAT,PM10,1.1378300500152096e-06
2017,July,Riverside (SC),T7IS,Gas,RUNEX,CAT,PM2_5,1.0461927305508966e-06
2017,July,Riverside (SC),T7IS,Gas,RUNEX,NCAT,CO,0.01785095595254565
2017,July,Riverside (SC),T7IS,Gas,RUNEX,NCAT,NOx,0.0006255589667590149
2017,July,Riverside (SC),T7IS,Gas,RUNEX,NCAT,SOx,1.16457177470303e-06
2017,July,Riverside (SC),T7IS,Gas,RUNEX,NCAT,PM,1.4703659307492648e-06
2017,July,Riverside (SC),T7IS,Gas,RUNEX,NCAT,TOG,0.0004783066865810225
2017,July,Riverside (SC),T7IS,Gas,RUNEX,NCAT,PM10,1.4130216594500432e-06
2017,July,Riverside (SC),T7IS,Gas,RUNEX,NCAT,PM2_5,1.3483255584970758e-06
2017,July,Riverside (SC),T7IS,Gas,STREX,CAT,CO,0.0014743873133200522
2017,July,Riverside (SC),T7IS,Gas,STREX,CAT,NOx,0.000258398750687436
2017,July,Riverside (SC),T7IS,Gas,STREX,CAT,SOx,1.3825198838907537e-07
2017,July,Riverside (SC),T7IS,Gas,STREX,CAT,PM,3.514259013271638e-07
2017,July,Riverside (SC),T7IS,Gas,STREX,CAT,TOG,2.1608516318796304e-07
2017,July,Riverside (SC),T7IS,Gas,STREX,CAT,PM10,3.1417475578648423e-07
2017,July,Riverside (SC),T7IS,Gas,STREX,CAT,PM2_5,2.8887209089092887e-07
2017,July,Riverside (SC),T7IS,Gas,STREX,NCAT,CO,0.0
2017,July,Riverside (SC),T7IS,Gas,STREX,NCAT,NOx,0.0
2017,July,Riverside (SC),T7IS,Gas,STREX,NCAT,SOx,1.0861607255646724e-07
2017,July,Riverside (SC),T7IS,Gas,STREX,NCAT,PM,1.0194484833624498e-06
2017,July,Riverside (SC),T7IS,Gas,STREX,NCAT,TOG,0.0
2017,July,Riverside (SC),T7IS,Gas,STREX,NCAT,PM10,9.796899925113146e-07
2017,July,Riverside (SC),T7IS,Gas,STREX,NCAT,PM2_5,9.348342592433667e-07
2017,July,Riverside (SC),T7IS,Gas,HOTSOAK,CAT,TOG,5.877772706566382e-05
2017,July,Riverside (SC),T7IS,Gas,HOTSOAK,NCAT,TOG,0.00011895454950308217
2017,July,Riverside (SC),T7IS,Gas,RUNLOSS,CAT,TOG,0.0003140979855135748
2017,July,Riverside (SC),T7IS,Gas,RUNLOSS,NCAT,TOG,0.0003634341803567306
2017,July,Riverside (SC),T7IS,Gas,RESTLOSS,CAT,TOG,1.5994487578169409e-06
2017,July,Riverside (SC),T7IS,Gas,RESTLOSS,NCAT,TOG,1.357429276045918e-06
2017,July,Riverside (SC),T7IS,Gas,DIURN,CAT,TOG,2.9450493275850445e-06
2017,July,Riverside (SC),T7IS,Gas,DIURN,NCAT,TOG,2.994972044947572e-06
2017,July,Riverside (SC),T7IS,Gas,PMTW,CAT,PM,1.6524757551800353e-05
2017,July,Riverside (SC),T7IS,Gas,PMTW,CAT,PM10,1.6524757551800353e-05
2017,July,Riverside (SC),T7IS,Gas,PMTW,CAT,PM2_5,4.131189387950088e-06
2017,July,Riverside (SC),T7IS,Gas,PMTW,NCAT,PM,7.780323664105896e-07
2017,July,Riverside (SC),T7IS,Gas,PMTW,NCAT,PM10,7.780323664105896e-07
2017,July,Riverside (SC),T7IS,Gas,PMTW,NCAT,PM2_5,1.945080916026474e-07
2017,July,Riverside (SC),T7IS,Gas,PMBW,CAT,PM,5.2052986288171145e-05
2017,July,Riverside (SC),T7IS,Gas,PMBW,CAT,PM10,5.1011926562407674e-05
2017,July,Riverside (SC),T7IS,Gas,PMBW,CAT,PM2_5,2.186225424103187e-05
2017,July,Riverside (SC),T7IS,Gas,PMBW,NCAT,PM,2.4508019541933573e-06
2017,July,Riverside (SC),T7IS,Gas,PMBW,NCAT,PM10,2.4017859151094895e-06
2017,July,Riverside (SC),T7IS,Gas,PMBW,NCAT,PM2_5,1.02933682076121e-06
2017,July,Riverside (SC),LDT1,Dsl,RUNEX,DSL,CO,0.002312687619037388
2017,July,Riverside (SC),LDT1,Dsl,RUNEX,DSL,NOx,0.0018574405867577133
2017,July,Riverside (SC),LDT1,Dsl,RUNEX,DSL,SOx,5.286226296553306e-06
2017,July,Riverside (SC),LDT1,Dsl,RUNEX,DSL,PM,0.0002849579342049931
2017,July,Riverside (SC),LDT1,Dsl,RUNEX,DSL,TOG,0.0004094038459414833
2017,July,Riverside (SC),LDT1,Dsl,RUNEX,DSL,PM10,0.00028324818659976347
2017,July,Riverside (SC),LDT1,Dsl,RUNEX,DSL,PM2_5,0.0002709949954289489
2017,July,Riverside (SC),LDT1,Dsl,PMTW,DSL,PM,1.0369543901479704e-05
2017,July,Riverside (SC),LDT1,Dsl,PMTW,DSL,PM10,1.0369543901479704e-05
2017,July,Riverside (SC),LDT1,Dsl,PMTW,DSL,PM2_5,2.592385975369926e-06
2017,July,Riverside (SC),LDT1,Dsl,PMBW,DSL,PM,4.8607237038186094e-05
2017,July,Riverside (SC),LDT1,Dsl,PMBW,DSL,PM10,4.7635092297422364e-05
2017,July,Riverside (SC),LDT1,Dsl,PMBW,DSL,PM2_5,2.041503955603814e-05
2017,July,Riverside (SC),LDT2,Dsl,RUNEX,DSL,CO,0.004921067234365119
2017,July,Riverside (SC),LDT2,Dsl,RUNEX,DSL,NOx,0.003338308407272087
2017,July,Riverside (SC),LDT2,Dsl,RUNEX,DSL,SOx,8.589689658122435e-05
2017,July,Riverside (SC),LDT2,Dsl,RUNEX,DSL,PM,0.0004654028042486
2017,July,Riverside (SC),LDT2,Dsl,RUNEX,DSL,TOG,0.0009139079872447002
2017,July,Riverside (SC),LDT2,Dsl,RUNEX,DSL,PM10,0.00046261038742310886
2017,July,Riverside (SC),LDT2,Dsl,RUNEX,DSL,PM2_5,0.0004425980668404197
2017,July,Riverside (SC),LDT2,Dsl,PMTW,DSL,PM,0.00022960182347505958
2017,July,Riverside (SC),LDT2,Dsl,PMTW,DSL,PM10,0.00022960182347505958
2017,July,Riverside (SC),LDT2,Dsl,PMTW,DSL,PM2_5,5.7400455868764896e-05
2017,July,Riverside (SC),LDT2,Dsl,PMBW,DSL,PM,0.0010762585475393416
2017,July,Riverside (SC),LDT2,Dsl,PMBW,DSL,PM10,0.001054733376588555
2017,July,Riverside (SC),LDT2,Dsl,PMBW,DSL,PM2_5,0.00045202858996652354
2017,July,Riverside (SC),MDV,Dsl,RUNEX,DSL,CO,0.0270846130253816
2017,July,Riverside (SC),MDV,Dsl,RUNEX,DSL,NOx,0.014282480355773746
2017,July,Riverside (SC),MDV,Dsl,RUNEX,DSL,SOx,0.0005139687071668999
2017,July,Riverside (SC),MDV,Dsl,RUNEX,DSL,PM,0.0010393065740484893
2017,July,Riverside (SC),MDV,Dsl,RUNEX,DSL,TOG,0.0021987031971988542
2017,July,Riverside (SC),MDV,Dsl,RUNEX,DSL,PM10,0.0010330707346041976
2017,July,Riverside (SC),MDV,Dsl,RUNEX,DSL,PM2_5,0.0009883805519201121
2017,July,Riverside (SC),MDV,Dsl,PMTW,DSL,PM,0.0010400481060006404
2017,July,Riverside (SC),MDV,Dsl,PMTW,DSL,PM10,0.0010400481060006404
2017,July,Riverside (SC),MDV,Dsl,PMTW,DSL,PM2_5,0.0002600120265001601
2017,July,Riverside (SC),MDV,Dsl,PMBW,DSL,PM,0.004875225496878002
2017,July,Riverside (SC),MDV,Dsl,PMBW,DSL,PM10,0.004777720986940441
2017,July,Riverside (SC),MDV,Dsl,PMBW,DSL,PM2_5,0.0020475947086887603
2017,July,Riverside (SC),LHD1,Dsl,RUNEX,DSL,CO,0.5238612077071226
2017,July,Riverside (SC),LHD1,Dsl,RUNEX,DSL,NOx,2.360655642754929
2017,July,Riverside (SC),LHD1,Dsl,RUNEX,DSL,SOx,0.002876292396662288
2017,July,Riverside (SC),LHD1,Dsl,RUNEX,DSL,PM,0.016436445376887227
2017,July,Riverside (SC),LHD1,Dsl,RUNEX,DSL,TOG,0.0829395996976099
2017,July,Riverside (SC),LHD1,Dsl,RUNEX,DSL,PM10,0.0163378267046259
2017,July,Riverside (SC),LHD1,Dsl,RUNEX,DSL,PM2_5,0.01563105955341977
2017,July,Riverside (SC),LHD1,Dsl,IDLEX,DSL,CO,0.014444891458994722
2017,July,Riverside (SC),LHD1,Dsl,IDLEX,DSL,NOx,0.0404909350825689
2017,July,Riverside (SC),LHD1,Dsl,IDLEX,DSL,SOx,2.126108903053826e-05
2017,July,Riverside (SC),LHD1,Dsl,IDLEX,DSL,PM,0.00044191824843403915
2017,July,Riverside (SC),LHD1,Dsl,IDLEX,DSL,TOG,0.001984016013732841
2017,July,Riverside (SC),LHD1,Dsl,IDLEX,DSL,PM10,0.000439266738943435
2017,July,Riverside (SC),LHD1,Dsl,IDLEX,DSL,PM2_5,0.0004202642542607714
2017,July,Riverside (SC),LHD1,Dsl,PMTW,DSL,PM,0.007219328274179495
2017,July,Riverside (SC),LHD1,Dsl,PMTW,DSL,PM10,0.007219328274179495
2017,July,Riverside (SC),LHD1,Dsl,PMTW,DSL,PM2_5,0.0018048320685448737
2017,July,Riverside (SC),LHD1,Dsl,PMBW,DSL,PM,0.04692563378216674
2017,July,Riverside (SC),LHD1,Dsl,PMBW,DSL,PM10,0.0459871211065234
2017,July,Riverside (SC),LHD1,Dsl,PMBW,DSL,PM2_5,0.01970876618851001
2017,July,Riverside (SC),LHD2,Dsl,RUNEX,DSL,CO,0.16208689126861828
2017,July,Riverside (SC),LHD2,Dsl,RUNEX,DSL,NOx,0.7106701235196347
2017,July,Riverside (SC),LHD2,Dsl,RUNEX,DSL,SOx,0.001181783107442023
2017,July,Riverside (SC),LHD2,Dsl,RUNEX,DSL,PM,0.005325919145662848
2017,July,Riverside (SC),LHD2,Dsl,RUNEX,DSL,TOG,0.02595411549873716
2017,July,Riverside (SC),LHD2,Dsl,RUNEX,DSL,PM10,0.00529396363078887
2017,July,Riverside (SC),LHD2,Dsl,RUNEX,DSL,PM2_5,0.005064949107525366
2017,July,Riverside (SC),LHD2,Dsl,IDLEX,DSL,CO,0.005353975118343789
2017,July,Riverside (SC),LHD2,Dsl,IDLEX,DSL,NOx,0.015046680804371349
2017,July,Riverside (SC),LHD2,Dsl,IDLEX,DSL,SOx,1.266480764490085e-05
2017,July,Riverside (SC),LHD2,Dsl,IDLEX,DSL,PM,0.00016076873563780996
2017,July,Riverside (SC),LHD2,Dsl,IDLEX,DSL,TOG,0.0007353722526801543
2017,July,Riverside (SC),LHD2,Dsl,IDLEX,DSL,PM10,0.00015980412322398304
2017,July,Riverside (SC),LHD2,Dsl,IDLEX,DSL,PM2_5,0.00015289106759155716
2017,July,Riverside (SC),LHD2,Dsl,PMTW,DSL,PM,0.002729123403726081
2017,July,Riverside (SC),LHD2,Dsl,PMTW,DSL,PM10,0.002729123403726081
2017,July,Riverside (SC),LHD2,Dsl,PMTW,DSL,PM2_5,0.0006822808509315203
2017,July,Riverside (SC),LHD2,Dsl,PMBW,DSL,PM,0.020695852478256116
2017,July,Riverside (SC),LHD2,Dsl,PMBW,DSL,PM10,0.020281935428690997
2017,July,Riverside (SC),LHD2,Dsl,PMBW,DSL,PM2_5,0.008692258040867571
2017,July,Riverside (SC),LDT1,Elec,HOTSOAK,CAT,TOG,1.094332169089015e-06
2017,July,Riverside (SC),LDT1,Elec,RESTLOSS,CAT,TOG,9.575126879182075e-07
2017,July,Riverside (SC),LDT1,Elec,DIURN,CAT,TOG,2.7800760335970448e-06
2017,July,Riverside (SC),LDT1,Elec,PMTW,CAT,PM,1.1713273380340897e-05
2017,July,Riverside (SC),LDT1,Elec,PMTW,CAT,PM10,1.1713273380340897e-05
2017,July,Riverside (SC),LDT1,Elec,PMTW,CAT,PM2_5,2.928318345085224e-06
2017,July,Riverside (SC),LDT1,Elec,PMBW,CAT,PM,5.490596897034794e-05
2017,July,Riverside (SC),LDT1,Elec,PMBW,CAT,PM10,5.3807849590940956e-05
2017,July,Riverside (SC),LDT1,Elec,PMBW,CAT,PM2_5,2.306050696754613e-05
2017,July,Riverside (SC),LDT2,Elec,HOTSOAK,CAT,TOG,7.203470907252214e-06
2017,July,Riverside (SC),LDT2,Elec,RESTLOSS,CAT,TOG,5.935624428056794e-06
2017,July,Riverside (SC),LDT2,Elec,DIURN,CAT,TOG,1.7233700842910865e-05
2017,July,Riverside (SC),LDT2,Elec,PMTW,CAT,PM,8.18865355323138e-05
2017,July,Riverside (SC),LDT2,Elec,PMTW,CAT,PM10,8.18865355323138e-05
2017,July,Riverside (SC),LDT2,Elec,PMTW,CAT,PM2_5,2.047163388307845e-05
2017,July,Riverside (SC),LDT2,Elec,PMBW,CAT,PM,0.0003838431353077209
2017,July,Riverside (SC),LDT2,Elec,PMBW,CAT,PM10,0.0003761662726015664
2017,July,Riverside (SC),LDT2,Elec,PMBW,CAT,PM2_5,0.00016121411682924275
2017,July,Riverside (SC),MDV,Elec,HOTSOAK,CAT,TOG,9.819343887529296e-07
2017,July,Riverside (SC),MDV,Elec,RESTLOSS,CAT,TOG,8.2809312770246e-07
2017,July,Riverside (SC),MDV,Elec,DIURN,CAT,TOG,2.404314728108001e-06
2017,July,Riverside (SC),MDV,Elec,PMTW,CAT,PM,1.0730052084768014e-05
2017,July,Riverside (SC),MDV,Elec,PMTW,CAT,PM10,1.0730052084768014e-05
2017,July,Riverside (SC),MDV,Elec,PMTW,CAT,PM2_5,2.6825130211920036e-06
2017,July,Riverside (SC),MDV,Elec,PMBW,CAT,PM,5.029711914735005e-05
2017,July,Riverside (SC),MDV,Elec,PMBW,CAT,PM10,4.9291176764403055e-05
2017,July,Riverside (SC),MDV,Elec,PMBW,CAT,PM2_5,2.1124790041887023e-05
2017,July,Riverside (SC),SBUS,Gas,RUNEX,CAT,CO,0.02828289466319391
2017,July,Riverside (SC),SBUS,Gas,RUNEX,CAT,NOx,0.004854033646512125
2017,July,Riverside (SC),SBUS,Gas,RUNEX,CAT,SOx,0.00013926021633097244
2017,July,Riverside (SC),SBUS,Gas,RUNEX,CAT,PM,1.2818586541361814e-05
2017,July,Riverside (SC),SBUS,Gas,RUNEX,CAT,TOG,0.0017569069996101402
2017,July,Riverside (SC),SBUS,Gas,RUNEX,CAT,PM10,1.145981636797746e-05
2017,July,Riverside (SC),SBUS,Gas,RUNEX,CAT,PM2_5,1.0536878136999408e-05
2017,July,Riverside (SC),SBUS,Gas,IDLEX,CAT,CO,0.03322576552113577
2017,July,Riverside (SC),SBUS,Gas,IDLEX,CAT,NOx,0.00037433648747962173
2017,July,Riverside (SC),SBUS,Gas,IDLEX,CAT,SOx,1.0784576454677013e-05
2017,July,Riverside (SC),SBUS,Gas,IDLEX,CAT,TOG,0.006271167952882233
2017,July,Riverside (SC),SBUS,Gas,STREX,CAT,CO,0.009726321058226791
2017,July,Riverside (SC),SBUS,Gas,STREX,CAT,NOx,0.0007766756900526489
2017,July,Riverside (SC),SBUS,Gas,STREX,CAT,SOx,7.352764498161662e-07
2017,July,Riverside (SC),SBUS,Gas,STREX,CAT,PM,5.388189218947591e-07
2017,July,Riverside (SC),SBUS,Gas,STREX,CAT,TOG,0.0004950911911495152
2017,July,Riverside (SC),SBUS,Gas,STREX,CAT,PM10,4.817041161739147e-07
2017,July,Riverside (SC),SBUS,Gas,STREX,CAT,PM2_5,4.4290915379749204e-07
2017,July,Riverside (SC),SBUS,Gas,HOTSOAK,CAT,TOG,9.793506549270386e-05
2017,July,Riverside (SC),SBUS,Gas,RUNLOSS,CAT,TOG,0.0006630555289102476
2017,July,Riverside (SC),SBUS,Gas,RESTLOSS,CAT,TOG,8.836487696884543e-06
2017,July,Riverside (SC),SBUS,Gas,DIURN,CAT,TOG,2.1651279750890167e-05
2017,July,Riverside (SC),SBUS,Gas,PMTW,CAT,PM,0.00012419295148475456
2017,July,Riverside (SC),SBUS,Gas,PMTW,CAT,PM10,0.00012419295148475456
2017,July,Riverside (SC),SBUS,Gas,PMTW,CAT,PM2_5,3.104823787118864e-05
2017,July,Riverside (SC),SBUS,Gas,PMBW,CAT,PM,0.01179833023581048
2017,July,Riverside (SC),SBUS,Gas,PMBW,CAT,PM10,0.011562363631094282
2017,July,Riverside (SC),SBUS,Gas,PMBW,CAT,PM2_5,0.004955298699040407
2017,July,Riverside (SC),OBUS,Gas,RUNEX,CAT,CO,0.0528728921054067
2017,July,Riverside (SC),OBUS,Gas,RUNEX,CAT,NOx,0.013266510554210664
2017,July,Riverside (SC),OBUS,Gas,RUNEX,CAT,SOx,0.00034057879894907765
2017,July,Riverside (SC),OBUS,Gas,RUNEX,CAT,PM,1.3943545802150829e-05
2017,July,Riverside (SC),OBUS,Gas,RUNEX,CAT,TOG,0.0027522793136690545
2017,July,Riverside (SC),OBUS,Gas,RUNEX,CAT,PM10,1.2465529947122848e-05
2017,July,Riverside (SC),OBUS,Gas,RUNEX,CAT,PM2_5,1.1461594649367984e-05
2017,July,Riverside (SC),OBUS,Gas,RUNEX,NCAT,CO,0.0030768240329427615
2017,July,Riverside (SC),OBUS,Gas,RUNEX,NCAT,NOx,0.00012643641784438616
2017,July,Riverside (SC),OBUS,Gas,RUNEX,NCAT,SOx,4.3214821831618814e-07
2017,July,Riverside (SC),OBUS,Gas,RUNEX,NCAT,PM,7.695679790171057e-07
2017,July,Riverside (SC),OBUS,Gas,RUNEX,NCAT,TOG,0.00011872573259401328
2017,July,Riverside (SC),OBUS,Gas,RUNEX,NCAT,PM10,7.395548278354388e-07
2017,July,Riverside (SC),OBUS,Gas,RUNEX,NCAT,PM2_5,7.056938367586859e-07
2017,July,Riverside (SC),OBUS,Gas,IDLEX,CAT,CO,0.002879137129955931
2017,July,Riverside (SC),OBUS,Gas,IDLEX,CAT,NOx,3.24399605793986e-05
2017,July,Riverside (SC),OBUS,Gas,IDLEX,CAT,SOx,1.9343981355058584e-06
2017,July,Riverside (SC),OBUS,Gas,IDLEX,CAT,TOG,0.0005423350517911052
2017,July,Riverside (SC),OBUS,Gas,IDLEX,NCAT,CO,1.5900265701001738e-05
2017,July,Riverside (SC),OBUS,Gas,IDLEX,NCAT,NOx,1.798036456325e-07
2017,July,Riverside (SC),OBUS,Gas,IDLEX,NCAT,SOx,1.2016887035329906e-08
2017,July,Riverside (SC),OBUS,Gas,IDLEX,NCAT,TOG,2.85794061758475e-06
2017,July,Riverside (SC),OBUS,Gas,STREX,CAT,CO,0.03541081580154285
2017,July,Riverside (SC),OBUS,Gas,STREX,CAT,NOx,0.0032381318288364114
2017,July,Riverside (SC),OBUS,Gas,STREX,CAT,SOx,2.7353253793409174e-06
2017,July,Riverside (SC),OBUS,Gas,STREX,CAT,PM,2.735080201550652e-06
2017,July,Riverside (SC),OBUS,Gas,STREX,CAT,TOG,0.0019049616859719795
2017,July,Riverside (SC),OBUS,Gas,STREX,CAT,PM10,2.4451617001862874e-06
2017,July,Riverside (SC),OBUS,Gas,STREX,CAT,PM2_5,2.2482359256746373e-06
2017,July,Riverside (SC),OBUS,Gas,STREX,NCAT,CO,9.046310819086776e-06
2017,July,Riverside (SC),OBUS,Gas,STREX,NCAT,NOx,5.124092865073377e-05
2017,July,Riverside (SC),OBUS,Gas,STREX,NCAT,SOx,7.83773059054162e-08
2017,July,Riverside (SC),OBUS,Gas,STREX,NCAT,PM,9.387961285204327e-07
2017,July,Riverside (SC),OBUS,Gas,STREX,NCAT,TOG,0.0001794086136027047
2017,July,Riverside (SC),OBUS,Gas,STREX,NCAT,PM10,9.02183079508136e-07
2017,July,Riverside (SC),OBUS,Gas,STREX,NCAT,PM2_5,8.60876049853237e-07
2017,July,Riverside (SC),OBUS,Gas,HOTSOAK,CAT,TOG,0.0003132921396114239
2017,July,Riverside (SC),OBUS,Gas,HOTSOAK,NCAT,TOG,3.764516581191668e-05
2017,July,Riverside (SC),OBUS,Gas,RUNLOSS,CAT,TOG,0.003083586680776715
2017,July,Riverside (SC),OBUS,Gas,RUNLOSS,NCAT,TOG,0.00015379647979403273
2017,July,Riverside (SC),OBUS,Gas,RESTLOSS,CAT,TOG,1.8924211658510326e-05
2017,July,Riverside (SC),OBUS,Gas,RESTLOSS,NCAT,TOG,1.453671914862209e-06
2017,July,Riverside (SC),OBUS,Gas,DIURN,CAT,TOG,4.8906353184610066e-05
2017,July,Riverside (SC),OBUS,Gas,DIURN,NCAT,TOG,3.823919837572596e-06
2017,July,Riverside (SC),OBUS,Gas,PMTW,CAT,PM,0.00024099364122295332
2017,July,Riverside (SC),OBUS,Gas,PMTW,CAT,PM10,0.00024099364122295332
2017,July,Riverside (SC),OBUS,Gas,PMTW,CAT,PM2_5,6.024841030573833e-05
2017,July,Riverside (SC),OBUS,Gas,PMTW,NCAT,PM,2.6711477325120685e-07
2017,July,Riverside (SC),OBUS,Gas,PMTW,NCAT,PM10,2.6711477325120685e-07
2017,July,Riverside (SC),OBUS,Gas,PMTW,NCAT,PM2_5,6.677869331280171e-08
2017,July,Riverside (SC),OBUS,Gas,PMBW,CAT,PM,0.002671012856887728
2017,July,Riverside (SC),OBUS,Gas,PMBW,CAT,PM10,0.0026175925997499756
2017,July,Riverside (SC),OBUS,Gas,PMBW,CAT,PM2_5,0.0011218253998928477
2017,July,Riverside (SC),OBUS,Gas,PMBW,NCAT,PM,2.9605220702008756e-06
2017,July,Riverside (SC),OBUS,Gas,PMBW,NCAT,PM10,2.901311628796857e-06
2017,July,Riverside (SC),OBUS,Gas,PMBW,NCAT,PM2_5,1.2434192694843677e-06
2017,July,Riverside (SC),MCY,Gas,RUNEX,CAT,CO,1.6488508138344817
2017,July,Riverside (SC),MCY,Gas,RUNEX,CAT,NOx,0.11657503522278716
2017,July,Riverside (SC),MCY,Gas,RUNEX,CAT,SOx,0.00028854022100028963
2017,July,Riverside (SC),MCY,Gas,RUNEX,CAT,PM,0.00019979962144515571
2017,July,Riverside (SC),MCY,Gas,RUNEX,CAT,TOG,0.2962572787969357
2017,July,Riverside (SC),MCY,Gas,RUNEX,CAT,PM10,0.00018393380083497516
2017,July,Riverside (SC),MCY,Gas,RUNEX,CAT,PM2_5,0.00017176856091725504
2017,July,Riverside (SC),MCY,Gas,RUNEX,NCAT,CO,4.264308649948349
2017,July,Riverside (SC),MCY,Gas,RUNEX,NCAT,NOx,0.14078033143408689
2017,July,Riverside (SC),MCY,Gas,RUNEX,NCAT,SOx,0.000275658300083467
2017,July,Riverside (SC),MCY,Gas,RUNEX,NCAT,PM,0.00025423479246254377
2017,July,Riverside (SC),MCY,Gas,RUNEX,NCAT,TOG,0.44081392378450646
2017,July,Riverside (SC),MCY,Gas,RUNEX,NCAT,PM10,0.0002390066962934984
2017,July,Riverside (SC),MCY,Gas,RUNEX,NCAT,PM2_5,0.00022560003259881528
2017,July,Riverside (SC),MCY,Gas,STREX,CAT,CO,0.15135332556733055
2017,July,Riverside (SC),MCY,Gas,STREX,CAT,NOx,0.006767374593016092
2017,July,Riverside (SC),MCY,Gas,STREX,CAT,SOx,1.5693200200786237e-05
2017,July,Riverside (SC),MCY,Gas,STREX,CAT,PM,5.692260499830688e-05
2017,July,Riverside (SC),MCY,Gas,STREX,CAT,TOG,0.04190890985726004
2017,July,Riverside (SC),MCY,Gas,STREX,CAT,PM10,5.261483208782287e-05
2017,July,Riverside (SC),MCY,Gas,STREX,CAT,PM2_5,4.9237727664383924e-05
2017,July,Riverside (SC),MCY,Gas,STREX,NCAT,CO,0.4039320670202743
2017,July,Riverside (SC),MCY,Gas,STREX,NCAT,NOx,0.010924411980944657
2017,July,Riverside (SC),MCY,Gas,STREX,NCAT,SOx,2.705341523653276e-05
2017,July,Riverside (SC),MCY,Gas,STREX,NCAT,PM,0.0001747914212523349
2017,July,Riverside (SC),MCY,Gas,STREX,NCAT,TOG,0.08550045867709369
2017,July,Riverside (SC),MCY,Gas,STREX,NCAT,PM10,0.0001662485326041567
2017,July,Riverside (SC),MCY,Gas,STREX,NCAT,PM2_5,0.0001578363869326155
2017,July,Riverside (SC),MCY,Gas,HOTSOAK,CAT,TOG,0.012464978703540337
2017,July,Riverside (SC),MCY,Gas,HOTSOAK,NCAT,TOG,0.05230655142710204
2017,July,Riverside (SC),MCY,Gas,RUNLOSS,CAT,TOG,0.026084559980383473
2017,July,Riverside (SC),MCY,Gas,RUNLOSS,NCAT,TOG,0.11812189358548462
2017,July,Riverside (SC),MCY,Gas,RESTLOSS,CAT,TOG,0.024542722306127022
2017,July,Riverside (SC),MCY,Gas,RESTLOSS,NCAT,TOG,0.06866232288285039
2017,July,Riverside (SC),MCY,Gas,DIURN,CAT,TOG,0.049244652806567805
2017,July,Riverside (SC),MCY,Gas,DIURN,NCAT,TOG,0.13646166132507365
2017,July,Riverside (SC),MCY,Gas,PMTW,CAT,PM,0.0005520968840256503
2017,July,Riverside (SC),MCY,Gas,PMTW,CAT,PM10,0.0005520968840256503
2017,July,Riverside (SC),MCY,Gas,PMTW,CAT,PM2_5,0.00013802422100641257
2017,July,Riverside (SC),MCY,Gas,PMTW,NCAT,PM,0.0005256830449092558
2017,July,Riverside (SC),MCY,Gas,PMTW,NCAT,PM10,0.0005256830449092558
2017,July,Riverside (SC),MCY,Gas,PMTW,NCAT,PM2_5,0.00013142076122731394
2017,July,Riverside (SC),MCY,Gas,PMBW,CAT,PM,0.0016562906520769514
2017,July,Riverside (SC),MCY,Gas,PMBW,CAT,PM10,0.0016231648390354109
2017,July,Riverside (SC),MCY,Gas,PMBW,CAT,PM2_5,0.000695642073872319
2017,July,Riverside (SC),MCY,Gas,PMBW,NCAT,PM,0.0015770491347277676
2017,July,Riverside (SC),MCY,Gas,PMBW,NCAT,PM10,0.0015455081520332136
2017,July,Riverside (SC),MCY,Gas,PMBW,NCAT,PM2_5,0.0006623606365856626
2017,July,Riverside (SC),MH,Gas,RUNEX,CAT,CO,0.1771693079899318
2017,July,Riverside (SC),MH,Gas,RUNEX,CAT,NOx,0.029188848667282725
2017,July,Riverside (SC),MH,Gas,RUNEX,CAT,SOx,0.0009958819685042502
2017,July,Riverside (SC),MH,Gas,RUNEX,CAT,PM,9.53138526518241e-05
2017,July,Riverside (SC),MH,Gas,RUNEX,CAT,TOG,0.007599914408044774
2017,July,Riverside (SC),MH,Gas,RUNEX,CAT,PM10,8.521058427073076e-05
2017,July,Riverside (SC),MH,Gas,RUNEX,CAT,PM2_5,7.834798687979925e-05
2017,July,Riverside (SC),MH,Gas,RUNEX,NCAT,CO,0.02895400171755508
2017,July,Riverside (SC),MH,Gas,RUNEX,NCAT,NOx,0.000746022631994645
2017,July,Riverside (SC),MH,Gas,RUNEX,NCAT,SOx,3.7508198174554623e-06
2017,July,Riverside (SC),MH,Gas,RUNEX,NCAT,PM,6.9263952791583534e-06
2017,July,Riverside (SC),MH,Gas,RUNEX,NCAT,TOG,0.0010642228443474681
2017,July,Riverside (SC),MH,Gas,RUNEX,NCAT,PM10,6.656265863271175e-06
2017,July,Riverside (SC),MH,Gas,RUNEX,NCAT,PM2_5,6.351504470988211e-06
2017,July,Riverside (SC),MH,Gas,STREX,CAT,CO,0.002052396691455937
2017,July,Riverside (SC),MH,Gas,STREX,CAT,NOx,0.00019606956259660786
2017,July,Riverside (SC),MH,Gas,STREX,CAT,SOx,1.758360079198488e-07
2017,July,Riverside (SC),MH,Gas,STREX,CAT,PM,3.036358443525198e-07
2017,July,Riverside (SC),MH,Gas,STREX,CAT,TOG,0.00010567787841225397
2017,July,Riverside (SC),MH,Gas,STREX,CAT,PM10,2.7145044485115216e-07
2017,July,Riverside (SC),MH,Gas,STREX,CAT,PM2_5,2.49588664057771e-07
2017,July,Riverside (SC),MH,Gas,STREX,NCAT,CO,5.712307196002575e-07
2017,July,Riverside (SC),MH,Gas,STREX,NCAT,NOx,2.0869663181270343e-06
2017,July,Riverside (SC),MH,Gas,STREX,NCAT,SOx,5.200831014682981e-09
2017,July,Riverside (SC),MH,Gas,STREX,NCAT,PM,6.233552359385356e-08
2017,July,Riverside (SC),MH,Gas,STREX,NCAT,TOG,1.1815993565776695e-05
2017,July,Riverside (SC),MH,Gas,STREX,NCAT,PM10,5.99044381736933e-08
2017,July,Riverside (SC),MH,Gas,STREX,NCAT,PM2_5,5.7161675135563763e-08
2017,July,Riverside (SC),MH,Gas,HOTSOAK,CAT,TOG,7.370913686275784e-05
2017,July,Riverside (SC),MH,Gas,HOTSOAK,NCAT,TOG,2.4855294297188384e-06
2017,July,Riverside (SC),MH,Gas,RUNLOSS,CAT,TOG,0.0015619080442472073
2017,July,Riverside (SC),MH,Gas,RUNLOSS,NCAT,TOG,1.427948639730003e-05
2017,July,Riverside (SC),MH,Gas,RESTLOSS,CAT,TOG,0.0006020743704123675
2017,July,Riverside (SC),MH,Gas,RESTLOSS,NCAT,TOG,1.8774934853713796e-05
2017,July,Riverside (SC),MH,Gas,DIURN,CAT,TOG,0.001919527238622947
2017,July,Riverside (SC),MH,Gas,DIURN,NCAT,TOG,5.133900876814128e-05
2017,July,Riverside (SC),MH,Gas,PMTW,CAT,PM,0.0006938794317839433
2017,July,Riverside (SC),MH,Gas,PMTW,CAT,PM10,0.0006938794317839433
2017,July,Riverside (SC),MH,Gas,PMTW,CAT,PM2_5,0.00017346985794598584
2017,July,Riverside (SC),MH,Gas,PMTW,NCAT,PM,2.256094623592307e-06
2017,July,Riverside (SC),MH,Gas,PMTW,NCAT,PM10,2.256094623592307e-06
2017,July,Riverside (SC),MH,Gas,PMTW,NCAT,PM2_5,5.640236558980767e-07
2017,July,Riverside (SC),MH,Gas,PMBW,CAT,PM,0.0076904970356053756
2017,July,Riverside (SC),MH,Gas,PMBW,CAT,PM10,0.007536687094893262
2017,July,Riverside (SC),MH,Gas,PMBW,CAT,PM2_5,0.0032300087549542544
2017,July,Riverside (SC),MH,Gas,PMBW,NCAT,PM,2.500504874481474e-05
2017,July,Riverside (SC),MH,Gas,PMBW,NCAT,PM10,2.450494776991844e-05
2017,July,Riverside (SC),MH,Gas,PMBW,NCAT,PM2_5,1.050212047282219e-05
2017,July,Riverside (SC),MH,Dsl,RUNEX,DSL,CO,0.008088273093290967
2017,July,Riverside (SC),MH,Dsl,RUNEX,DSL,NOx,0.09746964536809455
2017,July,Riverside (SC),MH,Dsl,RUNEX,DSL,SOx,0.0001908407057372962
2017,July,Riverside (SC),MH,Dsl,RUNEX,DSL,PM,0.003784212156292901
2017,July,Riverside (SC),MH,Dsl,RUNEX,DSL,TOG,0.0019465811820186213
2017,July,Riverside (SC),MH,Dsl,RUNEX,DSL,PM10,0.003761506883355143
2017,July,Riverside (SC),MH,Dsl,RUNEX,DSL,PM2_5,0.0035987857606345507
2017,July,Riverside (SC),MH,Dsl,PMTW,DSL,PM,0.00033332836700484956
2017,July,Riverside (SC),MH,Dsl,PMTW,DSL,PM10,0.00033332836700484956
2017,July,Riverside (SC),MH,Dsl,PMTW,DSL,PM2_5,8.333209175121239e-05
2017,July,Riverside (SC),MH,Dsl,PMBW,DSL,PM,0.0027707920507278137
2017,July,Riverside (SC),MH,Dsl,PMBW,DSL,PM10,0.0027153762097132574
2017,July,Riverside (SC),MH,Dsl,PMBW,DSL,PM2_5,0.001163732661305681
2017,July,Riverside (SC),UBUS,Gas,RUNEX,CAT,CO,0.005158631956217921
2017,July,Riverside (SC),UBUS,Gas,RUNEX,CAT,NOx,0.003589442679807562
2017,July,Riverside (SC),UBUS,Gas,RUNEX,CAT,SOx,0.00034785643154646806
2017,July,Riverside (SC),UBUS,Gas,RUNEX,CAT,PM,7.779318385353602e-06
2017,July,Riverside (SC),UBUS,Gas,RUNEX,CAT,TOG,0.00039374000940153376
2017,July,Riverside (SC),UBUS,Gas,RUNEX,CAT,PM10,6.954710636506119e-06
2017,July,Riverside (SC),UBUS,Gas,RUNEX,CAT,PM2_5,6.39459971276066e-06
2017,July,Riverside (SC),UBUS,Gas,STREX,CAT,CO,0.0025289045889551756
2017,July,Riverside (SC),UBUS,Gas,STREX,CAT,NOx,0.00041023204106090615
2017,July,Riverside (SC),UBUS,Gas,STREX,CAT,SOx,3.778644113090589e-07
2017,July,Riverside (SC),UBUS,Gas,STREX,CAT,PM,8.427377588981813e-08
2017,July,Riverside (SC),UBUS,Gas,STREX,CAT,TOG,0.0001777824242839973
2017,July,Riverside (SC),UBUS,Gas,STREX,CAT,PM10,7.534075564549744e-08
2017,July,Riverside (SC),UBUS,Gas,STREX,CAT,PM2_5,6.927304378143055e-08
2017,July,Riverside (SC),UBUS,Gas,HOTSOAK,CAT,TOG,3.0411263469496455e-05
2017,July,Riverside (SC),UBUS,Gas,RUNLOSS,CAT,TOG,0.00012265716747477377
2017,July,Riverside (SC),UBUS,Gas,RESTLOSS,CAT,TOG,2.9449621246123354e-06
2017,July,Riverside (SC),UBUS,Gas,DIURN,CAT,TOG,5.465864009554937e-06
2017,July,Riverside (SC),UBUS,Gas,PMTW,CAT,PM,0.0002366749442874438
2017,July,Riverside (SC),UBUS,Gas,PMTW,CAT,PM10,0.0002366749442874438
2017,July,Riverside (SC),UBUS,Gas,PMTW,CAT,PM2_5,5.916873607186095e-05
2017,July,Riverside (SC),UBUS,Gas,PMBW,CAT,PM,0.0026586343181332923
2017,July,Riverside (SC),UBUS,Gas,PMBW,CAT,PM10,0.002605461631770625
2017,July,Riverside (SC),UBUS,Gas,PMBW,CAT,PM2_5,0.0011166264136159825
2017,July,Riverside (SC),UBUS,Dsl,RUNEX,DSL,CO,6.938824552533595e-06
2017,July,Riverside (SC),UBUS,Dsl,RUNEX,DSL,NOx,9.067224274693425e-05
2017,July,Riverside (SC),UBUS,Dsl,RUNEX,DSL,SOx,8.521338443776887e-07
2017,July,Riverside (SC),UBUS,Dsl,RUNEX,DSL,PM,5.066939171069878e-07
2017,July,Riverside (SC),UBUS,Dsl,RUNEX,DSL,TOG,4.816583023052783e-06
2017,July,Riverside (SC),UBUS,Dsl,RUNEX,DSL,PM10,5.03653753604346e-07
2017,July,Riverside (SC),UBUS,Dsl,RUNEX,DSL,PM2_5,4.818659151687453e-07
2017,July,Riverside (SC),UBUS,Dsl,PMTW,DSL,PM,9.928519357353873e-07
2017,July,Riverside (SC),UBUS,Dsl,PMTW,DSL,PM10,9.928519357353873e-07
2017,July,Riverside (SC),UBUS,Dsl,PMTW,DSL,PM2_5,2.4821298393384683e-07
2017,July,Riverside (SC),UBUS,Dsl,PMBW,DSL,PM,1.100410895440054e-05
2017,July,Riverside (SC),UBUS,Dsl,PMBW,DSL,PM10,1.078402677531253e-05
2017,July,Riverside (SC),UBUS,Dsl,PMBW,DSL,PM2_5,4.621725760848226e-06
2017,July,Riverside (SC),UBUS,Elec,PMTW,CAT,PM,1.6557200916648912e-08
2017,July,Riverside (SC),UBUS,Elec,PMTW,CAT,PM10,1.6557200916648912e-08
2017,July,Riverside (SC),UBUS,Elec,PMTW,CAT,PM2_5,4.139300229162228e-09
2017,July,Riverside (SC),UBUS,Elec,PMBW,CAT,PM,1.8350897682619215e-07
2017,July,Riverside (SC),UBUS,Elec,PMBW,CAT,PM10,1.7983879728966828e-07
2017,July,Riverside (SC),UBUS,Elec,PMBW,CAT,PM2_5,7.70737702670007e-08
2017,July,Riverside (SC),UBUS,NG,RUNEX,DSL,CO,1.1803634558046292
2017,July,Riverside (SC),UBUS,NG,RUNEX,DSL,NOx,0.014469861818889275
2017,July,Riverside (SC),UBUS,NG,RUNEX,DSL,PM,7.573387301999656e-05
2017,July,Riverside (SC),UBUS,NG,RUNEX,DSL,TOG,0.15082861307129425
2017,July,Riverside (SC),UBUS,NG,RUNEX,DSL,PM10,7.527946978187662e-05
2017,July,Riverside (SC),UBUS,NG,RUNEX,DSL,PM2_5,7.202291324201674e-05
2017,July,Riverside (SC),UBUS,NG,PMTW,DSL,PM,0.0008468555182231517
2017,July,Riverside (SC),UBUS,NG,PMTW,DSL,PM10,0.0008468555182231517
2017,July,Riverside (SC),UBUS,NG,PMTW,DSL,PM2_5,0.00021171387955578791
2017,July,Riverside (SC),UBUS,NG,PMBW,DSL,PM,0.0023575805036133634
2017,July,Riverside (SC),UBUS,NG,PMBW,DSL,PM10,0.002310428893541097
2017,July,Riverside (SC),UBUS,NG,PMBW,DSL,PM2_5,0.0009901838115176128
2017,July,Riverside (SC),SBUS,Dsl,RUNEX,DSL,CO,0.010137127614949804
2017,July,Riverside (SC),SBUS,Dsl,RUNEX,DSL,NOx,0.20429548572043282
2017,July,Riverside (SC),SBUS,Dsl,RUNEX,DSL,PM,0.0014699567979422235
2017,July,Riverside (SC),SBUS,Dsl,RUNEX,DSL,PM10,0.0014611370571545699
2017,July,Riverside (SC),SBUS,Dsl,RUNEX,DSL,PM2_5,0.0013979289148430558
2017,July,Riverside (SC),SBUS,Dsl,IDLEX,DSL,CO,0.003092827703461011
2017,July,Riverside (SC),SBUS,Dsl,IDLEX,DSL,NOx,0.04497462617522546
2017,July,Riverside (SC),SBUS,Dsl,IDLEX,DSL,PM,5.106031700425228e-05
2017,July,Riverside (SC),SBUS,Dsl,IDLEX,DSL,PM10,5.07539551022268e-05
2017,July,Riverside (SC),SBUS,Dsl,IDLEX,DSL,PM2_5,4.855836147104394e-05
2017,July,Riverside (SC),SBUS,Dsl,STREX,DSL,NOx,0.003819950887530588
2017,July,Riverside (SC),SBUS,Dsl,PMTW,DSL,PM,0.0003174347701600114
2017,July,Riverside (SC),SBUS,Dsl,PMTW,DSL,PM10,0.0003174347701600114
2017,July,Riverside (SC),SBUS,Dsl,PMTW,DSL,PM2_5,7.935869254000285e-05
2017,July,Riverside (SC),SBUS,Dsl,PMBW,DSL,PM,0.02010420211013405
2017,July,Riverside (SC),SBUS,Dsl,PMBW,DSL,PM10,0.01970211806793135
2017,July,Riverside (SC),SBUS,Dsl,PMBW,DSL,PM2_5,0.008443764886256307
2017,July,Riverside (SC),SBUS,Dsl,RUNEX,DSL,SOx,0.0003215418091533041
2017,July,Riverside (SC),SBUS,Dsl,IDLEX,DSL,SOx,3.1512841893666366e-05
2017,July,Riverside (SC),SBUS,Dsl,RUNEX,DSL,TOG,0.004428691308465331
2017,July,Riverside (SC),SBUS,Dsl,IDLEX,DSL,TOG,0.0002817729661548797
2017,     ,Riverside (SC),LDA,Dsl,RUNEX,DSL,NH3,0.000684438
2017,     ,Riverside (SC),LDA,Gas,RUNEX,CAT,NH3,0.824129084
2017,     ,Riverside (SC),LDT1,Dsl,RUNEX,DSL,NH3,4.01459e-06
2017,     ,Riverside (SC),LDT1,Gas,RUNEX,CAT,NH3,0.103886241
2017,     ,Riverside (SC),LDT2,Dsl,RUNEX,DSL,NH3,8.88908e-05
2017,     ,Riverside (SC),LDT2,Gas,RUNEX,CAT,NH3,0.270973984
2017,     ,Riverside (SC),LHD1,Dsl,RUNEX,DSL,NH3,0.063577451
2017,     ,Riverside (SC),LHD1,Gas,RUNEX,CAT,NH3,0.026538906
2017,     ,Riverside (SC),LHD2,Dsl,RUNEX,DSL,NH3,0.02815166
2017,     ,Riverside (SC),LHD2,Gas,RUNEX,CAT,NH3,0.003609211
2017,     ,Riverside (SC),MCY,Gas,RUNEX,CAT,NH3,0.004410832
2017,     ,Riverside (SC),MDV,Dsl,RUNEX,DSL,NH3,0.000402657
2017,     ,Riverside (SC),MDV,Gas,RUNEX,CAT,NH3,0.251254237
2017,     ,Riverside (SC),MH,Dsl,RUNEX,DSL,NH3,0.000562757
2017,     ,Riverside (SC),MH,Gas,RUNEX,CAT,NH3,0.002571938
2017,     ,Riverside (SC),OBUS,Gas,RUNEX,CAT,NH3,0.000903105
2017,     ,Riverside (SC),SBUS,Gas,RUNEX,CAT,NH3,0.00069892
2017,     ,Riverside (SC),T6TS,Gas,RUNEX,CAT,NH3,0.002612901
2017,     ,Riverside (SC),T7IS,Gas,RUNEX,CAT,NH3,3.69971e-05
2017,     ,Riverside (SC),UBUS,Dsl,RUNEX,DSL,NH3,1.48814e-05
2017,     ,Riverside (SC),UBUS,Gas,RUNEX,CAT,NH3,0.001102368
2017,     ,Riverside (SC),UBUS,NG,RUNEX,DSL,NH3,0.000775164
