calendar_year,season_month,sub_area,vehicle_class,fuel,process,cat_ncat,pollutant,emission
2017,July,Sacramento (SV),LDA,Gas,RUNEX,CAT,CO,28.952547960006026
2017,July,Sacramento (SV),LDA,Gas,RUNEX,CAT,NOx,1.7912123243181837
2017,July,Sacramento (SV),LDA,Gas,RUNEX,CAT,SOx,0.06543183254610337
2017,July,Sacramento (SV),LDA,Gas,RUNEX,CAT,PM,0.03546865956370617
2017,July,Sacramento (SV),LDA,Gas,RUNEX,CAT,TOG,0.8224797312138992
2017,July,Sacramento (SV),LDA,Gas,RUNEX,CAT,PM10,0.03171172401943633
2017,July,Sacramento (SV),LDA,Gas,RUNEX,CAT,PM2_5,0.029159126595708015
2017,July,Sacramento (SV),LDA,Gas,RUNEX,NCAT,CO,0.2682802744920663
2017,July,Sacramento (SV),LDA,Gas,RUNEX,NCAT,NOx,0.022256398840205145
2017,July,Sacramento (SV),LDA,Gas,RUNEX,NCAT,SOx,2.582530690784742e-05
2017,July,Sacramento (SV),LDA,Gas,RUNEX,NCAT,PM,0.0002465625651649582
2017,July,Sacramento (SV),LDA,Gas,RUNEX,NCAT,TOG,0.02483016982019012
2017,July,Sacramento (SV),LDA,Gas,RUNEX,NCAT,PM10,0.00023420425564053544
2017,July,Sacramento (SV),LDA,Gas,RUNEX,NCAT,PM2_5,0.0002222094379147144
2017,July,Sacramento (SV),LDA,Gas,STREX,CAT,CO,6.0451534366590245
2017,July,Sacramento (SV),LDA,Gas,STREX,CAT,NOx,0.7089917279900319
2017,July,Sacramento (SV),LDA,Gas,STREX,CAT,SOx,0.0015909837583208705
2017,July,Sacramento (SV),LDA,Gas,STREX,CAT,PM,0.006393160829185553
2017,July,Sacramento (SV),LDA,Gas,STREX,CAT,TOG,1.0588184945685668
2017,July,Sacramento (SV),LDA,Gas,STREX,CAT,PM10,0.005718118457783486
2017,July,Sacramento (SV),LDA,Gas,STREX,CAT,PM2_5,0.005258911101093537
2017,July,Sacramento (SV),LDA,Gas,STREX,NCAT,CO,0.1740169886885364
2017,July,Sacramento (SV),LDA,Gas,STREX,NCAT,NOx,0.009375832438223514
2017,July,Sacramento (SV),LDA,Gas,STREX,NCAT,SOx,1.4908955306061621e-05
2017,July,Sacramento (SV),LDA,Gas,STREX,NCAT,PM,0.00039563379229118643
2017,July,Sacramento (SV),LDA,Gas,STREX,NCAT,TOG,0.027008738157983363
2017,July,Sacramento (SV),LDA,Gas,STREX,NCAT,PM10,0.0003775713979002329
2017,July,Sacramento (SV),LDA,Gas,STREX,NCAT,PM2_5,0.00035906328802800657
2017,July,Sacramento (SV),LDA,Gas,HOTSOAK,CAT,TOG,0.5208774156372257
2017,July,Sacramento (SV),LDA,Gas,HOTSOAK,NCAT,TOG,0.027856686427968475
2017,July,Sacramento (SV),LDA,Gas,RUNLOSS,CAT,TOG,0.7997324296129621
2017,July,Sacramento (SV),LDA,Gas,RUNLOSS,NCAT,TOG,0.0921733993224137
2017,July,Sacramento (SV),LDA,Gas,RESTLOSS,CAT,TOG,0.2992960454433951
2017,July,Sacramento (SV),LDA,Gas,RESTLOSS,NCAT,TOG,0.0205846912760596
2017,July,Sacramento (SV),LDA,Gas,DIURN,CAT,TOG,0.6174423219858935
2017,July,Sacramento (SV),LDA,Gas,DIURN,NCAT,TOG,0.04473918786468996
2017,July,Sacramento (SV),LDA,Gas,PMTW,CAT,PM,0.16203755102241385
2017,July,Sacramento (SV),LDA,Gas,PMTW,CAT,PM10,0.16203755102241385
2017,July,Sacramento (SV),LDA,Gas,PMTW,CAT,PM2_5,0.04050938775560346
2017,July,Sacramento (SV),LDA,Gas,PMTW,NCAT,PM,3.315537529568014e-05
2017,July,Sacramento (SV),LDA,Gas,PMTW,NCAT,PM10,3.315537529568014e-05
2017,July,Sacramento (SV),LDA,Gas,PMTW,NCAT,PM2_5,8.288843823920036e-06
2017,July,Sacramento (SV),LDA,Gas,PMBW,CAT,PM,0.7595510204175638
2017,July,Sacramento (SV),LDA,Gas,PMBW,CAT,PM10,0.7443600000092135
2017,July,Sacramento (SV),LDA,Gas,PMBW,CAT,PM2_5,0.3190114285753771
2017,July,Sacramento (SV),LDA,Gas,PMBW,NCAT,PM,0.00015541582169850053
2017,July,Sacramento (SV),LDA,Gas,PMBW,NCAT,PM10,0.0001523075052645307
2017,July,Sacramento (SV),LDA,Gas,PMBW,NCAT,PM2_5,6.527464511337026e-05
2017,July,Sacramento (SV),LDA,Dsl,RUNEX,DSL,CO,0.04685841852084598
2017,July,Sacramento (SV),LDA,Dsl,RUNEX,DSL,NOx,0.03670471029937508
2017,July,Sacramento (SV),LDA,Dsl,RUNEX,DSL,SOx,0.0002950866020303007
2017,July,Sacramento (SV),LDA,Dsl,RUNEX,DSL,PM,0.0026458969120047166
2017,July,Sacramento (SV),LDA,Dsl,RUNEX,DSL,TOG,0.005010570439941141
2017,July,Sacramento (SV),LDA,Dsl,RUNEX,DSL,PM10,0.0026300215305326844
2017,July,Sacramento (SV),LDA,Dsl,RUNEX,DSL,PM2_5,0.0025162479633164883
2017,July,Sacramento (SV),LDA,Dsl,PMTW,DSL,PM,0.0010820269464125517
2017,July,Sacramento (SV),LDA,Dsl,PMTW,DSL,PM10,0.0010820269464125517
2017,July,Sacramento (SV),LDA,Dsl,PMTW,DSL,PM2_5,0.0002705067366031379
2017,July,Sacramento (SV),LDA,Dsl,PMBW,DSL,PM,0.005072001311308829
2017,July,Sacramento (SV),LDA,Dsl,PMBW,DSL,PM10,0.004970561285082656
2017,July,Sacramento (SV),LDA,Dsl,PMBW,DSL,PM2_5,0.002130240550749707
2017,July,Sacramento (SV),LDA,Elec,HOTSOAK,CAT,TOG,8.227127781574663e-05
2017,July,Sacramento (SV),LDA,Elec,RESTLOSS,CAT,TOG,6.187572523042483e-05
2017,July,Sacramento (SV),LDA,Elec,DIURN,CAT,TOG,0.00020800018904463367
2017,July,Sacramento (SV),LDA,Elec,PMTW,CAT,PM,0.0009725997120633151
2017,July,Sacramento (SV),LDA,Elec,PMTW,CAT,PM10,0.0009725997120633151
2017,July,Sacramento (SV),LDA,Elec,PMTW,CAT,PM2_5,0.00024314992801582877
2017,July,Sacramento (SV),LDA,Elec,PMBW,CAT,PM,0.004559061150296791
2017,July,Sacramento (SV),LDA,Elec,PMBW,CAT,PM10,0.0044678799272908545
2017,July,Sacramento (SV),LDA,Elec,PMBW,CAT,PM2_5,0.001914805683124653
2017,July,Sacramento (SV),LDT1,Gas,RUNEX,CAT,CO,5.4117599282528035
2017,July,Sacramento (SV),LDT1,Gas,RUNEX,CAT,NOx,0.40819630331736695
2017,July,Sacramento (SV),LDT1,Gas,RUNEX,CAT,SOx,0.00789051780228414
2017,July,Sacramento (SV),LDT1,Gas,RUNEX,CAT,PM,0.006222957703599748
2017,July,Sacramento (SV),LDT1,Gas,RUNEX,CAT,TOG,0.1801037071089047
2017,July,Sacramento (SV),LDT1,Gas,RUNEX,CAT,PM10,0.005564463098066834
2017,July,Sacramento (SV),LDT1,Gas,RUNEX,CAT,PM2_5,0.005116886106233954
2017,July,Sacramento (SV),LDT1,Gas,RUNEX,NCAT,CO,0.2084159914928603
2017,July,Sacramento (SV),LDT1,Gas,RUNEX,NCAT,NOx,0.017057582799557342
2017,July,Sacramento (SV),LDT1,Gas,RUNEX,NCAT,SOx,1.9036462807521855e-05
2017,July,Sacramento (SV),LDT1,Gas,RUNEX,NCAT,PM,0.00018645471544779038
2017,July,Sacramento (SV),LDT1,Gas,RUNEX,NCAT,TOG,0.01959303874610422
2017,July,Sacramento (SV),LDT1,Gas,RUNEX,NCAT,PM10,0.00017804407049667185
2017,July,Sacramento (SV),LDT1,Gas,RUNEX,NCAT,PM2_5,0.0001693641001906657
2017,July,Sacramento (SV),LDT1,Gas,STREX,CAT,CO,0.7242859631242257
2017,July,Sacramento (SV),LDT1,Gas,STREX,CAT,NOx,0.11182679265964848
2017,July,Sacramento (SV),LDT1,Gas,STREX,CAT,SOx,0.0002066113870909508
2017,July,Sacramento (SV),LDT1,Gas,STREX,CAT,PM,0.001097217404935134
2017,July,Sacramento (SV),LDT1,Gas,STREX,CAT,TOG,0.18230933781769365
2017,July,Sacramento (SV),LDT1,Gas,STREX,CAT,PM10,0.0009812891727466165
2017,July,Sacramento (SV),LDT1,Gas,STREX,CAT,PM2_5,0.0009024469935699297
2017,July,Sacramento (SV),LDT1,Gas,STREX,NCAT,CO,0.028654982132816528
2017,July,Sacramento (SV),LDT1,Gas,STREX,NCAT,NOx,0.0014665138704896216
2017,July,Sacramento (SV),LDT1,Gas,STREX,NCAT,SOx,2.3437230347084342e-06
2017,July,Sacramento (SV),LDT1,Gas,STREX,NCAT,PM,6.145878164511626e-05
2017,July,Sacramento (SV),LDT1,Gas,STREX,NCAT,TOG,0.00430596785020167
2017,July,Sacramento (SV),LDT1,Gas,STREX,NCAT,PM10,5.8685076426349466e-05
2017,July,Sacramento (SV),LDT1,Gas,STREX,NCAT,PM2_5,5.5823416055322577e-05
2017,July,Sacramento (SV),LDT1,Gas,HOTSOAK,CAT,TOG,0.11349746414842488
2017,July,Sacramento (SV),LDT1,Gas,HOTSOAK,NCAT,TOG,0.004253820063197631
2017,July,Sacramento (SV),LDT1,Gas,RUNLOSS,CAT,TOG,0.3178449805893608
2017,July,Sacramento (SV),LDT1,Gas,RUNLOSS,NCAT,TOG,0.006951607447263597
2017,July,Sacramento (SV),LDT1,Gas,RESTLOSS,CAT,TOG,0.06561665054775218
2017,July,Sacramento (SV),LDT1,Gas,RESTLOSS,NCAT,TOG,0.0030078842967850524
2017,July,Sacramento (SV),LDT1,Gas,DIURN,CAT,TOG,0.14960161001287692
2017,July,Sacramento (SV),LDT1,Gas,DIURN,NCAT,TOG,0.006654114445314276
2017,July,Sacramento (SV),LDT1,Gas,PMTW,CAT,PM,0.017078144571543486
2017,July,Sacramento (SV),LDT1,Gas,PMTW,CAT,PM10,0.017078144571543486
2017,July,Sacramento (SV),LDT1,Gas,PMTW,CAT,PM2_5,0.0042695361428858715
2017,July,Sacramento (SV),LDT1,Gas,PMTW,NCAT,PM,2.506228674474975e-05
2017,July,Sacramento (SV),LDT1,Gas,PMTW,NCAT,PM10,2.506228674474975e-05
2017,July,Sacramento (SV),LDT1,Gas,PMTW,NCAT,PM2_5,6.265571686187437e-06
2017,July,Sacramento (SV),LDT1,Gas,PMBW,CAT,PM,0.0800538026791101
2017,July,Sacramento (SV),LDT1,Gas,PMBW,CAT,PM10,0.07845272662552781
2017,July,Sacramento (SV),LDT1,Gas,PMBW,CAT,PM2_5,0.03362259712522628
2017,July,Sacramento (SV),LDT1,Gas,PMBW,NCAT,PM,0.0001174794691160145
2017,July,Sacramento (SV),LDT1,Gas,PMBW,NCAT,PM10,0.00011512987973369427
2017,July,Sacramento (SV),LDT1,Gas,PMBW,NCAT,PM2_5,4.934137702872607e-05
2017,July,Sacramento (SV),LDT2,Gas,RUNEX,CAT,CO,12.670027981212263
2017,July,Sacramento (SV),LDT2,Gas,RUNEX,CAT,NOx,1.118035451184984
2017,July,Sacramento (SV),LDT2,Gas,RUNEX,CAT,SOx,0.03005676378969611
2017,July,Sacramento (SV),LDT2,Gas,RUNEX,CAT,PM,0.012652120777249923
2017,July,Sacramento (SV),LDT2,Gas,RUNEX,CAT,TOG,0.35638135342404753
2017,July,Sacramento (SV),LDT2,Gas,RUNEX,CAT,PM10,0.011313108810641992
2017,July,Sacramento (SV),LDT2,Gas,RUNEX,CAT,PM2_5,0.010403039090827097
2017,July,Sacramento (SV),LDT2,Gas,RUNEX,NCAT,CO,0.26272834687556423
2017,July,Sacramento (SV),LDT2,Gas,RUNEX,NCAT,NOx,0.02194529444288919
2017,July,Sacramento (SV),LDT2,Gas,RUNEX,NCAT,SOx,2.4532463478438634e-05
2017,July,Sacramento (SV),LDT2,Gas,RUNEX,NCAT,PM,0.00024039520734746438
2017,July,Sacramento (SV),LDT2,Gas,RUNEX,NCAT,TOG,0.025461532743717402
2017,July,Sacramento (SV),LDT2,Gas,RUNEX,NCAT,PM10,0.00022890695848034478
2017,July,Sacramento (SV),LDT2,Gas,RUNEX,NCAT,PM2_5,0.00021744659320995313
2017,July,Sacramento (SV),LDT2,Gas,STREX,CAT,CO,2.7840690150657097
2017,July,Sacramento (SV),LDT2,Gas,STREX,CAT,NOx,0.42670223328979656
2017,July,Sacramento (SV),LDT2,Gas,STREX,CAT,SOx,0.0007623225482637678
2017,July,Sacramento (SV),LDT2,Gas,STREX,CAT,PM,0.002137563790169102
2017,July,Sacramento (SV),LDT2,Gas,STREX,CAT,TOG,0.46953234399004257
2017,July,Sacramento (SV),LDT2,Gas,STREX,CAT,PM10,0.0019116857320872016
2017,July,Sacramento (SV),LDT2,Gas,STREX,CAT,PM2_5,0.0017580752243133587
2017,July,Sacramento (SV),LDT2,Gas,STREX,NCAT,CO,0.03772630477170632
2017,July,Sacramento (SV),LDT2,Gas,STREX,NCAT,NOx,0.0018401817869786183
2017,July,Sacramento (SV),LDT2,Gas,STREX,NCAT,SOx,2.9848125070325324e-06
2017,July,Sacramento (SV),LDT2,Gas,STREX,NCAT,PM,7.91115757663416e-05
2017,July,Sacramento (SV),LDT2,Gas,STREX,NCAT,TOG,0.005623483645317123
2017,July,Sacramento (SV),LDT2,Gas,STREX,NCAT,PM10,7.532252063543173e-05
2017,July,Sacramento (SV),LDT2,Gas,STREX,NCAT,PM2_5,7.1547526183375e-05
2017,July,Sacramento (SV),LDT2,Gas,HOTSOAK,CAT,TOG,0.19500545064073743
2017,July,Sacramento (SV),LDT2,Gas,HOTSOAK,NCAT,TOG,0.005290169048300583
2017,July,Sacramento (SV),LDT2,Gas,RUNLOSS,CAT,TOG,0.5164106714170685
2017,July,Sacramento (SV),LDT2,Gas,RUNLOSS,NCAT,TOG,0.007745708990773068
2017,July,Sacramento (SV),LDT2,Gas,RESTLOSS,CAT,TOG,0.1215463343508916
2017,July,Sacramento (SV),LDT2,Gas,RESTLOSS,NCAT,TOG,0.004002953680447779
2017,July,Sacramento (SV),LDT2,Gas,DIURN,CAT,TOG,0.23414446058079258
2017,July,Sacramento (SV),LDT2,Gas,DIURN,NCAT,TOG,0.00864505544988016
2017,July,Sacramento (SV),LDT2,Gas,PMTW,CAT,PM,0.05813641454937353
2017,July,Sacramento (SV),LDT2,Gas,PMTW,CAT,PM10,0.05813641454937353
2017,July,Sacramento (SV),LDT2,Gas,PMTW,CAT,PM2_5,0.014534103637343383
2017,July,Sacramento (SV),LDT2,Gas,PMTW,NCAT,PM,3.2310693117641834e-05
2017,July,Sacramento (SV),LDT2,Gas,PMTW,NCAT,PM10,3.2310693117641834e-05
2017,July,Sacramento (SV),LDT2,Gas,PMTW,NCAT,PM2_5,8.077673279410459e-06
2017,July,Sacramento (SV),LDT2,Gas,PMBW,CAT,PM,0.27251444320018803
2017,July,Sacramento (SV),LDT2,Gas,PMBW,CAT,PM10,0.26706415433618447
2017,July,Sacramento (SV),LDT2,Gas,PMBW,CAT,PM2_5,0.11445606614407908
2017,July,Sacramento (SV),LDT2,Gas,PMBW,NCAT,PM,0.00015145637398894597
2017,July,Sacramento (SV),LDT2,Gas,PMBW,NCAT,PM10,0.00014842724650916713
2017,July,Sacramento (SV),LDT2,Gas,PMBW,NCAT,PM2_5,6.361167707535729e-05
2017,July,Sacramento (SV),MDV,Gas,RUNEX,CAT,CO,10.361602913788742
2017,July,Sacramento (SV),MDV,Gas,RUNEX,CAT,NOx,1.0182613427576441
2017,July,Sacramento (SV),MDV,Gas,RUNEX,CAT,SOx,0.02670235412783784
2017,July,Sacramento (SV),MDV,Gas,RUNEX,CAT,PM,0.009870931438594641
2017,July,Sacramento (SV),MDV,Gas,RUNEX,CAT,TOG,0.3372069282622018
2017,July,Sacramento (SV),MDV,Gas,RUNEX,CAT,PM10,0.008826480394985218
2017,July,Sacramento (SV),MDV,Gas,RUNEX,CAT,PM2_5,0.008116553858103195
2017,July,Sacramento (SV),MDV,Gas,RUNEX,NCAT,CO,0.9860830585050737
2017,July,Sacramento (SV),MDV,Gas,RUNEX,NCAT,NOx,0.06173350636561801
2017,July,Sacramento (SV),MDV,Gas,RUNEX,NCAT,SOx,6.12600900721174e-05
2017,July,Sacramento (SV),MDV,Gas,RUNEX,NCAT,PM,0.00046570296711683623
2017,July,Sacramento (SV),MDV,Gas,RUNEX,NCAT,TOG,0.056113218898714116
2017,July,Sacramento (SV),MDV,Gas,RUNEX,NCAT,PM10,0.00044567286251766616
2017,July,Sacramento (SV),MDV,Gas,RUNEX,NCAT,PM2_5,0.0004244014052677319
2017,July,Sacramento (SV),MDV,Gas,STREX,CAT,CO,2.6242967178253247
2017,July,Sacramento (SV),MDV,Gas,STREX,CAT,NOx,0.39939960594122825
2017,July,Sacramento (SV),MDV,Gas,STREX,CAT,SOx,0.0007146992007570619
2017,July,Sacramento (SV),MDV,Gas,STREX,CAT,PM,0.001884469750331602
2017,July,Sacramento (SV),MDV,Gas,STREX,CAT,TOG,0.47912079326006246
2017,July,Sacramento (SV),MDV,Gas,STREX,CAT,PM10,0.001685323135107391
2017,July,Sacramento (SV),MDV,Gas,STREX,CAT,PM2_5,0.0015498950592433118
2017,July,Sacramento (SV),MDV,Gas,STREX,NCAT,CO,0.11898101844691247
2017,July,Sacramento (SV),MDV,Gas,STREX,NCAT,NOx,0.00481994573241854
2017,July,Sacramento (SV),MDV,Gas,STREX,NCAT,SOx,6.935385407493458e-06
2017,July,Sacramento (SV),MDV,Gas,STREX,NCAT,PM,0.00013934424528164893
2017,July,Sacramento (SV),MDV,Gas,STREX,NCAT,TOG,0.01238035345002595
2017,July,Sacramento (SV),MDV,Gas,STREX,NCAT,PM10,0.00013330264140472482
2017,July,Sacramento (SV),MDV,Gas,STREX,NCAT,PM2_5,0.0001269177484525367
2017,July,Sacramento (SV),MDV,Gas,HOTSOAK,CAT,TOG,0.16362377579520032
2017,July,Sacramento (SV),MDV,Gas,HOTSOAK,NCAT,TOG,0.006182234571772472
2017,July,Sacramento (SV),MDV,Gas,RUNLOSS,CAT,TOG,0.4283673338435046
2017,July,Sacramento (SV),MDV,Gas,RUNLOSS,NCAT,TOG,0.010755011784007977
2017,July,Sacramento (SV),MDV,Gas,RESTLOSS,CAT,TOG,0.10583601363600802
2017,July,Sacramento (SV),MDV,Gas,RESTLOSS,NCAT,TOG,0.007268942690768611
2017,July,Sacramento (SV),MDV,Gas,DIURN,CAT,TOG,0.1982498917552139
2017,July,Sacramento (SV),MDV,Gas,DIURN,NCAT,TOG,0.015322279632002842
2017,July,Sacramento (SV),MDV,Gas,PMTW,CAT,PM,0.04329172868210413
2017,July,Sacramento (SV),MDV,Gas,PMTW,CAT,PM10,0.04329172868210413
2017,July,Sacramento (SV),MDV,Gas,PMTW,CAT,PM2_5,0.010822932170526033
2017,July,Sacramento (SV),MDV,Gas,PMTW,NCAT,PM,6.285586873310792e-05
2017,July,Sacramento (SV),MDV,Gas,PMTW,NCAT,PM10,6.285586873310792e-05
2017,July,Sacramento (SV),MDV,Gas,PMTW,NCAT,PM2_5,1.571396718327698e-05
2017,July,Sacramento (SV),MDV,Gas,PMBW,CAT,PM,0.20292997819736305
2017,July,Sacramento (SV),MDV,Gas,PMBW,CAT,PM10,0.1988713786334158
2017,July,Sacramento (SV),MDV,Gas,PMBW,CAT,PM2_5,0.0852305908428926
2017,July,Sacramento (SV),MDV,Gas,PMBW,NCAT,PM,0.00029463688468644354
2017,July,Sacramento (SV),MDV,Gas,PMBW,NCAT,PM10,0.00028874414699271456
2017,July,Sacramento (SV),MDV,Gas,PMBW,NCAT,PM2_5,0.00012374749156830633
2017,July,Sacramento (SV),LHD1,Gas,RUNEX,CAT,CO,1.2843077551173319
2017,July,Sacramento (SV),LHD1,Gas,RUNEX,CAT,NOx,0.2783268551672996
2017,July,Sacramento (SV),LHD1,Gas,RUNEX,CAT,SOx,0.007633631187255295
2017,July,Sacramento (SV),LHD1,Gas,RUNEX,CAT,PM,0.0022298701763035257
2017,July,Sacramento (SV),LHD1,Gas,RUNEX,CAT,TOG,0.10157874355537257
2017,July,Sacramento (SV),LHD1,Gas,RUNEX,CAT,PM10,0.001993503937615354
2017,July,Sacramento (SV),LHD1,Gas,RUNEX,CAT,PM2_5,0.0018329532849215013
2017,July,Sacramento (SV),LHD1,Gas,RUNEX,NCAT,CO,0.3293229446138162
2017,July,Sacramento (SV),LHD1,Gas,RUNEX,NCAT,NOx,0.008291783533352767
2017,July,Sacramento (SV),LHD1,Gas,RUNEX,NCAT,SOx,3.547530948860152e-05
2017,July,Sacramento (SV),LHD1,Gas,RUNEX,NCAT,PM,0.00016036169882755843
2017,July,Sacramento (SV),LHD1,Gas,RUNEX,NCAT,TOG,0.018399659568652072
2017,July,Sacramento (SV),LHD1,Gas,RUNEX,NCAT,PM10,0.00015410759257328353
2017,July,Sacramento (SV),LHD1,Gas,RUNEX,NCAT,PM2_5,0.00014705167782487106
2017,July,Sacramento (SV),LHD1,Gas,IDLEX,CAT,CO,0.07592345887823826
2017,July,Sacramento (SV),LHD1,Gas,IDLEX,CAT,NOx,0.0008500190528197283
2017,July,Sacramento (SV),LHD1,Gas,IDLEX,CAT,SOx,2.512264566269293e-05
2017,July,Sacramento (SV),LHD1,Gas,IDLEX,CAT,TOG,0.014184775569912635
2017,July,Sacramento (SV),LHD1,Gas,IDLEX,NCAT,CO,0.0006459817848916585
2017,July,Sacramento (SV),LHD1,Gas,IDLEX,NCAT,NOx,7.304901824904222e-06
2017,July,Sacramento (SV),LHD1,Gas,IDLEX,NCAT,SOx,2.3802586285241914e-07
2017,July,Sacramento (SV),LHD1,Gas,IDLEX,NCAT,TOG,0.00011610985728027506
2017,July,Sacramento (SV),LHD1,Gas,STREX,CAT,CO,0.6046087270931025
2017,July,Sacramento (SV),LHD1,Gas,STREX,CAT,NOx,0.16848322367060736
2017,July,Sacramento (SV),LHD1,Gas,STREX,CAT,SOx,5.8590673099278036e-05
2017,July,Sacramento (SV),LHD1,Gas,STREX,CAT,PM,0.00017578126090421155
2017,July,Sacramento (SV),LHD1,Gas,STREX,CAT,TOG,0.054717476371755724
2017,July,Sacramento (SV),LHD1,Gas,STREX,CAT,PM10,0.00015714844724836518
2017,July,Sacramento (SV),LHD1,Gas,STREX,CAT,PM2_5,0.00014449219646326178
2017,July,Sacramento (SV),LHD1,Gas,STREX,NCAT,CO,0.00027535555135265854
2017,July,Sacramento (SV),LHD1,Gas,STREX,NCAT,NOx,0.0010055855387039207
2017,July,Sacramento (SV),LHD1,Gas,STREX,NCAT,SOx,1.9125763225553525e-06
2017,July,Sacramento (SV),LHD1,Gas,STREX,NCAT,PM,4.406357290198728e-05
2017,July,Sacramento (SV),LHD1,Gas,STREX,NCAT,TOG,0.005901306879994709
2017,July,Sacramento (SV),LHD1,Gas,STREX,NCAT,PM10,4.234509355880978e-05
2017,July,Sacramento (SV),LHD1,Gas,STREX,NCAT,PM2_5,4.0406296351122345e-05
2017,July,Sacramento (SV),LHD1,Gas,HOTSOAK,CAT,TOG,0.05522368407761363
2017,July,Sacramento (SV),LHD1,Gas,HOTSOAK,NCAT,TOG,0.004988004517400279
2017,July,Sacramento (SV),LHD1,Gas,RUNLOSS,CAT,TOG,0.3317471003439998
2017,July,Sacramento (SV),LHD1,Gas,RUNLOSS,NCAT,TOG,0.00933491593354865
2017,July,Sacramento (SV),LHD1,Gas,RESTLOSS,CAT,TOG,0.0009752264573594908
2017,July,Sacramento (SV),LHD1,Gas,RESTLOSS,NCAT,TOG,6.626973765017476e-05
2017,July,Sacramento (SV),LHD1,Gas,DIURN,CAT,TOG,0.0037708085138349287
2017,July,Sacramento (SV),LHD1,Gas,DIURN,NCAT,TOG,0.00025556838276411437
2017,July,Sacramento (SV),LHD1,Gas,PMTW,CAT,PM,0.0058774851739422426
2017,July,Sacramento (SV),LHD1,Gas,PMTW,CAT,PM10,0.0058774851739422426
2017,July,Sacramento (SV),LHD1,Gas,PMTW,CAT,PM2_5,0.0014693712934855606
2017,July,Sacramento (SV),LHD1,Gas,PMTW,NCAT,PM,2.2753091802749637e-05
2017,July,Sacramento (SV),LHD1,Gas,PMTW,NCAT,PM10,2.2753091802749637e-05
2017,July,Sacramento (SV),LHD1,Gas,PMTW,NCAT,PM2_5,5.688272950687409e-06
2017,July,Sacramento (SV),LHD1,Gas,PMBW,CAT,PM,0.05730548044593688
2017,July,Sacramento (SV),LHD1,Gas,PMBW,CAT,PM10,0.056159370837018156
2017,July,Sacramento (SV),LHD1,Gas,PMBW,CAT,PM2_5,0.024068301787293495
2017,July,Sacramento (SV),LHD1,Gas,PMBW,NCAT,PM,0.00022184264507680887
2017,July,Sacramento (SV),LHD1,Gas,PMBW,NCAT,PM10,0.0002174057921752727
2017,July,Sacramento (SV),LHD1,Gas,PMBW,NCAT,PM2_5,9.317391093225977e-05
2017,July,Sacramento (SV),LHD2,Gas,RUNEX,CAT,CO,0.16824323227988605
2017,July,Sacramento (SV),LHD2,Gas,RUNEX,CAT,NOx,0.03412644659945214
2017,July,Sacramento (SV),LHD2,Gas,RUNEX,CAT,SOx,0.0011016915439769947
2017,July,Sacramento (SV),LHD2,Gas,RUNEX,CAT,PM,0.0002458297693033285
2017,July,Sacramento (SV),LHD2,Gas,RUNEX,CAT,TOG,0.012981274532894355
2017,July,Sacramento (SV),LHD2,Gas,RUNEX,CAT,PM10,0.0002197718137571758
2017,July,Sacramento (SV),LHD2,Gas,RUNEX,CAT,PM2_5,0.00020207207036733603
2017,July,Sacramento (SV),LHD2,Gas,RUNEX,NCAT,CO,0.0018796729996815656
2017,July,Sacramento (SV),LHD2,Gas,RUNEX,NCAT,NOx,4.7735601796100646e-05
2017,July,Sacramento (SV),LHD2,Gas,RUNEX,NCAT,SOx,2.2526986279864535e-07
2017,July,Sacramento (SV),LHD2,Gas,RUNEX,NCAT,PM,9.060442946805125e-07
2017,July,Sacramento (SV),LHD2,Gas,RUNEX,NCAT,TOG,0.00010633912925124584
2017,July,Sacramento (SV),LHD2,Gas,RUNEX,NCAT,PM10,8.707085671879724e-07
2017,July,Sacramento (SV),LHD2,Gas,RUNEX,NCAT,PM2_5,8.3084261822203e-07
2017,July,Sacramento (SV),LHD2,Gas,IDLEX,CAT,CO,0.009631644984310659
2017,July,Sacramento (SV),LHD2,Gas,IDLEX,CAT,NOx,0.00010816592249591579
2017,July,Sacramento (SV),LHD2,Gas,IDLEX,CAT,SOx,3.6698616177856178e-06
2017,July,Sacramento (SV),LHD2,Gas,IDLEX,CAT,TOG,0.0018064461073240882
2017,July,Sacramento (SV),LHD2,Gas,IDLEX,NCAT,CO,3.509127097667426e-06
2017,July,Sacramento (SV),LHD2,Gas,IDLEX,NCAT,NOx,3.968196865469021e-08
2017,July,Sacramento (SV),LHD2,Gas,IDLEX,NCAT,SOx,1.4921395931808017e-09
2017,July,Sacramento (SV),LHD2,Gas,IDLEX,NCAT,TOG,6.307364325401923e-07
2017,July,Sacramento (SV),LHD2,Gas,STREX,CAT,CO,0.07456661299872015
2017,July,Sacramento (SV),LHD2,Gas,STREX,CAT,NOx,0.02066346181080483
2017,July,Sacramento (SV),LHD2,Gas,STREX,CAT,SOx,8.428873362418875e-06
2017,July,Sacramento (SV),LHD2,Gas,STREX,CAT,PM,1.940671350157851e-05
2017,July,Sacramento (SV),LHD2,Gas,STREX,CAT,TOG,0.006641702356298183
2017,July,Sacramento (SV),LHD2,Gas,STREX,CAT,PM10,1.7349601870411246e-05
2017,July,Sacramento (SV),LHD2,Gas,STREX,CAT,PM2_5,1.595231849829758e-05
2017,July,Sacramento (SV),LHD2,Gas,STREX,NCAT,CO,1.669934090619651e-06
2017,July,Sacramento (SV),LHD2,Gas,STREX,NCAT,NOx,5.3971513223859844e-06
2017,July,Sacramento (SV),LHD2,Gas,STREX,NCAT,SOx,1.1941483315104307e-08
2017,July,Sacramento (SV),LHD2,Gas,STREX,NCAT,PM,2.3936383549319524e-07
2017,July,Sacramento (SV),LHD2,Gas,STREX,NCAT,TOG,3.252212045836998e-05
2017,July,Sacramento (SV),LHD2,Gas,STREX,NCAT,PM10,2.300286459089606e-07
2017,July,Sacramento (SV),LHD2,Gas,STREX,NCAT,PM2_5,2.194966371472601e-07
2017,July,Sacramento (SV),LHD2,Gas,HOTSOAK,CAT,TOG,0.005989198891895312
2017,July,Sacramento (SV),LHD2,Gas,HOTSOAK,NCAT,TOG,2.717490015212407e-05
2017,July,Sacramento (SV),LHD2,Gas,RUNLOSS,CAT,TOG,0.034495479431598336
2017,July,Sacramento (SV),LHD2,Gas,RUNLOSS,NCAT,TOG,7.486453449373915e-05
2017,July,Sacramento (SV),LHD2,Gas,RESTLOSS,CAT,TOG,0.00010970564812524315
2017,July,Sacramento (SV),LHD2,Gas,RESTLOSS,NCAT,TOG,3.1581331840932606e-07
2017,July,Sacramento (SV),LHD2,Gas,DIURN,CAT,TOG,0.00042019686124890744
2017,July,Sacramento (SV),LHD2,Gas,DIURN,NCAT,TOG,1.2971445409862905e-06
2017,July,Sacramento (SV),LHD2,Gas,PMTW,CAT,PM,0.0007387894246715445
2017,July,Sacramento (SV),LHD2,Gas,PMTW,CAT,PM10,0.0007387894246715445
2017,July,Sacramento (SV),LHD2,Gas,PMTW,CAT,PM2_5,0.00018469735616788612
2017,July,Sacramento (SV),LHD2,Gas,PMTW,NCAT,PM,1.285550674814906e-07
2017,July,Sacramento (SV),LHD2,Gas,PMTW,NCAT,PM10,1.285550674814906e-07
2017,July,Sacramento (SV),LHD2,Gas,PMTW,NCAT,PM2_5,3.213876687037265e-08
2017,July,Sacramento (SV),LHD2,Gas,PMBW,CAT,PM,0.008403729705638817
2017,July,Sacramento (SV),LHD2,Gas,PMBW,CAT,PM10,0.008235655111526035
2017,July,Sacramento (SV),LHD2,Gas,PMBW,CAT,PM2_5,0.003529566476368301
2017,July,Sacramento (SV),LHD2,Gas,PMBW,NCAT,PM,1.4623138926019554e-06
2017,July,Sacramento (SV),LHD2,Gas,PMBW,NCAT,PM10,1.433067614749916e-06
2017,July,Sacramento (SV),LHD2,Gas,PMBW,NCAT,PM2_5,6.141718348928212e-07
2017,July,Sacramento (SV),T6TS,Gas,RUNEX,CAT,CO,0.6030891478917957
2017,July,Sacramento (SV),T6TS,Gas,RUNEX,CAT,NOx,0.1252652710217932
2017,July,Sacramento (SV),T6TS,Gas,RUNEX,CAT,SOx,0.0023937559840803637
2017,July,Sacramento (SV),T6TS,Gas,RUNEX,CAT,PM,0.0002152348345505096
2017,July,Sacramento (SV),T6TS,Gas,RUNEX,CAT,TOG,0.0382381813555446
2017,July,Sacramento (SV),T6TS,Gas,RUNEX,CAT,PM10,0.00019241994208815577
2017,July,Sacramento (SV),T6TS,Gas,RUNEX,CAT,PM2_5,0.00017692303400051868
2017,July,Sacramento (SV),T6TS,Gas,RUNEX,NCAT,CO,0.1493412219504004
2017,July,Sacramento (SV),T6TS,Gas,RUNEX,NCAT,NOx,0.004010055307388161
2017,July,Sacramento (SV),T6TS,Gas,RUNEX,NCAT,SOx,2.1660341014693042e-05
2017,July,Sacramento (SV),T6TS,Gas,RUNEX,NCAT,PM,4.263848590287698e-05
2017,July,Sacramento (SV),T6TS,Gas,RUNEX,NCAT,TOG,0.0066134301036060075
2017,July,Sacramento (SV),T6TS,Gas,RUNEX,NCAT,PM10,4.0975584952664756e-05
2017,July,Sacramento (SV),T6TS,Gas,RUNEX,NCAT,PM2_5,3.909949157293818e-05
2017,July,Sacramento (SV),T6TS,Gas,IDLEX,CAT,CO,0.026456869130793082
2017,July,Sacramento (SV),T6TS,Gas,IDLEX,CAT,NOx,0.00023425653976619326
2017,July,Sacramento (SV),T6TS,Gas,IDLEX,CAT,SOx,1.4976755733062081e-05
2017,July,Sacramento (SV),T6TS,Gas,IDLEX,CAT,TOG,0.0034701403723816303
2017,July,Sacramento (SV),T6TS,Gas,IDLEX,NCAT,CO,0.0009883849604488584
2017,July,Sacramento (SV),T6TS,Gas,IDLEX,NCAT,NOx,8.780510560932886e-06
2017,July,Sacramento (SV),T6TS,Gas,IDLEX,NCAT,SOx,6.208467782629975e-07
2017,July,Sacramento (SV),T6TS,Gas,IDLEX,NCAT,TOG,0.0001243284880139234
2017,July,Sacramento (SV),T6TS,Gas,STREX,CAT,CO,0.28307047097068755
2017,July,Sacramento (SV),T6TS,Gas,STREX,CAT,NOx,0.01891259772945599
2017,July,Sacramento (SV),T6TS,Gas,STREX,CAT,SOx,2.1247000729847198e-05
2017,July,Sacramento (SV),T6TS,Gas,STREX,CAT,PM,3.75217206357995e-05
2017,July,Sacramento (SV),T6TS,Gas,STREX,CAT,TOG,0.0139953652223373
2017,July,Sacramento (SV),T6TS,Gas,STREX,CAT,PM10,3.354441824840477e-05
2017,July,Sacramento (SV),T6TS,Gas,STREX,CAT,PM2_5,3.08428543626272e-05
2017,July,Sacramento (SV),T6TS,Gas,STREX,NCAT,CO,0.0003179068280033881
2017,July,Sacramento (SV),T6TS,Gas,STREX,NCAT,NOx,0.0011632973997555251
2017,July,Sacramento (SV),T6TS,Gas,STREX,NCAT,SOx,2.918277462331103e-06
2017,July,Sacramento (SV),T6TS,Gas,STREX,NCAT,PM,3.245956570871197e-05
2017,July,Sacramento (SV),T6TS,Gas,STREX,NCAT,TOG,0.006526654300355927
2017,July,Sacramento (SV),T6TS,Gas,STREX,NCAT,PM10,3.11936426460722e-05
2017,July,Sacramento (SV),T6TS,Gas,STREX,NCAT,PM2_5,2.9765421754888877e-05
2017,July,Sacramento (SV),T6TS,Gas,HOTSOAK,CAT,TOG,0.0073667042222094374
2017,July,Sacramento (SV),T6TS,Gas,HOTSOAK,NCAT,TOG,0.0040361380813480315
2017,July,Sacramento (SV),T6TS,Gas,RUNLOSS,CAT,TOG,0.03389824174081813
2017,July,Sacramento (SV),T6TS,Gas,RUNLOSS,NCAT,TOG,0.005865576725795915
2017,July,Sacramento (SV),T6TS,Gas,RESTLOSS,CAT,TOG,0.0001348030769638764
2017,July,Sacramento (SV),T6TS,Gas,RESTLOSS,NCAT,TOG,3.807445380217722e-05
2017,July,Sacramento (SV),T6TS,Gas,DIURN,CAT,TOG,0.0005091479861479638
2017,July,Sacramento (SV),T6TS,Gas,DIURN,NCAT,TOG,0.00013726545248214474
2017,July,Sacramento (SV),T6TS,Gas,PMTW,CAT,PM,0.001556388356624875
2017,July,Sacramento (SV),T6TS,Gas,PMTW,CAT,PM10,0.001556388356624875
2017,July,Sacramento (SV),T6TS,Gas,PMTW,CAT,PM2_5,0.00038909708915621874
2017,July,Sacramento (SV),T6TS,Gas,PMTW,NCAT,PM,1.2281033118715129e-05
2017,July,Sacramento (SV),T6TS,Gas,PMTW,NCAT,PM10,1.2281033118715129e-05
2017,July,Sacramento (SV),T6TS,Gas,PMTW,NCAT,PM2_5,3.070258279678782e-06
2017,July,Sacramento (SV),T6TS,Gas,PMBW,CAT,PM,0.017249970952592394
2017,July,Sacramento (SV),T6TS,Gas,PMBW,CAT,PM10,0.016904971533540536
2017,July,Sacramento (SV),T6TS,Gas,PMBW,CAT,PM2_5,0.007244987800088799
2017,July,Sacramento (SV),T6TS,Gas,PMBW,NCAT,PM,0.00013611478373242602
2017,July,Sacramento (SV),T6TS,Gas,PMBW,NCAT,PM10,0.00013339248805777746
2017,July,Sacramento (SV),T6TS,Gas,PMBW,NCAT,PM2_5,5.7168209167618913e-05
2017,July,Sacramento (SV),T7IS,Gas,RUNEX,CAT,CO,0.027061869042462997
2017,July,Sacramento (SV),T7IS,Gas,RUNEX,CAT,NOx,0.0052618235463109874
2017,July,Sacramento (SV),T7IS,Gas,RUNEX,CAT,SOx,7.725400474929194e-06
2017,July,Sacramento (SV),T7IS,Gas,RUNEX,CAT,PM,1.6844154049364664e-06
2017,July,Sacramento (SV),T7IS,Gas,RUNEX,CAT,TOG,0.0013088497838146924
2017,July,Sacramento (SV),T7IS,Gas,RUNEX,CAT,PM10,1.5058673720132004e-06
2017,July,Sacramento (SV),T7IS,Gas,RUNEX,CAT,PM2_5,1.3845894628577733e-06
2017,July,Sacramento (SV),T7IS,Gas,RUNEX,NCAT,CO,0.1214144938179994
2017,July,Sacramento (SV),T7IS,Gas,RUNEX,NCAT,NOx,0.0036914246967443107
2017,July,Sacramento (SV),T7IS,Gas,RUNEX,NCAT,SOx,9.07139474379904e-06
2017,July,Sacramento (SV),T7IS,Gas,RUNEX,NCAT,PM,1.1606520465362242e-05
2017,July,Sacramento (SV),T7IS,Gas,RUNEX,NCAT,TOG,0.003939437234843145
2017,July,Sacramento (SV),T7IS,Gas,RUNEX,NCAT,PM10,1.1153866167213113e-05
2017,July,Sacramento (SV),T7IS,Gas,RUNEX,NCAT,PM2_5,1.0643179266737185e-05
2017,July,Sacramento (SV),T7IS,Gas,STREX,CAT,CO,0.000478096347204121
2017,July,Sacramento (SV),T7IS,Gas,STREX,CAT,NOx,0.00018386305596035978
2017,July,Sacramento (SV),T7IS,Gas,STREX,CAT,SOx,8.613562916298678e-08
2017,July,Sacramento (SV),T7IS,Gas,STREX,CAT,PM,3.6489787052058803e-07
2017,July,Sacramento (SV),T7IS,Gas,STREX,CAT,TOG,1.3580083633102617e-07
2017,July,Sacramento (SV),T7IS,Gas,STREX,CAT,PM10,3.262186962454057e-07
2017,July,Sacramento (SV),T7IS,Gas,STREX,CAT,PM2_5,2.999460495679231e-07
2017,July,Sacramento (SV),T7IS,Gas,STREX,NCAT,CO,0.0
2017,July,Sacramento (SV),T7IS,Gas,STREX,NCAT,NOx,0.0
2017,July,Sacramento (SV),T7IS,Gas,STREX,NCAT,SOx,6.928096038734799e-07
2017,July,Sacramento (SV),T7IS,Gas,STREX,NCAT,PM,6.5025707826120934e-06
2017,July,Sacramento (SV),T7IS,Gas,STREX,NCAT,TOG,0.0
2017,July,Sacramento (SV),T7IS,Gas,STREX,NCAT,PM10,6.2489705220902245e-06
2017,July,Sacramento (SV),T7IS,Gas,STREX,NCAT,PM2_5,5.962857407655291e-06
2017,July,Sacramento (SV),T7IS,Gas,HOTSOAK,CAT,TOG,6.56364458842255e-05
2017,July,Sacramento (SV),T7IS,Gas,HOTSOAK,NCAT,TOG,0.000809751544928075
2017,July,Sacramento (SV),T7IS,Gas,RUNLOSS,CAT,TOG,0.0003807605716394238
2017,July,Sacramento (SV),T7IS,Gas,RUNLOSS,NCAT,TOG,0.0023309127083330026
2017,July,Sacramento (SV),T7IS,Gas,RESTLOSS,CAT,TOG,1.443182111994206e-06
2017,July,Sacramento (SV),T7IS,Gas,RESTLOSS,NCAT,TOG,6.235895797325656e-06
2017,July,Sacramento (SV),T7IS,Gas,DIURN,CAT,TOG,4.4828533847428295e-06
2017,July,Sacramento (SV),T7IS,Gas,DIURN,NCAT,TOG,2.199995473650821e-05
2017,July,Sacramento (SV),T7IS,Gas,PMTW,CAT,PM,6.718226313128643e-06
2017,July,Sacramento (SV),T7IS,Gas,PMTW,CAT,PM10,6.718226313128643e-06
2017,July,Sacramento (SV),T7IS,Gas,PMTW,CAT,PM2_5,1.6795565782821607e-06
2017,July,Sacramento (SV),T7IS,Gas,PMTW,NCAT,PM,6.374940609848453e-06
2017,July,Sacramento (SV),T7IS,Gas,PMTW,NCAT,PM10,6.374940609848453e-06
2017,July,Sacramento (SV),T7IS,Gas,PMTW,NCAT,PM2_5,1.5937351524621133e-06
2017,July,Sacramento (SV),T7IS,Gas,PMBW,CAT,PM,2.116241288635522e-05
2017,July,Sacramento (SV),T7IS,Gas,PMBW,CAT,PM10,2.073916462862812e-05
2017,July,Sacramento (SV),T7IS,Gas,PMBW,CAT,PM2_5,8.888213412269192e-06
2017,July,Sacramento (SV),T7IS,Gas,PMBW,NCAT,PM,2.008106292102261e-05
2017,July,Sacramento (SV),T7IS,Gas,PMBW,NCAT,PM10,1.9679441662602174e-05
2017,July,Sacramento (SV),T7IS,Gas,PMBW,NCAT,PM2_5,8.434046426829499e-06
2017,July,Sacramento (SV),LDT1,Dsl,RUNEX,DSL,CO,0.008022325322850016
2017,July,Sacramento (SV),LDT1,Dsl,RUNEX,DSL,NOx,0.00906192886296826
2017,July,Sacramento (SV),LDT1,Dsl,RUNEX,DSL,SOx,3.13410766763336e-05
2017,July,Sacramento (SV),LDT1,Dsl,RUNEX,DSL,PM,0.0006625533093955701
2017,July,Sacramento (SV),LDT1,Dsl,RUNEX,DSL,TOG,0.001132373173570187
2017,July,Sacramento (SV),LDT1,Dsl,RUNEX,DSL,PM10,0.0006585779895391964
2017,July,Sacramento (SV),LDT1,Dsl,RUNEX,DSL,PM2_5,0.0006300881972351879
2017,July,Sacramento (SV),LDT1,Dsl,PMTW,DSL,PM,5.607317621346414e-05
2017,July,Sacramento (SV),LDT1,Dsl,PMTW,DSL,PM10,5.607317621346414e-05
2017,July,Sacramento (SV),LDT1,Dsl,PMTW,DSL,PM2_5,1.4018294053366035e-05
2017,July,Sacramento (SV),LDT1,Dsl,PMBW,DSL,PM,0.0002628430135006131
2017,July,Sacramento (SV),LDT1,Dsl,PMBW,DSL,PM10,0.0002575861532306007
2017,July,Sacramento (SV),LDT1,Dsl,PMBW,DSL,PM2_5,0.00011039406567025737
2017,July,Sacramento (SV),LDT2,Dsl,RUNEX,DSL,CO,0.003581258091130204
2017,July,Sacramento (SV),LDT2,Dsl,RUNEX,DSL,NOx,0.0020261879576057265
2017,July,Sacramento (SV),LDT2,Dsl,RUNEX,DSL,SOx,7.15750916531531e-05
2017,July,Sacramento (SV),LDT2,Dsl,RUNEX,DSL,PM,0.00022888605558269513
2017,July,Sacramento (SV),LDT2,Dsl,RUNEX,DSL,TOG,0.000582918888626705
2017,July,Sacramento (SV),LDT2,Dsl,RUNEX,DSL,PM10,0.00022751273924919872
2017,July,Sacramento (SV),LDT2,Dsl,RUNEX,DSL,PM2_5,0.00021767063885914294
2017,July,Sacramento (SV),LDT2,Dsl,PMTW,DSL,PM,0.00019312000897293724
2017,July,Sacramento (SV),LDT2,Dsl,PMTW,DSL,PM10,0.00019312000897293724
2017,July,Sacramento (SV),LDT2,Dsl,PMTW,DSL,PM2_5,4.828000224323431e-05
2017,July,Sacramento (SV),LDT2,Dsl,PMBW,DSL,PM,0.0009052500420606429
2017,July,Sacramento (SV),LDT2,Dsl,PMBW,DSL,PM10,0.0008871450412194306
2017,July,Sacramento (SV),LDT2,Dsl,PMBW,DSL,PM2_5,0.0003802050176654704
2017,July,Sacramento (SV),MDV,Dsl,RUNEX,DSL,CO,0.019028905852321785
2017,July,Sacramento (SV),MDV,Dsl,RUNEX,DSL,NOx,0.00964091660718646
2017,July,Sacramento (SV),MDV,Dsl,RUNEX,DSL,SOx,0.00030980462026777904
2017,July,Sacramento (SV),MDV,Dsl,RUNEX,DSL,PM,0.0006854422249986779
2017,July,Sacramento (SV),MDV,Dsl,RUNEX,DSL,TOG,0.0015565043690880433
2017,July,Sacramento (SV),MDV,Dsl,RUNEX,DSL,PM10,0.0006813295716486867
2017,July,Sacramento (SV),MDV,Dsl,RUNEX,DSL,PM2_5,0.0006518555559737426
2017,July,Sacramento (SV),MDV,Dsl,PMTW,DSL,PM,0.0006342856146412707
2017,July,Sacramento (SV),MDV,Dsl,PMTW,DSL,PM10,0.0006342856146412707
2017,July,Sacramento (SV),MDV,Dsl,PMTW,DSL,PM2_5,0.00015857140366031767
2017,July,Sacramento (SV),MDV,Dsl,PMBW,DSL,PM,0.002973213818630956
2017,July,Sacramento (SV),MDV,Dsl,PMBW,DSL,PM10,0.0029137495422583365
2017,July,Sacramento (SV),MDV,Dsl,PMBW,DSL,PM2_5,0.0012487498038250017
2017,July,Sacramento (SV),LHD1,Dsl,RUNEX,DSL,CO,0.5485712488499996
2017,July,Sacramento (SV),LHD1,Dsl,RUNEX,DSL,NOx,2.194261586040678
2017,July,Sacramento (SV),LHD1,Dsl,RUNEX,DSL,SOx,0.0032294224546078995
2017,July,Sacramento (SV),LHD1,Dsl,RUNEX,DSL,PM,0.023381187345992458
2017,July,Sacramento (SV),LHD1,Dsl,RUNEX,DSL,TOG,0.13864828963135875
2017,July,Sacramento (SV),LHD1,Dsl,RUNEX,DSL,PM10,0.023240900221916473
2017,July,Sacramento (SV),LHD1,Dsl,RUNEX,DSL,PM2_5,0.02223550916603885
2017,July,Sacramento (SV),LHD1,Dsl,IDLEX,DSL,CO,0.014133108943040299
2017,July,Sacramento (SV),LHD1,Dsl,IDLEX,DSL,NOx,0.039729228574330415
2017,July,Sacramento (SV),LHD1,Dsl,IDLEX,DSL,SOx,2.0835693685296104e-05
2017,July,Sacramento (SV),LHD1,Dsl,IDLEX,DSL,PM,0.00046208246901875883
2017,July,Sacramento (SV),LHD1,Dsl,IDLEX,DSL,TOG,0.0019411924656147102
2017,July,Sacramento (SV),LHD1,Dsl,IDLEX,DSL,PM10,0.0004593099742046468
2017,July,Sacramento (SV),LHD1,Dsl,IDLEX,DSL,PM2_5,0.0004394404280368398
2017,July,Sacramento (SV),LHD1,Dsl,PMTW,DSL,PM,0.006947834406793766
2017,July,Sacramento (SV),LHD1,Dsl,PMTW,DSL,PM10,0.006947834406793766
2017,July,Sacramento (SV),LHD1,Dsl,PMTW,DSL,PM2_5,0.0017369586016984415
2017,July,Sacramento (SV),LHD1,Dsl,PMBW,DSL,PM,0.04516092364415942
2017,July,Sacramento (SV),LHD1,Dsl,PMBW,DSL,PM10,0.04425770517127627
2017,July,Sacramento (SV),LHD1,Dsl,PMBW,DSL,PM2_5,0.018967587930546963
2017,July,Sacramento (SV),LHD2,Dsl,RUNEX,DSL,CO,0.15304725761534121
2017,July,Sacramento (SV),LHD2,Dsl,RUNEX,DSL,NOx,0.5626092487064381
2017,July,Sacramento (SV),LHD2,Dsl,RUNEX,DSL,SOx,0.001129033848794938
2017,July,Sacramento (SV),LHD2,Dsl,RUNEX,DSL,PM,0.006248699498135619
2017,July,Sacramento (SV),LHD2,Dsl,RUNEX,DSL,TOG,0.03941977930955909
2017,July,Sacramento (SV),LHD2,Dsl,RUNEX,DSL,PM10,0.006211207301146798
2017,July,Sacramento (SV),LHD2,Dsl,RUNEX,DSL,PM2_5,0.005942513222726981
2017,July,Sacramento (SV),LHD2,Dsl,IDLEX,DSL,CO,0.004280782736225564
2017,July,Sacramento (SV),LHD2,Dsl,IDLEX,DSL,NOx,0.012033205798945968
2017,July,Sacramento (SV),LHD2,Dsl,IDLEX,DSL,SOx,1.0073641882492384e-05
2017,July,Sacramento (SV),LHD2,Dsl,IDLEX,DSL,PM,0.00013488009900842397
2017,July,Sacramento (SV),LHD2,Dsl,IDLEX,DSL,TOG,0.0005879685232729112
2017,July,Sacramento (SV),LHD2,Dsl,IDLEX,DSL,PM10,0.0001340708184143734
2017,July,Sacramento (SV),LHD2,Dsl,IDLEX,DSL,PM2_5,0.00012827097415701123
2017,July,Sacramento (SV),LHD2,Dsl,PMTW,DSL,PM,0.0021671866669940145
2017,July,Sacramento (SV),LHD2,Dsl,PMTW,DSL,PM10,0.0021671866669940145
2017,July,Sacramento (SV),LHD2,Dsl,PMTW,DSL,PM2_5,0.0005417966667485036
2017,July,Sacramento (SV),LHD2,Dsl,PMBW,DSL,PM,0.016434498891371295
2017,July,Sacramento (SV),LHD2,Dsl,PMBW,DSL,PM10,0.016105808913543847
2017,July,Sacramento (SV),LHD2,Dsl,PMBW,DSL,PM2_5,0.006902489534375938
2017,July,Sacramento (SV),LDT1,Elec,HOTSOAK,CAT,TOG,3.5222953709284935e-06
2017,July,Sacramento (SV),LDT1,Elec,RESTLOSS,CAT,TOG,2.8313086074744235e-06
2017,July,Sacramento (SV),LDT1,Elec,DIURN,CAT,TOG,9.517669868195824e-06
2017,July,Sacramento (SV),LDT1,Elec,PMTW,CAT,PM,3.66763896906363e-05
2017,July,Sacramento (SV),LDT1,Elec,PMTW,CAT,PM10,3.66763896906363e-05
2017,July,Sacramento (SV),LDT1,Elec,PMTW,CAT,PM2_5,9.169097422659075e-06
2017,July,Sacramento (SV),LDT1,Elec,PMBW,CAT,PM,0.00017192057667485765
2017,July,Sacramento (SV),LDT1,Elec,PMBW,CAT,PM10,0.00016848216514136054
2017,July,Sacramento (SV),LDT1,Elec,PMBW,CAT,PM2_5,7.220664220344016e-05
2017,July,Sacramento (SV),LDT2,Elec,HOTSOAK,CAT,TOG,6.0977640629414e-06
2017,July,Sacramento (SV),LDT2,Elec,RESTLOSS,CAT,TOG,4.534185483505701e-06
2017,July,Sacramento (SV),LDT2,Elec,DIURN,CAT,TOG,1.5242026404061985e-05
2017,July,Sacramento (SV),LDT2,Elec,PMTW,CAT,PM,7.016342141282999e-05
2017,July,Sacramento (SV),LDT2,Elec,PMTW,CAT,PM10,7.016342141282999e-05
2017,July,Sacramento (SV),LDT2,Elec,PMTW,CAT,PM2_5,1.7540855353207498e-05
2017,July,Sacramento (SV),LDT2,Elec,PMBW,CAT,PM,0.0003288910378726405
2017,July,Sacramento (SV),LDT2,Elec,PMBW,CAT,PM10,0.0003223132171151877
2017,July,Sacramento (SV),LDT2,Elec,PMBW,CAT,PM2_5,0.00013813423590650905
2017,July,Sacramento (SV),MDV,Elec,HOTSOAK,CAT,TOG,1.1300671560172226e-06
2017,July,Sacramento (SV),MDV,Elec,RESTLOSS,CAT,TOG,9.263638625352721e-07
2017,July,Sacramento (SV),MDV,Elec,DIURN,CAT,TOG,3.1140460627152263e-06
2017,July,Sacramento (SV),MDV,Elec,PMTW,CAT,PM,1.0845997061003627e-05
2017,July,Sacramento (SV),MDV,Elec,PMTW,CAT,PM10,1.0845997061003627e-05
2017,July,Sacramento (SV),MDV,Elec,PMTW,CAT,PM2_5,2.711499265250907e-06
2017,July,Sacramento (SV),MDV,Elec,PMBW,CAT,PM,5.084061122345449e-05
2017,July,Sacramento (SV),MDV,Elec,PMBW,CAT,PM10,4.98237989989854e-05
2017,July,Sacramento (SV),MDV,Elec,PMBW,CAT,PM2_5,2.135305671385088e-05
2017,July,Sacramento (SV),SBUS,Gas,RUNEX,CAT,CO,0.029136129108972588
2017,July,Sacramento (SV),SBUS,Gas,RUNEX,CAT,NOx,0.004219298584095115
2017,July,Sacramento (SV),SBUS,Gas,RUNEX,CAT,SOx,3.872829561400812e-05
2017,July,Sacramento (SV),SBUS,Gas,RUNEX,CAT,PM,1.6156988971841472e-05
2017,July,Sacramento (SV),SBUS,Gas,RUNEX,CAT,TOG,0.0018153285034011632
2017,July,Sacramento (SV),SBUS,Gas,RUNEX,CAT,PM10,1.444434814082628e-05
2017,July,Sacramento (SV),SBUS,Gas,RUNEX,CAT,PM2_5,1.3281044934853695e-05
2017,July,Sacramento (SV),SBUS,Gas,IDLEX,CAT,CO,0.0068107760128683
2017,July,Sacramento (SV),SBUS,Gas,IDLEX,CAT,NOx,7.675681298594538e-05
2017,July,Sacramento (SV),SBUS,Gas,IDLEX,CAT,SOx,2.2075567409293294e-06
2017,July,Sacramento (SV),SBUS,Gas,IDLEX,CAT,TOG,0.0012763955386631512
2017,July,Sacramento (SV),SBUS,Gas,STREX,CAT,CO,0.003525252681127947
2017,July,Sacramento (SV),SBUS,Gas,STREX,CAT,NOx,0.00016308874720637792
2017,July,Sacramento (SV),SBUS,Gas,STREX,CAT,SOx,1.7643984096048852e-07
2017,July,Sacramento (SV),SBUS,Gas,STREX,CAT,PM,4.0746583195234874e-07
2017,July,Sacramento (SV),SBUS,Gas,STREX,CAT,TOG,0.00016270838660098282
2017,July,Sacramento (SV),SBUS,Gas,STREX,CAT,PM10,3.6427445376539975e-07
2017,July,Sacramento (SV),SBUS,Gas,STREX,CAT,PM2_5,3.349369138648306e-07
2017,July,Sacramento (SV),SBUS,Gas,HOTSOAK,CAT,TOG,6.564086840299504e-05
2017,July,Sacramento (SV),SBUS,Gas,RUNLOSS,CAT,TOG,0.0006293662636025495
2017,July,Sacramento (SV),SBUS,Gas,RESTLOSS,CAT,TOG,3.553483089654819e-06
2017,July,Sacramento (SV),SBUS,Gas,DIURN,CAT,TOG,2.2331316896194558e-05
2017,July,Sacramento (SV),SBUS,Gas,PMTW,CAT,PM,3.5111655607631073e-05
2017,July,Sacramento (SV),SBUS,Gas,PMTW,CAT,PM10,3.5111655607631073e-05
2017,July,Sacramento (SV),SBUS,Gas,PMTW,CAT,PM2_5,8.777913901907768e-06
2017,July,Sacramento (SV),SBUS,Gas,PMBW,CAT,PM,0.003335607238835381
2017,July,Sacramento (SV),SBUS,Gas,PMBW,CAT,PM10,0.0032688950940586757
2017,July,Sacramento (SV),SBUS,Gas,PMBW,CAT,PM2_5,0.0014009550403108616
2017,July,Sacramento (SV),OBUS,Gas,RUNEX,CAT,CO,0.12244454524845594
2017,July,Sacramento (SV),OBUS,Gas,RUNEX,CAT,NOx,0.03165758924675568
2017,July,Sacramento (SV),OBUS,Gas,RUNEX,CAT,SOx,0.0007007960437406345
2017,July,Sacramento (SV),OBUS,Gas,RUNEX,CAT,PM,3.6910005687296924e-05
2017,July,Sacramento (SV),OBUS,Gas,RUNEX,CAT,TOG,0.007717904957630266
2017,July,Sacramento (SV),OBUS,Gas,RUNEX,CAT,PM10,3.2997545084443385e-05
2017,July,Sacramento (SV),OBUS,Gas,RUNEX,CAT,PM2_5,3.0340024674958007e-05
2017,July,Sacramento (SV),OBUS,Gas,RUNEX,NCAT,CO,0.005693350826177986
2017,July,Sacramento (SV),OBUS,Gas,RUNEX,NCAT,NOx,0.00016909016542510495
2017,July,Sacramento (SV),OBUS,Gas,RUNEX,NCAT,SOx,8.309402559928546e-07
2017,July,Sacramento (SV),OBUS,Gas,RUNEX,NCAT,PM,1.636219614074283e-06
2017,July,Sacramento (SV),OBUS,Gas,RUNEX,NCAT,TOG,0.00026493566340444065
2017,July,Sacramento (SV),OBUS,Gas,RUNEX,NCAT,PM10,1.5724070491253865e-06
2017,July,Sacramento (SV),OBUS,Gas,RUNEX,NCAT,PM2_5,1.5004133861061173e-06
2017,July,Sacramento (SV),OBUS,Gas,IDLEX,CAT,CO,0.004108692399188716
2017,July,Sacramento (SV),OBUS,Gas,IDLEX,CAT,NOx,4.629463152987924e-05
2017,July,Sacramento (SV),OBUS,Gas,IDLEX,CAT,SOx,2.760878543813033e-06
2017,July,Sacramento (SV),OBUS,Gas,IDLEX,CAT,TOG,0.0007740155731303932
2017,July,Sacramento (SV),OBUS,Gas,IDLEX,NCAT,CO,2.085196680625074e-05
2017,July,Sacramento (SV),OBUS,Gas,IDLEX,NCAT,NOx,2.357985533622593e-07
2017,July,Sacramento (SV),OBUS,Gas,IDLEX,NCAT,SOx,1.5759216499091422e-08
2017,July,Sacramento (SV),OBUS,Gas,IDLEX,NCAT,TOG,3.7479677392031527e-06
2017,July,Sacramento (SV),OBUS,Gas,STREX,CAT,CO,0.0520193816557881
2017,July,Sacramento (SV),OBUS,Gas,STREX,CAT,NOx,0.004775502069069723
2017,July,Sacramento (SV),OBUS,Gas,STREX,CAT,SOx,3.92680986273279e-06
2017,July,Sacramento (SV),OBUS,Gas,STREX,CAT,PM,4.047412055120452e-06
2017,July,Sacramento (SV),OBUS,Gas,STREX,CAT,TOG,0.0027054121398609426
2017,July,Sacramento (SV),OBUS,Gas,STREX,CAT,PM10,3.6183863772776802e-06
2017,July,Sacramento (SV),OBUS,Gas,STREX,CAT,PM2_5,3.3269727093090134e-06
2017,July,Sacramento (SV),OBUS,Gas,STREX,NCAT,CO,1.1540303256082217e-05
2017,July,Sacramento (SV),OBUS,Gas,STREX,NCAT,NOx,4.124729389138021e-05
2017,July,Sacramento (SV),OBUS,Gas,STREX,NCAT,SOx,1.0290748279652573e-07
2017,July,Sacramento (SV),OBUS,Gas,STREX,NCAT,PM,1.23115840186944e-06
2017,July,Sacramento (SV),OBUS,Gas,STREX,NCAT,TOG,0.00023948320578335078
2017,July,Sacramento (SV),OBUS,Gas,STREX,NCAT,PM10,1.1831432241965312e-06
2017,July,Sacramento (SV),OBUS,Gas,STREX,NCAT,PM2_5,1.1289722545142767e-06
2017,July,Sacramento (SV),OBUS,Gas,HOTSOAK,CAT,TOG,0.00047727522094817554
2017,July,Sacramento (SV),OBUS,Gas,HOTSOAK,NCAT,TOG,5.1401862727864515e-05
2017,July,Sacramento (SV),OBUS,Gas,RUNLOSS,CAT,TOG,0.004501050792138279
2017,July,Sacramento (SV),OBUS,Gas,RUNLOSS,NCAT,TOG,0.00023891122684134298
2017,July,Sacramento (SV),OBUS,Gas,RESTLOSS,CAT,TOG,2.091756594970522e-05
2017,July,Sacramento (SV),OBUS,Gas,RESTLOSS,NCAT,TOG,1.2634977749367761e-06
2017,July,Sacramento (SV),OBUS,Gas,DIURN,CAT,TOG,9.821337051765256e-05
2017,July,Sacramento (SV),OBUS,Gas,DIURN,NCAT,TOG,6.805568319549805e-06
2017,July,Sacramento (SV),OBUS,Gas,PMTW,CAT,PM,0.00045302841990752847
2017,July,Sacramento (SV),OBUS,Gas,PMTW,CAT,PM10,0.00045302841990752847
2017,July,Sacramento (SV),OBUS,Gas,PMTW,CAT,PM2_5,0.00011325710497688212
2017,July,Sacramento (SV),OBUS,Gas,PMTW,NCAT,PM,4.712753477154243e-07
2017,July,Sacramento (SV),OBUS,Gas,PMTW,NCAT,PM10,4.712753477154243e-07
2017,July,Sacramento (SV),OBUS,Gas,PMTW,NCAT,PM2_5,1.1781883692885607e-07
2017,July,Sacramento (SV),OBUS,Gas,PMBW,CAT,PM,0.005021064987308437
2017,July,Sacramento (SV),OBUS,Gas,PMBW,CAT,PM10,0.004920643687562268
2017,July,Sacramento (SV),OBUS,Gas,PMBW,CAT,PM2_5,0.002108847294669545
2017,July,Sacramento (SV),OBUS,Gas,PMBW,NCAT,PM,5.223301770512621e-06
2017,July,Sacramento (SV),OBUS,Gas,PMBW,NCAT,PM10,5.118835735102365e-06
2017,July,Sacramento (SV),OBUS,Gas,PMBW,NCAT,PM2_5,2.1937867436152995e-06
2017,July,Sacramento (SV),MCY,Gas,RUNEX,CAT,CO,1.2693072119788622
2017,July,Sacramento (SV),MCY,Gas,RUNEX,CAT,NOx,0.09532777831327834
2017,July,Sacramento (SV),MCY,Gas,RUNEX,CAT,SOx,0.00021086954645654278
2017,July,Sacramento (SV),MCY,Gas,RUNEX,CAT,PM,0.00014468175393728673
2017,July,Sacramento (SV),MCY,Gas,RUNEX,CAT,TOG,0.22784222018409012
2017,July,Sacramento (SV),MCY,Gas,RUNEX,CAT,PM10,0.00013351856007474264
2017,July,Sacramento (SV),MCY,Gas,RUNEX,CAT,PM2_5,0.00012484544420222267
2017,July,Sacramento (SV),MCY,Gas,RUNEX,NCAT,CO,3.769869253163746
2017,July,Sacramento (SV),MCY,Gas,RUNEX,NCAT,NOx,0.13979765316574502
2017,July,Sacramento (SV),MCY,Gas,RUNEX,NCAT,SOx,0.0002530760300566512
2017,July,Sacramento (SV),MCY,Gas,RUNEX,NCAT,PM,0.00026712092924687956
2017,July,Sacramento (SV),MCY,Gas,RUNEX,NCAT,TOG,0.41573469532042534
2017,July,Sacramento (SV),MCY,Gas,RUNEX,NCAT,PM10,0.000252530140951443
2017,July,Sacramento (SV),MCY,Gas,RUNEX,NCAT,PM2_5,0.00023903284965361558
2017,July,Sacramento (SV),MCY,Gas,STREX,CAT,CO,0.11206345983478724
2017,July,Sacramento (SV),MCY,Gas,STREX,CAT,NOx,0.004665952480647163
2017,July,Sacramento (SV),MCY,Gas,STREX,CAT,SOx,1.0962660606857983e-05
2017,July,Sacramento (SV),MCY,Gas,STREX,CAT,PM,3.814598178811713e-05
2017,July,Sacramento (SV),MCY,Gas,STREX,CAT,TOG,0.030172536826378465
2017,July,Sacramento (SV),MCY,Gas,STREX,CAT,PM10,3.539777160618202e-05
2017,July,Sacramento (SV),MCY,Gas,STREX,CAT,PM2_5,3.319256522867562e-05
2017,July,Sacramento (SV),MCY,Gas,STREX,NCAT,CO,0.3570063847989442
2017,July,Sacramento (SV),MCY,Gas,STREX,NCAT,NOx,0.009736659375875052
2017,July,Sacramento (SV),MCY,Gas,STREX,NCAT,SOx,2.4955376778446195e-05
2017,July,Sacramento (SV),MCY,Gas,STREX,NCAT,PM,0.0001924220910838264
2017,July,Sacramento (SV),MCY,Gas,STREX,NCAT,TOG,0.08107663441894077
2017,July,Sacramento (SV),MCY,Gas,STREX,NCAT,PM10,0.00018362236564395217
2017,July,Sacramento (SV),MCY,Gas,STREX,NCAT,PM2_5,0.00017461448932502507
2017,July,Sacramento (SV),MCY,Gas,HOTSOAK,CAT,TOG,0.011477357963973499
2017,July,Sacramento (SV),MCY,Gas,HOTSOAK,NCAT,TOG,0.05986220262345607
2017,July,Sacramento (SV),MCY,Gas,RUNLOSS,CAT,TOG,0.018862772571069712
2017,July,Sacramento (SV),MCY,Gas,RUNLOSS,NCAT,TOG,0.13693287949052377
2017,July,Sacramento (SV),MCY,Gas,RESTLOSS,CAT,TOG,0.01586297760543125
2017,July,Sacramento (SV),MCY,Gas,RESTLOSS,NCAT,TOG,0.05945365461905003
2017,July,Sacramento (SV),MCY,Gas,DIURN,CAT,TOG,0.040249316617201186
2017,July,Sacramento (SV),MCY,Gas,DIURN,NCAT,TOG,0.14955531510932213
2017,July,Sacramento (SV),MCY,Gas,PMTW,CAT,PM,0.0004038373795973188
2017,July,Sacramento (SV),MCY,Gas,PMTW,CAT,PM10,0.0004038373795973188
2017,July,Sacramento (SV),MCY,Gas,PMTW,CAT,PM2_5,0.0001009593448993297
2017,July,Sacramento (SV),MCY,Gas,PMTW,NCAT,PM,0.0004771078324456457
2017,July,Sacramento (SV),MCY,Gas,PMTW,NCAT,PM10,0.0004771078324456457
2017,July,Sacramento (SV),MCY,Gas,PMTW,NCAT,PM2_5,0.00011927695811141143
2017,July,Sacramento (SV),MCY,Gas,PMBW,CAT,PM,0.0012115121387919563
2017,July,Sacramento (SV),MCY,Gas,PMBW,CAT,PM10,0.001187281896016118
2017,July,Sacramento (SV),MCY,Gas,PMBW,CAT,PM2_5,0.0005088350982926221
2017,July,Sacramento (SV),MCY,Gas,PMBW,NCAT,PM,0.0014313234973369342
2017,July,Sacramento (SV),MCY,Gas,PMBW,NCAT,PM10,0.0014026970273901967
2017,July,Sacramento (SV),MCY,Gas,PMBW,NCAT,PM2_5,0.0006011558688815132
2017,July,Sacramento (SV),MH,Gas,RUNEX,CAT,CO,0.12140701177988243
2017,July,Sacramento (SV),MH,Gas,RUNEX,CAT,NOx,0.022374380245570268
2017,July,Sacramento (SV),MH,Gas,RUNEX,CAT,SOx,0.0006382393956483178
2017,July,Sacramento (SV),MH,Gas,RUNEX,CAT,PM,8.431292388393176e-05
2017,July,Sacramento (SV),MH,Gas,RUNEX,CAT,TOG,0.006410515798575398
2017,July,Sacramento (SV),MH,Gas,RUNEX,CAT,PM10,7.537575395223489e-05
2017,July,Sacramento (SV),MH,Gas,RUNEX,CAT,PM2_5,6.930522343259175e-05
2017,July,Sacramento (SV),MH,Gas,RUNEX,NCAT,CO,0.024783455570549145
2017,July,Sacramento (SV),MH,Gas,RUNEX,NCAT,NOx,0.0006777063203502133
2017,July,Sacramento (SV),MH,Gas,RUNEX,NCAT,SOx,3.6203155042949646e-06
2017,July,Sacramento (SV),MH,Gas,RUNEX,NCAT,PM,7.1319841784154125e-06
2017,July,Sacramento (SV),MH,Gas,RUNEX,NCAT,TOG,0.0011179981645852955
2017,July,Sacramento (SV),MH,Gas,RUNEX,NCAT,PM10,6.853836795457214e-06
2017,July,Sacramento (SV),MH,Gas,RUNEX,NCAT,PM2_5,6.540029491606938e-06
2017,July,Sacramento (SV),MH,Gas,STREX,CAT,CO,0.0013034353329489671
2017,July,Sacramento (SV),MH,Gas,STREX,CAT,NOx,0.00011785120623228602
2017,July,Sacramento (SV),MH,Gas,STREX,CAT,SOx,1.0614275430172716e-07
2017,July,Sacramento (SV),MH,Gas,STREX,CAT,PM,2.024092697505353e-07
2017,July,Sacramento (SV),MH,Gas,STREX,CAT,TOG,6.652874166513526e-05
2017,July,Sacramento (SV),MH,Gas,STREX,CAT,PM10,1.8095388715697798e-07
2017,July,Sacramento (SV),MH,Gas,STREX,CAT,PM2_5,1.663804197349395e-07
2017,July,Sacramento (SV),MH,Gas,STREX,NCAT,CO,5.197188046826744e-07
2017,July,Sacramento (SV),MH,Gas,STREX,NCAT,NOx,1.8555592965684032e-06
2017,July,Sacramento (SV),MH,Gas,STREX,NCAT,SOx,4.600416340629163e-09
2017,July,Sacramento (SV),MH,Gas,STREX,NCAT,PM,5.504493761023681e-08
2017,July,Sacramento (SV),MH,Gas,STREX,NCAT,TOG,1.0686607418603072e-05
2017,July,Sacramento (SV),MH,Gas,STREX,NCAT,PM10,5.289818504343755e-08
2017,July,Sacramento (SV),MH,Gas,STREX,NCAT,PM2_5,5.0476207788587176e-08
2017,July,Sacramento (SV),MH,Gas,HOTSOAK,CAT,TOG,4.982823681887262e-05
2017,July,Sacramento (SV),MH,Gas,HOTSOAK,NCAT,TOG,2.2815145392806864e-06
2017,July,Sacramento (SV),MH,Gas,RUNLOSS,CAT,TOG,0.0009740986508923993
2017,July,Sacramento (SV),MH,Gas,RUNLOSS,NCAT,TOG,1.2626332543813969e-05
2017,July,Sacramento (SV),MH,Gas,RESTLOSS,CAT,TOG,0.00027228498254892473
2017,July,Sacramento (SV),MH,Gas,RESTLOSS,NCAT,TOG,1.1418110263595399e-05
2017,July,Sacramento (SV),MH,Gas,DIURN,CAT,TOG,0.001610362632111862
2017,July,Sacramento (SV),MH,Gas,DIURN,NCAT,TOG,6.182465701428043e-05
2017,July,Sacramento (SV),MH,Gas,PMTW,CAT,PM,0.0004135652588927815
2017,July,Sacramento (SV),MH,Gas,PMTW,CAT,PM10,0.0004135652588927815
2017,July,Sacramento (SV),MH,Gas,PMTW,CAT,PM2_5,0.00010339131472319538
2017,July,Sacramento (SV),MH,Gas,PMTW,NCAT,PM,2.054203662315366e-06
2017,July,Sacramento (SV),MH,Gas,PMTW,NCAT,PM10,2.054203662315366e-06
2017,July,Sacramento (SV),MH,Gas,PMTW,NCAT,PM2_5,5.135509155788415e-07
2017,July,Sacramento (SV),MH,Gas,PMBW,CAT,PM,0.0045836816193950015
2017,July,Sacramento (SV),MH,Gas,PMBW,CAT,PM10,0.0044920079870071
2017,July,Sacramento (SV),MH,Gas,PMBW,CAT,PM2_5,0.0019251462801459012
2017,July,Sacramento (SV),MH,Gas,PMBW,NCAT,PM,2.276742392399531e-05
2017,July,Sacramento (SV),MH,Gas,PMBW,NCAT,PM10,2.231207544551541e-05
2017,July,Sacramento (SV),MH,Gas,PMBW,NCAT,PM2_5,9.562318048078031e-06
2017,July,Sacramento (SV),MH,Dsl,RUNEX,DSL,CO,0.005736477897272612
2017,July,Sacramento (SV),MH,Dsl,RUNEX,DSL,NOx,0.06053979384163537
2017,July,Sacramento (SV),MH,Dsl,RUNEX,DSL,SOx,0.00010309937834599536
2017,July,Sacramento (SV),MH,Dsl,RUNEX,DSL,PM,0.0016480810583977543
2017,July,Sacramento (SV),MH,Dsl,RUNEX,DSL,TOG,0.001723664497282022
2017,July,Sacramento (SV),MH,Dsl,RUNEX,DSL,PM10,0.0016381925720473666
2017,July,Sacramento (SV),MH,Dsl,RUNEX,DSL,PM2_5,0.0015673250865362635
2017,July,Sacramento (SV),MH,Dsl,PMTW,DSL,PM,0.0001624185052660176
2017,July,Sacramento (SV),MH,Dsl,PMTW,DSL,PM10,0.0001624185052660176
2017,July,Sacramento (SV),MH,Dsl,PMTW,DSL,PM2_5,4.06046263165044e-05
2017,July,Sacramento (SV),MH,Dsl,PMBW,DSL,PM,0.0013501038250237692
2017,July,Sacramento (SV),MH,Dsl,PMBW,DSL,PM10,0.0013231017485232947
2017,July,Sacramento (SV),MH,Dsl,PMBW,DSL,PM2_5,0.0005670436065099826
2017,July,Sacramento (SV),UBUS,Gas,RUNEX,CAT,CO,0.005120946983049388
2017,July,Sacramento (SV),UBUS,Gas,RUNEX,CAT,NOx,0.003605469050135877
2017,July,Sacramento (SV),UBUS,Gas,RUNEX,CAT,SOx,0.00031043116314566057
2017,July,Sacramento (SV),UBUS,Gas,RUNEX,CAT,PM,9.995825604754667e-06
2017,July,Sacramento (SV),UBUS,Gas,RUNEX,CAT,TOG,0.0004556453312336576
2017,July,Sacramento (SV),UBUS,Gas,RUNEX,CAT,PM10,8.93626809065067e-06
2017,July,Sacramento (SV),UBUS,Gas,RUNEX,CAT,PM2_5,8.21656864710833e-06
2017,July,Sacramento (SV),UBUS,Gas,STREX,CAT,CO,0.005210223784434394
2017,July,Sacramento (SV),UBUS,Gas,STREX,CAT,NOx,0.0005919708302526963
2017,July,Sacramento (SV),UBUS,Gas,STREX,CAT,SOx,7.044663940493496e-07
2017,July,Sacramento (SV),UBUS,Gas,STREX,CAT,PM,1.832501402513732e-07
2017,July,Sacramento (SV),UBUS,Gas,STREX,CAT,TOG,0.00037599794296054324
2017,July,Sacramento (SV),UBUS,Gas,STREX,CAT,PM10,1.638256253847276e-07
2017,July,Sacramento (SV),UBUS,Gas,STREX,CAT,PM2_5,1.506316152866288e-07
2017,July,Sacramento (SV),UBUS,Gas,HOTSOAK,CAT,TOG,3.1377302948683705e-05
2017,July,Sacramento (SV),UBUS,Gas,RUNLOSS,CAT,TOG,0.00013108156016010422
2017,July,Sacramento (SV),UBUS,Gas,RESTLOSS,CAT,TOG,2.1002878478267432e-06
2017,July,Sacramento (SV),UBUS,Gas,DIURN,CAT,TOG,6.9076409062127794e-06
2017,July,Sacramento (SV),UBUS,Gas,PMTW,CAT,PM,0.00016045425152163762
2017,July,Sacramento (SV),UBUS,Gas,PMTW,CAT,PM10,0.00016045425152163762
2017,July,Sacramento (SV),UBUS,Gas,PMTW,CAT,PM2_5,4.0113562880409404e-05
2017,July,Sacramento (SV),UBUS,Gas,PMBW,CAT,PM,0.0017784933358145874
2017,July,Sacramento (SV),UBUS,Gas,PMBW,CAT,PM10,0.001742923469098295
2017,July,Sacramento (SV),UBUS,Gas,PMBW,CAT,PM2_5,0.0007469672010421271
2017,July,Sacramento (SV),UBUS,Dsl,RUNEX,DSL,CO,6.1913870326747e-05
2017,July,Sacramento (SV),UBUS,Dsl,RUNEX,DSL,NOx,0.000907058883652878
2017,July,Sacramento (SV),UBUS,Dsl,RUNEX,DSL,SOx,3.3455357170726994e-06
2017,July,Sacramento (SV),UBUS,Dsl,RUNEX,DSL,PM,1.6038914114685154e-06
2017,July,Sacramento (SV),UBUS,Dsl,RUNEX,DSL,TOG,2.0264512350052217e-05
2017,July,Sacramento (SV),UBUS,Dsl,RUNEX,DSL,PM10,1.594268062999703e-06
2017,July,Sacramento (SV),UBUS,Dsl,RUNEX,DSL,PM2_5,1.5253007323065568e-06
2017,July,Sacramento (SV),UBUS,Dsl,PMTW,DSL,PM,3.4355048317737686e-06
2017,July,Sacramento (SV),UBUS,Dsl,PMTW,DSL,PM10,3.4355048317737686e-06
2017,July,Sacramento (SV),UBUS,Dsl,PMTW,DSL,PM2_5,8.588762079434422e-07
2017,July,Sacramento (SV),UBUS,Dsl,PMBW,DSL,PM,3.807684521882596e-05
2017,July,Sacramento (SV),UBUS,Dsl,PMBW,DSL,PM10,3.7315308314449415e-05
2017,July,Sacramento (SV),UBUS,Dsl,PMBW,DSL,PM2_5,1.5992274991906903e-05
2017,July,Sacramento (SV),UBUS,Elec,PMTW,CAT,PM,6.204812457004153e-10
2017,July,Sacramento (SV),UBUS,Elec,PMTW,CAT,PM10,6.204812457004153e-10
2017,July,Sacramento (SV),UBUS,Elec,PMTW,CAT,PM2_5,1.5512031142510382e-10
2017,July,Sacramento (SV),UBUS,Elec,PMBW,CAT,PM,6.877000473179604e-09
2017,July,Sacramento (SV),UBUS,Elec,PMBW,CAT,PM10,6.7394604637160115e-09
2017,July,Sacramento (SV),UBUS,Elec,PMBW,CAT,PM2_5,2.888340198735433e-09
2017,July,Sacramento (SV),UBUS,NG,RUNEX,DSL,CO,1.7648777707804275
2017,July,Sacramento (SV),UBUS,NG,RUNEX,DSL,NOx,0.03481312006891132
2017,July,Sacramento (SV),UBUS,NG,RUNEX,DSL,PM,0.00013412147313519588
2017,July,Sacramento (SV),UBUS,NG,RUNEX,DSL,TOG,0.2502099516564169
2017,July,Sacramento (SV),UBUS,NG,RUNEX,DSL,PM10,0.00013331674429638467
2017,July,Sacramento (SV),UBUS,NG,RUNEX,DSL,PM2_5,0.00012754952095157132
2017,July,Sacramento (SV),UBUS,NG,PMTW,DSL,PM,0.0012461103093789486
2017,July,Sacramento (SV),UBUS,NG,PMTW,DSL,PM10,0.0012461103093789486
2017,July,Sacramento (SV),UBUS,NG,PMTW,DSL,PM2_5,0.00031152757734473715
2017,July,Sacramento (SV),UBUS,NG,PMBW,DSL,PM,0.002406760892605127
2017,July,Sacramento (SV),UBUS,NG,PMBW,DSL,PM10,0.0023586256747530248
2017,July,Sacramento (SV),UBUS,NG,PMBW,DSL,PM2_5,0.0010108395748941543
2017,July,Sacramento (SV),SBUS,Dsl,RUNEX,DSL,CO,0.011246512988528417
2017,July,Sacramento (SV),SBUS,Dsl,RUNEX,DSL,NOx,0.29867582680417004
2017,July,Sacramento (SV),SBUS,Dsl,RUNEX,DSL,PM,0.0020163758557797456
2017,July,Sacramento (SV),SBUS,Dsl,RUNEX,DSL,PM10,0.0020042776006450698
2017,July,Sacramento (SV),SBUS,Dsl,RUNEX,DSL,PM2_5,0.001917573438846539
2017,July,Sacramento (SV),SBUS,Dsl,IDLEX,DSL,CO,0.004553232145624107
2017,July,Sacramento (SV),SBUS,Dsl,IDLEX,DSL,NOx,0.05891747333626526
2017,July,Sacramento (SV),SBUS,Dsl,IDLEX,DSL,PM,7.943221939675897e-05
2017,July,Sacramento (SV),SBUS,Dsl,IDLEX,DSL,PM10,7.895562608037848e-05
2017,July,Sacramento (SV),SBUS,Dsl,IDLEX,DSL,PM2_5,7.55400406463179e-05
2017,July,Sacramento (SV),SBUS,Dsl,STREX,DSL,NOx,0.005837138899173686
2017,July,Sacramento (SV),SBUS,Dsl,PMTW,DSL,PM,0.0004320084001010415
2017,July,Sacramento (SV),SBUS,Dsl,PMTW,DSL,PM10,0.0004320084001010415
2017,July,Sacramento (SV),SBUS,Dsl,PMTW,DSL,PM2_5,0.00010800210002526037
2017,July,Sacramento (SV),SBUS,Dsl,PMBW,DSL,PM,0.02736053200639929
2017,July,Sacramento (SV),SBUS,Dsl,PMBW,DSL,PM10,0.02681332136627129
2017,July,Sacramento (SV),SBUS,Dsl,PMBW,DSL,PM2_5,0.01149142344268769
2017,July,Sacramento (SV),SBUS,Dsl,RUNEX,DSL,SOx,0.0004040122475039936
2017,July,Sacramento (SV),SBUS,Dsl,IDLEX,DSL,SOx,4.2112016572443056e-05
2017,July,Sacramento (SV),SBUS,Dsl,RUNEX,DSL,TOG,0.0050495352316651185
2017,July,Sacramento (SV),SBUS,Dsl,IDLEX,DSL,TOG,0.00041559715817449463
2017,     ,Sacramento (SV),LDA,Dsl,RUNEX,DSL,NH3,0.000418909
2017,     ,Sacramento (SV),LDA,Gas,RUNEX,CAT,NH3,0.596768757
2017,     ,Sacramento (SV),LDT1,Dsl,RUNEX,DSL,NH3,3.13052e-05
2017,     ,Sacramento (SV),LDT1,Gas,RUNEX,CAT,NH3,0.074996494
2017,     ,Sacramento (SV),LDT2,Dsl,RUNEX,DSL,NH3,7.47668e-05
2017,     ,Sacramento (SV),LDT2,Gas,RUNEX,CAT,NH3,0.217072423
2017,     ,Sacramento (SV),LHD1,Dsl,RUNEX,DSL,NH3,0.057239356
2017,     ,Sacramento (SV),LHD1,Gas,RUNEX,CAT,NH3,0.032915173
2017,     ,Sacramento (SV),LHD2,Dsl,RUNEX,DSL,NH3,0.020951329
2017,     ,Sacramento (SV),LHD2,Gas,RUNEX,CAT,NH3,0.004136417
2017,     ,Sacramento (SV),MCY,Gas,RUNEX,CAT,NH3,0.003439793
2017,     ,Sacramento (SV),MDV,Dsl,RUNEX,DSL,NH3,0.000245565
2017,     ,Sacramento (SV),MDV,Gas,RUNEX,CAT,NH3,0.166776254
2017,     ,Sacramento (SV),MH,Dsl,RUNEX,DSL,NH3,0.00027421
2017,     ,Sacramento (SV),MH,Gas,RUNEX,CAT,NH3,0.001529462
2017,     ,Sacramento (SV),OBUS,Gas,RUNEX,CAT,NH3,0.00169544
2017,     ,Sacramento (SV),SBUS,Gas,RUNEX,CAT,NH3,0.000197598
2017,     ,Sacramento (SV),T6TS,Gas,RUNEX,CAT,NH3,0.005791733
2017,     ,Sacramento (SV),T7IS,Gas,RUNEX,CAT,NH3,1.51576e-05
2017,     ,Sacramento (SV),UBUS,Dsl,RUNEX,DSL,NH3,3.611e-05
2017,     ,Sacramento (SV),UBUS,Gas,RUNEX,CAT,NH3,0.000579515
2017,     ,Sacramento (SV),UBUS,NG,RUNEX,DSL,NH3,0.000970048
