calendar_year,season_month,sub_area,vehicle_class,fuel,process,cat_ncat,pollutant,emission
2017,July,San Bernardino (SC),LDA,Gas,RUNEX,CAT,CO,31.342224197651042
2017,July,San Bernardino (SC),LDA,Gas,RUNEX,CAT,NOx,1.7314416718470758
2017,July,San Bernardino (SC),LDA,Gas,RUNEX,CAT,SOx,0.08227490902790609
2017,July,San Bernardino (SC),LDA,Gas,RUNEX,CAT,PM,0.04209723178562014
2017,July,San Bernardino (SC),LDA,Gas,RUNEX,CAT,TOG,0.85353260314244
2017,July,San Bernardino (SC),LDA,Gas,RUNEX,CAT,PM10,0.03763849704046115
2017,July,San Bernardino (SC),LDA,Gas,RUNEX,CAT,PM2_5,0.03460898905451248
2017,July,San Bernardino (SC),LDA,Gas,RUNEX,NCAT,CO,0.5628959146575521
2017,July,San Bernardino (SC),LDA,Gas,RUNEX,NCAT,NOx,0.04018000703699018
2017,July,San Bernardino (SC),LDA,Gas,RUNEX,NCAT,SOx,4.9178239046878276e-05
2017,July,San Bernardino (SC),LDA,Gas,RUNEX,NCAT,PM,0.0004686189107011322
2017,July,San Bernardino (SC),LDA,Gas,RUNEX,NCAT,TOG,0.04745214863845074
2017,July,San Bernardino (SC),LDA,Gas,RUNEX,NCAT,PM10,0.0004467709490670234
2017,July,San Bernardino (SC),LDA,Gas,RUNEX,NCAT,PM2_5,0.00042465901438021195
2017,July,San Bernardino (SC),LDA,Gas,STREX,CAT,CO,5.548205222528722
2017,July,San Bernardino (SC),LDA,Gas,STREX,CAT,NOx,0.6583558901263906
2017,July,San Bernardino (SC),LDA,Gas,STREX,CAT,SOx,0.001640919664672697
2017,July,San Bernardino (SC),LDA,Gas,STREX,CAT,PM,0.006154685193838332
2017,July,San Bernardino (SC),LDA,Gas,STREX,CAT,TOG,0.9336289021900074
2017,July,San Bernardino (SC),LDA,Gas,STREX,CAT,PM10,0.005503673956603418
2017,July,San Bernardino (SC),LDA,Gas,STREX,CAT,PM2_5,0.005061115592986375
2017,July,San Bernardino (SC),LDA,Gas,STREX,NCAT,CO,0.08173948991933079
2017,July,San Bernardino (SC),LDA,Gas,STREX,NCAT,NOx,0.004455559689435668
2017,July,San Bernardino (SC),LDA,Gas,STREX,NCAT,SOx,7.115097611701337e-06
2017,July,San Bernardino (SC),LDA,Gas,STREX,NCAT,PM,0.00019096658831804848
2017,July,San Bernardino (SC),LDA,Gas,STREX,NCAT,TOG,0.01228081248087925
2017,July,San Bernardino (SC),LDA,Gas,STREX,NCAT,PM10,0.00018213349806169574
2017,July,San Bernardino (SC),LDA,Gas,STREX,NCAT,PM2_5,0.0001731519978363797
2017,July,San Bernardino (SC),LDA,Gas,HOTSOAK,CAT,TOG,0.44170332808459556
2017,July,San Bernardino (SC),LDA,Gas,HOTSOAK,NCAT,TOG,0.013237546465258673
2017,July,San Bernardino (SC),LDA,Gas,RUNLOSS,CAT,TOG,0.7097197589554058
2017,July,San Bernardino (SC),LDA,Gas,RUNLOSS,NCAT,TOG,0.04678034456238749
2017,July,San Bernardino (SC),LDA,Gas,RESTLOSS,CAT,TOG,0.2822570516545659
2017,July,San Bernardino (SC),LDA,Gas,RESTLOSS,NCAT,TOG,0.010900865795333052
2017,July,San Bernardino (SC),LDA,Gas,DIURN,CAT,TOG,0.539814655096031
2017,July,San Bernardino (SC),LDA,Gas,DIURN,NCAT,TOG,0.021587218375822868
2017,July,San Bernardino (SC),LDA,Gas,PMTW,CAT,PM,0.20684347192264893
2017,July,San Bernardino (SC),LDA,Gas,PMTW,CAT,PM10,0.20684347192264893
2017,July,San Bernardino (SC),LDA,Gas,PMTW,CAT,PM2_5,0.05171086798066223
2017,July,San Bernardino (SC),LDA,Gas,PMTW,NCAT,PM,6.276832240415449e-05
2017,July,San Bernardino (SC),LDA,Gas,PMTW,NCAT,PM10,6.276832240415449e-05
2017,July,San Bernardino (SC),LDA,Gas,PMTW,NCAT,PM2_5,1.569208060103862e-05
2017,July,San Bernardino (SC),LDA,Gas,PMBW,CAT,PM,0.9695787746374172
2017,July,San Bernardino (SC),LDA,Gas,PMBW,CAT,PM10,0.9501871991446695
2017,July,San Bernardino (SC),LDA,Gas,PMBW,CAT,PM2_5,0.4072230853477156
2017,July,San Bernardino (SC),LDA,Gas,PMBW,NCAT,PM,0.00029422651126947416
2017,July,San Bernardino (SC),LDA,Gas,PMBW,NCAT,PM10,0.0002883419810440846
2017,July,San Bernardino (SC),LDA,Gas,PMBW,NCAT,PM2_5,0.00012357513473317916
2017,July,San Bernardino (SC),LDA,Dsl,RUNEX,DSL,CO,0.03549117196837513
2017,July,San Bernardino (SC),LDA,Dsl,RUNEX,DSL,NOx,0.022045160819941675
2017,July,San Bernardino (SC),LDA,Dsl,RUNEX,DSL,SOx,0.0002819752745376
2017,July,San Bernardino (SC),LDA,Dsl,RUNEX,DSL,PM,0.0020368921359714682
2017,July,San Bernardino (SC),LDA,Dsl,RUNEX,DSL,TOG,0.003751854822893234
2017,July,San Bernardino (SC),LDA,Dsl,RUNEX,DSL,PM10,0.0020246707831556364
2017,July,San Bernardino (SC),LDA,Dsl,RUNEX,DSL,PM2_5,0.001937084421308862
2017,July,San Bernardino (SC),LDA,Dsl,PMTW,DSL,PM,0.0010498926459971628
2017,July,San Bernardino (SC),LDA,Dsl,PMTW,DSL,PM10,0.0010498926459971628
2017,July,San Bernardino (SC),LDA,Dsl,PMTW,DSL,PM2_5,0.0002624731614992907
2017,July,San Bernardino (SC),LDA,Dsl,PMBW,DSL,PM,0.004921371778111704
2017,July,San Bernardino (SC),LDA,Dsl,PMBW,DSL,PM10,0.004822944342549472
2017,July,San Bernardino (SC),LDA,Dsl,PMBW,DSL,PM2_5,0.0020669761468069163
2017,July,San Bernardino (SC),LDA,Elec,HOTSOAK,CAT,TOG,6.415631725076585e-05
2017,July,San Bernardino (SC),LDA,Elec,RESTLOSS,CAT,TOG,5.0552664618001685e-05
2017,July,San Bernardino (SC),LDA,Elec,DIURN,CAT,TOG,0.00017490223789888058
2017,July,San Bernardino (SC),LDA,Elec,PMTW,CAT,PM,0.0007699500697119198
2017,July,San Bernardino (SC),LDA,Elec,PMTW,CAT,PM10,0.0007699500697119198
2017,July,San Bernardino (SC),LDA,Elec,PMTW,CAT,PM2_5,0.00019248751742797994
2017,July,San Bernardino (SC),LDA,Elec,PMBW,CAT,PM,0.0036091409517746247
2017,July,San Bernardino (SC),LDA,Elec,PMBW,CAT,PM10,0.00353695813273913
2017,July,San Bernardino (SC),LDA,Elec,PMBW,CAT,PM2_5,0.001515839199745342
2017,July,San Bernardino (SC),LDT1,Gas,RUNEX,CAT,CO,6.735715281460684
2017,July,San Bernardino (SC),LDT1,Gas,RUNEX,CAT,NOx,0.5049538229342433
2017,July,San Bernardino (SC),LDT1,Gas,RUNEX,CAT,SOx,0.008147620353271373
2017,July,San Bernardino (SC),LDT1,Gas,RUNEX,CAT,PM,0.007618921963946938
2017,July,San Bernardino (SC),LDT1,Gas,RUNEX,CAT,TOG,0.23011471228663444
2017,July,San Bernardino (SC),LDT1,Gas,RUNEX,CAT,PM10,0.006812975963397858
2017,July,San Bernardino (SC),LDT1,Gas,RUNEX,CAT,PM2_5,0.0062651071995104045
2017,July,San Bernardino (SC),LDT1,Gas,RUNEX,NCAT,CO,0.24524145001230926
2017,July,San Bernardino (SC),LDT1,Gas,RUNEX,NCAT,NOx,0.01750143225843116
2017,July,San Bernardino (SC),LDT1,Gas,RUNEX,NCAT,SOx,2.139732298075813e-05
2017,July,San Bernardino (SC),LDT1,Gas,RUNEX,NCAT,PM,0.00021029987577344267
2017,July,San Bernardino (SC),LDT1,Gas,RUNEX,NCAT,TOG,0.0208890580859551
2017,July,San Bernardino (SC),LDT1,Gas,RUNEX,NCAT,PM10,0.00020043845298898226
2017,July,San Bernardino (SC),LDT1,Gas,RUNEX,NCAT,PM2_5,0.0001904916409382298
2017,July,San Bernardino (SC),LDT1,Gas,STREX,CAT,CO,0.6343180235959692
2017,July,San Bernardino (SC),LDT1,Gas,STREX,CAT,NOx,0.1127428757498782
2017,July,San Bernardino (SC),LDT1,Gas,STREX,CAT,SOx,0.00019424863555219125
2017,July,San Bernardino (SC),LDT1,Gas,STREX,CAT,PM,0.0011652767113031186
2017,July,San Bernardino (SC),LDT1,Gas,STREX,CAT,TOG,0.18046095993643127
2017,July,San Bernardino (SC),LDT1,Gas,STREX,CAT,PM10,0.0010420988016783693
2017,July,San Bernardino (SC),LDT1,Gas,STREX,CAT,PM2_5,0.0009583415621907338
2017,July,San Bernardino (SC),LDT1,Gas,STREX,NCAT,CO,0.01875261513422733
2017,July,San Bernardino (SC),LDT1,Gas,STREX,NCAT,NOx,0.0009495936813024581
2017,July,San Bernardino (SC),LDT1,Gas,STREX,NCAT,SOx,1.5435942085279703e-06
2017,July,San Bernardino (SC),LDT1,Gas,STREX,NCAT,PM,4.1360038161965176e-05
2017,July,San Bernardino (SC),LDT1,Gas,STREX,NCAT,TOG,0.0026575504507850645
2017,July,San Bernardino (SC),LDT1,Gas,STREX,NCAT,PM10,3.9405574900267745e-05
2017,July,San Bernardino (SC),LDT1,Gas,STREX,NCAT,PM2_5,3.7443049494952225e-05
2017,July,San Bernardino (SC),LDT1,Gas,HOTSOAK,CAT,TOG,0.11934149609680716
2017,July,San Bernardino (SC),LDT1,Gas,HOTSOAK,NCAT,TOG,0.0027548253952561024
2017,July,San Bernardino (SC),LDT1,Gas,RUNLOSS,CAT,TOG,0.3390871915550208
2017,July,San Bernardino (SC),LDT1,Gas,RUNLOSS,NCAT,TOG,0.004411136110836683
2017,July,San Bernardino (SC),LDT1,Gas,RESTLOSS,CAT,TOG,0.07763188803227354
2017,July,San Bernardino (SC),LDT1,Gas,RESTLOSS,NCAT,TOG,0.0022953754542365196
2017,July,San Bernardino (SC),LDT1,Gas,DIURN,CAT,TOG,0.1666026379846531
2017,July,San Bernardino (SC),LDT1,Gas,DIURN,NCAT,TOG,0.004515656733586408
2017,July,San Bernardino (SC),LDT1,Gas,PMTW,CAT,PM,0.01748254873005301
2017,July,San Bernardino (SC),LDT1,Gas,PMTW,CAT,PM10,0.01748254873005301
2017,July,San Bernardino (SC),LDT1,Gas,PMTW,CAT,PM2_5,0.004370637182513253
2017,July,San Bernardino (SC),LDT1,Gas,PMTW,NCAT,PM,2.8162827490003188e-05
2017,July,San Bernardino (SC),LDT1,Gas,PMTW,NCAT,PM10,2.8162827490003188e-05
2017,July,San Bernardino (SC),LDT1,Gas,PMTW,NCAT,PM2_5,7.040706872500797e-06
2017,July,San Bernardino (SC),LDT1,Gas,PMBW,CAT,PM,0.08194944717212357
2017,July,San Bernardino (SC),LDT1,Gas,PMBW,CAT,PM10,0.080310458228681
2017,July,San Bernardino (SC),LDT1,Gas,PMBW,CAT,PM2_5,0.03441876781229189
2017,July,San Bernardino (SC),LDT1,Gas,PMBW,NCAT,PM,0.00013201325385939002
2017,July,San Bernardino (SC),LDT1,Gas,PMBW,NCAT,PM10,0.00012937298878220221
2017,July,San Bernardino (SC),LDT1,Gas,PMBW,NCAT,PM2_5,5.544556662094382e-05
2017,July,San Bernardino (SC),LDT2,Gas,RUNEX,CAT,CO,13.382435946193125
2017,July,San Bernardino (SC),LDT2,Gas,RUNEX,CAT,NOx,1.1369526516835853
2017,July,San Bernardino (SC),LDT2,Gas,RUNEX,CAT,SOx,0.03041212006802044
2017,July,San Bernardino (SC),LDT2,Gas,RUNEX,CAT,PM,0.013408597447903273
2017,July,San Bernardino (SC),LDT2,Gas,RUNEX,CAT,TOG,0.39244855825466995
2017,July,San Bernardino (SC),LDT2,Gas,RUNEX,CAT,PM10,0.011990194881416772
2017,July,San Bernardino (SC),LDT2,Gas,RUNEX,CAT,PM2_5,0.01102599146761183
2017,July,San Bernardino (SC),LDT2,Gas,RUNEX,NCAT,CO,0.3887530327359627
2017,July,San Bernardino (SC),LDT2,Gas,RUNEX,NCAT,NOx,0.0283507226840074
2017,July,San Bernardino (SC),LDT2,Gas,RUNEX,NCAT,SOx,3.4344780846944045e-05
2017,July,San Bernardino (SC),LDT2,Gas,RUNEX,NCAT,PM,0.00033756385715519543
2017,July,San Bernardino (SC),LDT2,Gas,RUNEX,NCAT,TOG,0.03424003972770646
2017,July,San Bernardino (SC),LDT2,Gas,RUNEX,NCAT,PM10,0.00032149010373490507
2017,July,San Bernardino (SC),LDT2,Gas,RUNEX,NCAT,PM2_5,0.0003054216915759767
2017,July,San Bernardino (SC),LDT2,Gas,STREX,CAT,CO,2.361935458670405
2017,July,San Bernardino (SC),LDT2,Gas,STREX,CAT,NOx,0.3878813899655184
2017,July,San Bernardino (SC),LDT2,Gas,STREX,CAT,SOx,0.0007005349251213941
2017,July,San Bernardino (SC),LDT2,Gas,STREX,CAT,PM,0.002073330004043552
2017,July,San Bernardino (SC),LDT2,Gas,STREX,CAT,TOG,0.42176230480528176
2017,July,San Bernardino (SC),LDT2,Gas,STREX,CAT,PM10,0.0018541538761774996
2017,July,San Bernardino (SC),LDT2,Gas,STREX,CAT,PM2_5,0.0017051235468080307
2017,July,San Bernardino (SC),LDT2,Gas,STREX,NCAT,CO,0.03023435788556069
2017,July,San Bernardino (SC),LDT2,Gas,STREX,NCAT,NOx,0.0015211427453850686
2017,July,San Bernardino (SC),LDT2,Gas,STREX,NCAT,SOx,2.471898461808627e-06
2017,July,San Bernardino (SC),LDT2,Gas,STREX,NCAT,PM,6.639230824285183e-05
2017,July,San Bernardino (SC),LDT2,Gas,STREX,NCAT,TOG,0.004340489848176828
2017,July,San Bernardino (SC),LDT2,Gas,STREX,NCAT,PM10,6.320615565881837e-05
2017,July,San Bernardino (SC),LDT2,Gas,STREX,NCAT,PM2_5,6.0035463174465175e-05
2017,July,San Bernardino (SC),LDT2,Gas,HOTSOAK,CAT,TOG,0.17877192273234999
2017,July,San Bernardino (SC),LDT2,Gas,HOTSOAK,NCAT,TOG,0.00438498063320152
2017,July,San Bernardino (SC),LDT2,Gas,RUNLOSS,CAT,TOG,0.4781972063365307
2017,July,San Bernardino (SC),LDT2,Gas,RUNLOSS,NCAT,TOG,0.0063237155778087155
2017,July,San Bernardino (SC),LDT2,Gas,RESTLOSS,CAT,TOG,0.12520535893061402
2017,July,San Bernardino (SC),LDT2,Gas,RESTLOSS,NCAT,TOG,0.003821440141707445
2017,July,San Bernardino (SC),LDT2,Gas,DIURN,CAT,TOG,0.22723080668577308
2017,July,San Bernardino (SC),LDT2,Gas,DIURN,NCAT,TOG,0.007375627577355993
2017,July,San Bernardino (SC),LDT2,Gas,PMTW,CAT,PM,0.05902798175173104
2017,July,San Bernardino (SC),LDT2,Gas,PMTW,CAT,PM10,0.05902798175173104
2017,July,San Bernardino (SC),LDT2,Gas,PMTW,CAT,PM2_5,0.01475699543793276
2017,July,San Bernardino (SC),LDT2,Gas,PMTW,NCAT,PM,4.519682957651268e-05
2017,July,San Bernardino (SC),LDT2,Gas,PMTW,NCAT,PM10,4.519682957651268e-05
2017,July,San Bernardino (SC),LDT2,Gas,PMTW,NCAT,PM2_5,1.129920739412817e-05
2017,July,San Bernardino (SC),LDT2,Gas,PMBW,CAT,PM,0.27669366446123933
2017,July,San Bernardino (SC),LDT2,Gas,PMBW,CAT,PM10,0.27115979117201444
2017,July,San Bernardino (SC),LDT2,Gas,PMBW,CAT,PM2_5,0.11621133907372051
2017,July,San Bernardino (SC),LDT2,Gas,PMBW,NCAT,PM,0.0002118601386399033
2017,July,San Bernardino (SC),LDT2,Gas,PMBW,NCAT,PM10,0.00020762293586710533
2017,July,San Bernardino (SC),LDT2,Gas,PMBW,NCAT,PM2_5,8.898125822875936e-05
2017,July,San Bernardino (SC),MDV,Gas,RUNEX,CAT,CO,12.26601681794889
2017,July,San Bernardino (SC),MDV,Gas,RUNEX,CAT,NOx,1.1155174067650868
2017,July,San Bernardino (SC),MDV,Gas,RUNEX,CAT,SOx,0.032366425325349606
2017,July,San Bernardino (SC),MDV,Gas,RUNEX,CAT,PM,0.011835213422380149
2017,July,San Bernardino (SC),MDV,Gas,RUNEX,CAT,TOG,0.3967617268305029
2017,July,San Bernardino (SC),MDV,Gas,RUNEX,CAT,PM10,0.010583603075125314
2017,July,San Bernardino (SC),MDV,Gas,RUNEX,CAT,PM2_5,0.009732688958183909
2017,July,San Bernardino (SC),MDV,Gas,RUNEX,NCAT,CO,1.3424797236350372
2017,July,San Bernardino (SC),MDV,Gas,RUNEX,NCAT,NOx,0.07417034630836712
2017,July,San Bernardino (SC),MDV,Gas,RUNEX,NCAT,SOx,8.024248108814035e-05
2017,July,San Bernardino (SC),MDV,Gas,RUNEX,NCAT,PM,0.0006092824074445069
2017,July,San Bernardino (SC),MDV,Gas,RUNEX,NCAT,TOG,0.07078290068949104
2017,July,San Bernardino (SC),MDV,Gas,RUNEX,NCAT,PM10,0.0005825981180367153
2017,July,San Bernardino (SC),MDV,Gas,RUNEX,NCAT,PM2_5,0.0005545684426391764
2017,July,San Bernardino (SC),MDV,Gas,STREX,CAT,CO,2.578843278670907
2017,July,San Bernardino (SC),MDV,Gas,STREX,CAT,NOx,0.4123258006210101
2017,July,San Bernardino (SC),MDV,Gas,STREX,CAT,SOx,0.0007625007717745779
2017,July,San Bernardino (SC),MDV,Gas,STREX,CAT,PM,0.0019892099074786743
2017,July,San Bernardino (SC),MDV,Gas,STREX,CAT,TOG,0.48005539792866847
2017,July,San Bernardino (SC),MDV,Gas,STREX,CAT,PM10,0.001778959677399395
2017,July,San Bernardino (SC),MDV,Gas,STREX,CAT,PM2_5,0.0016359898261978985
2017,July,San Bernardino (SC),MDV,Gas,STREX,NCAT,CO,0.09700598657860243
2017,July,San Bernardino (SC),MDV,Gas,STREX,NCAT,NOx,0.003984210936192716
2017,July,San Bernardino (SC),MDV,Gas,STREX,NCAT,SOx,5.785201438448881e-06
2017,July,San Bernardino (SC),MDV,Gas,STREX,NCAT,PM,0.00011856347831733451
2017,July,San Bernardino (SC),MDV,Gas,STREX,NCAT,TOG,0.00986858316100549
2017,July,San Bernardino (SC),MDV,Gas,STREX,NCAT,PM10,0.00011333348254949741
2017,July,San Bernardino (SC),MDV,Gas,STREX,NCAT,PM2_5,0.00010786342736656573
2017,July,San Bernardino (SC),MDV,Gas,HOTSOAK,CAT,TOG,0.16368810227100036
2017,July,San Bernardino (SC),MDV,Gas,HOTSOAK,NCAT,TOG,0.005376355619629437
2017,July,San Bernardino (SC),MDV,Gas,RUNLOSS,CAT,TOG,0.42525274136227653
2017,July,San Bernardino (SC),MDV,Gas,RUNLOSS,NCAT,TOG,0.009393451528623335
2017,July,San Bernardino (SC),MDV,Gas,RESTLOSS,CAT,TOG,0.1195970888597883
2017,July,San Bernardino (SC),MDV,Gas,RESTLOSS,NCAT,TOG,0.006985728297174902
2017,July,San Bernardino (SC),MDV,Gas,DIURN,CAT,TOG,0.20438293668409033
2017,July,San Bernardino (SC),MDV,Gas,DIURN,NCAT,TOG,0.013243249768817942
2017,July,San Bernardino (SC),MDV,Gas,PMTW,CAT,PM,0.05287963121328523
2017,July,San Bernardino (SC),MDV,Gas,PMTW,CAT,PM10,0.05287963121328523
2017,July,San Bernardino (SC),MDV,Gas,PMTW,CAT,PM2_5,0.013219907803321308
2017,July,San Bernardino (SC),MDV,Gas,PMTW,NCAT,PM,8.202639741825904e-05
2017,July,San Bernardino (SC),MDV,Gas,PMTW,NCAT,PM10,8.202639741825904e-05
2017,July,San Bernardino (SC),MDV,Gas,PMTW,NCAT,PM2_5,2.050659935456476e-05
2017,July,San Bernardino (SC),MDV,Gas,PMBW,CAT,PM,0.24787327131227463
2017,July,San Bernardino (SC),MDV,Gas,PMBW,CAT,PM10,0.24291580588602937
2017,July,San Bernardino (SC),MDV,Gas,PMBW,CAT,PM2_5,0.10410677395115533
2017,July,San Bernardino (SC),MDV,Gas,PMBW,NCAT,PM,0.00038449873789808957
2017,July,San Bernardino (SC),MDV,Gas,PMBW,NCAT,PM10,0.0003768087631401277
2017,July,San Bernardino (SC),MDV,Gas,PMBW,NCAT,PM2_5,0.0001614894699171976
2017,July,San Bernardino (SC),LHD1,Gas,RUNEX,CAT,CO,0.8433371736017737
2017,July,San Bernardino (SC),LHD1,Gas,RUNEX,CAT,NOx,0.16853525570759678
2017,July,San Bernardino (SC),LHD1,Gas,RUNEX,CAT,SOx,0.0044390511971579725
2017,July,San Bernardino (SC),LHD1,Gas,RUNEX,CAT,PM,0.0008346844802835656
2017,July,San Bernardino (SC),LHD1,Gas,RUNEX,CAT,TOG,0.04625776028159406
2017,July,San Bernardino (SC),LHD1,Gas,RUNEX,CAT,PM10,0.0007462079253735098
2017,July,San Bernardino (SC),LHD1,Gas,RUNEX,CAT,PM2_5,0.0006861106427930918
2017,July,San Bernardino (SC),LHD1,Gas,RUNEX,NCAT,CO,0.20599614518635395
2017,July,San Bernardino (SC),LHD1,Gas,RUNEX,NCAT,NOx,0.006322862351829578
2017,July,San Bernardino (SC),LHD1,Gas,RUNEX,NCAT,SOx,2.0108875763753388e-05
2017,July,San Bernardino (SC),LHD1,Gas,RUNEX,NCAT,PM,7.422520194258225e-05
2017,July,San Bernardino (SC),LHD1,Gas,RUNEX,NCAT,TOG,0.008262332140515973
2017,July,San Bernardino (SC),LHD1,Gas,RUNEX,NCAT,PM10,7.133041906682158e-05
2017,July,San Bernardino (SC),LHD1,Gas,RUNEX,NCAT,PM2_5,6.806451018134792e-05
2017,July,San Bernardino (SC),LHD1,Gas,IDLEX,CAT,CO,0.057560261513774864
2017,July,San Bernardino (SC),LHD1,Gas,IDLEX,CAT,NOx,0.0006445660848794196
2017,July,San Bernardino (SC),LHD1,Gas,IDLEX,CAT,SOx,1.9058506498710218e-05
2017,July,San Bernardino (SC),LHD1,Gas,IDLEX,CAT,TOG,0.010755631771913946
2017,July,San Bernardino (SC),LHD1,Gas,IDLEX,NCAT,CO,0.00046494178456923864
2017,July,San Bernardino (SC),LHD1,Gas,IDLEX,NCAT,NOx,5.2576623211499414e-06
2017,July,San Bernardino (SC),LHD1,Gas,IDLEX,NCAT,SOx,1.7131778640909732e-07
2017,July,San Bernardino (SC),LHD1,Gas,IDLEX,NCAT,TOG,8.356942178953968e-05
2017,July,San Bernardino (SC),LHD1,Gas,STREX,CAT,CO,0.44329337213555053
2017,July,San Bernardino (SC),LHD1,Gas,STREX,CAT,NOx,0.12858517530209204
2017,July,San Bernardino (SC),LHD1,Gas,STREX,CAT,SOx,4.418910202321495e-05
2017,July,San Bernardino (SC),LHD1,Gas,STREX,CAT,PM,0.00013619287743477882
2017,July,San Bernardino (SC),LHD1,Gas,STREX,CAT,TOG,0.04114818540286133
2017,July,San Bernardino (SC),LHD1,Gas,STREX,CAT,PM10,0.00012175643242669207
2017,July,San Bernardino (SC),LHD1,Gas,STREX,CAT,PM2_5,0.00011195054525138813
2017,July,San Bernardino (SC),LHD1,Gas,STREX,NCAT,CO,0.00020676686512989767
2017,July,San Bernardino (SC),LHD1,Gas,STREX,NCAT,NOx,0.0007265879235126429
2017,July,San Bernardino (SC),LHD1,Gas,STREX,NCAT,SOx,1.376758422475396e-06
2017,July,San Bernardino (SC),LHD1,Gas,STREX,NCAT,PM,3.1714510685440945e-05
2017,July,San Bernardino (SC),LHD1,Gas,STREX,NCAT,TOG,0.004249344844174552
2017,July,San Bernardino (SC),LHD1,Gas,STREX,NCAT,PM10,3.0477644768708754e-05
2017,July,San Bernardino (SC),LHD1,Gas,STREX,NCAT,PM2_5,2.9082206298549363e-05
2017,July,San Bernardino (SC),LHD1,Gas,HOTSOAK,CAT,TOG,0.04167525538746592
2017,July,San Bernardino (SC),LHD1,Gas,HOTSOAK,NCAT,TOG,0.0035980269008492097
2017,July,San Bernardino (SC),LHD1,Gas,RUNLOSS,CAT,TOG,0.25370742306005384
2017,July,San Bernardino (SC),LHD1,Gas,RUNLOSS,NCAT,TOG,0.007300849133964255
2017,July,San Bernardino (SC),LHD1,Gas,RESTLOSS,CAT,TOG,0.0008798180279190493
2017,July,San Bernardino (SC),LHD1,Gas,RESTLOSS,NCAT,TOG,5.536082858071378e-05
2017,July,San Bernardino (SC),LHD1,Gas,DIURN,CAT,TOG,0.002829878091184501
2017,July,San Bernardino (SC),LHD1,Gas,DIURN,NCAT,TOG,0.00017424607500206285
2017,July,San Bernardino (SC),LHD1,Gas,PMTW,CAT,PM,0.004383701112301788
2017,July,San Bernardino (SC),LHD1,Gas,PMTW,CAT,PM10,0.004383701112301788
2017,July,San Bernardino (SC),LHD1,Gas,PMTW,CAT,PM2_5,0.001095925278075447
2017,July,San Bernardino (SC),LHD1,Gas,PMTW,NCAT,PM,1.632471386664156e-05
2017,July,San Bernardino (SC),LHD1,Gas,PMTW,NCAT,PM10,1.632471386664156e-05
2017,July,San Bernardino (SC),LHD1,Gas,PMTW,NCAT,PM2_5,4.08117846666039e-06
2017,July,San Bernardino (SC),LHD1,Gas,PMBW,CAT,PM,0.04274108584494239
2017,July,San Bernardino (SC),LHD1,Gas,PMBW,CAT,PM10,0.041886264128043554
2017,July,San Bernardino (SC),LHD1,Gas,PMBW,CAT,PM2_5,0.017951256054875797
2017,July,San Bernardino (SC),LHD1,Gas,PMBW,NCAT,PM,0.00015916596019975522
2017,July,San Bernardino (SC),LHD1,Gas,PMBW,NCAT,PM10,0.0001559826409957601
2017,July,San Bernardino (SC),LHD1,Gas,PMBW,NCAT,PM2_5,6.684970328389717e-05
2017,July,San Bernardino (SC),LHD2,Gas,RUNEX,CAT,CO,0.10164034742421404
2017,July,San Bernardino (SC),LHD2,Gas,RUNEX,CAT,NOx,0.025181996981158278
2017,July,San Bernardino (SC),LHD2,Gas,RUNEX,CAT,SOx,0.0009002605122582485
2017,July,San Bernardino (SC),LHD2,Gas,RUNEX,CAT,PM,0.00011694099334482635
2017,July,San Bernardino (SC),LHD2,Gas,RUNEX,CAT,TOG,0.005422296359886267
2017,July,San Bernardino (SC),LHD2,Gas,RUNEX,CAT,PM10,0.00010454524805027486
2017,July,San Bernardino (SC),LHD2,Gas,RUNEX,CAT,PM2_5,9.61254965294473e-05
2017,July,San Bernardino (SC),LHD2,Gas,RUNEX,NCAT,CO,0.003440928399908017
2017,July,San Bernardino (SC),LHD2,Gas,RUNEX,NCAT,NOx,0.000110864333965539
2017,July,San Bernardino (SC),LHD2,Gas,RUNEX,NCAT,SOx,3.7745488264699104e-07
2017,July,San Bernardino (SC),LHD2,Gas,RUNEX,NCAT,PM,1.2439177441602566e-06
2017,July,San Bernardino (SC),LHD2,Gas,RUNEX,NCAT,TOG,0.0001412112900959299
2017,July,San Bernardino (SC),LHD2,Gas,RUNEX,NCAT,PM10,1.195404952138007e-06
2017,July,San Bernardino (SC),LHD2,Gas,RUNEX,NCAT,PM2_5,1.1406725713949557e-06
2017,July,San Bernardino (SC),LHD2,Gas,IDLEX,CAT,CO,0.010046632622941847
2017,July,San Bernardino (SC),LHD2,Gas,IDLEX,CAT,NOx,0.00011274782697139934
2017,July,San Bernardino (SC),LHD2,Gas,IDLEX,CAT,SOx,3.823620568531981e-06
2017,July,San Bernardino (SC),LHD2,Gas,IDLEX,CAT,TOG,0.0018837655819498719
2017,July,San Bernardino (SC),LHD2,Gas,IDLEX,NCAT,CO,7.381933284465261e-06
2017,July,San Bernardino (SC),LHD2,Gas,IDLEX,NCAT,NOx,8.347649915555351e-08
2017,July,San Bernardino (SC),LHD2,Gas,IDLEX,NCAT,SOx,3.138921623925102e-09
2017,July,San Bernardino (SC),LHD2,Gas,IDLEX,NCAT,TOG,1.326841158927609e-06
2017,July,San Bernardino (SC),LHD2,Gas,STREX,CAT,CO,0.07241291734956745
2017,July,San Bernardino (SC),LHD2,Gas,STREX,CAT,NOx,0.02220659718949322
2017,July,San Bernardino (SC),LHD2,Gas,STREX,CAT,SOx,8.724813334947245e-06
2017,July,San Bernardino (SC),LHD2,Gas,STREX,CAT,PM,1.8360606811363334e-05
2017,July,San Bernardino (SC),LHD2,Gas,STREX,CAT,TOG,0.0065230865346181935
2017,July,San Bernardino (SC),LHD2,Gas,STREX,CAT,PM10,1.6414382489358795e-05
2017,July,San Bernardino (SC),LHD2,Gas,STREX,CAT,PM2_5,1.5092418798940631e-05
2017,July,San Bernardino (SC),LHD2,Gas,STREX,NCAT,CO,3.393867608232435e-06
2017,July,San Bernardino (SC),LHD2,Gas,STREX,NCAT,NOx,1.132606740554561e-05
2017,July,San Bernardino (SC),LHD2,Gas,STREX,NCAT,SOx,2.50860647536103e-08
2017,July,San Bernardino (SC),LHD2,Gas,STREX,NCAT,PM,5.035348721050936e-07
2017,July,San Bernardino (SC),LHD2,Gas,STREX,NCAT,TOG,6.733328661102619e-05
2017,July,San Bernardino (SC),LHD2,Gas,STREX,NCAT,PM10,4.838970120929949e-07
2017,July,San Bernardino (SC),LHD2,Gas,STREX,NCAT,PM2_5,4.6174147772037083e-07
2017,July,San Bernardino (SC),LHD2,Gas,HOTSOAK,CAT,TOG,0.005983853159978585
2017,July,San Bernardino (SC),LHD2,Gas,HOTSOAK,NCAT,TOG,5.718266290473172e-05
2017,July,San Bernardino (SC),LHD2,Gas,RUNLOSS,CAT,TOG,0.03593420585415394
2017,July,San Bernardino (SC),LHD2,Gas,RUNLOSS,NCAT,TOG,0.0001347397743692489
2017,July,San Bernardino (SC),LHD2,Gas,RESTLOSS,CAT,TOG,0.00012283921078466004
2017,July,San Bernardino (SC),LHD2,Gas,RESTLOSS,NCAT,TOG,8.412870723377881e-07
2017,July,San Bernardino (SC),LHD2,Gas,DIURN,CAT,TOG,0.00039114675532657574
2017,July,San Bernardino (SC),LHD2,Gas,DIURN,NCAT,TOG,2.701263275199754e-06
2017,July,San Bernardino (SC),LHD2,Gas,PMTW,CAT,PM,0.0007755933454327877
2017,July,San Bernardino (SC),LHD2,Gas,PMTW,CAT,PM10,0.0007755933454327877
2017,July,San Bernardino (SC),LHD2,Gas,PMTW,CAT,PM2_5,0.00019389833635819693
2017,July,San Bernardino (SC),LHD2,Gas,PMTW,NCAT,PM,2.735809498068167e-07
2017,July,San Bernardino (SC),LHD2,Gas,PMTW,NCAT,PM10,2.735809498068167e-07
2017,July,San Bernardino (SC),LHD2,Gas,PMTW,NCAT,PM2_5,6.839523745170418e-08
2017,July,San Bernardino (SC),LHD2,Gas,PMBW,CAT,PM,0.008822374304297958
2017,July,San Bernardino (SC),LHD2,Gas,PMBW,CAT,PM10,0.008645926818211998
2017,July,San Bernardino (SC),LHD2,Gas,PMBW,CAT,PM2_5,0.003705397207805144
2017,July,San Bernardino (SC),LHD2,Gas,PMBW,NCAT,PM,3.1119833040525385e-06
2017,July,San Bernardino (SC),LHD2,Gas,PMBW,NCAT,PM10,3.049743637971488e-06
2017,July,San Bernardino (SC),LHD2,Gas,PMBW,NCAT,PM2_5,1.3070329877020663e-06
2017,July,San Bernardino (SC),T6TS,Gas,RUNEX,CAT,CO,0.3402379672614946
2017,July,San Bernardino (SC),T6TS,Gas,RUNEX,CAT,NOx,0.0712982330116021
2017,July,San Bernardino (SC),T6TS,Gas,RUNEX,CAT,SOx,0.0014336089354250183
2017,July,San Bernardino (SC),T6TS,Gas,RUNEX,CAT,PM,0.00011388084112270407
2017,July,San Bernardino (SC),T6TS,Gas,RUNEX,CAT,TOG,0.01813171536232462
2017,July,San Bernardino (SC),T6TS,Gas,RUNEX,CAT,PM10,0.00010180947196369751
2017,July,San Bernardino (SC),T6TS,Gas,RUNEX,CAT,PM2_5,9.361005140286266e-05
2017,July,San Bernardino (SC),T6TS,Gas,RUNEX,NCAT,CO,0.056213666105131434
2017,July,San Bernardino (SC),T6TS,Gas,RUNEX,NCAT,NOx,0.0014136508601630396
2017,July,San Bernardino (SC),T6TS,Gas,RUNEX,NCAT,SOx,7.67174150095961e-06
2017,July,San Bernardino (SC),T6TS,Gas,RUNEX,NCAT,PM,1.4110104161138259e-05
2017,July,San Bernardino (SC),T6TS,Gas,RUNEX,NCAT,TOG,0.0021179585504763556
2017,July,San Bernardino (SC),T6TS,Gas,RUNEX,NCAT,PM10,1.355981009885386e-05
2017,July,San Bernardino (SC),T6TS,Gas,RUNEX,NCAT,PM2_5,1.2938965515763783e-05
2017,July,San Bernardino (SC),T6TS,Gas,IDLEX,CAT,CO,0.01596689991781668
2017,July,San Bernardino (SC),T6TS,Gas,IDLEX,CAT,NOx,0.00014136246416325782
2017,July,San Bernardino (SC),T6TS,Gas,IDLEX,CAT,SOx,9.0207167969296e-06
2017,July,San Bernardino (SC),T6TS,Gas,IDLEX,CAT,TOG,0.002093923077433172
2017,July,San Bernardino (SC),T6TS,Gas,IDLEX,NCAT,CO,0.00035198911397674713
2017,July,San Bernardino (SC),T6TS,Gas,IDLEX,NCAT,NOx,3.126963942473056e-06
2017,July,San Bernardino (SC),T6TS,Gas,IDLEX,NCAT,SOx,2.2109938550346625e-07
2017,July,San Bernardino (SC),T6TS,Gas,IDLEX,NCAT,TOG,4.4276548196580836e-05
2017,July,San Bernardino (SC),T6TS,Gas,STREX,CAT,CO,0.17431317209617597
2017,July,San Bernardino (SC),T6TS,Gas,STREX,CAT,NOx,0.01216170989605935
2017,July,San Bernardino (SC),T6TS,Gas,STREX,CAT,SOx,1.2863595010957763e-05
2017,July,San Bernardino (SC),T6TS,Gas,STREX,CAT,PM,2.161418532896493e-05
2017,July,San Bernardino (SC),T6TS,Gas,STREX,CAT,TOG,0.00866211223448457
2017,July,San Bernardino (SC),T6TS,Gas,STREX,CAT,PM10,1.9323081684094636e-05
2017,July,San Bernardino (SC),T6TS,Gas,STREX,CAT,PM2_5,1.776686034040914e-05
2017,July,San Bernardino (SC),T6TS,Gas,STREX,NCAT,CO,0.00011376211015199346
2017,July,San Bernardino (SC),T6TS,Gas,STREX,NCAT,NOx,0.0004200462114998394
2017,July,San Bernardino (SC),T6TS,Gas,STREX,NCAT,SOx,1.038947432773548e-06
2017,July,San Bernardino (SC),T6TS,Gas,STREX,NCAT,PM,1.1559679913270708e-05
2017,July,San Bernardino (SC),T6TS,Gas,STREX,NCAT,TOG,0.002313228607431577
2017,July,San Bernardino (SC),T6TS,Gas,STREX,NCAT,PM10,1.110885239665315e-05
2017,July,San Bernardino (SC),T6TS,Gas,STREX,NCAT,PM2_5,1.060022648046924e-05
2017,July,San Bernardino (SC),T6TS,Gas,HOTSOAK,CAT,TOG,0.004283103576101219
2017,July,San Bernardino (SC),T6TS,Gas,HOTSOAK,NCAT,TOG,0.0014030344700751963
2017,July,San Bernardino (SC),T6TS,Gas,RUNLOSS,CAT,TOG,0.021569018620134228
2017,July,San Bernardino (SC),T6TS,Gas,RUNLOSS,NCAT,TOG,0.002034054390554588
2017,July,San Bernardino (SC),T6TS,Gas,RESTLOSS,CAT,TOG,8.84364791598013e-05
2017,July,San Bernardino (SC),T6TS,Gas,RESTLOSS,NCAT,TOG,1.6113631272319913e-05
2017,July,San Bernardino (SC),T6TS,Gas,DIURN,CAT,TOG,0.0002800846111443185
2017,July,San Bernardino (SC),T6TS,Gas,DIURN,NCAT,TOG,4.687755430709661e-05
2017,July,San Bernardino (SC),T6TS,Gas,PMTW,CAT,PM,0.0010155596798855577
2017,July,San Bernardino (SC),T6TS,Gas,PMTW,CAT,PM10,0.0010155596798855577
2017,July,San Bernardino (SC),T6TS,Gas,PMTW,CAT,PM2_5,0.0002538899199713894
2017,July,San Bernardino (SC),T6TS,Gas,PMTW,NCAT,PM,4.683768230961902e-06
2017,July,San Bernardino (SC),T6TS,Gas,PMTW,NCAT,PM10,4.683768230961902e-06
2017,July,San Bernardino (SC),T6TS,Gas,PMTW,NCAT,PM2_5,1.1709420577404754e-06
2017,July,San Bernardino (SC),T6TS,Gas,PMBW,CAT,PM,0.01125578645206492
2017,July,San Bernardino (SC),T6TS,Gas,PMBW,CAT,PM10,0.01103067072302363
2017,July,San Bernardino (SC),T6TS,Gas,PMBW,CAT,PM2_5,0.004727430309867268
2017,July,San Bernardino (SC),T6TS,Gas,PMBW,NCAT,PM,5.1911764559827746e-05
2017,July,San Bernardino (SC),T6TS,Gas,PMBW,NCAT,PM10,5.0873529268631186e-05
2017,July,San Bernardino (SC),T6TS,Gas,PMBW,NCAT,PM2_5,2.1802941115127654e-05
2017,July,San Bernardino (SC),T7IS,Gas,RUNEX,CAT,CO,0.03943632798120751
2017,July,San Bernardino (SC),T7IS,Gas,RUNEX,CAT,NOx,0.006247008731802124
2017,July,San Bernardino (SC),T7IS,Gas,RUNEX,CAT,SOx,1.3077601826511497e-05
2017,July,San Bernardino (SC),T7IS,Gas,RUNEX,CAT,PM,2.194119487381037e-06
2017,July,San Bernardino (SC),T7IS,Gas,RUNEX,CAT,TOG,0.001494149541732276
2017,July,San Bernardino (SC),T7IS,Gas,RUNEX,CAT,PM10,1.9615428217186477e-06
2017,July,San Bernardino (SC),T7IS,Gas,RUNEX,CAT,PM2_5,1.8035662186272123e-06
2017,July,San Bernardino (SC),T7IS,Gas,RUNEX,NCAT,CO,0.012338696869233402
2017,July,San Bernardino (SC),T7IS,Gas,RUNEX,NCAT,NOx,0.00046157628467251007
2017,July,San Bernardino (SC),T7IS,Gas,RUNEX,NCAT,SOx,8.565954930215289e-07
2017,July,San Bernardino (SC),T7IS,Gas,RUNEX,NCAT,PM,1.0740875566618777e-06
2017,July,San Bernardino (SC),T7IS,Gas,RUNEX,NCAT,TOG,0.000348240700999043
2017,July,San Bernardino (SC),T7IS,Gas,RUNEX,NCAT,PM10,1.0321981419520648e-06
2017,July,San Bernardino (SC),T7IS,Gas,RUNEX,NCAT,PM2_5,9.849382894589415e-07
2017,July,San Bernardino (SC),T7IS,Gas,STREX,CAT,CO,0.0010238331094608612
2017,July,San Bernardino (SC),T7IS,Gas,STREX,CAT,NOx,0.00023884575288471904
2017,July,San Bernardino (SC),T7IS,Gas,STREX,CAT,SOx,1.1723631696533625e-07
2017,July,San Bernardino (SC),T7IS,Gas,STREX,CAT,PM,4.767883586018257e-07
2017,July,San Bernardino (SC),T7IS,Gas,STREX,CAT,TOG,1.7810415716848815e-07
2017,July,San Bernardino (SC),T7IS,Gas,STREX,CAT,PM10,4.262487925900319e-07
2017,July,San Bernardino (SC),T7IS,Gas,STREX,CAT,PM2_5,3.9192003077070107e-07
2017,July,San Bernardino (SC),T7IS,Gas,STREX,NCAT,CO,0.0
2017,July,San Bernardino (SC),T7IS,Gas,STREX,NCAT,NOx,0.0
2017,July,San Bernardino (SC),T7IS,Gas,STREX,NCAT,SOx,5.999608016696032e-08
2017,July,San Bernardino (SC),T7IS,Gas,STREX,NCAT,PM,5.631110708970105e-07
2017,July,San Bernardino (SC),T7IS,Gas,STREX,NCAT,TOG,0.0
2017,July,San Bernardino (SC),T7IS,Gas,STREX,NCAT,PM10,5.411497391320271e-07
2017,July,San Bernardino (SC),T7IS,Gas,STREX,NCAT,PM2_5,5.163728520125586e-07
2017,July,San Bernardino (SC),T7IS,Gas,HOTSOAK,CAT,TOG,7.869437801260077e-05
2017,July,San Bernardino (SC),T7IS,Gas,HOTSOAK,NCAT,TOG,6.847726825911645e-05
2017,July,San Bernardino (SC),T7IS,Gas,RUNLOSS,CAT,TOG,0.0003576619626103343
2017,July,San Bernardino (SC),T7IS,Gas,RUNLOSS,NCAT,TOG,0.00020079823562856567
2017,July,San Bernardino (SC),T7IS,Gas,RESTLOSS,CAT,TOG,1.9234373389866924e-06
2017,July,San Bernardino (SC),T7IS,Gas,RESTLOSS,NCAT,TOG,6.607620982008686e-07
2017,July,San Bernardino (SC),T7IS,Gas,DIURN,CAT,TOG,5.128151356457413e-06
2017,July,San Bernardino (SC),T7IS,Gas,DIURN,NCAT,TOG,1.975892043059444e-06
2017,July,San Bernardino (SC),T7IS,Gas,PMTW,CAT,PM,1.1458325363837629e-05
2017,July,San Bernardino (SC),T7IS,Gas,PMTW,CAT,PM10,1.1458325363837629e-05
2017,July,San Bernardino (SC),T7IS,Gas,PMTW,CAT,PM2_5,2.8645813409594073e-06
2017,July,San Bernardino (SC),T7IS,Gas,PMTW,NCAT,PM,5.911753888338995e-07
2017,July,San Bernardino (SC),T7IS,Gas,PMTW,NCAT,PM10,5.911753888338995e-07
2017,July,San Bernardino (SC),T7IS,Gas,PMTW,NCAT,PM2_5,1.4779384720847488e-07
2017,July,San Bernardino (SC),T7IS,Gas,PMBW,CAT,PM,3.60937248960885e-05
2017,July,San Bernardino (SC),T7IS,Gas,PMBW,CAT,PM10,3.537185039816676e-05
2017,July,San Bernardino (SC),T7IS,Gas,PMBW,CAT,PM2_5,1.5159364456357182e-05
2017,July,San Bernardino (SC),T7IS,Gas,PMBW,NCAT,PM,1.862202474826784e-06
2017,July,San Bernardino (SC),T7IS,Gas,PMBW,NCAT,PM10,1.824958425330248e-06
2017,July,San Bernardino (SC),T7IS,Gas,PMBW,NCAT,PM2_5,7.821250394272488e-07
2017,July,San Bernardino (SC),LDT1,Dsl,RUNEX,DSL,CO,0.001948226536636803
2017,July,San Bernardino (SC),LDT1,Dsl,RUNEX,DSL,NOx,0.0016240262144505211
2017,July,San Bernardino (SC),LDT1,Dsl,RUNEX,DSL,SOx,4.572012708974604e-06
2017,July,San Bernardino (SC),LDT1,Dsl,RUNEX,DSL,PM,0.0002314156722389433
2017,July,San Bernardino (SC),LDT1,Dsl,RUNEX,DSL,TOG,0.0003389371045423007
2017,July,San Bernardino (SC),LDT1,Dsl,RUNEX,DSL,PM10,0.00023002717820550956
2017,July,San Bernardino (SC),LDT1,Dsl,RUNEX,DSL,PM2_5,0.00022007630429923494
2017,July,San Bernardino (SC),LDT1,Dsl,PMTW,DSL,PM,8.957109722848887e-06
2017,July,San Bernardino (SC),LDT1,Dsl,PMTW,DSL,PM10,8.957109722848887e-06
2017,July,San Bernardino (SC),LDT1,Dsl,PMTW,DSL,PM2_5,2.2392774307122217e-06
2017,July,San Bernardino (SC),LDT1,Dsl,PMBW,DSL,PM,4.1986451825854164e-05
2017,July,San Bernardino (SC),LDT1,Dsl,PMBW,DSL,PM10,4.114672278933704e-05
2017,July,San Bernardino (SC),LDT1,Dsl,PMBW,DSL,PM2_5,1.7634309766858727e-05
2017,July,San Bernardino (SC),LDT2,Dsl,RUNEX,DSL,CO,0.0032541576869228716
2017,July,San Bernardino (SC),LDT2,Dsl,RUNEX,DSL,NOx,0.002069180906760324
2017,July,San Bernardino (SC),LDT2,Dsl,RUNEX,DSL,SOx,6.145440115708784e-05
2017,July,San Bernardino (SC),LDT2,Dsl,RUNEX,DSL,PM,0.00027733322337599066
2017,July,San Bernardino (SC),LDT2,Dsl,RUNEX,DSL,TOG,0.0005851201814617978
2017,July,San Bernardino (SC),LDT2,Dsl,RUNEX,DSL,PM10,0.0002756692240357346
2017,July,San Bernardino (SC),LDT2,Dsl,RUNEX,DSL,PM2_5,0.0002637438954305673
2017,July,San Bernardino (SC),LDT2,Dsl,PMTW,DSL,PM,0.000166307019256504
2017,July,San Bernardino (SC),LDT2,Dsl,PMTW,DSL,PM10,0.000166307019256504
2017,July,San Bernardino (SC),LDT2,Dsl,PMTW,DSL,PM2_5,4.1576754814126e-05
2017,July,San Bernardino (SC),LDT2,Dsl,PMBW,DSL,PM,0.0007795641527648629
2017,July,San Bernardino (SC),LDT2,Dsl,PMBW,DSL,PM10,0.0007639728697095655
2017,July,San Bernardino (SC),LDT2,Dsl,PMBW,DSL,PM2_5,0.0003274169441612423
2017,July,San Bernardino (SC),MDV,Dsl,RUNEX,DSL,CO,0.017820725337622367
2017,July,San Bernardino (SC),MDV,Dsl,RUNEX,DSL,NOx,0.00881249327135193
2017,July,San Bernardino (SC),MDV,Dsl,RUNEX,DSL,SOx,0.00032870714460589304
2017,July,San Bernardino (SC),MDV,Dsl,RUNEX,DSL,PM,0.0007080367931026851
2017,July,San Bernardino (SC),MDV,Dsl,RUNEX,DSL,TOG,0.0014902860080696658
2017,July,San Bernardino (SC),MDV,Dsl,RUNEX,DSL,PM10,0.000703788572344069
2017,July,San Bernardino (SC),MDV,Dsl,RUNEX,DSL,PM2_5,0.0006733429902406531
2017,July,San Bernardino (SC),MDV,Dsl,PMTW,DSL,PM,0.0006724752092842087
2017,July,San Bernardino (SC),MDV,Dsl,PMTW,DSL,PM10,0.0006724752092842087
2017,July,San Bernardino (SC),MDV,Dsl,PMTW,DSL,PM2_5,0.00016811880232105218
2017,July,San Bernardino (SC),MDV,Dsl,PMBW,DSL,PM,0.0031522275435197276
2017,July,San Bernardino (SC),MDV,Dsl,PMBW,DSL,PM10,0.0030891829926493327
2017,July,San Bernardino (SC),MDV,Dsl,PMBW,DSL,PM2_5,0.0013239355682782856
2017,July,San Bernardino (SC),LHD1,Dsl,RUNEX,DSL,CO,0.33756691096742875
2017,July,San Bernardino (SC),LHD1,Dsl,RUNEX,DSL,NOx,1.5821248120875036
2017,July,San Bernardino (SC),LHD1,Dsl,RUNEX,DSL,SOx,0.0019892583966546074
2017,July,San Bernardino (SC),LHD1,Dsl,RUNEX,DSL,PM,0.01118572693284927
2017,July,San Bernardino (SC),LHD1,Dsl,RUNEX,DSL,TOG,0.056128546689569576
2017,July,San Bernardino (SC),LHD1,Dsl,RUNEX,DSL,PM10,0.011118612571252184
2017,July,San Bernardino (SC),LHD1,Dsl,RUNEX,DSL,PM2_5,0.010637626313139668
2017,July,San Bernardino (SC),LHD1,Dsl,IDLEX,DSL,CO,0.009710445370453593
2017,July,San Bernardino (SC),LHD1,Dsl,IDLEX,DSL,NOx,0.02718281622724077
2017,July,San Bernardino (SC),LHD1,Dsl,IDLEX,DSL,SOx,1.4289191260717852e-05
2017,July,San Bernardino (SC),LHD1,Dsl,IDLEX,DSL,PM,0.00029849430543368795
2017,July,San Bernardino (SC),LHD1,Dsl,IDLEX,DSL,TOG,0.0013337365095575913
2017,July,San Bernardino (SC),LHD1,Dsl,IDLEX,DSL,PM10,0.000296703339601086
2017,July,San Bernardino (SC),LHD1,Dsl,IDLEX,DSL,PM2_5,0.0002838680844674375
2017,July,San Bernardino (SC),LHD1,Dsl,PMTW,DSL,PM,0.005018012725822275
2017,July,San Bernardino (SC),LHD1,Dsl,PMTW,DSL,PM10,0.005018012725822275
2017,July,San Bernardino (SC),LHD1,Dsl,PMTW,DSL,PM2_5,0.0012545031814555688
2017,July,San Bernardino (SC),LHD1,Dsl,PMBW,DSL,PM,0.03261708271784481
2017,July,San Bernardino (SC),LHD1,Dsl,PMBW,DSL,PM10,0.03196474106348792
2017,July,San Bernardino (SC),LHD1,Dsl,PMBW,DSL,PM2_5,0.013699174741494818
2017,July,San Bernardino (SC),LHD2,Dsl,RUNEX,DSL,CO,0.10424947637996329
2017,July,San Bernardino (SC),LHD2,Dsl,RUNEX,DSL,NOx,0.4770374674394607
2017,July,San Bernardino (SC),LHD2,Dsl,RUNEX,DSL,SOx,0.000791897012948007
2017,July,San Bernardino (SC),LHD2,Dsl,RUNEX,DSL,PM,0.0036690556362707306
2017,July,San Bernardino (SC),LHD2,Dsl,RUNEX,DSL,TOG,0.017620064775459042
2017,July,San Bernardino (SC),LHD2,Dsl,RUNEX,DSL,PM10,0.0036470413024531057
2017,July,San Bernardino (SC),LHD2,Dsl,RUNEX,DSL,PM2_5,0.003489271910093468
2017,July,San Bernardino (SC),LHD2,Dsl,IDLEX,DSL,CO,0.003503033175659953
2017,July,San Bernardino (SC),LHD2,Dsl,IDLEX,DSL,NOx,0.009830209343852902
2017,July,San Bernardino (SC),LHD2,Dsl,IDLEX,DSL,SOx,8.262500698998616e-06
2017,July,San Bernardino (SC),LHD2,Dsl,IDLEX,DSL,PM,0.00010788403339703157
2017,July,San Bernardino (SC),LHD2,Dsl,IDLEX,DSL,TOG,0.00048114407345158685
2017,July,San Bernardino (SC),LHD2,Dsl,IDLEX,DSL,PM10,0.00010723672919664941
2017,July,San Bernardino (SC),LHD2,Dsl,IDLEX,DSL,PM2_5,0.00010259771576057713
2017,July,San Bernardino (SC),LHD2,Dsl,PMTW,DSL,PM,0.0018268613523281438
2017,July,San Bernardino (SC),LHD2,Dsl,PMTW,DSL,PM10,0.0018268613523281438
2017,July,San Bernardino (SC),LHD2,Dsl,PMTW,DSL,PM2_5,0.00045671533808203595
2017,July,San Bernardino (SC),LHD2,Dsl,PMBW,DSL,PM,0.013853698588488414
2017,July,San Bernardino (SC),LHD2,Dsl,PMBW,DSL,PM10,0.013576624616718647
2017,July,San Bernardino (SC),LHD2,Dsl,PMBW,DSL,PM2_5,0.005818553407165133
2017,July,San Bernardino (SC),LDT1,Elec,HOTSOAK,CAT,TOG,9.549597069876801e-07
2017,July,San Bernardino (SC),LDT1,Elec,RESTLOSS,CAT,TOG,7.764897848952235e-07
2017,July,San Bernardino (SC),LDT1,Elec,DIURN,CAT,TOG,2.686501336972719e-06
2017,July,San Bernardino (SC),LDT1,Elec,PMTW,CAT,PM,1.0768021129894191e-05
2017,July,San Bernardino (SC),LDT1,Elec,PMTW,CAT,PM10,1.0768021129894191e-05
2017,July,San Bernardino (SC),LDT1,Elec,PMTW,CAT,PM2_5,2.692005282473548e-06
2017,July,San Bernardino (SC),LDT1,Elec,PMBW,CAT,PM,5.047509904637899e-05
2017,July,San Bernardino (SC),LDT1,Elec,PMBW,CAT,PM10,4.946559706545142e-05
2017,July,San Bernardino (SC),LDT1,Elec,PMBW,CAT,PM2_5,2.1199541599479184e-05
2017,July,San Bernardino (SC),LDT2,Elec,HOTSOAK,CAT,TOG,6.411475837258813e-06
2017,July,San Bernardino (SC),LDT2,Elec,RESTLOSS,CAT,TOG,4.983202666743958e-06
2017,July,San Bernardino (SC),LDT2,Elec,DIURN,CAT,TOG,1.7240897288069415e-05
2017,July,San Bernardino (SC),LDT2,Elec,PMTW,CAT,PM,7.49585708686789e-05
2017,July,San Bernardino (SC),LDT2,Elec,PMTW,CAT,PM10,7.49585708686789e-05
2017,July,San Bernardino (SC),LDT2,Elec,PMTW,CAT,PM2_5,1.8739642717169726e-05
2017,July,San Bernardino (SC),LDT2,Elec,PMBW,CAT,PM,0.0003513683009469324
2017,July,San Bernardino (SC),LDT2,Elec,PMBW,CAT,PM10,0.0003443409349279937
2017,July,San Bernardino (SC),LDT2,Elec,PMBW,CAT,PM2_5,0.0001475746863977116
2017,July,San Bernardino (SC),MDV,Elec,HOTSOAK,CAT,TOG,8.094940527968438e-07
2017,July,San Bernardino (SC),MDV,Elec,RESTLOSS,CAT,TOG,6.49822223619593e-07
2017,July,San Bernardino (SC),MDV,Elec,DIURN,CAT,TOG,2.2482565856087673e-06
2017,July,San Bernardino (SC),MDV,Elec,PMTW,CAT,PM,8.987993507193314e-06
2017,July,San Bernardino (SC),MDV,Elec,PMTW,CAT,PM10,8.987993507193314e-06
2017,July,San Bernardino (SC),MDV,Elec,PMTW,CAT,PM2_5,2.2469983767983284e-06
2017,July,San Bernardino (SC),MDV,Elec,PMBW,CAT,PM,4.213121956496865e-05
2017,July,San Bernardino (SC),MDV,Elec,PMBW,CAT,PM10,4.128859517366928e-05
2017,July,San Bernardino (SC),MDV,Elec,PMBW,CAT,PM2_5,1.7695112217286837e-05
2017,July,San Bernardino (SC),SBUS,Gas,RUNEX,CAT,CO,0.03444533642347278
2017,July,San Bernardino (SC),SBUS,Gas,RUNEX,CAT,NOx,0.006126523126157514
2017,July,San Bernardino (SC),SBUS,Gas,RUNEX,CAT,SOx,9.069310870544514e-05
2017,July,San Bernardino (SC),SBUS,Gas,RUNEX,CAT,PM,1.5091674197389399e-05
2017,July,San Bernardino (SC),SBUS,Gas,RUNEX,CAT,TOG,0.002153489472096792
2017,July,San Bernardino (SC),SBUS,Gas,RUNEX,CAT,PM10,1.3491956732466134e-05
2017,July,San Bernardino (SC),SBUS,Gas,RUNEX,CAT,PM2_5,1.2405356190254077e-05
2017,July,San Bernardino (SC),SBUS,Gas,IDLEX,CAT,CO,0.01754869512123914
2017,July,San Bernardino (SC),SBUS,Gas,IDLEX,CAT,NOx,0.00019773588490882538
2017,July,San Bernardino (SC),SBUS,Gas,IDLEX,CAT,SOx,5.748589521972153e-06
2017,July,San Bernardino (SC),SBUS,Gas,IDLEX,CAT,TOG,0.0033067727237302614
2017,July,San Bernardino (SC),SBUS,Gas,STREX,CAT,CO,0.006023998217467848
2017,July,San Bernardino (SC),SBUS,Gas,STREX,CAT,NOx,0.00042413903992121035
2017,July,San Bernardino (SC),SBUS,Gas,STREX,CAT,SOx,4.0659640741571365e-07
2017,July,San Bernardino (SC),SBUS,Gas,STREX,CAT,PM,4.712245106381957e-07
2017,July,San Bernardino (SC),SBUS,Gas,STREX,CAT,TOG,0.00030661231352462125
2017,July,San Bernardino (SC),SBUS,Gas,STREX,CAT,PM10,4.2127471251054737e-07
2017,July,San Bernardino (SC),SBUS,Gas,STREX,CAT,PM2_5,3.873465477445972e-07
2017,July,San Bernardino (SC),SBUS,Gas,HOTSOAK,CAT,TOG,0.0001096913769118371
2017,July,San Bernardino (SC),SBUS,Gas,RUNLOSS,CAT,TOG,0.0008775576182348726
2017,July,San Bernardino (SC),SBUS,Gas,RESTLOSS,CAT,TOG,6.318744708513584e-06
2017,July,San Bernardino (SC),SBUS,Gas,DIURN,CAT,TOG,2.8285036997021818e-05
2017,July,San Bernardino (SC),SBUS,Gas,PMTW,CAT,PM,8.029296492197549e-05
2017,July,San Bernardino (SC),SBUS,Gas,PMTW,CAT,PM10,8.029296492197549e-05
2017,July,San Bernardino (SC),SBUS,Gas,PMTW,CAT,PM2_5,2.0073241230493872e-05
2017,July,San Bernardino (SC),SBUS,Gas,PMBW,CAT,PM,0.0076278315672214615
2017,July,San Bernardino (SC),SBUS,Gas,PMBW,CAT,PM10,0.007475274935877029
2017,July,San Bernardino (SC),SBUS,Gas,PMBW,CAT,PM2_5,0.003203689258233011
2017,July,San Bernardino (SC),OBUS,Gas,RUNEX,CAT,CO,0.05329269803552755
2017,July,San Bernardino (SC),OBUS,Gas,RUNEX,CAT,NOx,0.01337018147964741
2017,July,San Bernardino (SC),OBUS,Gas,RUNEX,CAT,SOx,0.00040966242239763264
2017,July,San Bernardino (SC),OBUS,Gas,RUNEX,CAT,PM,2.0767864740923707e-05
2017,July,San Bernardino (SC),OBUS,Gas,RUNEX,CAT,TOG,0.0029024710137261073
2017,July,San Bernardino (SC),OBUS,Gas,RUNEX,CAT,PM10,1.8566471078385804e-05
2017,July,San Bernardino (SC),OBUS,Gas,RUNEX,CAT,PM2_5,1.7071184817039277e-05
2017,July,San Bernardino (SC),OBUS,Gas,RUNEX,NCAT,CO,0.001987075654598494
2017,July,San Bernardino (SC),OBUS,Gas,RUNEX,NCAT,NOx,0.00010296320427574963
2017,July,San Bernardino (SC),OBUS,Gas,RUNEX,NCAT,SOx,2.9306948209989244e-07
2017,July,San Bernardino (SC),OBUS,Gas,RUNEX,NCAT,PM,5.444870218757335e-07
2017,July,San Bernardino (SC),OBUS,Gas,RUNEX,NCAT,TOG,8.354074129910515e-05
2017,July,San Bernardino (SC),OBUS,Gas,RUNEX,NCAT,PM10,5.232520280225799e-07
2017,July,San Bernardino (SC),OBUS,Gas,RUNEX,NCAT,PM2_5,4.992945990600479e-07
2017,July,San Bernardino (SC),OBUS,Gas,IDLEX,CAT,CO,0.0026578219363222987
2017,July,San Bernardino (SC),OBUS,Gas,IDLEX,CAT,NOx,2.994721485790656e-05
2017,July,San Bernardino (SC),OBUS,Gas,IDLEX,CAT,SOx,1.7811713047968184e-06
2017,July,San Bernardino (SC),OBUS,Gas,IDLEX,CAT,TOG,0.0005002946361590691
2017,July,San Bernardino (SC),OBUS,Gas,IDLEX,NCAT,CO,8.74145113873162e-06
2017,July,San Bernardino (SC),OBUS,Gas,IDLEX,NCAT,NOx,9.885022127418235e-08
2017,July,San Bernardino (SC),OBUS,Gas,IDLEX,NCAT,SOx,6.606495314878658e-09
2017,July,San Bernardino (SC),OBUS,Gas,IDLEX,NCAT,TOG,1.5712031947013069e-06
2017,July,San Bernardino (SC),OBUS,Gas,STREX,CAT,CO,0.030244117094688418
2017,July,San Bernardino (SC),OBUS,Gas,STREX,CAT,NOx,0.003025658688368781
2017,July,San Bernardino (SC),OBUS,Gas,STREX,CAT,SOx,2.47774246353052e-06
2017,July,San Bernardino (SC),OBUS,Gas,STREX,CAT,PM,2.7316892620665516e-06
2017,July,San Bernardino (SC),OBUS,Gas,STREX,CAT,TOG,0.0016315280223314816
2017,July,San Bernardino (SC),OBUS,Gas,STREX,CAT,PM10,2.4421302002874992e-06
2017,July,San Bernardino (SC),OBUS,Gas,STREX,CAT,PM2_5,2.2454485734187054e-06
2017,July,San Bernardino (SC),OBUS,Gas,STREX,NCAT,CO,5.211745335730602e-06
2017,July,San Bernardino (SC),OBUS,Gas,STREX,NCAT,NOx,3.992602653301161e-05
2017,July,San Bernardino (SC),OBUS,Gas,STREX,NCAT,SOx,4.318501292279956e-08
2017,July,San Bernardino (SC),OBUS,Gas,STREX,NCAT,PM,5.161197077464408e-07
2017,July,San Bernardino (SC),OBUS,Gas,STREX,NCAT,TOG,0.00010168161420174009
2017,July,San Bernardino (SC),OBUS,Gas,STREX,NCAT,PM10,4.959910391443295e-07
2017,July,San Bernardino (SC),OBUS,Gas,STREX,NCAT,PM2_5,4.7328177200348605e-07
2017,July,San Bernardino (SC),OBUS,Gas,HOTSOAK,CAT,TOG,0.0002865270125173352
2017,July,San Bernardino (SC),OBUS,Gas,HOTSOAK,NCAT,TOG,2.145920667853705e-05
2017,July,San Bernardino (SC),OBUS,Gas,RUNLOSS,CAT,TOG,0.0030296720765696276
2017,July,San Bernardino (SC),OBUS,Gas,RUNLOSS,NCAT,TOG,9.951130706344024e-05
2017,July,San Bernardino (SC),OBUS,Gas,RESTLOSS,CAT,TOG,1.3982833678405807e-05
2017,July,San Bernardino (SC),OBUS,Gas,RESTLOSS,NCAT,TOG,5.854019048689545e-07
2017,July,San Bernardino (SC),OBUS,Gas,DIURN,CAT,TOG,6.101066494989585e-05
2017,July,San Bernardino (SC),OBUS,Gas,DIURN,NCAT,TOG,2.568659285427155e-06
2017,July,San Bernardino (SC),OBUS,Gas,PMTW,CAT,PM,0.00028660650169354664
2017,July,San Bernardino (SC),OBUS,Gas,PMTW,CAT,PM10,0.00028660650169354664
2017,July,San Bernardino (SC),OBUS,Gas,PMTW,CAT,PM2_5,7.165162542338666e-05
2017,July,San Bernardino (SC),OBUS,Gas,PMTW,NCAT,PM,1.788094855356224e-07
2017,July,San Bernardino (SC),OBUS,Gas,PMTW,NCAT,PM10,1.788094855356224e-07
2017,July,San Bernardino (SC),OBUS,Gas,PMTW,NCAT,PM2_5,4.47023713839056e-08
2017,July,San Bernardino (SC),OBUS,Gas,PMBW,CAT,PM,0.003176555393770139
2017,July,San Bernardino (SC),OBUS,Gas,PMBW,CAT,PM10,0.0031130242858947387
2017,July,San Bernardino (SC),OBUS,Gas,PMBW,CAT,PM2_5,0.0013341532653834596
2017,July,San Bernardino (SC),OBUS,Gas,PMBW,NCAT,PM,1.9818051313531487e-06
2017,July,San Bernardino (SC),OBUS,Gas,PMBW,NCAT,PM10,1.9421690287260856e-06
2017,July,San Bernardino (SC),OBUS,Gas,PMBW,NCAT,PM2_5,8.323581551683225e-07
2017,July,San Bernardino (SC),MCY,Gas,RUNEX,CAT,CO,1.15441539102369
2017,July,San Bernardino (SC),MCY,Gas,RUNEX,CAT,NOx,0.08195838555007928
2017,July,San Bernardino (SC),MCY,Gas,RUNEX,CAT,SOx,0.00020060065893176898
2017,July,San Bernardino (SC),MCY,Gas,RUNEX,CAT,PM,0.00014045392647972586
2017,July,San Bernardino (SC),MCY,Gas,RUNEX,CAT,TOG,0.20830638445815
2017,July,San Bernardino (SC),MCY,Gas,RUNEX,CAT,PM10,0.0001293268394974692
2017,July,San Bernardino (SC),MCY,Gas,RUNEX,CAT,PM2_5,0.00012078593019822204
2017,July,San Bernardino (SC),MCY,Gas,RUNEX,NCAT,CO,3.053666296573518
2017,July,San Bernardino (SC),MCY,Gas,RUNEX,NCAT,NOx,0.10200643700584479
2017,July,San Bernardino (SC),MCY,Gas,RUNEX,NCAT,SOx,0.00019883159926133934
2017,July,San Bernardino (SC),MCY,Gas,RUNEX,NCAT,PM,0.0001885916105669525
2017,July,San Bernardino (SC),MCY,Gas,RUNEX,NCAT,TOG,0.3201987159219985
2017,July,San Bernardino (SC),MCY,Gas,RUNEX,NCAT,PM10,0.00017747550853024655
2017,July,San Bernardino (SC),MCY,Gas,RUNEX,NCAT,PM2_5,0.0001676057042580079
2017,July,San Bernardino (SC),MCY,Gas,STREX,CAT,CO,0.10906660918210069
2017,July,San Bernardino (SC),MCY,Gas,STREX,CAT,NOx,0.004828850826964673
2017,July,San Bernardino (SC),MCY,Gas,STREX,CAT,SOx,1.1239101569591585e-05
2017,July,San Bernardino (SC),MCY,Gas,STREX,CAT,PM,4.0767129034838855e-05
2017,July,San Bernardino (SC),MCY,Gas,STREX,CAT,TOG,0.029990389616096874
2017,July,San Bernardino (SC),MCY,Gas,STREX,CAT,PM10,3.7696010371920004e-05
2017,July,San Bernardino (SC),MCY,Gas,STREX,CAT,PM2_5,3.5283247475645534e-05
2017,July,San Bernardino (SC),MCY,Gas,STREX,NCAT,CO,0.30237440497703527
2017,July,San Bernardino (SC),MCY,Gas,STREX,NCAT,NOx,0.00818021271238807
2017,July,San Bernardino (SC),MCY,Gas,STREX,NCAT,SOx,2.0429070236219923e-05
2017,July,San Bernardino (SC),MCY,Gas,STREX,NCAT,PM,0.00013796264217203456
2017,July,San Bernardino (SC),MCY,Gas,STREX,NCAT,TOG,0.0644441599030561
2017,July,San Bernardino (SC),MCY,Gas,STREX,NCAT,PM10,0.0001313319021125509
2017,July,San Bernardino (SC),MCY,Gas,STREX,NCAT,PM2_5,0.0001247390754627477
2017,July,San Bernardino (SC),MCY,Gas,HOTSOAK,CAT,TOG,0.009877612777808131
2017,July,San Bernardino (SC),MCY,Gas,HOTSOAK,NCAT,TOG,0.04314956634187824
2017,July,San Bernardino (SC),MCY,Gas,RUNLOSS,CAT,TOG,0.019019824144369663
2017,July,San Bernardino (SC),MCY,Gas,RUNLOSS,NCAT,TOG,0.09556964461561664
2017,July,San Bernardino (SC),MCY,Gas,RESTLOSS,CAT,TOG,0.016987298949116058
2017,July,San Bernardino (SC),MCY,Gas,RESTLOSS,NCAT,TOG,0.05112666870388662
2017,July,San Bernardino (SC),MCY,Gas,DIURN,CAT,TOG,0.041091387387923305
2017,July,San Bernardino (SC),MCY,Gas,DIURN,NCAT,TOG,0.12068504465564167
2017,July,San Bernardino (SC),MCY,Gas,PMTW,CAT,PM,0.0003856034487559723
2017,July,San Bernardino (SC),MCY,Gas,PMTW,CAT,PM10,0.0003856034487559723
2017,July,San Bernardino (SC),MCY,Gas,PMTW,CAT,PM2_5,9.640086218899308e-05
2017,July,San Bernardino (SC),MCY,Gas,PMTW,NCAT,PM,0.0003804345050340732
2017,July,San Bernardino (SC),MCY,Gas,PMTW,NCAT,PM10,0.0003804345050340732
2017,July,San Bernardino (SC),MCY,Gas,PMTW,NCAT,PM2_5,9.51086262585183e-05
2017,July,San Bernardino (SC),MCY,Gas,PMBW,CAT,PM,0.0011568103462679168
2017,July,San Bernardino (SC),MCY,Gas,PMBW,CAT,PM10,0.001133674139342558
2017,July,San Bernardino (SC),MCY,Gas,PMBW,CAT,PM2_5,0.0004858603454325252
2017,July,San Bernardino (SC),MCY,Gas,PMBW,NCAT,PM,0.0011413035151022195
2017,July,San Bernardino (SC),MCY,Gas,PMBW,NCAT,PM10,0.0011184774448001755
2017,July,San Bernardino (SC),MCY,Gas,PMBW,NCAT,PM2_5,0.0004793474763429321
2017,July,San Bernardino (SC),MH,Gas,RUNEX,CAT,CO,0.14675998461115422
2017,July,San Bernardino (SC),MH,Gas,RUNEX,CAT,NOx,0.023667021737696945
2017,July,San Bernardino (SC),MH,Gas,RUNEX,CAT,SOx,0.0007314729366844153
2017,July,San Bernardino (SC),MH,Gas,RUNEX,CAT,PM,7.726605167098198e-05
2017,July,San Bernardino (SC),MH,Gas,RUNEX,CAT,TOG,0.006440842223506253
2017,July,San Bernardino (SC),MH,Gas,RUNEX,CAT,PM10,6.90758501938577e-05
2017,July,San Bernardino (SC),MH,Gas,RUNEX,CAT,PM2_5,6.351269447354716e-05
2017,July,San Bernardino (SC),MH,Gas,RUNEX,NCAT,CO,0.01899188605305341
2017,July,San Bernardino (SC),MH,Gas,RUNEX,NCAT,NOx,0.0005022682200191914
2017,July,San Bernardino (SC),MH,Gas,RUNEX,NCAT,SOx,2.625352265842401e-06
2017,July,San Bernardino (SC),MH,Gas,RUNEX,NCAT,PM,4.835789949271817e-06
2017,July,San Bernardino (SC),MH,Gas,RUNEX,NCAT,TOG,0.0007393225210483791
2017,July,San Bernardino (SC),MH,Gas,RUNEX,NCAT,PM10,4.6471941412502194e-06
2017,July,San Bernardino (SC),MH,Gas,RUNEX,NCAT,PM2_5,4.434419383482258e-06
2017,July,San Bernardino (SC),MH,Gas,STREX,CAT,CO,0.001530407146640526
2017,July,San Bernardino (SC),MH,Gas,STREX,CAT,NOx,0.00014069864941693592
2017,July,San Bernardino (SC),MH,Gas,STREX,CAT,SOx,1.281543341430992e-07
2017,July,San Bernardino (SC),MH,Gas,STREX,CAT,PM,2.3546921393367468e-07
2017,July,San Bernardino (SC),MH,Gas,STREX,CAT,TOG,7.815472828178087e-05
2017,July,San Bernardino (SC),MH,Gas,STREX,CAT,PM10,2.1050947725670533e-07
2017,July,San Bernardino (SC),MH,Gas,STREX,CAT,PM2_5,1.9355569385348044e-07
2017,July,San Bernardino (SC),MH,Gas,STREX,NCAT,CO,4.080055733631142e-07
2017,July,San Bernardino (SC),MH,Gas,STREX,NCAT,NOx,1.440946292721901e-06
2017,July,San Bernardino (SC),MH,Gas,STREX,NCAT,SOx,3.5842162467021296e-09
2017,July,San Bernardino (SC),MH,Gas,STREX,NCAT,PM,4.292726503755929e-08
2017,July,San Bernardino (SC),MH,Gas,STREX,NCAT,TOG,8.218022670151953e-06
2017,July,San Bernardino (SC),MH,Gas,STREX,NCAT,PM10,4.1253101701094466e-08
2017,July,San Bernardino (SC),MH,Gas,STREX,NCAT,PM2_5,3.936430203944187e-08
2017,July,San Bernardino (SC),MH,Gas,HOTSOAK,CAT,TOG,5.935889639825934e-05
2017,July,San Bernardino (SC),MH,Gas,HOTSOAK,NCAT,TOG,1.7695801909258459e-06
2017,July,San Bernardino (SC),MH,Gas,RUNLOSS,CAT,TOG,0.0012399843175185242
2017,July,San Bernardino (SC),MH,Gas,RUNLOSS,NCAT,TOG,9.75192872437696e-06
2017,July,San Bernardino (SC),MH,Gas,RESTLOSS,CAT,TOG,0.00036859298915885064
2017,July,San Bernardino (SC),MH,Gas,RESTLOSS,NCAT,TOG,1.0336783389522247e-05
2017,July,San Bernardino (SC),MH,Gas,DIURN,CAT,TOG,0.0019048701174612698
2017,July,San Bernardino (SC),MH,Gas,DIURN,NCAT,TOG,4.6715425263280756e-05
2017,July,San Bernardino (SC),MH,Gas,PMTW,CAT,PM,0.0005136312698200867
2017,July,San Bernardino (SC),MH,Gas,PMTW,CAT,PM10,0.0005136312698200867
2017,July,San Bernardino (SC),MH,Gas,PMTW,CAT,PM2_5,0.00012840781745502167
2017,July,San Bernardino (SC),MH,Gas,PMTW,NCAT,PM,1.6052127664929349e-06
2017,July,San Bernardino (SC),MH,Gas,PMTW,NCAT,PM10,1.6052127664929349e-06
2017,July,San Bernardino (SC),MH,Gas,PMTW,NCAT,PM2_5,4.013031916232337e-07
2017,July,San Bernardino (SC),MH,Gas,PMBW,CAT,PM,0.005692746573839282
2017,July,San Bernardino (SC),MH,Gas,PMBW,CAT,PM10,0.005578891642362496
2017,July,San Bernardino (SC),MH,Gas,PMBW,CAT,PM2_5,0.0023909535610125
2017,July,San Bernardino (SC),MH,Gas,PMBW,NCAT,PM,1.779110816196337e-05
2017,July,San Bernardino (SC),MH,Gas,PMBW,NCAT,PM10,1.7435285998724098e-05
2017,July,San Bernardino (SC),MH,Gas,PMBW,NCAT,PM2_5,7.472265428024609e-06
2017,July,San Bernardino (SC),MH,Dsl,RUNEX,DSL,CO,0.005293728425297832
2017,July,San Bernardino (SC),MH,Dsl,RUNEX,DSL,NOx,0.0633821617719567
2017,July,San Bernardino (SC),MH,Dsl,RUNEX,DSL,SOx,0.0001301436211286048
2017,July,San Bernardino (SC),MH,Dsl,RUNEX,DSL,PM,0.0022045712888017575
2017,July,San Bernardino (SC),MH,Dsl,RUNEX,DSL,TOG,0.0012744957504796635
2017,July,San Bernardino (SC),MH,Dsl,RUNEX,DSL,PM10,0.0021913438610689433
2017,July,San Bernardino (SC),MH,Dsl,RUNEX,DSL,PM2_5,0.0020965472956504705
2017,July,San Bernardino (SC),MH,Dsl,PMTW,DSL,PM,0.0002244678033844676
2017,July,San Bernardino (SC),MH,Dsl,PMTW,DSL,PM10,0.0002244678033844676
2017,July,San Bernardino (SC),MH,Dsl,PMTW,DSL,PM2_5,5.61169508461169e-05
2017,July,San Bernardino (SC),MH,Dsl,PMBW,DSL,PM,0.0018658886156333852
2017,July,San Bernardino (SC),MH,Dsl,PMBW,DSL,PM10,0.0018285708433207193
2017,July,San Bernardino (SC),MH,Dsl,PMBW,DSL,PM2_5,0.0007836732185660225
2017,July,San Bernardino (SC),UBUS,Gas,RUNEX,CAT,CO,0.00186810897320607
2017,July,San Bernardino (SC),UBUS,Gas,RUNEX,CAT,NOx,0.0012276519466422884
2017,July,San Bernardino (SC),UBUS,Gas,RUNEX,CAT,SOx,0.00013397373027666682
2017,July,San Bernardino (SC),UBUS,Gas,RUNEX,CAT,PM,6.813527773538436e-06
2017,July,San Bernardino (SC),UBUS,Gas,RUNEX,CAT,TOG,0.00013705537126254056
2017,July,San Bernardino (SC),UBUS,Gas,RUNEX,CAT,PM10,6.091293829543363e-06
2017,July,San Bernardino (SC),UBUS,Gas,RUNEX,CAT,PM2_5,5.600719829848594e-06
2017,July,San Bernardino (SC),UBUS,Gas,STREX,CAT,CO,0.001103618833115207
2017,July,San Bernardino (SC),UBUS,Gas,STREX,CAT,NOx,0.0002434364188846499
2017,July,San Bernardino (SC),UBUS,Gas,STREX,CAT,SOx,1.6820753641024996e-07
2017,July,San Bernardino (SC),UBUS,Gas,STREX,CAT,PM,1.0086679685492962e-07
2017,July,San Bernardino (SC),UBUS,Gas,STREX,CAT,TOG,6.311075851313504e-05
2017,July,San Bernardino (SC),UBUS,Gas,STREX,CAT,PM10,9.017491638830707e-08
2017,July,San Bernardino (SC),UBUS,Gas,STREX,CAT,PM2_5,8.291250701475215e-08
2017,July,San Bernardino (SC),UBUS,Gas,HOTSOAK,CAT,TOG,1.6212908145338992e-05
2017,July,San Bernardino (SC),UBUS,Gas,RUNLOSS,CAT,TOG,5.377868647885171e-05
2017,July,San Bernardino (SC),UBUS,Gas,RESTLOSS,CAT,TOG,1.4937241779620066e-06
2017,July,San Bernardino (SC),UBUS,Gas,DIURN,CAT,TOG,3.915645146987322e-06
2017,July,San Bernardino (SC),UBUS,Gas,PMTW,CAT,PM,0.000113856729032781
2017,July,San Bernardino (SC),UBUS,Gas,PMTW,CAT,PM10,0.000113856729032781
2017,July,San Bernardino (SC),UBUS,Gas,PMTW,CAT,PM2_5,2.846418225819525e-05
2017,July,San Bernardino (SC),UBUS,Gas,PMBW,CAT,PM,0.0012933707969236866
2017,July,San Bernardino (SC),UBUS,Gas,PMBW,CAT,PM10,0.001267503380985213
2017,July,San Bernardino (SC),UBUS,Gas,PMBW,CAT,PM2_5,0.0005432157347079491
2017,July,San Bernardino (SC),UBUS,Dsl,RUNEX,DSL,CO,6.76530409037683e-05
2017,July,San Bernardino (SC),UBUS,Dsl,RUNEX,DSL,NOx,0.0009778867511148286
2017,July,San Bernardino (SC),UBUS,Dsl,RUNEX,DSL,SOx,3.1060134413287804e-06
2017,July,San Bernardino (SC),UBUS,Dsl,RUNEX,DSL,PM,2.517529763724751e-06
2017,July,San Bernardino (SC),UBUS,Dsl,RUNEX,DSL,TOG,3.725983217220196e-05
2017,July,San Bernardino (SC),UBUS,Dsl,RUNEX,DSL,PM10,2.5024245851424024e-06
2017,July,San Bernardino (SC),UBUS,Dsl,RUNEX,DSL,PM2_5,2.394170805302237e-06
2017,July,San Bernardino (SC),UBUS,Dsl,PMTW,DSL,PM,3.4607870948165473e-06
2017,July,San Bernardino (SC),UBUS,Dsl,PMTW,DSL,PM10,3.4607870948165473e-06
2017,July,San Bernardino (SC),UBUS,Dsl,PMTW,DSL,PM2_5,8.651967737041368e-07
2017,July,San Bernardino (SC),UBUS,Dsl,PMBW,DSL,PM,3.7276142464656046e-05
2017,July,San Bernardino (SC),UBUS,Dsl,PMBW,DSL,PM10,3.65306196153629e-05
2017,July,San Bernardino (SC),UBUS,Dsl,PMBW,DSL,PM2_5,1.5655979835155533e-05
2017,July,San Bernardino (SC),UBUS,Elec,PMTW,CAT,PM,1.6557200916648912e-08
2017,July,San Bernardino (SC),UBUS,Elec,PMTW,CAT,PM10,1.6557200916648912e-08
2017,July,San Bernardino (SC),UBUS,Elec,PMTW,CAT,PM2_5,4.139300229162228e-09
2017,July,San Bernardino (SC),UBUS,Elec,PMBW,CAT,PM,1.8350897682619215e-07
2017,July,San Bernardino (SC),UBUS,Elec,PMBW,CAT,PM10,1.7983879728966828e-07
2017,July,San Bernardino (SC),UBUS,Elec,PMBW,CAT,PM2_5,7.70737702670007e-08
2017,July,San Bernardino (SC),UBUS,NG,RUNEX,DSL,CO,1.0949145986712245
2017,July,San Bernardino (SC),UBUS,NG,RUNEX,DSL,NOx,0.09906858609173463
2017,July,San Bernardino (SC),UBUS,NG,RUNEX,DSL,PM,0.00013971513353199178
2017,July,San Bernardino (SC),UBUS,NG,RUNEX,DSL,TOG,0.21078337011878986
2017,July,San Bernardino (SC),UBUS,NG,RUNEX,DSL,PM10,0.00013887684273079996
2017,July,San Bernardino (SC),UBUS,NG,RUNEX,DSL,PM2_5,0.0001328690919889242
2017,July,San Bernardino (SC),UBUS,NG,PMTW,DSL,PM,0.0010529581912849968
2017,July,San Bernardino (SC),UBUS,NG,PMTW,DSL,PM10,0.0010529581912849968
2017,July,San Bernardino (SC),UBUS,NG,PMTW,DSL,PM2_5,0.0002632395478212492
2017,July,San Bernardino (SC),UBUS,NG,PMBW,DSL,PM,0.0019530314178585648
2017,July,San Bernardino (SC),UBUS,NG,PMBW,DSL,PM10,0.0019139707895013936
2017,July,San Bernardino (SC),UBUS,NG,PMBW,DSL,PM2_5,0.000820273195500597
2017,July,San Bernardino (SC),SBUS,Dsl,RUNEX,DSL,CO,0.009671732288484322
2017,July,San Bernardino (SC),SBUS,Dsl,RUNEX,DSL,NOx,0.20332586162174962
2017,July,San Bernardino (SC),SBUS,Dsl,RUNEX,DSL,PM,0.0015677600699092655
2017,July,San Bernardino (SC),SBUS,Dsl,RUNEX,DSL,PM10,0.0015583535094898092
2017,July,San Bernardino (SC),SBUS,Dsl,RUNEX,DSL,PM2_5,0.0014909398264837106
2017,July,San Bernardino (SC),SBUS,Dsl,IDLEX,DSL,CO,0.003727329474076126
2017,July,San Bernardino (SC),SBUS,Dsl,IDLEX,DSL,NOx,0.03839065756631403
2017,July,San Bernardino (SC),SBUS,Dsl,IDLEX,DSL,PM,5.681226342678585e-05
2017,July,San Bernardino (SC),SBUS,Dsl,IDLEX,DSL,PM10,5.6471389846225175e-05
2017,July,San Bernardino (SC),SBUS,Dsl,IDLEX,DSL,PM2_5,5.402846251887334e-05
2017,July,San Bernardino (SC),SBUS,Dsl,STREX,DSL,NOx,0.0055135440372498104
2017,July,San Bernardino (SC),SBUS,Dsl,PMTW,DSL,PM,0.0002986172591542425
2017,July,San Bernardino (SC),SBUS,Dsl,PMTW,DSL,PM10,0.0002986172591542425
2017,July,San Bernardino (SC),SBUS,Dsl,PMTW,DSL,PM2_5,7.465431478856062e-05
2017,July,San Bernardino (SC),SBUS,Dsl,PMBW,DSL,PM,0.018912426413102014
2017,July,San Bernardino (SC),SBUS,Dsl,PMBW,DSL,PM10,0.018534177884839992
2017,July,San Bernardino (SC),SBUS,Dsl,PMBW,DSL,PM2_5,0.007943219093502837
2017,July,San Bernardino (SC),SBUS,Dsl,RUNEX,DSL,SOx,0.0002982811606075754
2017,July,San Bernardino (SC),SBUS,Dsl,IDLEX,DSL,SOx,2.815975752685538e-05
2017,July,San Bernardino (SC),SBUS,Dsl,RUNEX,DSL,TOG,0.004111018290275354
2017,July,San Bernardino (SC),SBUS,Dsl,IDLEX,DSL,TOG,0.00029172545179579127
2017,     ,San Bernardino (SC),LDA,Dsl,RUNEX,DSL,NH3,0.000406468
2017,     ,San Bernardino (SC),LDA,Gas,RUNEX,CAT,NH3,0.748564954
2017,     ,San Bernardino (SC),LDT1,Dsl,RUNEX,DSL,NH3,3.46776e-06
2017,     ,San Bernardino (SC),LDT1,Gas,RUNEX,CAT,NH3,0.083693077
2017,     ,San Bernardino (SC),LDT2,Dsl,RUNEX,DSL,NH3,6.43861e-05
2017,     ,San Bernardino (SC),LDT2,Gas,RUNEX,CAT,NH3,0.228056514
2017,     ,San Bernardino (SC),LHD1,Dsl,RUNEX,DSL,NH3,0.04410949
2017,     ,San Bernardino (SC),LHD1,Gas,RUNEX,CAT,NH3,0.02451346
2017,     ,San Bernardino (SC),LHD2,Dsl,RUNEX,DSL,NH3,0.018398577
2017,     ,San Bernardino (SC),LHD2,Gas,RUNEX,CAT,NH3,0.004354627
2017,     ,San Bernardino (SC),MCY,Gas,RUNEX,CAT,NH3,0.003111154
2017,     ,San Bernardino (SC),MDV,Dsl,RUNEX,DSL,NH3,0.00026035
2017,     ,San Bernardino (SC),MDV,Gas,RUNEX,CAT,NH3,0.206490165
2017,     ,San Bernardino (SC),MH,Dsl,RUNEX,DSL,NH3,0.000378968
2017,     ,San Bernardino (SC),MH,Gas,RUNEX,CAT,NH3,0.001898279
2017,     ,San Bernardino (SC),OBUS,Gas,RUNEX,CAT,NH3,0.00107399
2017,     ,San Bernardino (SC),SBUS,Gas,RUNEX,CAT,NH3,0.000451864
2017,     ,San Bernardino (SC),T6TS,Gas,RUNEX,CAT,NH3,0.003789414
2017,     ,San Bernardino (SC),T7IS,Gas,RUNEX,CAT,NH3,2.46994e-05
2017,     ,San Bernardino (SC),UBUS,Dsl,RUNEX,DSL,NH3,1.329e-05
2017,     ,San Bernardino (SC),UBUS,Gas,RUNEX,CAT,NH3,0.000629098
2017,     ,San Bernardino (SC),UBUS,NG,RUNEX,DSL,NH3,0.000806936
