calendar_year,season_month,sub_area,vehicle_class,fuel,process,cat_ncat,pollutant,emission
2017,July,San Bernardino (MD),LDA,Gas,RUNEX,CAT,CO,15.686135359041497
2017,July,San Bernardino (MD),LDA,Gas,RUNEX,CAT,NOx,0.9755413268491377
2017,July,San Bernardino (MD),LDA,Gas,RUNEX,CAT,SOx,0.041975681934455306
2017,July,San Bernardino (MD),LDA,Gas,RUNEX,CAT,PM,0.020768450846803576
2017,July,San Bernardino (MD),LDA,Gas,RUNEX,CAT,TOG,0.46499995802368915
2017,July,San Bernardino (MD),LDA,Gas,RUNEX,CAT,PM10,0.01856931323384813
2017,July,San Bernardino (MD),LDA,Gas,RUNEX,CAT,PM2_5,0.01707495356318517
2017,July,San Bernardino (MD),LDA,Gas,RUNEX,NCAT,CO,0.5861121079911316
2017,July,San Bernardino (MD),LDA,Gas,RUNEX,NCAT,NOx,0.03624148177704423
2017,July,San Bernardino (MD),LDA,Gas,RUNEX,NCAT,SOx,4.289727615961659e-05
2017,July,San Bernardino (MD),LDA,Gas,RUNEX,NCAT,PM,0.0003945050117513736
2017,July,San Bernardino (MD),LDA,Gas,RUNEX,NCAT,TOG,0.04167782318127362
2017,July,San Bernardino (MD),LDA,Gas,RUNEX,NCAT,PM10,0.00037680113948734774
2017,July,San Bernardino (MD),LDA,Gas,RUNEX,NCAT,PM2_5,0.00035847412866341793
2017,July,San Bernardino (MD),LDA,Gas,STREX,CAT,CO,2.9680721066380658
2017,July,San Bernardino (MD),LDA,Gas,STREX,CAT,NOx,0.36782618120655597
2017,July,San Bernardino (MD),LDA,Gas,STREX,CAT,SOx,0.0008772890800817871
2017,July,San Bernardino (MD),LDA,Gas,STREX,CAT,PM,0.0034017835170603544
2017,July,San Bernardino (MD),LDA,Gas,STREX,CAT,TOG,0.5183105758516234
2017,July,San Bernardino (MD),LDA,Gas,STREX,CAT,PM10,0.0030419608501599817
2017,July,San Bernardino (MD),LDA,Gas,STREX,CAT,PM2_5,0.002797352717609615
2017,July,San Bernardino (MD),LDA,Gas,STREX,NCAT,CO,0.055429205633813754
2017,July,San Bernardino (MD),LDA,Gas,STREX,NCAT,NOx,0.0029398840067659747
2017,July,San Bernardino (MD),LDA,Gas,STREX,NCAT,SOx,4.720060292759256e-06
2017,July,San Bernardino (MD),LDA,Gas,STREX,NCAT,PM,0.00012505069159261583
2017,July,San Bernardino (MD),LDA,Gas,STREX,NCAT,TOG,0.008148369954281245
2017,July,San Bernardino (MD),LDA,Gas,STREX,NCAT,PM10,0.00011940732871247933
2017,July,San Bernardino (MD),LDA,Gas,STREX,NCAT,PM2_5,0.00011358481760442392
2017,July,San Bernardino (MD),LDA,Gas,HOTSOAK,CAT,TOG,0.2748861465899788
2017,July,San Bernardino (MD),LDA,Gas,HOTSOAK,NCAT,TOG,0.009417020127572633
2017,July,San Bernardino (MD),LDA,Gas,RUNLOSS,CAT,TOG,0.40609685319582106
2017,July,San Bernardino (MD),LDA,Gas,RUNLOSS,NCAT,TOG,0.030766938808876747
2017,July,San Bernardino (MD),LDA,Gas,RESTLOSS,CAT,TOG,0.1947548797335805
2017,July,San Bernardino (MD),LDA,Gas,RESTLOSS,NCAT,TOG,0.00880360581515161
2017,July,San Bernardino (MD),LDA,Gas,DIURN,CAT,TOG,0.38926969730429917
2017,July,San Bernardino (MD),LDA,Gas,DIURN,NCAT,TOG,0.017754364669830238
2017,July,San Bernardino (MD),LDA,Gas,PMTW,CAT,PM,0.10181896493583541
2017,July,San Bernardino (MD),LDA,Gas,PMTW,CAT,PM10,0.10181896493583541
2017,July,San Bernardino (MD),LDA,Gas,PMTW,CAT,PM2_5,0.025454741233958852
2017,July,San Bernardino (MD),LDA,Gas,PMTW,NCAT,PM,5.142364769477963e-05
2017,July,San Bernardino (MD),LDA,Gas,PMTW,NCAT,PM10,5.142364769477963e-05
2017,July,San Bernardino (MD),LDA,Gas,PMTW,NCAT,PM2_5,1.2855911923694908e-05
2017,July,San Bernardino (MD),LDA,Gas,PMBW,CAT,PM,0.4772763981367283
2017,July,San Bernardino (MD),LDA,Gas,PMBW,CAT,PM10,0.46773087017399373
2017,July,San Bernardino (MD),LDA,Gas,PMBW,CAT,PM2_5,0.200456087217426
2017,July,San Bernardino (MD),LDA,Gas,PMBW,NCAT,PM,0.00024104834856927932
2017,July,San Bernardino (MD),LDA,Gas,PMBW,NCAT,PM10,0.00023622738159789387
2017,July,San Bernardino (MD),LDA,Gas,PMBW,NCAT,PM2_5,0.0001012403063990973
2017,July,San Bernardino (MD),LDA,Dsl,RUNEX,DSL,CO,0.028488257606522294
2017,July,San Bernardino (MD),LDA,Dsl,RUNEX,DSL,NOx,0.021499307394946928
2017,July,San Bernardino (MD),LDA,Dsl,RUNEX,DSL,SOx,0.00020871056633923115
2017,July,San Bernardino (MD),LDA,Dsl,RUNEX,DSL,PM,0.0018013404213918932
2017,July,San Bernardino (MD),LDA,Dsl,RUNEX,DSL,TOG,0.003043229702685792
2017,July,San Bernardino (MD),LDA,Dsl,RUNEX,DSL,PM10,0.001790532378863541
2017,July,San Bernardino (MD),LDA,Dsl,RUNEX,DSL,PM2_5,0.0017130747407436875
2017,July,San Bernardino (MD),LDA,Dsl,PMTW,DSL,PM,0.0007360325261738601
2017,July,San Bernardino (MD),LDA,Dsl,PMTW,DSL,PM10,0.0007360325261738601
2017,July,San Bernardino (MD),LDA,Dsl,PMTW,DSL,PM2_5,0.00018400813154346502
2017,July,San Bernardino (MD),LDA,Dsl,PMBW,DSL,PM,0.0034501524664399693
2017,July,San Bernardino (MD),LDA,Dsl,PMBW,DSL,PM10,0.0033811494171111693
2017,July,San Bernardino (MD),LDA,Dsl,PMBW,DSL,PM2_5,0.0014490640359047869
2017,July,San Bernardino (MD),LDA,Elec,HOTSOAK,CAT,TOG,4.8663919267251375e-05
2017,July,San Bernardino (MD),LDA,Elec,RESTLOSS,CAT,TOG,5.7927484244329025e-05
2017,July,San Bernardino (MD),LDA,Elec,DIURN,CAT,TOG,0.0001647289091950157
2017,July,San Bernardino (MD),LDA,Elec,PMTW,CAT,PM,0.0005849690313727385
2017,July,San Bernardino (MD),LDA,Elec,PMTW,CAT,PM10,0.0005849690313727385
2017,July,San Bernardino (MD),LDA,Elec,PMTW,CAT,PM2_5,0.00014624225784318462
2017,July,San Bernardino (MD),LDA,Elec,PMBW,CAT,PM,0.00274204233455971
2017,July,San Bernardino (MD),LDA,Elec,PMBW,CAT,PM10,0.0026872014878685157
2017,July,San Bernardino (MD),LDA,Elec,PMBW,CAT,PM2_5,0.001151657780515079
2017,July,San Bernardino (MD),LDT1,Gas,RUNEX,CAT,CO,3.579990304595035
2017,July,San Bernardino (MD),LDT1,Gas,RUNEX,CAT,NOx,0.2951897202743304
2017,July,San Bernardino (MD),LDT1,Gas,RUNEX,CAT,SOx,0.004702911001734823
2017,July,San Bernardino (MD),LDT1,Gas,RUNEX,CAT,PM,0.004032152096532081
2017,July,San Bernardino (MD),LDT1,Gas,RUNEX,CAT,TOG,0.1246125006361576
2017,July,San Bernardino (MD),LDT1,Gas,RUNEX,CAT,PM10,0.0036063441708735875
2017,July,San Bernardino (MD),LDT1,Gas,RUNEX,CAT,PM2_5,0.0033166979587899814
2017,July,San Bernardino (MD),LDT1,Gas,RUNEX,NCAT,CO,0.24907558396890672
2017,July,San Bernardino (MD),LDT1,Gas,RUNEX,NCAT,NOx,0.015723042976179064
2017,July,San Bernardino (MD),LDT1,Gas,RUNEX,NCAT,SOx,1.8692910617613192e-05
2017,July,San Bernardino (MD),LDT1,Gas,RUNEX,NCAT,PM,0.0001788768297591681
2017,July,San Bernardino (MD),LDT1,Gas,RUNEX,NCAT,TOG,0.018250038527594818
2017,July,San Bernardino (MD),LDT1,Gas,RUNEX,NCAT,PM10,0.0001703004368246515
2017,July,San Bernardino (MD),LDT1,Gas,RUNEX,NCAT,PM2_5,0.0001617611174485398
2017,July,San Bernardino (MD),LDT1,Gas,STREX,CAT,CO,0.36961588898969244
2017,July,San Bernardino (MD),LDT1,Gas,STREX,CAT,NOx,0.06546414980014648
2017,July,San Bernardino (MD),LDT1,Gas,STREX,CAT,SOx,0.00011270345194419582
2017,July,San Bernardino (MD),LDT1,Gas,STREX,CAT,PM,0.0006910764182478108
2017,July,San Bernardino (MD),LDT1,Gas,STREX,CAT,TOG,0.10343578979122335
2017,July,San Bernardino (MD),LDT1,Gas,STREX,CAT,PM10,0.0006181847161946383
2017,July,San Bernardino (MD),LDT1,Gas,STREX,CAT,PM2_5,0.0005685786641087142
2017,July,San Bernardino (MD),LDT1,Gas,STREX,NCAT,CO,0.01836712255752489
2017,July,San Bernardino (MD),LDT1,Gas,STREX,NCAT,NOx,0.0008885176307973514
2017,July,San Bernardino (MD),LDT1,Gas,STREX,NCAT,SOx,1.4629542112300123e-06
2017,July,San Bernardino (MD),LDT1,Gas,STREX,NCAT,PM,3.915464117457359e-05
2017,July,San Bernardino (MD),LDT1,Gas,STREX,NCAT,TOG,0.0025652498345798878
2017,July,San Bernardino (MD),LDT1,Gas,STREX,NCAT,PM10,3.726521188767153e-05
2017,July,San Bernardino (MD),LDT1,Gas,STREX,NCAT,PM2_5,3.539095764807057e-05
2017,July,San Bernardino (MD),LDT1,Gas,HOTSOAK,CAT,TOG,0.07706060465894783
2017,July,San Bernardino (MD),LDT1,Gas,HOTSOAK,NCAT,TOG,0.0027868454395599583
2017,July,San Bernardino (MD),LDT1,Gas,RUNLOSS,CAT,TOG,0.20836004438512853
2017,July,San Bernardino (MD),LDT1,Gas,RUNLOSS,NCAT,TOG,0.004055106921541272
2017,July,San Bernardino (MD),LDT1,Gas,RESTLOSS,CAT,TOG,0.05572667510256244
2017,July,San Bernardino (MD),LDT1,Gas,RESTLOSS,NCAT,TOG,0.0026884938847553
2017,July,San Bernardino (MD),LDT1,Gas,DIURN,CAT,TOG,0.12369712431525448
2017,July,San Bernardino (MD),LDT1,Gas,DIURN,NCAT,TOG,0.0053582528907717706
2017,July,San Bernardino (MD),LDT1,Gas,PMTW,CAT,PM,0.009846327771177018
2017,July,San Bernardino (MD),LDT1,Gas,PMTW,CAT,PM10,0.009846327771177018
2017,July,San Bernardino (MD),LDT1,Gas,PMTW,CAT,PM2_5,0.0024615819427942546
2017,July,San Bernardino (MD),LDT1,Gas,PMTW,NCAT,PM,2.3315845197005956e-05
2017,July,San Bernardino (MD),LDT1,Gas,PMTW,NCAT,PM10,2.3315845197005956e-05
2017,July,San Bernardino (MD),LDT1,Gas,PMTW,NCAT,PM2_5,5.828961299251489e-06
2017,July,San Bernardino (MD),LDT1,Gas,PMBW,CAT,PM,0.046154661427392184
2017,July,San Bernardino (MD),LDT1,Gas,PMBW,CAT,PM10,0.045231568198844344
2017,July,San Bernardino (MD),LDT1,Gas,PMBW,CAT,PM2_5,0.019384957799504745
2017,July,San Bernardino (MD),LDT1,Gas,PMBW,NCAT,PM,0.00010929302436096532
2017,July,San Bernardino (MD),LDT1,Gas,PMBW,NCAT,PM10,0.00010710716387374601
2017,July,San Bernardino (MD),LDT1,Gas,PMBW,NCAT,PM2_5,4.590307023160539e-05
2017,July,San Bernardino (MD),LDT2,Gas,RUNEX,CAT,CO,7.66635324271627
2017,July,San Bernardino (MD),LDT2,Gas,RUNEX,CAT,NOx,0.7379202294046895
2017,July,San Bernardino (MD),LDT2,Gas,RUNEX,CAT,SOx,0.01776010165006428
2017,July,San Bernardino (MD),LDT2,Gas,RUNEX,CAT,PM,0.0076420912287724066
2017,July,San Bernardino (MD),LDT2,Gas,RUNEX,CAT,TOG,0.23998505330001665
2017,July,San Bernardino (MD),LDT2,Gas,RUNEX,CAT,PM10,0.006834152237649762
2017,July,San Bernardino (MD),LDT2,Gas,RUNEX,CAT,PM2_5,0.006284808758962658
2017,July,San Bernardino (MD),LDT2,Gas,RUNEX,NCAT,CO,0.35275899214037326
2017,July,San Bernardino (MD),LDT2,Gas,RUNEX,NCAT,NOx,0.02249235282196316
2017,July,San Bernardino (MD),LDT2,Gas,RUNEX,NCAT,SOx,2.6464651761085866e-05
2017,July,San Bernardino (MD),LDT2,Gas,RUNEX,NCAT,PM,0.00025284206802096915
2017,July,San Bernardino (MD),LDT2,Gas,RUNEX,NCAT,TOG,0.026222140185936493
2017,July,San Bernardino (MD),LDT2,Gas,RUNEX,NCAT,PM10,0.00024085854824092582
2017,July,San Bernardino (MD),LDT2,Gas,RUNEX,NCAT,PM2_5,0.00022884640746349082
2017,July,San Bernardino (MD),LDT2,Gas,STREX,CAT,CO,1.3921957175002142
2017,July,San Bernardino (MD),LDT2,Gas,STREX,CAT,NOx,0.2420032046791656
2017,July,San Bernardino (MD),LDT2,Gas,STREX,CAT,SOx,0.0004133004015065978
2017,July,San Bernardino (MD),LDT2,Gas,STREX,CAT,PM,0.0012999714715458746
2017,July,San Bernardino (MD),LDT2,Gas,STREX,CAT,TOG,0.26166700388885533
2017,July,San Bernardino (MD),LDT2,Gas,STREX,CAT,PM10,0.0011626497400207799
2017,July,San Bernardino (MD),LDT2,Gas,STREX,CAT,PM2_5,0.0010692504036940356
2017,July,San Bernardino (MD),LDT2,Gas,STREX,NCAT,CO,0.025593578830213317
2017,July,San Bernardino (MD),LDT2,Gas,STREX,NCAT,NOx,0.001247628504684119
2017,July,San Bernardino (MD),LDT2,Gas,STREX,NCAT,SOx,2.0434630385212374e-06
2017,July,San Bernardino (MD),LDT2,Gas,STREX,NCAT,PM,5.442666304300296e-05
2017,July,San Bernardino (MD),LDT2,Gas,STREX,NCAT,TOG,0.003607147854253254
2017,July,San Bernardino (MD),LDT2,Gas,STREX,NCAT,PM10,5.182877872555795e-05
2017,July,San Bernardino (MD),LDT2,Gas,STREX,NCAT,PM2_5,4.92353959271062e-05
2017,July,San Bernardino (MD),LDT2,Gas,HOTSOAK,CAT,TOG,0.12664089041001111
2017,July,San Bernardino (MD),LDT2,Gas,HOTSOAK,NCAT,TOG,0.0039043080418853537
2017,July,San Bernardino (MD),LDT2,Gas,RUNLOSS,CAT,TOG,0.33023190296210597
2017,July,San Bernardino (MD),LDT2,Gas,RUNLOSS,NCAT,TOG,0.00550370716264521
2017,July,San Bernardino (MD),LDT2,Gas,RESTLOSS,CAT,TOG,0.09717452725900583
2017,July,San Bernardino (MD),LDT2,Gas,RESTLOSS,NCAT,TOG,0.0037932597026222098
2017,July,San Bernardino (MD),LDT2,Gas,DIURN,CAT,TOG,0.18907359208666646
2017,July,San Bernardino (MD),LDT2,Gas,DIURN,NCAT,TOG,0.007528277996172004
2017,July,San Bernardino (MD),LDT2,Gas,PMTW,CAT,PM,0.033412900533382556
2017,July,San Bernardino (MD),LDT2,Gas,PMTW,CAT,PM10,0.033412900533382556
2017,July,San Bernardino (MD),LDT2,Gas,PMTW,CAT,PM2_5,0.008353225133345639
2017,July,San Bernardino (MD),LDT2,Gas,PMTW,NCAT,PM,3.2946095457283746e-05
2017,July,San Bernardino (MD),LDT2,Gas,PMTW,NCAT,PM10,3.2946095457283746e-05
2017,July,San Bernardino (MD),LDT2,Gas,PMTW,NCAT,PM2_5,8.236523864320937e-06
2017,July,San Bernardino (MD),LDT2,Gas,PMBW,CAT,PM,0.15662297125023072
2017,July,San Bernardino (MD),LDT2,Gas,PMBW,CAT,PM10,0.15349051182522608
2017,July,San Bernardino (MD),LDT2,Gas,PMBW,CAT,PM2_5,0.06578164792509689
2017,July,San Bernardino (MD),LDT2,Gas,PMBW,NCAT,PM,0.00015443482245601755
2017,July,San Bernardino (MD),LDT2,Gas,PMBW,NCAT,PM10,0.0001513461260068972
2017,July,San Bernardino (MD),LDT2,Gas,PMBW,NCAT,PM2_5,6.486262543152743e-05
2017,July,San Bernardino (MD),MDV,Gas,RUNEX,CAT,CO,7.255196723977119
2017,July,San Bernardino (MD),MDV,Gas,RUNEX,CAT,NOx,0.7490274425487566
2017,July,San Bernardino (MD),MDV,Gas,RUNEX,CAT,SOx,0.018384531567757434
2017,July,San Bernardino (MD),MDV,Gas,RUNEX,CAT,PM,0.006724443743444623
2017,July,San Bernardino (MD),MDV,Gas,RUNEX,CAT,TOG,0.25296369821177045
2017,July,San Bernardino (MD),MDV,Gas,RUNEX,CAT,PM10,0.006013916146366091
2017,July,San Bernardino (MD),MDV,Gas,RUNEX,CAT,PM2_5,0.005530702111947697
2017,July,San Bernardino (MD),MDV,Gas,RUNEX,NCAT,CO,1.5031070514995297
2017,July,San Bernardino (MD),MDV,Gas,RUNEX,NCAT,NOx,0.07349547355204711
2017,July,San Bernardino (MD),MDV,Gas,RUNEX,NCAT,SOx,7.852229459172747e-05
2017,July,San Bernardino (MD),MDV,Gas,RUNEX,NCAT,PM,0.0005787742165048928
2017,July,San Bernardino (MD),MDV,Gas,RUNEX,NCAT,TOG,0.06853110507416595
2017,July,San Bernardino (MD),MDV,Gas,RUNEX,NCAT,PM10,0.0005539385823346051
2017,July,San Bernardino (MD),MDV,Gas,RUNEX,NCAT,PM2_5,0.0005275266016987675
2017,July,San Bernardino (MD),MDV,Gas,STREX,CAT,CO,1.4594508460451792
2017,July,San Bernardino (MD),MDV,Gas,STREX,CAT,NOx,0.2393216147235611
2017,July,San Bernardino (MD),MDV,Gas,STREX,CAT,SOx,0.00043044241094609303
2017,July,San Bernardino (MD),MDV,Gas,STREX,CAT,PM,0.001190503369117126
2017,July,San Bernardino (MD),MDV,Gas,STREX,CAT,TOG,0.27655182210981255
2017,July,San Bernardino (MD),MDV,Gas,STREX,CAT,PM10,0.0010647225038425418
2017,July,San Bernardino (MD),MDV,Gas,STREX,CAT,PM2_5,0.0009791786459206054
2017,July,San Bernardino (MD),MDV,Gas,STREX,NCAT,CO,0.07988564769466065
2017,July,San Bernardino (MD),MDV,Gas,STREX,NCAT,NOx,0.003205133483949935
2017,July,San Bernardino (MD),MDV,Gas,STREX,NCAT,SOx,4.704031337908077e-06
2017,July,San Bernardino (MD),MDV,Gas,STREX,NCAT,PM,9.607706485990242e-05
2017,July,San Bernardino (MD),MDV,Gas,STREX,NCAT,TOG,0.008058366272825242
2017,July,San Bernardino (MD),MDV,Gas,STREX,NCAT,PM10,9.191756747853593e-05
2017,July,San Bernardino (MD),MDV,Gas,STREX,NCAT,PM2_5,8.751779197020394e-05
2017,July,San Bernardino (MD),MDV,Gas,HOTSOAK,CAT,TOG,0.10610640582838796
2017,July,San Bernardino (MD),MDV,Gas,HOTSOAK,NCAT,TOG,0.004770203744187123
2017,July,San Bernardino (MD),MDV,Gas,RUNLOSS,CAT,TOG,0.2714280444659449
2017,July,San Bernardino (MD),MDV,Gas,RUNLOSS,NCAT,TOG,0.00784357887195613
2017,July,San Bernardino (MD),MDV,Gas,RESTLOSS,CAT,TOG,0.08528806086018222
2017,July,San Bernardino (MD),MDV,Gas,RESTLOSS,NCAT,TOG,0.006898472582456876
2017,July,San Bernardino (MD),MDV,Gas,DIURN,CAT,TOG,0.15759024563642055
2017,July,San Bernardino (MD),MDV,Gas,DIURN,NCAT,TOG,0.013448108547988594
2017,July,San Bernardino (MD),MDV,Gas,PMTW,CAT,PM,0.029066713354400472
2017,July,San Bernardino (MD),MDV,Gas,PMTW,CAT,PM10,0.029066713354400472
2017,July,San Bernardino (MD),MDV,Gas,PMTW,CAT,PM2_5,0.007266678338600118
2017,July,San Bernardino (MD),MDV,Gas,PMTW,NCAT,PM,7.570944396507417e-05
2017,July,San Bernardino (MD),MDV,Gas,PMTW,NCAT,PM10,7.570944396507417e-05
2017,July,San Bernardino (MD),MDV,Gas,PMTW,NCAT,PM2_5,1.892736099126854e-05
2017,July,San Bernardino (MD),MDV,Gas,PMBW,CAT,PM,0.13625021884875219
2017,July,San Bernardino (MD),MDV,Gas,PMBW,CAT,PM10,0.1335252144717772
2017,July,San Bernardino (MD),MDV,Gas,PMBW,CAT,PM2_5,0.057225091916475894
2017,July,San Bernardino (MD),MDV,Gas,PMBW,NCAT,PM,0.00035488801858628543
2017,July,San Bernardino (MD),MDV,Gas,PMBW,NCAT,PM10,0.00034779025821455976
2017,July,San Bernardino (MD),MDV,Gas,PMBW,NCAT,PM2_5,0.00014905296780624006
2017,July,San Bernardino (MD),LHD1,Gas,RUNEX,CAT,CO,1.0970772515261524
2017,July,San Bernardino (MD),LHD1,Gas,RUNEX,CAT,NOx,0.19666577457316528
2017,July,San Bernardino (MD),LHD1,Gas,RUNEX,CAT,SOx,0.004248658186487318
2017,July,San Bernardino (MD),LHD1,Gas,RUNEX,CAT,PM,0.0009221766063553982
2017,July,San Bernardino (MD),LHD1,Gas,RUNEX,CAT,TOG,0.056605005751401045
2017,July,San Bernardino (MD),LHD1,Gas,RUNEX,CAT,PM10,0.0008244258860817254
2017,July,San Bernardino (MD),LHD1,Gas,RUNEX,CAT,PM2_5,0.000758029170424136
2017,July,San Bernardino (MD),LHD1,Gas,RUNEX,NCAT,CO,0.43594353246722184
2017,July,San Bernardino (MD),LHD1,Gas,RUNEX,NCAT,NOx,0.010802743172518076
2017,July,San Bernardino (MD),LHD1,Gas,RUNEX,NCAT,SOx,3.3379956434082913e-05
2017,July,San Bernardino (MD),LHD1,Gas,RUNEX,NCAT,PM,0.00012491415578364377
2017,July,San Bernardino (MD),LHD1,Gas,RUNEX,NCAT,TOG,0.014004463562813254
2017,July,San Bernardino (MD),LHD1,Gas,RUNEX,NCAT,PM10,0.00012004250370808169
2017,July,San Bernardino (MD),LHD1,Gas,RUNEX,NCAT,PM2_5,0.00011454628085360132
2017,July,San Bernardino (MD),LHD1,Gas,IDLEX,CAT,CO,0.05483394214336433
2017,July,San Bernardino (MD),LHD1,Gas,IDLEX,CAT,NOx,0.0006145382541267214
2017,July,San Bernardino (MD),LHD1,Gas,IDLEX,CAT,SOx,1.8238434774056903e-05
2017,July,San Bernardino (MD),LHD1,Gas,IDLEX,CAT,TOG,0.010241893073876988
2017,July,San Bernardino (MD),LHD1,Gas,IDLEX,NCAT,CO,0.0007003816935106751
2017,July,San Bernardino (MD),LHD1,Gas,IDLEX,NCAT,NOx,7.920067764625456e-06
2017,July,San Bernardino (MD),LHD1,Gas,IDLEX,NCAT,SOx,2.5807067756852725e-07
2017,July,San Bernardino (MD),LHD1,Gas,IDLEX,NCAT,TOG,0.000125887788753797
2017,July,San Bernardino (MD),LHD1,Gas,STREX,CAT,CO,0.45805755221537475
2017,July,San Bernardino (MD),LHD1,Gas,STREX,CAT,NOx,0.1207694642114319
2017,July,San Bernardino (MD),LHD1,Gas,STREX,CAT,SOx,4.259187944891645e-05
2017,July,San Bernardino (MD),LHD1,Gas,STREX,CAT,PM,0.0001476332701126751
2017,July,San Bernardino (MD),LHD1,Gas,STREX,CAT,TOG,0.042130159285744824
2017,July,San Bernardino (MD),LHD1,Gas,STREX,CAT,PM10,0.0001319841434807317
2017,July,San Bernardino (MD),LHD1,Gas,STREX,CAT,PM2_5,0.00012135454803261899
2017,July,San Bernardino (MD),LHD1,Gas,STREX,NCAT,CO,0.00032164119137614015
2017,July,San Bernardino (MD),LHD1,Gas,STREX,NCAT,NOx,0.0010866921164407236
2017,July,San Bernardino (MD),LHD1,Gas,STREX,NCAT,SOx,2.077207293563198e-06
2017,July,San Bernardino (MD),LHD1,Gas,STREX,NCAT,PM,4.7774287964483185e-05
2017,July,San Bernardino (MD),LHD1,Gas,STREX,NCAT,TOG,0.006504521966715775
2017,July,San Bernardino (MD),LHD1,Gas,STREX,NCAT,PM10,4.591109073386835e-05
2017,July,San Bernardino (MD),LHD1,Gas,STREX,NCAT,PM2_5,4.3809022063431106e-05
2017,July,San Bernardino (MD),LHD1,Gas,HOTSOAK,CAT,TOG,0.050795412767897175
2017,July,San Bernardino (MD),LHD1,Gas,HOTSOAK,NCAT,TOG,0.005818605522644241
2017,July,San Bernardino (MD),LHD1,Gas,RUNLOSS,CAT,TOG,0.3010861425340421
2017,July,San Bernardino (MD),LHD1,Gas,RUNLOSS,NCAT,TOG,0.010883943546419295
2017,July,San Bernardino (MD),LHD1,Gas,RESTLOSS,CAT,TOG,0.0011733218279326484
2017,July,San Bernardino (MD),LHD1,Gas,RESTLOSS,NCAT,TOG,0.00010371283834689158
2017,July,San Bernardino (MD),LHD1,Gas,DIURN,CAT,TOG,0.003855332946233197
2017,July,San Bernardino (MD),LHD1,Gas,DIURN,NCAT,TOG,0.0003177358475096798
2017,July,San Bernardino (MD),LHD1,Gas,PMTW,CAT,PM,0.004049849220377208
2017,July,San Bernardino (MD),LHD1,Gas,PMTW,CAT,PM10,0.004049849220377208
2017,July,San Bernardino (MD),LHD1,Gas,PMTW,CAT,PM2_5,0.001012462305094302
2017,July,San Bernardino (MD),LHD1,Gas,PMTW,NCAT,PM,2.48043103807734e-05
2017,July,San Bernardino (MD),LHD1,Gas,PMTW,NCAT,PM10,2.48043103807734e-05
2017,July,San Bernardino (MD),LHD1,Gas,PMTW,NCAT,PM2_5,6.20107759519335e-06
2017,July,San Bernardino (MD),LHD1,Gas,PMBW,CAT,PM,0.03948602989867779
2017,July,San Bernardino (MD),LHD1,Gas,PMBW,CAT,PM10,0.03869630930070421
2017,July,San Bernardino (MD),LHD1,Gas,PMBW,CAT,PM2_5,0.01658413255744469
2017,July,San Bernardino (MD),LHD1,Gas,PMBW,NCAT,PM,0.00024184202621254047
2017,July,San Bernardino (MD),LHD1,Gas,PMBW,NCAT,PM10,0.0002370051856882898
2017,July,San Bernardino (MD),LHD1,Gas,PMBW,NCAT,PM2_5,0.00010157365100926703
2017,July,San Bernardino (MD),LHD2,Gas,RUNEX,CAT,CO,0.09138543941776242
2017,July,San Bernardino (MD),LHD2,Gas,RUNEX,CAT,NOx,0.020406126594182894
2017,July,San Bernardino (MD),LHD2,Gas,RUNEX,CAT,SOx,0.000621301957386922
2017,July,San Bernardino (MD),LHD2,Gas,RUNEX,CAT,PM,9.156230871061301e-05
2017,July,San Bernardino (MD),LHD2,Gas,RUNEX,CAT,TOG,0.004745430459340133
2017,July,San Bernardino (MD),LHD2,Gas,RUNEX,CAT,PM10,8.185670398728834e-05
2017,July,San Bernardino (MD),LHD2,Gas,RUNEX,CAT,PM2_5,7.526421776012401e-05
2017,July,San Bernardino (MD),LHD2,Gas,RUNEX,NCAT,CO,0.0025349363267423214
2017,July,San Bernardino (MD),LHD2,Gas,RUNEX,NCAT,NOx,4.316726083417301e-05
2017,July,San Bernardino (MD),LHD2,Gas,RUNEX,NCAT,SOx,2.1123400428478128e-07
2017,July,San Bernardino (MD),LHD2,Gas,RUNEX,NCAT,PM,7.07160325852502e-07
2017,July,San Bernardino (MD),LHD2,Gas,RUNEX,NCAT,TOG,6.897243366979677e-05
2017,July,San Bernardino (MD),LHD2,Gas,RUNEX,NCAT,PM10,6.795810731442546e-07
2017,July,San Bernardino (MD),LHD2,Gas,RUNEX,NCAT,PM2_5,6.484660188067443e-07
2017,July,San Bernardino (MD),LHD2,Gas,IDLEX,CAT,CO,0.006895647417854561
2017,July,San Bernardino (MD),LHD2,Gas,IDLEX,CAT,NOx,7.737067331049719e-05
2017,July,San Bernardino (MD),LHD2,Gas,IDLEX,CAT,SOx,2.630787306208668e-06
2017,July,San Bernardino (MD),LHD2,Gas,IDLEX,CAT,TOG,0.0012918590427709298
2017,July,San Bernardino (MD),LHD2,Gas,IDLEX,NCAT,CO,3.5714844373241326e-06
2017,July,San Bernardino (MD),LHD2,Gas,IDLEX,NCAT,NOx,4.038711894670789e-08
2017,July,San Bernardino (MD),LHD2,Gas,IDLEX,NCAT,SOx,1.5186549780151228e-09
2017,July,San Bernardino (MD),LHD2,Gas,IDLEX,NCAT,TOG,6.419446461110011e-07
2017,July,San Bernardino (MD),LHD2,Gas,STREX,CAT,CO,0.052503897659938195
2017,July,San Bernardino (MD),LHD2,Gas,STREX,CAT,NOx,0.015302558271691025
2017,July,San Bernardino (MD),LHD2,Gas,STREX,CAT,SOx,6.0058808395974115e-06
2017,July,San Bernardino (MD),LHD2,Gas,STREX,CAT,PM,1.4297308839478797e-05
2017,July,San Bernardino (MD),LHD2,Gas,STREX,CAT,TOG,0.004904777924291794
2017,July,San Bernardino (MD),LHD2,Gas,STREX,CAT,PM10,1.2781794102494041e-05
2017,July,San Bernardino (MD),LHD2,Gas,STREX,CAT,PM2_5,1.1752387866051577e-05
2017,July,San Bernardino (MD),LHD2,Gas,STREX,NCAT,CO,1.6862604431769082e-06
2017,July,San Bernardino (MD),LHD2,Gas,STREX,NCAT,NOx,6.352856462792419e-06
2017,July,San Bernardino (MD),LHD2,Gas,STREX,NCAT,SOx,1.2169882292488866e-08
2017,July,San Bernardino (MD),LHD2,Gas,STREX,NCAT,PM,2.436173411588359e-07
2017,July,San Bernardino (MD),LHD2,Gas,STREX,NCAT,TOG,3.3643916157409224e-05
2017,July,San Bernardino (MD),LHD2,Gas,STREX,NCAT,PM10,2.3411626485364132e-07
2017,July,San Bernardino (MD),LHD2,Gas,STREX,NCAT,PM2_5,2.2339710184265248e-07
2017,July,San Bernardino (MD),LHD2,Gas,HOTSOAK,CAT,TOG,0.005024781328572814
2017,July,San Bernardino (MD),LHD2,Gas,HOTSOAK,NCAT,TOG,2.9602163402469343e-05
2017,July,San Bernardino (MD),LHD2,Gas,RUNLOSS,CAT,TOG,0.028175769244113105
2017,July,San Bernardino (MD),LHD2,Gas,RUNLOSS,NCAT,TOG,2.8006338090604082e-05
2017,July,San Bernardino (MD),LHD2,Gas,RESTLOSS,CAT,TOG,0.00011496649508290071
2017,July,San Bernardino (MD),LHD2,Gas,RESTLOSS,NCAT,TOG,5.695874979525727e-07
2017,July,San Bernardino (MD),LHD2,Gas,DIURN,CAT,TOG,0.00036643629593576237
2017,July,San Bernardino (MD),LHD2,Gas,DIURN,NCAT,TOG,1.6887588035275107e-06
2017,July,San Bernardino (MD),LHD2,Gas,PMTW,CAT,PM,0.0005173417266838335
2017,July,San Bernardino (MD),LHD2,Gas,PMTW,CAT,PM10,0.0005173417266838335
2017,July,San Bernardino (MD),LHD2,Gas,PMTW,CAT,PM2_5,0.00012933543167095837
2017,July,San Bernardino (MD),LHD2,Gas,PMTW,NCAT,PM,1.4042142863131827e-07
2017,July,San Bernardino (MD),LHD2,Gas,PMTW,NCAT,PM10,1.4042142863131827e-07
2017,July,San Bernardino (MD),LHD2,Gas,PMTW,NCAT,PM2_5,3.510535715782957e-08
2017,July,San Bernardino (MD),LHD2,Gas,PMBW,CAT,PM,0.005884762141028601
2017,July,San Bernardino (MD),LHD2,Gas,PMBW,CAT,PM10,0.005767066898208038
2017,July,San Bernardino (MD),LHD2,Gas,PMBW,CAT,PM2_5,0.002471600099232014
2017,July,San Bernardino (MD),LHD2,Gas,PMBW,NCAT,PM,1.5972937506812457e-06
2017,July,San Bernardino (MD),LHD2,Gas,PMBW,NCAT,PM10,1.5653478756676206e-06
2017,July,San Bernardino (MD),LHD2,Gas,PMBW,NCAT,PM2_5,6.708633752861231e-07
2017,July,San Bernardino (MD),T6TS,Gas,RUNEX,CAT,CO,0.3577663283151401
2017,July,San Bernardino (MD),T6TS,Gas,RUNEX,CAT,NOx,0.07548669832226179
2017,July,San Bernardino (MD),T6TS,Gas,RUNEX,CAT,SOx,0.0014239919972119596
2017,July,San Bernardino (MD),T6TS,Gas,RUNEX,CAT,PM,0.00012027049870985867
2017,July,San Bernardino (MD),T6TS,Gas,RUNEX,CAT,TOG,0.02072187761341517
2017,July,San Bernardino (MD),T6TS,Gas,RUNEX,CAT,PM10,0.00010752182584661354
2017,July,San Bernardino (MD),T6TS,Gas,RUNEX,CAT,PM2_5,9.886234993950376e-05
2017,July,San Bernardino (MD),T6TS,Gas,RUNEX,NCAT,CO,0.08007888463974823
2017,July,San Bernardino (MD),T6TS,Gas,RUNEX,NCAT,NOx,0.001669678182376392
2017,July,San Bernardino (MD),T6TS,Gas,RUNEX,NCAT,SOx,8.130106433043917e-06
2017,July,San Bernardino (MD),T6TS,Gas,RUNEX,NCAT,PM,1.538679967799964e-05
2017,July,San Bernardino (MD),T6TS,Gas,RUNEX,NCAT,TOG,0.002396887131700696
2017,July,San Bernardino (MD),T6TS,Gas,RUNEX,NCAT,PM10,1.478671449055766e-05
2017,July,San Bernardino (MD),T6TS,Gas,RUNEX,NCAT,PM2_5,1.4109695304725666e-05
2017,July,San Bernardino (MD),T6TS,Gas,IDLEX,CAT,CO,0.01205703784002888
2017,July,San Bernardino (MD),T6TS,Gas,IDLEX,CAT,NOx,0.00010675654845252852
2017,July,San Bernardino (MD),T6TS,Gas,IDLEX,CAT,SOx,6.821164649275318e-06
2017,July,San Bernardino (MD),T6TS,Gas,IDLEX,CAT,TOG,0.0015803718813429902
2017,July,San Bernardino (MD),T6TS,Gas,IDLEX,NCAT,CO,0.00026661693673360026
2017,July,San Bernardino (MD),T6TS,Gas,IDLEX,NCAT,NOx,2.368543555792078e-06
2017,July,San Bernardino (MD),T6TS,Gas,IDLEX,NCAT,SOx,1.6747347726358883e-07
2017,July,San Bernardino (MD),T6TS,Gas,IDLEX,NCAT,TOG,3.353762142226318e-05
2017,July,San Bernardino (MD),T6TS,Gas,STREX,CAT,CO,0.13258817448085383
2017,July,San Bernardino (MD),T6TS,Gas,STREX,CAT,NOx,0.009026387963297255
2017,July,San Bernardino (MD),T6TS,Gas,STREX,CAT,SOx,9.736324326653964e-06
2017,July,San Bernardino (MD),T6TS,Gas,STREX,CAT,PM,1.8233389308662947e-05
2017,July,San Bernardino (MD),T6TS,Gas,STREX,CAT,TOG,0.006441237638275534
2017,July,San Bernardino (MD),T6TS,Gas,STREX,CAT,PM10,1.6300650041944632e-05
2017,July,San Bernardino (MD),T6TS,Gas,STREX,CAT,PM2_5,1.4987846011720911e-05
2017,July,San Bernardino (MD),T6TS,Gas,STREX,NCAT,CO,8.941958940192518e-05
2017,July,San Bernardino (MD),T6TS,Gas,STREX,NCAT,NOx,0.00030701515177324534
2017,July,San Bernardino (MD),T6TS,Gas,STREX,NCAT,SOx,7.878006532179375e-07
2017,July,San Bernardino (MD),T6TS,Gas,STREX,NCAT,PM,8.755970925568926e-06
2017,July,San Bernardino (MD),T6TS,Gas,STREX,NCAT,TOG,0.0017783843393119104
2017,July,San Bernardino (MD),T6TS,Gas,STREX,NCAT,PM10,8.414488059471738e-06
2017,July,San Bernardino (MD),T6TS,Gas,STREX,NCAT,PM2_5,8.029225338746708e-06
2017,July,San Bernardino (MD),T6TS,Gas,HOTSOAK,CAT,TOG,0.0037051539374399795
2017,July,San Bernardino (MD),T6TS,Gas,HOTSOAK,NCAT,TOG,0.0011508413412276706
2017,July,San Bernardino (MD),T6TS,Gas,RUNLOSS,CAT,TOG,0.017208280815965614
2017,July,San Bernardino (MD),T6TS,Gas,RUNLOSS,NCAT,TOG,0.001631697299156069
2017,July,San Bernardino (MD),T6TS,Gas,RESTLOSS,CAT,TOG,9.163287586718314e-05
2017,July,San Bernardino (MD),T6TS,Gas,RESTLOSS,NCAT,TOG,1.5114370894559988e-05
2017,July,San Bernardino (MD),T6TS,Gas,DIURN,CAT,TOG,0.0002821771119052835
2017,July,San Bernardino (MD),T6TS,Gas,DIURN,NCAT,TOG,4.3950379225980436e-05
2017,July,San Bernardino (MD),T6TS,Gas,PMTW,CAT,PM,0.0009745960408561051
2017,July,San Bernardino (MD),T6TS,Gas,PMTW,CAT,PM10,0.0009745960408561051
2017,July,San Bernardino (MD),T6TS,Gas,PMTW,CAT,PM2_5,0.00024364901021402626
2017,July,San Bernardino (MD),T6TS,Gas,PMTW,NCAT,PM,4.5742857732009335e-06
2017,July,San Bernardino (MD),T6TS,Gas,PMTW,NCAT,PM10,4.5742857732009335e-06
2017,July,San Bernardino (MD),T6TS,Gas,PMTW,NCAT,PM2_5,1.1435714433002334e-06
2017,July,San Bernardino (MD),T6TS,Gas,PMBW,CAT,PM,0.010801772786155163
2017,July,San Bernardino (MD),T6TS,Gas,PMBW,CAT,PM10,0.010585737330432063
2017,July,San Bernardino (MD),T6TS,Gas,PMBW,CAT,PM2_5,0.004536744570185175
2017,July,San Bernardino (MD),T6TS,Gas,PMBW,NCAT,PM,5.0698333986310343e-05
2017,July,San Bernardino (MD),T6TS,Gas,PMBW,NCAT,PM10,4.9684367306584156e-05
2017,July,San Bernardino (MD),T6TS,Gas,PMBW,NCAT,PM2_5,2.1293300274250354e-05
2017,July,San Bernardino (MD),T7IS,Gas,RUNEX,CAT,CO,0.06543883852108813
2017,July,San Bernardino (MD),T7IS,Gas,RUNEX,CAT,NOx,0.0018281798108404233
2017,July,San Bernardino (MD),T7IS,Gas,RUNEX,CAT,SOx,7.234550914136369e-06
2017,July,San Bernardino (MD),T7IS,Gas,RUNEX,CAT,PM,2.514444750788036e-06
2017,July,San Bernardino (MD),T7IS,Gas,RUNEX,CAT,TOG,0.0016284348807181679
2017,July,San Bernardino (MD),T7IS,Gas,RUNEX,CAT,PM10,2.2479136072045055e-06
2017,July,San Bernardino (MD),T7IS,Gas,RUNEX,CAT,PM2_5,2.0668735851477656e-06
2017,July,San Bernardino (MD),T7IS,Gas,STREX,CAT,CO,7.957642928823438e-05
2017,July,San Bernardino (MD),T7IS,Gas,STREX,CAT,NOx,0.0001345006421102363
2017,July,San Bernardino (MD),T7IS,Gas,STREX,CAT,SOx,4.938541522842408e-08
2017,July,San Bernardino (MD),T7IS,Gas,STREX,CAT,PM,3.03917974507641e-07
2017,July,San Bernardino (MD),T7IS,Gas,STREX,CAT,TOG,1.5276965761057116e-07
2017,July,San Bernardino (MD),T7IS,Gas,STREX,CAT,PM10,2.7170266920983137e-07
2017,July,San Bernardino (MD),T7IS,Gas,STREX,CAT,PM2_5,2.498205750452807e-07
2017,July,San Bernardino (MD),T7IS,Gas,HOTSOAK,CAT,TOG,4.965968957627889e-05
2017,July,San Bernardino (MD),T7IS,Gas,RUNLOSS,CAT,TOG,0.00021932519593075955
2017,July,San Bernardino (MD),T7IS,Gas,RESTLOSS,CAT,TOG,1.4926311837455235e-06
2017,July,San Bernardino (MD),T7IS,Gas,DIURN,CAT,TOG,3.78618757546593e-06
2017,July,San Bernardino (MD),T7IS,Gas,PMTW,CAT,PM,5.633940737607124e-06
2017,July,San Bernardino (MD),T7IS,Gas,PMTW,CAT,PM10,5.633940737607124e-06
2017,July,San Bernardino (MD),T7IS,Gas,PMTW,CAT,PM2_5,1.408485184401781e-06
2017,July,San Bernardino (MD),T7IS,Gas,PMBW,CAT,PM,1.7746913323462445e-05
2017,July,San Bernardino (MD),T7IS,Gas,PMBW,CAT,PM10,1.7391975056993195e-05
2017,July,San Bernardino (MD),T7IS,Gas,PMBW,CAT,PM2_5,7.453703595854226e-06
2017,July,San Bernardino (MD),LDT1,Dsl,RUNEX,DSL,CO,0.0010336678930855214
2017,July,San Bernardino (MD),LDT1,Dsl,RUNEX,DSL,NOx,0.0007599553898775507
2017,July,San Bernardino (MD),LDT1,Dsl,RUNEX,DSL,SOx,1.9905494878252624e-06
2017,July,San Bernardino (MD),LDT1,Dsl,RUNEX,DSL,PM,0.00012211007876468621
2017,July,San Bernardino (MD),LDT1,Dsl,RUNEX,DSL,TOG,0.00017137886174008228
2017,July,San Bernardino (MD),LDT1,Dsl,RUNEX,DSL,PM10,0.00012137741829209809
2017,July,San Bernardino (MD),LDT1,Dsl,RUNEX,DSL,PM2_5,0.0001161266849052166
2017,July,San Bernardino (MD),LDT1,Dsl,PMTW,DSL,PM,3.919450998852525e-06
2017,July,San Bernardino (MD),LDT1,Dsl,PMTW,DSL,PM10,3.919450998852525e-06
2017,July,San Bernardino (MD),LDT1,Dsl,PMTW,DSL,PM2_5,9.798627497131312e-07
2017,July,San Bernardino (MD),LDT1,Dsl,PMBW,DSL,PM,1.8372426557121218e-05
2017,July,San Bernardino (MD),LDT1,Dsl,PMBW,DSL,PM10,1.80049780259788e-05
2017,July,San Bernardino (MD),LDT1,Dsl,PMBW,DSL,PM2_5,7.716419153990908e-06
2017,July,San Bernardino (MD),LDT2,Dsl,RUNEX,DSL,CO,0.001921089814357747
2017,July,San Bernardino (MD),LDT2,Dsl,RUNEX,DSL,NOx,0.001289661930078035
2017,July,San Bernardino (MD),LDT2,Dsl,RUNEX,DSL,SOx,4.361814474526432e-05
2017,July,San Bernardino (MD),LDT2,Dsl,RUNEX,DSL,PM,0.00016117702909655888
2017,July,San Bernardino (MD),LDT2,Dsl,RUNEX,DSL,TOG,0.00032089190681589496
2017,July,San Bernardino (MD),LDT2,Dsl,RUNEX,DSL,PM10,0.00016020996692197925
2017,July,San Bernardino (MD),LDT2,Dsl,RUNEX,DSL,PM2_5,0.0001532793546708271
2017,July,San Bernardino (MD),LDT2,Dsl,PMTW,DSL,PM,0.00011425304481648237
2017,July,San Bernardino (MD),LDT2,Dsl,PMTW,DSL,PM10,0.00011425304481648237
2017,July,San Bernardino (MD),LDT2,Dsl,PMTW,DSL,PM2_5,2.8563261204120593e-05
2017,July,San Bernardino (MD),LDT2,Dsl,PMBW,DSL,PM,0.0005355611475772613
2017,July,San Bernardino (MD),LDT2,Dsl,PMBW,DSL,PM10,0.0005248499246257161
2017,July,San Bernardino (MD),LDT2,Dsl,PMBW,DSL,PM2_5,0.0002249356819824497
2017,July,San Bernardino (MD),MDV,Dsl,RUNEX,DSL,CO,0.013714871653531973
2017,July,San Bernardino (MD),MDV,Dsl,RUNEX,DSL,NOx,0.009119600799112886
2017,July,San Bernardino (MD),MDV,Dsl,RUNEX,DSL,SOx,0.00024378345300148636
2017,July,San Bernardino (MD),MDV,Dsl,RUNEX,DSL,PM,0.0006531792196718351
2017,July,San Bernardino (MD),MDV,Dsl,RUNEX,DSL,TOG,0.0011944744300759866
2017,July,San Bernardino (MD),MDV,Dsl,RUNEX,DSL,PM10,0.0006492601443538055
2017,July,San Bernardino (MD),MDV,Dsl,RUNEX,DSL,PM2_5,0.0006211734379079163
2017,July,San Bernardino (MD),MDV,Dsl,PMTW,DSL,PM,0.00047637095452461044
2017,July,San Bernardino (MD),MDV,Dsl,PMTW,DSL,PM10,0.00047637095452461044
2017,July,San Bernardino (MD),MDV,Dsl,PMTW,DSL,PM2_5,0.00011909273863115261
2017,July,San Bernardino (MD),MDV,Dsl,PMBW,DSL,PM,0.002232988849334112
2017,July,San Bernardino (MD),MDV,Dsl,PMBW,DSL,PM10,0.002188329072347428
2017,July,San Bernardino (MD),MDV,Dsl,PMBW,DSL,PM2_5,0.0009378553167203265
2017,July,San Bernardino (MD),LHD1,Dsl,RUNEX,DSL,CO,0.5502565189520354
2017,July,San Bernardino (MD),LHD1,Dsl,RUNEX,DSL,NOx,2.346901010822393
2017,July,San Bernardino (MD),LHD1,Dsl,RUNEX,DSL,SOx,0.002477115304136498
2017,July,San Bernardino (MD),LHD1,Dsl,RUNEX,DSL,PM,0.01593304328924644
2017,July,San Bernardino (MD),LHD1,Dsl,RUNEX,DSL,TOG,0.07970477489050855
2017,July,San Bernardino (MD),LHD1,Dsl,RUNEX,DSL,PM10,0.01583744502951097
2017,July,San Bernardino (MD),LHD1,Dsl,RUNEX,DSL,PM2_5,0.01515232416807337
2017,July,San Bernardino (MD),LHD1,Dsl,IDLEX,DSL,CO,0.012342326712443426
2017,July,San Bernardino (MD),LHD1,Dsl,IDLEX,DSL,NOx,0.03469049883292631
2017,July,San Bernardino (MD),LHD1,Dsl,IDLEX,DSL,SOx,1.819611178862437e-05
2017,July,San Bernardino (MD),LHD1,Dsl,IDLEX,DSL,PM,0.0003919108533955054
2017,July,San Bernardino (MD),LHD1,Dsl,IDLEX,DSL,TOG,0.001695227265204703
2017,July,San Bernardino (MD),LHD1,Dsl,IDLEX,DSL,PM10,0.0003895593882751324
2017,July,San Bernardino (MD),LHD1,Dsl,IDLEX,DSL,PM2_5,0.0003727072215791254
2017,July,San Bernardino (MD),LHD1,Dsl,PMTW,DSL,PM,0.006168751805777943
2017,July,San Bernardino (MD),LHD1,Dsl,PMTW,DSL,PM10,0.006168751805777943
2017,July,San Bernardino (MD),LHD1,Dsl,PMTW,DSL,PM2_5,0.0015421879514444857
2017,July,San Bernardino (MD),LHD1,Dsl,PMBW,DSL,PM,0.040096886737556604
2017,July,San Bernardino (MD),LHD1,Dsl,PMBW,DSL,PM10,0.039294949002805495
2017,July,San Bernardino (MD),LHD1,Dsl,PMBW,DSL,PM2_5,0.016840692429773776
2017,July,San Bernardino (MD),LHD2,Dsl,RUNEX,DSL,CO,0.16128178619838515
2017,July,San Bernardino (MD),LHD2,Dsl,RUNEX,DSL,NOx,0.6756515157393078
2017,July,San Bernardino (MD),LHD2,Dsl,RUNEX,DSL,SOx,0.0009528318187066394
2017,July,San Bernardino (MD),LHD2,Dsl,RUNEX,DSL,PM,0.0048158827333804
2017,July,San Bernardino (MD),LHD2,Dsl,RUNEX,DSL,TOG,0.02348551021041243
2017,July,San Bernardino (MD),LHD2,Dsl,RUNEX,DSL,PM10,0.004786987436980117
2017,July,San Bernardino (MD),LHD2,Dsl,RUNEX,DSL,PM2_5,0.0045799044794447635
2017,July,San Bernardino (MD),LHD2,Dsl,IDLEX,DSL,CO,0.004288610242139561
2017,July,San Bernardino (MD),LHD2,Dsl,IDLEX,DSL,NOx,0.012066744105409474
2017,July,San Bernardino (MD),LHD2,Dsl,IDLEX,DSL,SOx,1.0133394620425974e-05
2017,July,San Bernardino (MD),LHD2,Dsl,IDLEX,DSL,PM,0.00013023638017018062
2017,July,San Bernardino (MD),LHD2,Dsl,IDLEX,DSL,TOG,0.0005890436367221914
2017,July,San Bernardino (MD),LHD2,Dsl,IDLEX,DSL,PM10,0.0001294549618891595
2017,July,San Bernardino (MD),LHD2,Dsl,IDLEX,DSL,PM2_5,0.00012385479754184166
2017,July,San Bernardino (MD),LHD2,Dsl,PMTW,DSL,PM,0.0022101276037487525
2017,July,San Bernardino (MD),LHD2,Dsl,PMTW,DSL,PM10,0.0022101276037487525
2017,July,San Bernardino (MD),LHD2,Dsl,PMTW,DSL,PM2_5,0.0005525319009371881
2017,July,San Bernardino (MD),LHD2,Dsl,PMBW,DSL,PM,0.016760134328428062
2017,July,San Bernardino (MD),LHD2,Dsl,PMBW,DSL,PM10,0.016424931641859503
2017,July,San Bernardino (MD),LHD2,Dsl,PMBW,DSL,PM2_5,0.007039256417939782
2017,July,San Bernardino (MD),LDT1,Elec,HOTSOAK,CAT,TOG,4.984728584816085e-07
2017,July,San Bernardino (MD),LDT1,Elec,RESTLOSS,CAT,TOG,5.985749797165172e-07
2017,July,San Bernardino (MD),LDT1,Elec,DIURN,CAT,TOG,1.7021730663158138e-06
2017,July,San Bernardino (MD),LDT1,Elec,PMTW,CAT,PM,5.874784475535227e-06
2017,July,San Bernardino (MD),LDT1,Elec,PMTW,CAT,PM10,5.874784475535227e-06
2017,July,San Bernardino (MD),LDT1,Elec,PMTW,CAT,PM2_5,1.4686961188838068e-06
2017,July,San Bernardino (MD),LDT1,Elec,PMBW,CAT,PM,2.7538052229071375e-05
2017,July,San Bernardino (MD),LDT1,Elec,PMBW,CAT,PM10,2.6987291184489943e-05
2017,July,San Bernardino (MD),LDT1,Elec,PMBW,CAT,PM2_5,1.1565981936209976e-05
2017,July,San Bernardino (MD),LDT2,Elec,HOTSOAK,CAT,TOG,4.2185141919427805e-06
2017,July,San Bernardino (MD),LDT2,Elec,RESTLOSS,CAT,TOG,4.942595716178351e-06
2017,July,San Bernardino (MD),LDT2,Elec,DIURN,CAT,TOG,1.405530399842498e-05
2017,July,San Bernardino (MD),LDT2,Elec,PMTW,CAT,PM,4.965924796034272e-05
2017,July,San Bernardino (MD),LDT2,Elec,PMTW,CAT,PM10,4.965924796034272e-05
2017,July,San Bernardino (MD),LDT2,Elec,PMTW,CAT,PM2_5,1.241481199008568e-05
2017,July,San Bernardino (MD),LDT2,Elec,PMBW,CAT,PM,0.00023277772481410659
2017,July,San Bernardino (MD),LDT2,Elec,PMBW,CAT,PM10,0.0002281221703178244
2017,July,San Bernardino (MD),LDT2,Elec,PMBW,CAT,PM2_5,9.776664442192473e-05
2017,July,San Bernardino (MD),MDV,Elec,HOTSOAK,CAT,TOG,4.859475728863952e-07
2017,July,San Bernardino (MD),MDV,Elec,RESTLOSS,CAT,TOG,5.966438231470847e-07
2017,July,San Bernardino (MD),MDV,Elec,DIURN,CAT,TOG,1.696681418968838e-06
2017,July,San Bernardino (MD),MDV,Elec,PMTW,CAT,PM,5.273063347836201e-06
2017,July,San Bernardino (MD),MDV,Elec,PMTW,CAT,PM10,5.273063347836201e-06
2017,July,San Bernardino (MD),MDV,Elec,PMTW,CAT,PM2_5,1.3182658369590502e-06
2017,July,San Bernardino (MD),MDV,Elec,PMBW,CAT,PM,2.4717484442982183e-05
2017,July,San Bernardino (MD),MDV,Elec,PMBW,CAT,PM10,2.4223134754122542e-05
2017,July,San Bernardino (MD),MDV,Elec,PMBW,CAT,PM2_5,1.0381343466052516e-05
2017,July,San Bernardino (MD),SBUS,Gas,RUNEX,CAT,CO,0.0001659880361240348
2017,July,San Bernardino (MD),SBUS,Gas,RUNEX,CAT,NOx,7.562242665206746e-05
2017,July,San Bernardino (MD),SBUS,Gas,RUNEX,CAT,SOx,6.637035894660646e-06
2017,July,San Bernardino (MD),SBUS,Gas,RUNEX,CAT,PM,1.0366688375316153e-06
2017,July,San Bernardino (MD),SBUS,Gas,RUNEX,CAT,TOG,1.7318488490077757e-05
2017,July,San Bernardino (MD),SBUS,Gas,RUNEX,CAT,PM10,9.267819407532642e-07
2017,July,San Bernardino (MD),SBUS,Gas,RUNEX,CAT,PM2_5,8.521417844509878e-07
2017,July,San Bernardino (MD),SBUS,Gas,IDLEX,CAT,CO,0.0008929435451936638
2017,July,San Bernardino (MD),SBUS,Gas,IDLEX,CAT,NOx,1.0059952716234201e-05
2017,July,San Bernardino (MD),SBUS,Gas,IDLEX,CAT,SOx,2.763343859221514e-07
2017,July,San Bernardino (MD),SBUS,Gas,IDLEX,CAT,TOG,0.00016859860568673872
2017,July,San Bernardino (MD),SBUS,Gas,STREX,CAT,CO,0.00022479830481597133
2017,July,San Bernardino (MD),SBUS,Gas,STREX,CAT,NOx,2.044525536323114e-05
2017,July,San Bernardino (MD),SBUS,Gas,STREX,CAT,SOx,1.8359180702223427e-08
2017,July,San Bernardino (MD),SBUS,Gas,STREX,CAT,PM,2.5967813334983307e-08
2017,July,San Bernardino (MD),SBUS,Gas,STREX,CAT,TOG,1.1101448024537392e-05
2017,July,San Bernardino (MD),SBUS,Gas,STREX,CAT,PM10,2.3215225121475068e-08
2017,July,San Bernardino (MD),SBUS,Gas,STREX,CAT,PM2_5,2.1345542561356274e-08
2017,July,San Bernardino (MD),SBUS,Gas,HOTSOAK,CAT,TOG,4.867395634814562e-07
2017,July,San Bernardino (MD),SBUS,Gas,RUNLOSS,CAT,TOG,2.1658331625173e-06
2017,July,San Bernardino (MD),SBUS,Gas,RESTLOSS,CAT,TOG,7.287043939266738e-08
2017,July,San Bernardino (MD),SBUS,Gas,DIURN,CAT,TOG,2.6527068863684606e-07
2017,July,San Bernardino (MD),SBUS,Gas,PMTW,CAT,PM,6.238115473098203e-06
2017,July,San Bernardino (MD),SBUS,Gas,PMTW,CAT,PM10,6.238115473098203e-06
2017,July,San Bernardino (MD),SBUS,Gas,PMTW,CAT,PM2_5,1.5595288682745507e-06
2017,July,San Bernardino (MD),SBUS,Gas,PMBW,CAT,PM,0.0005926209621466849
2017,July,San Bernardino (MD),SBUS,Gas,PMBW,CAT,PM10,0.0005807685429037512
2017,July,San Bernardino (MD),SBUS,Gas,PMBW,CAT,PM2_5,0.00024890080410160765
2017,July,San Bernardino (MD),OBUS,Gas,RUNEX,CAT,CO,0.06401652183980028
2017,July,San Bernardino (MD),OBUS,Gas,RUNEX,CAT,NOx,0.01893492472500391
2017,July,San Bernardino (MD),OBUS,Gas,RUNEX,CAT,SOx,0.00040498081300746353
2017,July,San Bernardino (MD),OBUS,Gas,RUNEX,CAT,PM,1.8665249881363053e-05
2017,July,San Bernardino (MD),OBUS,Gas,RUNEX,CAT,TOG,0.003793463612576402
2017,July,San Bernardino (MD),OBUS,Gas,RUNEX,CAT,PM10,1.6686733393938538e-05
2017,July,San Bernardino (MD),OBUS,Gas,RUNEX,CAT,PM2_5,1.5342835402480414e-05
2017,July,San Bernardino (MD),OBUS,Gas,RUNEX,NCAT,CO,0.008157753679627634
2017,July,San Bernardino (MD),OBUS,Gas,RUNEX,NCAT,NOx,0.00018833556614973067
2017,July,San Bernardino (MD),OBUS,Gas,RUNEX,NCAT,SOx,8.611317008324684e-07
2017,July,San Bernardino (MD),OBUS,Gas,RUNEX,NCAT,PM,1.5884539315272666e-06
2017,July,San Bernardino (MD),OBUS,Gas,RUNEX,NCAT,TOG,0.00026013574322078113
2017,July,San Bernardino (MD),OBUS,Gas,RUNEX,NCAT,PM10,1.526504228197703e-06
2017,July,San Bernardino (MD),OBUS,Gas,RUNEX,NCAT,PM2_5,1.4566122552105036e-06
2017,July,San Bernardino (MD),OBUS,Gas,IDLEX,CAT,CO,0.0018604373502160308
2017,July,San Bernardino (MD),OBUS,Gas,IDLEX,CAT,NOx,2.096242783148869e-05
2017,July,San Bernardino (MD),OBUS,Gas,IDLEX,CAT,SOx,1.2533325500476709e-06
2017,July,San Bernardino (MD),OBUS,Gas,IDLEX,CAT,TOG,0.00035028607219155016
2017,July,San Bernardino (MD),OBUS,Gas,IDLEX,NCAT,CO,1.2400805695603674e-05
2017,July,San Bernardino (MD),OBUS,Gas,IDLEX,NCAT,NOx,1.4023099454931353e-07
2017,July,San Bernardino (MD),OBUS,Gas,IDLEX,NCAT,SOx,9.372112642228148e-09
2017,July,San Bernardino (MD),OBUS,Gas,IDLEX,NCAT,TOG,2.2289417645397724e-06
2017,July,San Bernardino (MD),OBUS,Gas,STREX,CAT,CO,0.023587391934234148
2017,July,San Bernardino (MD),OBUS,Gas,STREX,CAT,NOx,0.0020381973303099706
2017,July,San Bernardino (MD),OBUS,Gas,STREX,CAT,SOx,1.7833661108850175e-06
2017,July,San Bernardino (MD),OBUS,Gas,STREX,CAT,PM,1.912749315763223e-06
2017,July,San Bernardino (MD),OBUS,Gas,STREX,CAT,TOG,0.0012629305587560382
2017,July,San Bernardino (MD),OBUS,Gas,STREX,CAT,PM10,1.7099978882923239e-06
2017,July,San Bernardino (MD),OBUS,Gas,STREX,CAT,PM2_5,1.5722799375573692e-06
2017,July,San Bernardino (MD),OBUS,Gas,STREX,NCAT,CO,7.076088247176391e-06
2017,July,San Bernardino (MD),OBUS,Gas,STREX,NCAT,NOx,2.420065495024662e-05
2017,July,San Bernardino (MD),OBUS,Gas,STREX,NCAT,SOx,6.131629968674107e-08
2017,July,San Bernardino (MD),OBUS,Gas,STREX,NCAT,PM,7.321782287470459e-07
2017,July,San Bernardino (MD),OBUS,Gas,STREX,NCAT,TOG,0.00014617402410341105
2017,July,San Bernardino (MD),OBUS,Gas,STREX,NCAT,PM10,7.036232778259112e-07
2017,July,San Bernardino (MD),OBUS,Gas,STREX,NCAT,PM2_5,6.714074357610412e-07
2017,July,San Bernardino (MD),OBUS,Gas,HOTSOAK,CAT,TOG,0.00023536386141952628
2017,July,San Bernardino (MD),OBUS,Gas,HOTSOAK,NCAT,TOG,3.329984358386951e-05
2017,July,San Bernardino (MD),OBUS,Gas,RUNLOSS,CAT,TOG,0.0023066688367393675
2017,July,San Bernardino (MD),OBUS,Gas,RUNLOSS,NCAT,TOG,0.00018742228854333768
2017,July,San Bernardino (MD),OBUS,Gas,RESTLOSS,CAT,TOG,1.2600978136489198e-05
2017,July,San Bernardino (MD),OBUS,Gas,RESTLOSS,NCAT,TOG,9.857069882692505e-07
2017,July,San Bernardino (MD),OBUS,Gas,DIURN,CAT,TOG,5.0878243045250846e-05
2017,July,San Bernardino (MD),OBUS,Gas,DIURN,NCAT,TOG,4.330325741162007e-06
2017,July,San Bernardino (MD),OBUS,Gas,PMTW,CAT,PM,0.00027546125143093896
2017,July,San Bernardino (MD),OBUS,Gas,PMTW,CAT,PM10,0.00027546125143093896
2017,July,San Bernardino (MD),OBUS,Gas,PMTW,CAT,PM2_5,6.886531285773474e-05
2017,July,San Bernardino (MD),OBUS,Gas,PMTW,NCAT,PM,4.906744592339037e-07
2017,July,San Bernardino (MD),OBUS,Gas,PMTW,NCAT,PM10,4.906744592339037e-07
2017,July,San Bernardino (MD),OBUS,Gas,PMTW,NCAT,PM2_5,1.2266861480847593e-07
2017,July,San Bernardino (MD),OBUS,Gas,PMBW,CAT,PM,0.0030530288700262352
2017,July,San Bernardino (MD),OBUS,Gas,PMBW,CAT,PM10,0.002991968292625713
2017,July,San Bernardino (MD),OBUS,Gas,PMBW,CAT,PM2_5,0.0012822721254110204
2017,July,San Bernardino (MD),OBUS,Gas,PMBW,NCAT,PM,5.4383085898424325e-06
2017,July,San Bernardino (MD),OBUS,Gas,PMBW,NCAT,PM10,5.3295424180455855e-06
2017,July,San Bernardino (MD),OBUS,Gas,PMBW,NCAT,PM2_5,2.284089607733822e-06
2017,July,San Bernardino (MD),MCY,Gas,RUNEX,CAT,CO,1.9933341377865983
2017,July,San Bernardino (MD),MCY,Gas,RUNEX,CAT,NOx,0.12789337231961856
2017,July,San Bernardino (MD),MCY,Gas,RUNEX,CAT,SOx,0.0003070022360067542
2017,July,San Bernardino (MD),MCY,Gas,RUNEX,CAT,PM,0.00020574413342042776
2017,July,San Bernardino (MD),MCY,Gas,RUNEX,CAT,TOG,0.31291973242152926
2017,July,San Bernardino (MD),MCY,Gas,RUNEX,CAT,PM10,0.00018969603774582108
2017,July,San Bernardino (MD),MCY,Gas,RUNEX,CAT,PM2_5,0.00017728995132018996
2017,July,San Bernardino (MD),MCY,Gas,RUNEX,NCAT,CO,5.709149289462702
2017,July,San Bernardino (MD),MCY,Gas,RUNEX,NCAT,NOx,0.1731849259988447
2017,July,San Bernardino (MD),MCY,Gas,RUNEX,NCAT,SOx,0.00033727813510874385
2017,July,San Bernardino (MD),MCY,Gas,RUNEX,NCAT,PM,0.00032926239712073466
2017,July,San Bernardino (MD),MCY,Gas,RUNEX,NCAT,TOG,0.5237410820194088
2017,July,San Bernardino (MD),MCY,Gas,RUNEX,NCAT,PM10,0.0003106603811650675
2017,July,San Bernardino (MD),MCY,Gas,RUNEX,NCAT,PM2_5,0.0002937653445111157
2017,July,San Bernardino (MD),MCY,Gas,STREX,CAT,CO,0.07541984373197654
2017,July,San Bernardino (MD),MCY,Gas,STREX,CAT,NOx,0.003265379967488059
2017,July,San Bernardino (MD),MCY,Gas,STREX,CAT,SOx,7.65241499105481e-06
2017,July,San Bernardino (MD),MCY,Gas,STREX,CAT,PM,2.755146935435126e-05
2017,July,San Bernardino (MD),MCY,Gas,STREX,CAT,TOG,0.020365800624975967
2017,July,San Bernardino (MD),MCY,Gas,STREX,CAT,PM10,2.5516441912640773e-05
2017,July,San Bernardino (MD),MCY,Gas,STREX,CAT,PM2_5,2.390276586055768e-05
2017,July,San Bernardino (MD),MCY,Gas,STREX,NCAT,CO,0.2236608770224732
2017,July,San Bernardino (MD),MCY,Gas,STREX,NCAT,NOx,0.006019596397465567
2017,July,San Bernardino (MD),MCY,Gas,STREX,NCAT,SOx,1.5287458995480937e-05
2017,July,San Bernardino (MD),MCY,Gas,STREX,NCAT,PM,0.00011419216906322739
2017,July,San Bernardino (MD),MCY,Gas,STREX,NCAT,TOG,0.04807993023407124
2017,July,San Bernardino (MD),MCY,Gas,STREX,NCAT,PM10,0.0001088532461599105
2017,July,San Bernardino (MD),MCY,Gas,STREX,NCAT,PM2_5,0.00010345876097969844
2017,July,San Bernardino (MD),MCY,Gas,HOTSOAK,CAT,TOG,0.008364087537260092
2017,July,San Bernardino (MD),MCY,Gas,HOTSOAK,NCAT,TOG,0.03871956786597172
2017,July,San Bernardino (MD),MCY,Gas,RUNLOSS,CAT,TOG,0.01349922051698132
2017,July,San Bernardino (MD),MCY,Gas,RUNLOSS,NCAT,TOG,0.08044472632524872
2017,July,San Bernardino (MD),MCY,Gas,RESTLOSS,CAT,TOG,0.015948949731736266
2017,July,San Bernardino (MD),MCY,Gas,RESTLOSS,NCAT,TOG,0.05033235808519626
2017,July,San Bernardino (MD),MCY,Gas,DIURN,CAT,TOG,0.035527173229906575
2017,July,San Bernardino (MD),MCY,Gas,DIURN,NCAT,TOG,0.11561250118747883
2017,July,San Bernardino (MD),MCY,Gas,PMTW,CAT,PM,0.0005805998128180618
2017,July,San Bernardino (MD),MCY,Gas,PMTW,CAT,PM10,0.0005805998128180618
2017,July,San Bernardino (MD),MCY,Gas,PMTW,CAT,PM2_5,0.00014514995320451544
2017,July,San Bernardino (MD),MCY,Gas,PMTW,NCAT,PM,0.0006157107906505502
2017,July,San Bernardino (MD),MCY,Gas,PMTW,NCAT,PM10,0.0006157107906505502
2017,July,San Bernardino (MD),MCY,Gas,PMTW,NCAT,PM2_5,0.00015392769766263756
2017,July,San Bernardino (MD),MCY,Gas,PMBW,CAT,PM,0.0017417994384541853
2017,July,San Bernardino (MD),MCY,Gas,PMBW,CAT,PM10,0.0017069634496851011
2017,July,San Bernardino (MD),MCY,Gas,PMBW,CAT,PM2_5,0.000731555764150758
2017,July,San Bernardino (MD),MCY,Gas,PMBW,NCAT,PM,0.0018471323719516498
2017,July,San Bernardino (MD),MCY,Gas,PMBW,NCAT,PM10,0.0018101897245126157
2017,July,San Bernardino (MD),MCY,Gas,PMBW,NCAT,PM2_5,0.0007757955962196931
2017,July,San Bernardino (MD),MH,Gas,RUNEX,CAT,CO,0.18866884700533154
2017,July,San Bernardino (MD),MH,Gas,RUNEX,CAT,NOx,0.02664550794940683
2017,July,San Bernardino (MD),MH,Gas,RUNEX,CAT,SOx,0.000686343137316272
2017,July,San Bernardino (MD),MH,Gas,RUNEX,CAT,PM,8.382137641445143e-05
2017,July,San Bernardino (MD),MH,Gas,RUNEX,CAT,TOG,0.007397406701574904
2017,July,San Bernardino (MD),MH,Gas,RUNEX,CAT,PM10,7.493631051451943e-05
2017,July,San Bernardino (MD),MH,Gas,RUNEX,CAT,PM2_5,6.890117141267883e-05
2017,July,San Bernardino (MD),MH,Gas,RUNEX,NCAT,CO,0.03969466694020638
2017,July,San Bernardino (MD),MH,Gas,RUNEX,NCAT,NOx,0.0008291970173945865
2017,July,San Bernardino (MD),MH,Gas,RUNEX,NCAT,SOx,4.043877178329414e-06
2017,July,San Bernardino (MD),MH,Gas,RUNEX,NCAT,PM,7.65761834606133e-06
2017,July,San Bernardino (MD),MH,Gas,RUNEX,NCAT,TOG,0.0012002255328133775
2017,July,San Bernardino (MD),MH,Gas,RUNEX,NCAT,PM10,7.358971230564932e-06
2017,July,San Bernardino (MD),MH,Gas,RUNEX,NCAT,PM2_5,7.022036023338233e-06
2017,July,San Bernardino (MD),MH,Gas,STREX,CAT,CO,0.0015075557837324364
2017,July,San Bernardino (MD),MH,Gas,STREX,CAT,NOx,0.00013285065160663232
2017,July,San Bernardino (MD),MH,Gas,STREX,CAT,SOx,1.2213476025757814e-07
2017,July,San Bernardino (MD),MH,Gas,STREX,CAT,PM,2.463449964699508e-07
2017,July,San Bernardino (MD),MH,Gas,STREX,CAT,TOG,7.709394991812515e-05
2017,July,San Bernardino (MD),MH,Gas,STREX,CAT,PM10,2.202324268441365e-07
2017,July,San Bernardino (MD),MH,Gas,STREX,CAT,PM2_5,2.0249558709829966e-07
2017,July,San Bernardino (MD),MH,Gas,STREX,NCAT,CO,6.025366487221034e-07
2017,July,San Bernardino (MD),MH,Gas,STREX,NCAT,NOx,2.0204213042521396e-06
2017,July,San Bernardino (MD),MH,Gas,STREX,NCAT,SOx,5.0577015924564475e-09
2017,July,San Bernardino (MD),MH,Gas,STREX,NCAT,PM,6.048698719118061e-08
2017,July,San Bernardino (MD),MH,Gas,STREX,NCAT,TOG,1.1808424187092154e-05
2017,July,San Bernardino (MD),MH,Gas,STREX,NCAT,PM10,5.812799469072459e-08
2017,July,San Bernardino (MD),MH,Gas,STREX,NCAT,PM2_5,5.5466567254312637e-08
2017,July,San Bernardino (MD),MH,Gas,HOTSOAK,CAT,TOG,7.042223959507212e-05
2017,July,San Bernardino (MD),MH,Gas,HOTSOAK,NCAT,TOG,2.724810731651592e-06
2017,July,San Bernardino (MD),MH,Gas,RUNLOSS,CAT,TOG,0.0013989336786934352
2017,July,San Bernardino (MD),MH,Gas,RUNLOSS,NCAT,TOG,1.3919817991946463e-05
2017,July,San Bernardino (MD),MH,Gas,RESTLOSS,CAT,TOG,0.00048262055853485
2017,July,San Bernardino (MD),MH,Gas,RESTLOSS,NCAT,TOG,1.8113234660868374e-05
2017,July,San Bernardino (MD),MH,Gas,DIURN,CAT,TOG,0.0023946846448857626
2017,July,San Bernardino (MD),MH,Gas,DIURN,NCAT,TOG,7.741727149561918e-05
2017,July,San Bernardino (MD),MH,Gas,PMTW,CAT,PM,0.00046382476689802956
2017,July,San Bernardino (MD),MH,Gas,PMTW,CAT,PM10,0.00046382476689802956
2017,July,San Bernardino (MD),MH,Gas,PMTW,CAT,PM2_5,0.00011595619172450739
2017,July,San Bernardino (MD),MH,Gas,PMTW,NCAT,PM,2.276505536565524e-06
2017,July,San Bernardino (MD),MH,Gas,PMTW,NCAT,PM10,2.276505536565524e-06
2017,July,San Bernardino (MD),MH,Gas,PMTW,NCAT,PM2_5,5.69126384141381e-07
2017,July,San Bernardino (MD),MH,Gas,PMBW,CAT,PM,0.005140724499786489
2017,July,San Bernardino (MD),MH,Gas,PMBW,CAT,PM10,0.005037910009790768
2017,July,San Bernardino (MD),MH,Gas,PMBW,CAT,PM2_5,0.0021591042899103264
2017,July,San Bernardino (MD),MH,Gas,PMBW,NCAT,PM,2.523126969693456e-05
2017,July,San Bernardino (MD),MH,Gas,PMBW,NCAT,PM10,2.4726644302995857e-05
2017,July,San Bernardino (MD),MH,Gas,PMBW,NCAT,PM2_5,1.0597133272712512e-05
2017,July,San Bernardino (MD),MH,Dsl,RUNEX,DSL,CO,0.005333007474745008
2017,July,San Bernardino (MD),MH,Dsl,RUNEX,DSL,NOx,0.06686275446625321
2017,July,San Bernardino (MD),MH,Dsl,RUNEX,DSL,SOx,0.00011359848093876022
2017,July,San Bernardino (MD),MH,Dsl,RUNEX,DSL,PM,0.002872703053964956
2017,July,San Bernardino (MD),MH,Dsl,RUNEX,DSL,TOG,0.001432326811888392
2017,July,San Bernardino (MD),MH,Dsl,RUNEX,DSL,PM10,0.0028554668356411653
2017,July,San Bernardino (MD),MH,Dsl,RUNEX,DSL,PM2_5,0.0027319406043206725
2017,July,San Bernardino (MD),MH,Dsl,PMTW,DSL,PM,0.00020033242044094755
2017,July,San Bernardino (MD),MH,Dsl,PMTW,DSL,PM10,0.00020033242044094755
2017,July,San Bernardino (MD),MH,Dsl,PMTW,DSL,PM2_5,5.008310511023689e-05
2017,July,San Bernardino (MD),MH,Dsl,PMBW,DSL,PM,0.0016652632449153785
2017,July,San Bernardino (MD),MH,Dsl,PMBW,DSL,PM10,0.0016319579800170687
2017,July,San Bernardino (MD),MH,Dsl,PMBW,DSL,PM2_5,0.0006994105628644582
2017,July,San Bernardino (MD),UBUS,Gas,RUNEX,CAT,CO,0.001924888545070167
2017,July,San Bernardino (MD),UBUS,Gas,RUNEX,CAT,NOx,0.0013402996071936837
2017,July,San Bernardino (MD),UBUS,Gas,RUNEX,CAT,SOx,0.00011082930450949364
2017,July,San Bernardino (MD),UBUS,Gas,RUNEX,CAT,PM,2.3137393939867362e-06
2017,July,San Bernardino (MD),UBUS,Gas,RUNEX,CAT,TOG,0.00015758654467895524
2017,July,San Bernardino (MD),UBUS,Gas,RUNEX,CAT,PM10,2.068483018224142e-06
2017,July,San Bernardino (MD),UBUS,Gas,RUNEX,CAT,PM2_5,1.9018937818570967e-06
2017,July,San Bernardino (MD),UBUS,Gas,STREX,CAT,CO,0.0011896231761415051
2017,July,San Bernardino (MD),UBUS,Gas,STREX,CAT,NOx,0.00015942224705245254
2017,July,San Bernardino (MD),UBUS,Gas,STREX,CAT,SOx,1.7078029601174857e-07
2017,July,San Bernardino (MD),UBUS,Gas,STREX,CAT,PM,3.0597127002982876e-08
2017,July,San Bernardino (MD),UBUS,Gas,STREX,CAT,TOG,9.475020926601837e-05
2017,July,San Bernardino (MD),UBUS,Gas,STREX,CAT,PM10,2.7353831540666686e-08
2017,July,San Bernardino (MD),UBUS,Gas,STREX,CAT,PM2_5,2.5150838396451937e-08
2017,July,San Bernardino (MD),UBUS,Gas,HOTSOAK,CAT,TOG,1.2960711953719557e-05
2017,July,San Bernardino (MD),UBUS,Gas,RUNLOSS,CAT,TOG,6.1409429554707e-05
2017,July,San Bernardino (MD),UBUS,Gas,RESTLOSS,CAT,TOG,1.062106757110342e-06
2017,July,San Bernardino (MD),UBUS,Gas,DIURN,CAT,TOG,2.5764656143174157e-06
2017,July,San Bernardino (MD),UBUS,Gas,PMTW,CAT,PM,5.96332113788106e-05
2017,July,San Bernardino (MD),UBUS,Gas,PMTW,CAT,PM10,5.96332113788106e-05
2017,July,San Bernardino (MD),UBUS,Gas,PMTW,CAT,PM2_5,1.490830284470265e-05
2017,July,San Bernardino (MD),UBUS,Gas,PMBW,CAT,PM,0.0006620859955061743
2017,July,San Bernardino (MD),UBUS,Gas,PMBW,CAT,PM10,0.000648844275596051
2017,July,San Bernardino (MD),UBUS,Gas,PMBW,CAT,PM2_5,0.0002780761181125933
2017,July,San Bernardino (MD),UBUS,Dsl,RUNEX,DSL,CO,7.373146402422616e-05
2017,July,San Bernardino (MD),UBUS,Dsl,RUNEX,DSL,NOx,0.0005117962720340559
2017,July,San Bernardino (MD),UBUS,Dsl,RUNEX,DSL,SOx,3.283772668331109e-06
2017,July,San Bernardino (MD),UBUS,Dsl,RUNEX,DSL,PM,3.0135815776543544e-06
2017,July,San Bernardino (MD),UBUS,Dsl,RUNEX,DSL,TOG,2.63622643866739e-05
2017,July,San Bernardino (MD),UBUS,Dsl,RUNEX,DSL,PM10,2.99550008818843e-06
2017,July,San Bernardino (MD),UBUS,Dsl,RUNEX,DSL,PM2_5,2.8659160803492912e-06
2017,July,San Bernardino (MD),UBUS,Dsl,PMTW,DSL,PM,6.2297934443363885e-06
2017,July,San Bernardino (MD),UBUS,Dsl,PMTW,DSL,PM10,6.2297934443363885e-06
2017,July,San Bernardino (MD),UBUS,Dsl,PMTW,DSL,PM2_5,1.5574483610840971e-06
2017,July,San Bernardino (MD),UBUS,Dsl,PMBW,DSL,PM,2.446441219080772e-05
2017,July,San Bernardino (MD),UBUS,Dsl,PMBW,DSL,PM10,2.3975123946991552e-05
2017,July,San Bernardino (MD),UBUS,Dsl,PMBW,DSL,PM2_5,1.027505312013924e-05
2017,July,San Bernardino (MD),UBUS,Elec,PMTW,CAT,PM,2.619593883255893e-08
2017,July,San Bernardino (MD),UBUS,Elec,PMTW,CAT,PM10,2.619593883255893e-08
2017,July,San Bernardino (MD),UBUS,Elec,PMTW,CAT,PM2_5,6.548984708139732e-09
2017,July,San Bernardino (MD),UBUS,Elec,PMBW,CAT,PM,4.721311464077653e-08
2017,July,San Bernardino (MD),UBUS,Elec,PMBW,CAT,PM10,4.626885234796101e-08
2017,July,San Bernardino (MD),UBUS,Elec,PMBW,CAT,PM2_5,1.9829508149126144e-08
2017,July,San Bernardino (MD),UBUS,NG,RUNEX,DSL,CO,0.41334922171374194
2017,July,San Bernardino (MD),UBUS,NG,RUNEX,DSL,NOx,0.012282475748055688
2017,July,San Bernardino (MD),UBUS,NG,RUNEX,DSL,PM,3.830193806160565e-05
2017,July,San Bernardino (MD),UBUS,NG,RUNEX,DSL,TOG,0.06185478772912004
2017,July,San Bernardino (MD),UBUS,NG,RUNEX,DSL,PM10,3.807212643323598e-05
2017,July,San Bernardino (MD),UBUS,NG,RUNEX,DSL,PM2_5,3.642514309658696e-05
2017,July,San Bernardino (MD),UBUS,NG,PMTW,DSL,PM,0.00029548605830845146
2017,July,San Bernardino (MD),UBUS,NG,PMTW,DSL,PM10,0.00029548605830845146
2017,July,San Bernardino (MD),UBUS,NG,PMTW,DSL,PM2_5,7.387151457711287e-05
2017,July,San Bernardino (MD),UBUS,NG,PMBW,DSL,PM,0.000995897361592015
2017,July,San Bernardino (MD),UBUS,NG,PMBW,DSL,PM10,0.0009759794143601749
2017,July,San Bernardino (MD),UBUS,NG,PMBW,DSL,PM2_5,0.0004182768918686456
2017,July,San Bernardino (MD),SBUS,Dsl,RUNEX,DSL,CO,0.006719650669714491
2017,July,San Bernardino (MD),SBUS,Dsl,RUNEX,DSL,NOx,0.13037682569435036
2017,July,San Bernardino (MD),SBUS,Dsl,RUNEX,DSL,PM,0.0009811681075013788
2017,July,San Bernardino (MD),SBUS,Dsl,RUNEX,DSL,PM10,0.0009752810988563703
2017,July,San Bernardino (MD),SBUS,Dsl,RUNEX,DSL,PM2_5,0.0009330908702338107
2017,July,San Bernardino (MD),SBUS,Dsl,IDLEX,DSL,CO,0.0037584754280475256
2017,July,San Bernardino (MD),SBUS,Dsl,IDLEX,DSL,NOx,0.030059021227259602
2017,July,San Bernardino (MD),SBUS,Dsl,IDLEX,DSL,PM,3.6565914973717993e-05
2017,July,San Bernardino (MD),SBUS,Dsl,IDLEX,DSL,PM10,3.634651948387572e-05
2017,July,San Bernardino (MD),SBUS,Dsl,IDLEX,DSL,PM2_5,3.477418514000584e-05
2017,July,San Bernardino (MD),SBUS,Dsl,STREX,DSL,NOx,0.006398014488214789
2017,July,San Bernardino (MD),SBUS,Dsl,PMTW,DSL,PM,0.00026103340525601845
2017,July,San Bernardino (MD),SBUS,Dsl,PMTW,DSL,PM10,0.00026103340525601845
2017,July,San Bernardino (MD),SBUS,Dsl,PMTW,DSL,PM2_5,6.525835131400461e-05
2017,July,San Bernardino (MD),SBUS,Dsl,PMBW,DSL,PM,0.016532115666214507
2017,July,San Bernardino (MD),SBUS,Dsl,PMBW,DSL,PM10,0.016201473352890232
2017,July,San Bernardino (MD),SBUS,Dsl,PMBW,DSL,PM2_5,0.006943488579810093
2017,July,San Bernardino (MD),SBUS,Dsl,RUNEX,DSL,SOx,0.0002556126870767951
2017,July,San Bernardino (MD),SBUS,Dsl,IDLEX,DSL,SOx,2.4035398433229534e-05
2017,July,San Bernardino (MD),SBUS,Dsl,RUNEX,DSL,TOG,0.002727827210329273
2017,July,San Bernardino (MD),SBUS,Dsl,IDLEX,DSL,TOG,0.0002355513718863161
2017,     ,San Bernardino (MD),LDA,Dsl,RUNEX,DSL,NH3,0.000284957
2017,     ,San Bernardino (MD),LDA,Gas,RUNEX,CAT,NH3,0.374720219
2017,     ,San Bernardino (MD),LDT1,Dsl,RUNEX,DSL,NH3,1.51742e-06
2017,     ,San Bernardino (MD),LDT1,Gas,RUNEX,CAT,NH3,0.046109361
2017,     ,San Bernardino (MD),LDT2,Dsl,RUNEX,DSL,NH3,4.42333e-05
2017,     ,San Bernardino (MD),LDT2,Gas,RUNEX,CAT,NH3,0.130409695
2017,     ,San Bernardino (MD),LHD1,Dsl,RUNEX,DSL,NH3,0.050235439
2017,     ,San Bernardino (MD),LHD1,Gas,RUNEX,CAT,NH3,0.022633469
2017,     ,San Bernardino (MD),LHD2,Dsl,RUNEX,DSL,NH3,0.021312512
2017,     ,San Bernardino (MD),LHD2,Gas,RUNEX,CAT,NH3,0.002902119
2017,     ,San Bernardino (MD),MCY,Gas,RUNEX,CAT,NH3,0.004783083
2017,     ,San Bernardino (MD),MDV,Dsl,RUNEX,DSL,NH3,0.000184428
2017,     ,San Bernardino (MD),MDV,Gas,RUNEX,CAT,NH3,0.115816697
2017,     ,San Bernardino (MD),MH,Dsl,RUNEX,DSL,NH3,0.00033822
2017,     ,San Bernardino (MD),MH,Gas,RUNEX,CAT,NH3,0.001708118
2017,     ,San Bernardino (MD),OBUS,Gas,RUNEX,CAT,NH3,0.001032374
2017,     ,San Bernardino (MD),SBUS,Gas,RUNEX,CAT,NH3,3.51062e-05
2017,     ,San Bernardino (MD),T6TS,Gas,RUNEX,CAT,NH3,0.00362356
2017,     ,San Bernardino (MD),T7IS,Gas,RUNEX,CAT,NH3,1.14266e-05
2017,     ,San Bernardino (MD),UBUS,Dsl,RUNEX,DSL,NH3,3.42678e-05
2017,     ,San Bernardino (MD),UBUS,Gas,RUNEX,CAT,NH3,0.000221152
2017,     ,San Bernardino (MD),UBUS,NG,RUNEX,DSL,NH3,0.000298454
