calendar_year,season_month,sub_area,vehicle_class,fuel,process,cat_ncat,pollutant,emission
2017,July,San Benito (NCC),LDA,Gas,RUNEX,CAT,CO,1.155257747367893
2017,July,San Benito (NCC),LDA,Gas,RUNEX,CAT,NOx,0.09212064092825933
2017,July,San Benito (NCC),LDA,Gas,RUNEX,CAT,SOx,0.0030579468678657426
2017,July,San Benito (NCC),LDA,Gas,RUNEX,CAT,PM,0.0018201734945217166
2017,July,San Benito (NCC),LDA,Gas,RUNEX,CAT,TOG,0.036708138566788784
2017,July,San Benito (NCC),LDA,Gas,RUNEX,CAT,PM10,0.001627465567623483
2017,July,San Benito (NCC),LDA,Gas,RUNEX,CAT,PM2_5,0.0014965093891312
2017,July,San Benito (NCC),LDA,Gas,RUNEX,NCAT,CO,0.04016904472345377
2017,July,San Benito (NCC),LDA,Gas,RUNEX,NCAT,NOx,0.003686345345902667
2017,July,San Benito (NCC),LDA,Gas,RUNEX,NCAT,SOx,3.824019638261863e-06
2017,July,San Benito (NCC),LDA,Gas,RUNEX,NCAT,PM,3.719305968618122e-05
2017,July,San Benito (NCC),LDA,Gas,RUNEX,NCAT,TOG,0.004065286906392948
2017,July,San Benito (NCC),LDA,Gas,RUNEX,NCAT,PM10,3.5512066837352e-05
2017,July,San Benito (NCC),LDA,Gas,RUNEX,NCAT,PM2_5,3.3779259097877786e-05
2017,July,San Benito (NCC),LDA,Gas,STREX,CAT,CO,0.3227544758299912
2017,July,San Benito (NCC),LDA,Gas,STREX,CAT,NOx,0.03477710553823649
2017,July,San Benito (NCC),LDA,Gas,STREX,CAT,SOx,7.133243400770682e-05
2017,July,San Benito (NCC),LDA,Gas,STREX,CAT,PM,0.00027929308594351956
2017,July,San Benito (NCC),LDA,Gas,STREX,CAT,TOG,0.05651870311074887
2017,July,San Benito (NCC),LDA,Gas,STREX,CAT,PM10,0.000249769157638432
2017,July,San Benito (NCC),LDA,Gas,STREX,CAT,PM2_5,0.00022969396420479586
2017,July,San Benito (NCC),LDA,Gas,STREX,NCAT,CO,0.005406011556834425
2017,July,San Benito (NCC),LDA,Gas,STREX,NCAT,NOx,0.00032179768674427996
2017,July,San Benito (NCC),LDA,Gas,STREX,NCAT,SOx,4.657794986962513e-07
2017,July,San Benito (NCC),LDA,Gas,STREX,NCAT,PM,1.2194308909490351e-05
2017,July,San Benito (NCC),LDA,Gas,STREX,NCAT,TOG,0.0010183723208067547
2017,July,San Benito (NCC),LDA,Gas,STREX,NCAT,PM10,1.1637592057094817e-05
2017,July,San Benito (NCC),LDA,Gas,STREX,NCAT,PM2_5,1.106713371078005e-05
2017,July,San Benito (NCC),LDA,Gas,HOTSOAK,CAT,TOG,0.017135752664578605
2017,July,San Benito (NCC),LDA,Gas,HOTSOAK,NCAT,TOG,0.0005589949287168132
2017,July,San Benito (NCC),LDA,Gas,RUNLOSS,CAT,TOG,0.03191936554309515
2017,July,San Benito (NCC),LDA,Gas,RUNLOSS,NCAT,TOG,0.0028844250388176482
2017,July,San Benito (NCC),LDA,Gas,RESTLOSS,CAT,TOG,0.005202565539680987
2017,July,San Benito (NCC),LDA,Gas,RESTLOSS,NCAT,TOG,0.00018836922320340002
2017,July,San Benito (NCC),LDA,Gas,DIURN,CAT,TOG,0.0076590339346548015
2017,July,San Benito (NCC),LDA,Gas,DIURN,NCAT,TOG,0.0002924751493888168
2017,July,San Benito (NCC),LDA,Gas,PMTW,CAT,PM,0.00833681915803476
2017,July,San Benito (NCC),LDA,Gas,PMTW,CAT,PM10,0.00833681915803476
2017,July,San Benito (NCC),LDA,Gas,PMTW,CAT,PM2_5,0.00208420478950869
2017,July,San Benito (NCC),LDA,Gas,PMTW,NCAT,PM,5.11385035382018e-06
2017,July,San Benito (NCC),LDA,Gas,PMTW,NCAT,PM10,5.11385035382018e-06
2017,July,San Benito (NCC),LDA,Gas,PMTW,NCAT,PM2_5,1.278462588455045e-06
2017,July,San Benito (NCC),LDA,Gas,PMBW,CAT,PM,0.03907883980328794
2017,July,San Benito (NCC),LDA,Gas,PMBW,CAT,PM10,0.03829726300722224
2017,July,San Benito (NCC),LDA,Gas,PMBW,CAT,PM2_5,0.016413112717380947
2017,July,San Benito (NCC),LDA,Gas,PMBW,NCAT,PM,2.3971173533532106e-05
2017,July,San Benito (NCC),LDA,Gas,PMBW,NCAT,PM10,2.349175006286147e-05
2017,July,San Benito (NCC),LDA,Gas,PMBW,NCAT,PM2_5,1.0067892884083475e-05
2017,July,San Benito (NCC),LDA,Dsl,RUNEX,DSL,CO,0.003990662161121263
2017,July,San Benito (NCC),LDA,Dsl,RUNEX,DSL,NOx,0.003677982626388707
2017,July,San Benito (NCC),LDA,Dsl,RUNEX,DSL,SOx,2.3316128501685426e-05
2017,July,San Benito (NCC),LDA,Dsl,RUNEX,DSL,PM,0.0002125216021158239
2017,July,San Benito (NCC),LDA,Dsl,RUNEX,DSL,TOG,0.0004069026114245695
2017,July,San Benito (NCC),LDA,Dsl,RUNEX,DSL,PM10,0.00021124647250312932
2017,July,San Benito (NCC),LDA,Dsl,RUNEX,DSL,PM2_5,0.00020210804361214875
2017,July,San Benito (NCC),LDA,Dsl,PMTW,DSL,PM,8.607232806210823e-05
2017,July,San Benito (NCC),LDA,Dsl,PMTW,DSL,PM10,8.607232806210823e-05
2017,July,San Benito (NCC),LDA,Dsl,PMTW,DSL,PM2_5,2.1518082015527056e-05
2017,July,San Benito (NCC),LDA,Dsl,PMBW,DSL,PM,0.0004034640377911322
2017,July,San Benito (NCC),LDA,Dsl,PMBW,DSL,PM10,0.00039539475703530936
2017,July,San Benito (NCC),LDA,Dsl,PMBW,DSL,PM2_5,0.00016945489587227546
2017,July,San Benito (NCC),LDA,Elec,HOTSOAK,CAT,TOG,2.6869232245465044e-06
2017,July,San Benito (NCC),LDA,Elec,RESTLOSS,CAT,TOG,2.490204129127876e-07
2017,July,San Benito (NCC),LDA,Elec,DIURN,CAT,TOG,1.0682187598504719e-06
2017,July,San Benito (NCC),LDA,Elec,PMTW,CAT,PM,3.213740031689164e-05
2017,July,San Benito (NCC),LDA,Elec,PMTW,CAT,PM10,3.213740031689164e-05
2017,July,San Benito (NCC),LDA,Elec,PMTW,CAT,PM2_5,8.03435007922291e-06
2017,July,San Benito (NCC),LDA,Elec,PMBW,CAT,PM,0.0001506440639854296
2017,July,San Benito (NCC),LDA,Elec,PMBW,CAT,PM10,0.00014763118270572095
2017,July,San Benito (NCC),LDA,Elec,PMBW,CAT,PM2_5,6.327050687388044e-05
2017,July,San Benito (NCC),LDT1,Gas,RUNEX,CAT,CO,0.17304805633093248
2017,July,San Benito (NCC),LDT1,Gas,RUNEX,CAT,NOx,0.016237214799442724
2017,July,San Benito (NCC),LDT1,Gas,RUNEX,CAT,SOx,0.00032038198468978447
2017,July,San Benito (NCC),LDT1,Gas,RUNEX,CAT,PM,0.00025209275794616187
2017,July,San Benito (NCC),LDT1,Gas,RUNEX,CAT,TOG,0.006135917387533121
2017,July,San Benito (NCC),LDT1,Gas,RUNEX,CAT,PM10,0.0002254738348672196
2017,July,San Benito (NCC),LDT1,Gas,RUNEX,CAT,PM2_5,0.0002073661631514213
2017,July,San Benito (NCC),LDT1,Gas,RUNEX,NCAT,CO,0.010696714285494565
2017,July,San Benito (NCC),LDT1,Gas,RUNEX,NCAT,NOx,0.0009921371882128998
2017,July,San Benito (NCC),LDT1,Gas,RUNEX,NCAT,SOx,1.0275780152906925e-06
2017,July,San Benito (NCC),LDT1,Gas,RUNEX,NCAT,PM,1.0037102126393441e-05
2017,July,San Benito (NCC),LDT1,Gas,RUNEX,NCAT,TOG,0.0011035561421458857
2017,July,San Benito (NCC),LDT1,Gas,RUNEX,NCAT,PM10,9.542745880113601e-06
2017,July,San Benito (NCC),LDT1,Gas,RUNEX,NCAT,PM2_5,9.058106530226716e-06
2017,July,San Benito (NCC),LDT1,Gas,STREX,CAT,CO,0.03792448493361955
2017,July,San Benito (NCC),LDT1,Gas,STREX,CAT,NOx,0.004815107251531268
2017,July,San Benito (NCC),LDT1,Gas,STREX,CAT,SOx,8.484641040928926e-06
2017,July,San Benito (NCC),LDT1,Gas,STREX,CAT,PM,4.498325456007647e-05
2017,July,San Benito (NCC),LDT1,Gas,STREX,CAT,TOG,0.008489630148003361
2017,July,San Benito (NCC),LDT1,Gas,STREX,CAT,PM10,4.02649145342758e-05
2017,July,San Benito (NCC),LDT1,Gas,STREX,CAT,PM2_5,3.704696765090389e-05
2017,July,San Benito (NCC),LDT1,Gas,STREX,NCAT,CO,0.0025775529524917867
2017,July,San Benito (NCC),LDT1,Gas,STREX,NCAT,NOx,0.00012998782756801648
2017,July,San Benito (NCC),LDT1,Gas,STREX,NCAT,SOx,1.951067060615376e-07
2017,July,San Benito (NCC),LDT1,Gas,STREX,NCAT,PM,5.069036727799019e-06
2017,July,San Benito (NCC),LDT1,Gas,STREX,NCAT,TOG,0.00044695189175032155
2017,July,San Benito (NCC),LDT1,Gas,STREX,NCAT,PM10,4.821459337847377e-06
2017,July,San Benito (NCC),LDT1,Gas,STREX,NCAT,PM2_5,4.5775742768706485e-06
2017,July,San Benito (NCC),LDT1,Gas,HOTSOAK,CAT,TOG,0.0030884363602774576
2017,July,San Benito (NCC),LDT1,Gas,HOTSOAK,NCAT,TOG,0.00021675070114042684
2017,July,San Benito (NCC),LDT1,Gas,RUNLOSS,CAT,TOG,0.011297230881443422
2017,July,San Benito (NCC),LDT1,Gas,RUNLOSS,NCAT,TOG,0.00046759605729947417
2017,July,San Benito (NCC),LDT1,Gas,RESTLOSS,CAT,TOG,0.0010279297557166467
2017,July,San Benito (NCC),LDT1,Gas,RESTLOSS,NCAT,TOG,7.891070634399973e-05
2017,July,San Benito (NCC),LDT1,Gas,DIURN,CAT,TOG,0.00162349879350213
2017,July,San Benito (NCC),LDT1,Gas,DIURN,NCAT,TOG,0.00011959805548183633
2017,July,San Benito (NCC),LDT1,Gas,PMTW,CAT,PM,0.0007519210907784475
2017,July,San Benito (NCC),LDT1,Gas,PMTW,CAT,PM10,0.0007519210907784475
2017,July,San Benito (NCC),LDT1,Gas,PMTW,CAT,PM2_5,0.00018798027269461187
2017,July,San Benito (NCC),LDT1,Gas,PMTW,NCAT,PM,1.3798344579732178e-06
2017,July,San Benito (NCC),LDT1,Gas,PMTW,NCAT,PM10,1.3798344579732178e-06
2017,July,San Benito (NCC),LDT1,Gas,PMTW,NCAT,PM2_5,3.4495861449330446e-07
2017,July,San Benito (NCC),LDT1,Gas,PMBW,CAT,PM,0.0035246301130239716
2017,July,San Benito (NCC),LDT1,Gas,PMBW,CAT,PM10,0.00345413751076349
2017,July,San Benito (NCC),LDT1,Gas,PMBW,CAT,PM2_5,0.0014803446474700671
2017,July,San Benito (NCC),LDT1,Gas,PMBW,NCAT,PM,6.467974021749463e-06
2017,July,San Benito (NCC),LDT1,Gas,PMBW,NCAT,PM10,6.338614541314469e-06
2017,July,San Benito (NCC),LDT1,Gas,PMBW,NCAT,PM2_5,2.716549089134774e-06
2017,July,San Benito (NCC),LDT2,Gas,RUNEX,CAT,CO,0.6776168720289576
2017,July,San Benito (NCC),LDT2,Gas,RUNEX,CAT,NOx,0.08562982799478494
2017,July,San Benito (NCC),LDT2,Gas,RUNEX,CAT,SOx,0.001406311400135421
2017,July,San Benito (NCC),LDT2,Gas,RUNEX,CAT,PM,0.0007813430668812072
2017,July,San Benito (NCC),LDT2,Gas,RUNEX,CAT,TOG,0.023866960127862
2017,July,San Benito (NCC),LDT2,Gas,RUNEX,CAT,PM10,0.0006986452131290113
2017,July,San Benito (NCC),LDT2,Gas,RUNEX,CAT,PM2_5,0.0006424405469022517
2017,July,San Benito (NCC),LDT2,Gas,RUNEX,NCAT,CO,0.015674675636484146
2017,July,San Benito (NCC),LDT2,Gas,RUNEX,NCAT,NOx,0.001412067620307673
2017,July,San Benito (NCC),LDT2,Gas,RUNEX,NCAT,SOx,1.4794990208840784e-06
2017,July,San Benito (NCC),LDT2,Gas,RUNEX,NCAT,PM,1.4371473335484027e-05
2017,July,San Benito (NCC),LDT2,Gas,RUNEX,NCAT,TOG,0.001559291268276216
2017,July,San Benito (NCC),LDT2,Gas,RUNEX,NCAT,PM10,1.3686474538187014e-05
2017,July,San Benito (NCC),LDT2,Gas,RUNEX,NCAT,PM2_5,1.3002095122739641e-05
2017,July,San Benito (NCC),LDT2,Gas,STREX,CAT,CO,0.17004618765186044
2017,July,San Benito (NCC),LDT2,Gas,STREX,CAT,NOx,0.02788868145175566
2017,July,San Benito (NCC),LDT2,Gas,STREX,CAT,SOx,3.751136560875415e-05
2017,July,San Benito (NCC),LDT2,Gas,STREX,CAT,PM,0.00013555459934021572
2017,July,San Benito (NCC),LDT2,Gas,STREX,CAT,TOG,0.03608964797902223
2017,July,San Benito (NCC),LDT2,Gas,STREX,CAT,PM10,0.0001212451127687003
2017,July,San Benito (NCC),LDT2,Gas,STREX,CAT,PM2_5,0.00011150996410634405
2017,July,San Benito (NCC),LDT2,Gas,STREX,NCAT,CO,0.003626990033175285
2017,July,San Benito (NCC),LDT2,Gas,STREX,NCAT,NOx,0.00018869120912622523
2017,July,San Benito (NCC),LDT2,Gas,STREX,NCAT,SOx,2.816317215380912e-07
2017,July,San Benito (NCC),LDT2,Gas,STREX,NCAT,PM,7.274150600664365e-06
2017,July,San Benito (NCC),LDT2,Gas,STREX,NCAT,TOG,0.0006202442861954903
2017,July,San Benito (NCC),LDT2,Gas,STREX,NCAT,PM10,6.931157768690881e-06
2017,July,San Benito (NCC),LDT2,Gas,STREX,NCAT,PM2_5,6.58631265212237e-06
2017,July,San Benito (NCC),LDT2,Gas,HOTSOAK,CAT,TOG,0.010206019223290353
2017,July,San Benito (NCC),LDT2,Gas,HOTSOAK,NCAT,TOG,0.000317823005733921
2017,July,San Benito (NCC),LDT2,Gas,RUNLOSS,CAT,TOG,0.03544070488904765
2017,July,San Benito (NCC),LDT2,Gas,RUNLOSS,NCAT,TOG,0.0007058737797615163
2017,July,San Benito (NCC),LDT2,Gas,RESTLOSS,CAT,TOG,0.0034065013800275673
2017,July,San Benito (NCC),LDT2,Gas,RESTLOSS,NCAT,TOG,0.0001117137425995728
2017,July,San Benito (NCC),LDT2,Gas,DIURN,CAT,TOG,0.005071038961878742
2017,July,San Benito (NCC),LDT2,Gas,DIURN,NCAT,TOG,0.00017096297576420195
2017,July,San Benito (NCC),LDT2,Gas,PMTW,CAT,PM,0.0028752988474771797
2017,July,San Benito (NCC),LDT2,Gas,PMTW,CAT,PM10,0.0028752988474771797
2017,July,San Benito (NCC),LDT2,Gas,PMTW,CAT,PM2_5,0.0007188247118692949
2017,July,San Benito (NCC),LDT2,Gas,PMTW,NCAT,PM,1.9756342018335106e-06
2017,July,San Benito (NCC),LDT2,Gas,PMTW,NCAT,PM10,1.9756342018335106e-06
2017,July,San Benito (NCC),LDT2,Gas,PMTW,NCAT,PM2_5,4.939085504583776e-07
2017,July,San Benito (NCC),LDT2,Gas,PMBW,CAT,PM,0.013477963347549287
2017,July,San Benito (NCC),LDT2,Gas,PMBW,CAT,PM10,0.013208404080598299
2017,July,San Benito (NCC),LDT2,Gas,PMBW,CAT,PM2_5,0.005660744605970698
2017,July,San Benito (NCC),LDT2,Gas,PMBW,NCAT,PM,9.260785321094576e-06
2017,July,San Benito (NCC),LDT2,Gas,PMBW,NCAT,PM10,9.075569614672687e-06
2017,July,San Benito (NCC),LDT2,Gas,PMBW,NCAT,PM2_5,3.8895298348597226e-06
2017,July,San Benito (NCC),MDV,Gas,RUNEX,CAT,CO,0.6305584057285027
2017,July,San Benito (NCC),MDV,Gas,RUNEX,CAT,NOx,0.08087005184290141
2017,July,San Benito (NCC),MDV,Gas,RUNEX,CAT,SOx,0.0019091647725627573
2017,July,San Benito (NCC),MDV,Gas,RUNEX,CAT,PM,0.0007496543587698482
2017,July,San Benito (NCC),MDV,Gas,RUNEX,CAT,TOG,0.022743629562889563
2017,July,San Benito (NCC),MDV,Gas,RUNEX,CAT,PM10,0.0006702938977636767
2017,July,San Benito (NCC),MDV,Gas,RUNEX,CAT,PM2_5,0.0006163617873450263
2017,July,San Benito (NCC),MDV,Gas,RUNEX,NCAT,CO,0.021526907793990694
2017,July,San Benito (NCC),MDV,Gas,RUNEX,NCAT,NOx,0.0014807717049511457
2017,July,San Benito (NCC),MDV,Gas,RUNEX,NCAT,SOx,1.4419716615437047e-06
2017,July,San Benito (NCC),MDV,Gas,RUNEX,NCAT,PM,1.0825122168828245e-05
2017,July,San Benito (NCC),MDV,Gas,RUNEX,NCAT,TOG,0.0012855982731688942
2017,July,San Benito (NCC),MDV,Gas,RUNEX,NCAT,PM10,1.0300041380811461e-05
2017,July,San Benito (NCC),MDV,Gas,RUNEX,NCAT,PM2_5,9.78073259260527e-06
2017,July,San Benito (NCC),MDV,Gas,STREX,CAT,CO,0.2338361838333253
2017,July,San Benito (NCC),MDV,Gas,STREX,CAT,NOx,0.03276804406534204
2017,July,San Benito (NCC),MDV,Gas,STREX,CAT,SOx,5.1013654567057574e-05
2017,July,San Benito (NCC),MDV,Gas,STREX,CAT,PM,0.0001428883942050268
2017,July,San Benito (NCC),MDV,Gas,STREX,CAT,TOG,0.042944208479449165
2017,July,San Benito (NCC),MDV,Gas,STREX,CAT,PM10,0.00012779616958175948
2017,July,San Benito (NCC),MDV,Gas,STREX,CAT,PM2_5,0.00011753074944599817
2017,July,San Benito (NCC),MDV,Gas,STREX,NCAT,CO,0.005292131405068114
2017,July,San Benito (NCC),MDV,Gas,STREX,NCAT,NOx,0.00022649325101302512
2017,July,San Benito (NCC),MDV,Gas,STREX,NCAT,SOx,3.1417436735410395e-07
2017,July,San Benito (NCC),MDV,Gas,STREX,NCAT,PM,6.486743530541102e-06
2017,July,San Benito (NCC),MDV,Gas,STREX,NCAT,TOG,0.0006675399675133089
2017,July,San Benito (NCC),MDV,Gas,STREX,NCAT,PM10,6.179815370384337e-06
2017,July,San Benito (NCC),MDV,Gas,STREX,NCAT,PM2_5,5.871854408039961e-06
2017,July,San Benito (NCC),MDV,Gas,HOTSOAK,CAT,TOG,0.009631421343518885
2017,July,San Benito (NCC),MDV,Gas,HOTSOAK,NCAT,TOG,0.00019677463447357005
2017,July,San Benito (NCC),MDV,Gas,RUNLOSS,CAT,TOG,0.029910048576605227
2017,July,San Benito (NCC),MDV,Gas,RUNLOSS,NCAT,TOG,0.00047285860843720165
2017,July,San Benito (NCC),MDV,Gas,RESTLOSS,CAT,TOG,0.003287648301457618
2017,July,San Benito (NCC),MDV,Gas,RESTLOSS,NCAT,TOG,0.00010880397525922178
2017,July,San Benito (NCC),MDV,Gas,DIURN,CAT,TOG,0.004478940385769891
2017,July,San Benito (NCC),MDV,Gas,DIURN,NCAT,TOG,0.00015986394034201657
2017,July,San Benito (NCC),MDV,Gas,PMTW,CAT,PM,0.0033072096133475986
2017,July,San Benito (NCC),MDV,Gas,PMTW,CAT,PM10,0.0033072096133475986
2017,July,San Benito (NCC),MDV,Gas,PMTW,CAT,PM2_5,0.0008268024033368996
2017,July,San Benito (NCC),MDV,Gas,PMTW,NCAT,PM,1.5099559932111044e-06
2017,July,San Benito (NCC),MDV,Gas,PMTW,NCAT,PM10,1.5099559932111044e-06
2017,July,San Benito (NCC),MDV,Gas,PMTW,NCAT,PM2_5,3.774889983027761e-07
2017,July,San Benito (NCC),MDV,Gas,PMBW,CAT,PM,0.015502545062566864
2017,July,San Benito (NCC),MDV,Gas,PMBW,CAT,PM10,0.015192494161315517
2017,July,San Benito (NCC),MDV,Gas,PMBW,CAT,PM2_5,0.006511068926278083
2017,July,San Benito (NCC),MDV,Gas,PMBW,NCAT,PM,7.077918718177049e-06
2017,July,San Benito (NCC),MDV,Gas,PMBW,NCAT,PM10,6.9363603438135066e-06
2017,July,San Benito (NCC),MDV,Gas,PMBW,NCAT,PM2_5,2.9727258616343604e-06
2017,July,San Benito (NCC),LHD1,Gas,RUNEX,CAT,CO,0.08045246439893476
2017,July,San Benito (NCC),LHD1,Gas,RUNEX,CAT,NOx,0.01899093480865183
2017,July,San Benito (NCC),LHD1,Gas,RUNEX,CAT,SOx,0.0004173140228796281
2017,July,San Benito (NCC),LHD1,Gas,RUNEX,CAT,PM,0.00013826994630488032
2017,July,San Benito (NCC),LHD1,Gas,RUNEX,CAT,TOG,0.006373667853204608
2017,July,San Benito (NCC),LHD1,Gas,RUNEX,CAT,PM10,0.00012361333199656298
2017,July,San Benito (NCC),LHD1,Gas,RUNEX,CAT,PM2_5,0.0001136578958626115
2017,July,San Benito (NCC),LHD1,Gas,RUNEX,NCAT,CO,0.0267075672716924
2017,July,San Benito (NCC),LHD1,Gas,RUNEX,NCAT,NOx,0.0006010414468961536
2017,July,San Benito (NCC),LHD1,Gas,RUNEX,NCAT,SOx,2.80947742069568e-06
2017,July,San Benito (NCC),LHD1,Gas,RUNEX,NCAT,PM,1.2642986774377445e-05
2017,July,San Benito (NCC),LHD1,Gas,RUNEX,NCAT,TOG,0.0014819377880755707
2017,July,San Benito (NCC),LHD1,Gas,RUNEX,NCAT,PM10,1.2149910290176724e-05
2017,July,San Benito (NCC),LHD1,Gas,RUNEX,NCAT,PM2_5,1.1593618872104116e-05
2017,July,San Benito (NCC),LHD1,Gas,IDLEX,CAT,CO,0.0044904656140440985
2017,July,San Benito (NCC),LHD1,Gas,IDLEX,CAT,NOx,5.040280092356808e-05
2017,July,San Benito (NCC),LHD1,Gas,IDLEX,CAT,SOx,1.4931865722145259e-06
2017,July,San Benito (NCC),LHD1,Gas,IDLEX,CAT,TOG,0.0008404247809788368
2017,July,San Benito (NCC),LHD1,Gas,IDLEX,NCAT,CO,4.965043554716517e-05
2017,July,San Benito (NCC),LHD1,Gas,IDLEX,NCAT,NOx,5.614578703586905e-07
2017,July,San Benito (NCC),LHD1,Gas,IDLEX,NCAT,SOx,1.8294769354981872e-08
2017,July,San Benito (NCC),LHD1,Gas,IDLEX,NCAT,TOG,8.924253160252359e-06
2017,July,San Benito (NCC),LHD1,Gas,STREX,CAT,CO,0.03972940271614872
2017,July,San Benito (NCC),LHD1,Gas,STREX,CAT,NOx,0.011028712617522404
2017,July,San Benito (NCC),LHD1,Gas,STREX,CAT,SOx,3.523344396408426e-06
2017,July,San Benito (NCC),LHD1,Gas,STREX,CAT,PM,1.17313726981558e-05
2017,July,San Benito (NCC),LHD1,Gas,STREX,CAT,TOG,0.003778775148637739
2017,July,San Benito (NCC),LHD1,Gas,STREX,CAT,PM10,1.0487847192151276e-05
2017,July,San Benito (NCC),LHD1,Gas,STREX,CAT,PM2_5,9.643188357884038e-06
2017,July,San Benito (NCC),LHD1,Gas,STREX,NCAT,CO,2.1323238341551254e-05
2017,July,San Benito (NCC),LHD1,Gas,STREX,NCAT,NOx,9.232635683702375e-05
2017,July,San Benito (NCC),LHD1,Gas,STREX,NCAT,SOx,1.482894043209642e-07
2017,July,San Benito (NCC),LHD1,Gas,STREX,NCAT,PM,3.3867450097139465e-06
2017,July,San Benito (NCC),LHD1,Gas,STREX,NCAT,TOG,0.0004961874020367712
2017,July,San Benito (NCC),LHD1,Gas,STREX,NCAT,PM10,3.2546619543351e-06
2017,July,San Benito (NCC),LHD1,Gas,STREX,NCAT,PM2_5,3.1056451739076884e-06
2017,July,San Benito (NCC),LHD1,Gas,HOTSOAK,CAT,TOG,0.002748138158450955
2017,July,San Benito (NCC),LHD1,Gas,HOTSOAK,NCAT,TOG,0.00024645792238408
2017,July,San Benito (NCC),LHD1,Gas,RUNLOSS,CAT,TOG,0.02249646991538909
2017,July,San Benito (NCC),LHD1,Gas,RUNLOSS,NCAT,TOG,0.0005159228379459995
2017,July,San Benito (NCC),LHD1,Gas,RESTLOSS,CAT,TOG,3.137392861176218e-05
2017,July,San Benito (NCC),LHD1,Gas,RESTLOSS,NCAT,TOG,2.1011167149835407e-06
2017,July,San Benito (NCC),LHD1,Gas,DIURN,CAT,TOG,7.011476790538808e-05
2017,July,San Benito (NCC),LHD1,Gas,DIURN,NCAT,TOG,4.390520488334542e-06
2017,July,San Benito (NCC),LHD1,Gas,PMTW,CAT,PM,0.0003199192082199666
2017,July,San Benito (NCC),LHD1,Gas,PMTW,CAT,PM10,0.0003199192082199666
2017,July,San Benito (NCC),LHD1,Gas,PMTW,CAT,PM2_5,7.997980205499165e-05
2017,July,San Benito (NCC),LHD1,Gas,PMTW,NCAT,PM,1.7938637513545926e-06
2017,July,San Benito (NCC),LHD1,Gas,PMTW,NCAT,PM10,1.7938637513545926e-06
2017,July,San Benito (NCC),LHD1,Gas,PMTW,NCAT,PM2_5,4.4846593783864814e-07
2017,July,San Benito (NCC),LHD1,Gas,PMBW,CAT,PM,0.003119212280144675
2017,July,San Benito (NCC),LHD1,Gas,PMBW,CAT,PM10,0.0030568280345417784
2017,July,San Benito (NCC),LHD1,Gas,PMBW,CAT,PM2_5,0.001310069157660762
2017,July,San Benito (NCC),LHD1,Gas,PMBW,NCAT,PM,1.7490171575707276e-05
2017,July,San Benito (NCC),LHD1,Gas,PMBW,NCAT,PM10,1.7140368144193124e-05
2017,July,San Benito (NCC),LHD1,Gas,PMBW,NCAT,PM2_5,7.345872061797055e-06
2017,July,San Benito (NCC),LHD2,Gas,RUNEX,CAT,CO,0.010306756852702567
2017,July,San Benito (NCC),LHD2,Gas,RUNEX,CAT,NOx,0.002262360855528863
2017,July,San Benito (NCC),LHD2,Gas,RUNEX,CAT,SOx,5.255586440026866e-05
2017,July,San Benito (NCC),LHD2,Gas,RUNEX,CAT,PM,1.6594198697405518e-05
2017,July,San Benito (NCC),LHD2,Gas,RUNEX,CAT,TOG,0.0007873469998530947
2017,July,San Benito (NCC),LHD2,Gas,RUNEX,CAT,PM10,1.483521363548054e-05
2017,July,San Benito (NCC),LHD2,Gas,RUNEX,CAT,PM2_5,1.3640431329267321e-05
2017,July,San Benito (NCC),LHD2,Gas,IDLEX,CAT,CO,0.0004893298336143207
2017,July,San Benito (NCC),LHD2,Gas,IDLEX,CAT,NOx,5.495656864903405e-06
2017,July,San Benito (NCC),LHD2,Gas,IDLEX,CAT,SOx,1.8825725667788726e-07
2017,July,San Benito (NCC),LHD2,Gas,IDLEX,CAT,TOG,9.152181466656264e-05
2017,July,San Benito (NCC),LHD2,Gas,STREX,CAT,CO,0.004611832657722969
2017,July,San Benito (NCC),LHD2,Gas,STREX,CAT,NOx,0.0011414196120720164
2017,July,San Benito (NCC),LHD2,Gas,STREX,CAT,SOx,4.4060928516948735e-07
2017,July,San Benito (NCC),LHD2,Gas,STREX,CAT,PM,1.3947705216430849e-06
2017,July,San Benito (NCC),LHD2,Gas,STREX,CAT,TOG,0.0004050187462639643
2017,July,San Benito (NCC),LHD2,Gas,STREX,CAT,PM10,1.24692484634892e-06
2017,July,San Benito (NCC),LHD2,Gas,STREX,CAT,PM2_5,1.1465013687906176e-06
2017,July,San Benito (NCC),LHD2,Gas,HOTSOAK,CAT,TOG,0.0003159202757837896
2017,July,San Benito (NCC),LHD2,Gas,RUNLOSS,CAT,TOG,0.0028882995200517105
2017,July,San Benito (NCC),LHD2,Gas,RESTLOSS,CAT,TOG,3.575398672665233e-06
2017,July,San Benito (NCC),LHD2,Gas,DIURN,CAT,TOG,8.155090621457987e-06
2017,July,San Benito (NCC),LHD2,Gas,PMTW,CAT,PM,3.516935358567436e-05
2017,July,San Benito (NCC),LHD2,Gas,PMTW,CAT,PM10,3.516935358567436e-05
2017,July,San Benito (NCC),LHD2,Gas,PMTW,CAT,PM2_5,8.79233839641859e-06
2017,July,San Benito (NCC),LHD2,Gas,PMBW,CAT,PM,0.0004000513970370456
2017,July,San Benito (NCC),LHD2,Gas,PMBW,CAT,PM10,0.0003920503690963049
2017,July,San Benito (NCC),LHD2,Gas,PMBW,CAT,PM2_5,0.00016802158675555899
2017,July,San Benito (NCC),T6TS,Gas,RUNEX,CAT,CO,0.04770399575453194
2017,July,San Benito (NCC),T6TS,Gas,RUNEX,CAT,NOx,0.010189859098738293
2017,July,San Benito (NCC),T6TS,Gas,RUNEX,CAT,SOx,0.00010320703573434653
2017,July,San Benito (NCC),T6TS,Gas,RUNEX,CAT,PM,1.663131526400096e-05
2017,July,San Benito (NCC),T6TS,Gas,RUNEX,CAT,TOG,0.0030007341612131575
2017,July,San Benito (NCC),T6TS,Gas,RUNEX,CAT,PM10,1.4868395846016851e-05
2017,July,San Benito (NCC),T6TS,Gas,RUNEX,CAT,PM2_5,1.3670941147008767e-05
2017,July,San Benito (NCC),T6TS,Gas,RUNEX,NCAT,CO,0.014856699953931445
2017,July,San Benito (NCC),T6TS,Gas,RUNEX,NCAT,NOx,0.0003984295206211361
2017,July,San Benito (NCC),T6TS,Gas,RUNEX,NCAT,SOx,2.0524978915976083e-06
2017,July,San Benito (NCC),T6TS,Gas,RUNEX,NCAT,PM,4.011794414333698e-06
2017,July,San Benito (NCC),T6TS,Gas,RUNEX,NCAT,TOG,0.0006856934443394844
2017,July,San Benito (NCC),T6TS,Gas,RUNEX,NCAT,PM10,3.855334432174682e-06
2017,July,San Benito (NCC),T6TS,Gas,RUNEX,NCAT,PM2_5,3.6788154779439983e-06
2017,July,San Benito (NCC),T6TS,Gas,IDLEX,CAT,CO,0.0010361582443386963
2017,July,San Benito (NCC),T6TS,Gas,IDLEX,CAT,NOx,9.177586574953837e-06
2017,July,San Benito (NCC),T6TS,Gas,IDLEX,CAT,SOx,6.01455436925811e-07
2017,July,San Benito (NCC),T6TS,Gas,IDLEX,CAT,TOG,0.00013495158300217354
2017,July,San Benito (NCC),T6TS,Gas,IDLEX,NCAT,CO,6.751903875162442e-05
2017,July,San Benito (NCC),T6TS,Gas,IDLEX,NCAT,NOx,5.998185489927336e-07
2017,July,San Benito (NCC),T6TS,Gas,IDLEX,NCAT,SOx,4.241158997535096e-08
2017,July,San Benito (NCC),T6TS,Gas,IDLEX,NCAT,TOG,8.493188723076808e-06
2017,July,San Benito (NCC),T6TS,Gas,STREX,CAT,CO,0.015411751942335433
2017,July,San Benito (NCC),T6TS,Gas,STREX,CAT,NOx,0.0008641494134706223
2017,July,San Benito (NCC),T6TS,Gas,STREX,CAT,SOx,9.210592081362701e-07
2017,July,San Benito (NCC),T6TS,Gas,STREX,CAT,PM,2.390857564484146e-06
2017,July,San Benito (NCC),T6TS,Gas,STREX,CAT,TOG,0.0006856906801641986
2017,July,San Benito (NCC),T6TS,Gas,STREX,CAT,PM10,2.137426662648832e-06
2017,July,San Benito (NCC),T6TS,Gas,STREX,CAT,PM2_5,1.965284918005971e-06
2017,July,San Benito (NCC),T6TS,Gas,STREX,NCAT,CO,2.1378833998623255e-05
2017,July,San Benito (NCC),T6TS,Gas,STREX,NCAT,NOx,8.9677389740074e-05
2017,July,San Benito (NCC),T6TS,Gas,STREX,NCAT,SOx,2.005226473097795e-07
2017,July,San Benito (NCC),T6TS,Gas,STREX,NCAT,PM,2.217393791536575e-06
2017,July,San Benito (NCC),T6TS,Gas,STREX,NCAT,TOG,0.0004847391438259575
2017,July,San Benito (NCC),T6TS,Gas,STREX,NCAT,PM10,2.130915433666648e-06
2017,July,San Benito (NCC),T6TS,Gas,STREX,NCAT,PM2_5,2.0333501068390403e-06
2017,July,San Benito (NCC),T6TS,Gas,HOTSOAK,CAT,TOG,0.00033911436495018894
2017,July,San Benito (NCC),T6TS,Gas,HOTSOAK,NCAT,TOG,0.0001733422722494064
2017,July,San Benito (NCC),T6TS,Gas,RUNLOSS,CAT,TOG,0.002145996799817414
2017,July,San Benito (NCC),T6TS,Gas,RUNLOSS,NCAT,TOG,0.00037245423399549007
2017,July,San Benito (NCC),T6TS,Gas,RESTLOSS,CAT,TOG,3.7822975196800817e-06
2017,July,San Benito (NCC),T6TS,Gas,RESTLOSS,NCAT,TOG,1.0370868600379464e-06
2017,July,San Benito (NCC),T6TS,Gas,DIURN,CAT,TOG,8.530673516170103e-06
2017,July,San Benito (NCC),T6TS,Gas,DIURN,NCAT,TOG,2.087028491226479e-06
2017,July,San Benito (NCC),T6TS,Gas,PMTW,CAT,PM,6.683741068359526e-05
2017,July,San Benito (NCC),T6TS,Gas,PMTW,CAT,PM10,6.683741068359526e-05
2017,July,San Benito (NCC),T6TS,Gas,PMTW,CAT,PM2_5,1.6709352670898814e-05
2017,July,San Benito (NCC),T6TS,Gas,PMTW,NCAT,PM,1.1555049159529181e-06
2017,July,San Benito (NCC),T6TS,Gas,PMTW,NCAT,PM10,1.1555049159529181e-06
2017,July,San Benito (NCC),T6TS,Gas,PMTW,NCAT,PM2_5,2.8887622898822953e-07
2017,July,San Benito (NCC),T6TS,Gas,PMBW,CAT,PM,0.0007407813017431809
2017,July,San Benito (NCC),T6TS,Gas,PMBW,CAT,PM10,0.0007259656757083176
2017,July,San Benito (NCC),T6TS,Gas,PMBW,CAT,PM2_5,0.0003111281467321357
2017,July,San Benito (NCC),T6TS,Gas,PMBW,NCAT,PM,1.280684615181151e-05
2017,July,San Benito (NCC),T6TS,Gas,PMBW,NCAT,PM10,1.255070922877528e-05
2017,July,San Benito (NCC),T6TS,Gas,PMBW,NCAT,PM2_5,5.378875383760832e-06
2017,July,San Benito (NCC),T7IS,Gas,RUNEX,CAT,CO,5.991839850619036e-05
2017,July,San Benito (NCC),T7IS,Gas,RUNEX,CAT,NOx,7.135563558708557e-06
2017,July,San Benito (NCC),T7IS,Gas,RUNEX,CAT,SOx,6.459940650431651e-08
2017,July,San Benito (NCC),T7IS,Gas,RUNEX,CAT,PM,4.134786933523547e-09
2017,July,San Benito (NCC),T7IS,Gas,RUNEX,CAT,TOG,8.694494268683986e-07
2017,July,San Benito (NCC),T7IS,Gas,RUNEX,CAT,PM10,3.696499518570051e-09
2017,July,San Benito (NCC),T7IS,Gas,RUNEX,CAT,PM2_5,3.398794859356356e-09
2017,July,San Benito (NCC),T7IS,Gas,STREX,CAT,CO,2.353070117175228e-06
2017,July,San Benito (NCC),T7IS,Gas,STREX,CAT,NOx,2.9084840281413896e-08
2017,July,San Benito (NCC),T7IS,Gas,STREX,CAT,SOx,9.746421935079833e-11
2017,July,San Benito (NCC),T7IS,Gas,STREX,CAT,PM,7.981540967877191e-11
2017,July,San Benito (NCC),T7IS,Gas,STREX,CAT,TOG,7.431807410216402e-09
2017,July,San Benito (NCC),T7IS,Gas,STREX,CAT,PM10,7.135497625282213e-11
2017,July,San Benito (NCC),T7IS,Gas,STREX,CAT,PM2_5,6.560826675595051e-11
2017,July,San Benito (NCC),T7IS,Gas,HOTSOAK,CAT,TOG,4.637250049429951e-10
2017,July,San Benito (NCC),T7IS,Gas,RUNLOSS,CAT,TOG,1.1554734065399976e-09
2017,July,San Benito (NCC),T7IS,Gas,RESTLOSS,CAT,TOG,8.58021320125687e-12
2017,July,San Benito (NCC),T7IS,Gas,DIURN,CAT,TOG,2.2474475709864322e-11
2017,July,San Benito (NCC),T7IS,Gas,PMTW,CAT,PM,6.806418528999937e-08
2017,July,San Benito (NCC),T7IS,Gas,PMTW,CAT,PM10,6.806418528999937e-08
2017,July,San Benito (NCC),T7IS,Gas,PMTW,CAT,PM2_5,1.7016046322499844e-08
2017,July,San Benito (NCC),T7IS,Gas,PMBW,CAT,PM,2.1440218366349803e-07
2017,July,San Benito (NCC),T7IS,Gas,PMBW,CAT,PM10,2.1011413999022807e-07
2017,July,San Benito (NCC),T7IS,Gas,PMBW,CAT,PM2_5,9.004891713866918e-08
2017,July,San Benito (NCC),LDT1,Dsl,RUNEX,DSL,CO,5.603552620938883e-05
2017,July,San Benito (NCC),LDT1,Dsl,RUNEX,DSL,NOx,5.166499568798826e-05
2017,July,San Benito (NCC),LDT1,Dsl,RUNEX,DSL,SOx,1.2998969265063672e-07
2017,July,San Benito (NCC),LDT1,Dsl,RUNEX,DSL,PM,8.112632918152254e-06
2017,July,San Benito (NCC),LDT1,Dsl,RUNEX,DSL,TOG,1.2044918135993279e-05
2017,July,San Benito (NCC),LDT1,Dsl,RUNEX,DSL,PM10,8.063957120643343e-06
2017,July,San Benito (NCC),LDT1,Dsl,RUNEX,DSL,PM2_5,7.715113905162798e-06
2017,July,San Benito (NCC),LDT1,Dsl,PMTW,DSL,PM,2.72768713374286e-07
2017,July,San Benito (NCC),LDT1,Dsl,PMTW,DSL,PM10,2.72768713374286e-07
2017,July,San Benito (NCC),LDT1,Dsl,PMTW,DSL,PM2_5,6.81921783435715e-08
2017,July,San Benito (NCC),LDT1,Dsl,PMBW,DSL,PM,1.2786033439419649e-06
2017,July,San Benito (NCC),LDT1,Dsl,PMBW,DSL,PM10,1.253031277063126e-06
2017,July,San Benito (NCC),LDT1,Dsl,PMBW,DSL,PM2_5,5.370134044556252e-07
2017,July,San Benito (NCC),LDT2,Dsl,RUNEX,DSL,CO,0.00017397698031382494
2017,July,San Benito (NCC),LDT2,Dsl,RUNEX,DSL,NOx,7.2035365957871e-05
2017,July,San Benito (NCC),LDT2,Dsl,RUNEX,DSL,SOx,3.5269630384094234e-06
2017,July,San Benito (NCC),LDT2,Dsl,RUNEX,DSL,PM,1.4784626860510617e-05
2017,July,San Benito (NCC),LDT2,Dsl,RUNEX,DSL,TOG,3.536956300415085e-05
2017,July,San Benito (NCC),LDT2,Dsl,RUNEX,DSL,PM10,1.4695919099347552e-05
2017,July,San Benito (NCC),LDT2,Dsl,RUNEX,DSL,PM2_5,1.4060180144345597e-05
2017,July,San Benito (NCC),LDT2,Dsl,PMTW,DSL,PM,9.787782832194643e-06
2017,July,San Benito (NCC),LDT2,Dsl,PMTW,DSL,PM10,9.787782832194643e-06
2017,July,San Benito (NCC),LDT2,Dsl,PMTW,DSL,PM2_5,2.446945708048661e-06
2017,July,San Benito (NCC),LDT2,Dsl,PMBW,DSL,PM,4.5880232025912373e-05
2017,July,San Benito (NCC),LDT2,Dsl,PMBW,DSL,PM10,4.496262738539412e-05
2017,July,San Benito (NCC),LDT2,Dsl,PMBW,DSL,PM2_5,1.9269697450883198e-05
2017,July,San Benito (NCC),MDV,Dsl,RUNEX,DSL,CO,0.0022737777642133587
2017,July,San Benito (NCC),MDV,Dsl,RUNEX,DSL,NOx,0.0009995796197880985
2017,July,San Benito (NCC),MDV,Dsl,RUNEX,DSL,SOx,3.8648155758784105e-05
2017,July,San Benito (NCC),MDV,Dsl,RUNEX,DSL,PM,7.026112596478866e-05
2017,July,San Benito (NCC),MDV,Dsl,RUNEX,DSL,TOG,0.00017350258639241308
2017,July,San Benito (NCC),MDV,Dsl,RUNEX,DSL,PM10,6.983955920899987e-05
2017,July,San Benito (NCC),MDV,Dsl,RUNEX,DSL,PM2_5,6.681833079251396e-05
2017,July,San Benito (NCC),MDV,Dsl,PMTW,DSL,PM,8.13910188119386e-05
2017,July,San Benito (NCC),MDV,Dsl,PMTW,DSL,PM10,8.13910188119386e-05
2017,July,San Benito (NCC),MDV,Dsl,PMTW,DSL,PM2_5,2.034775470298465e-05
2017,July,San Benito (NCC),MDV,Dsl,PMBW,DSL,PM,0.00038152040068096247
2017,July,San Benito (NCC),MDV,Dsl,PMBW,DSL,PM10,0.000373889992667343
2017,July,San Benito (NCC),MDV,Dsl,PMBW,DSL,PM2_5,0.00016023856828600416
2017,July,San Benito (NCC),LHD1,Dsl,RUNEX,DSL,CO,0.06312446406018193
2017,July,San Benito (NCC),LHD1,Dsl,RUNEX,DSL,NOx,0.251387925686552
2017,July,San Benito (NCC),LHD1,Dsl,RUNEX,DSL,SOx,0.0003618054734785721
2017,July,San Benito (NCC),LHD1,Dsl,RUNEX,DSL,PM,0.0026573573915044356
2017,July,San Benito (NCC),LHD1,Dsl,RUNEX,DSL,TOG,0.015683159938726408
2017,July,San Benito (NCC),LHD1,Dsl,RUNEX,DSL,PM10,0.0026414132471554077
2017,July,San Benito (NCC),LHD1,Dsl,RUNEX,DSL,PM2_5,0.002527146879320718
2017,July,San Benito (NCC),LHD1,Dsl,IDLEX,DSL,CO,0.0015977366965135432
2017,July,San Benito (NCC),LHD1,Dsl,IDLEX,DSL,NOx,0.004509178764970584
2017,July,San Benito (NCC),LHD1,Dsl,IDLEX,DSL,SOx,2.359795202786025e-06
2017,July,San Benito (NCC),LHD1,Dsl,IDLEX,DSL,PM,5.071293227688915e-05
2017,July,San Benito (NCC),LHD1,Dsl,IDLEX,DSL,TOG,0.00021945026036437193
2017,July,San Benito (NCC),LHD1,Dsl,IDLEX,DSL,PM10,5.040865468322777e-05
2017,July,San Benito (NCC),LHD1,Dsl,IDLEX,DSL,PM2_5,4.82279985953216e-05
2017,July,San Benito (NCC),LHD1,Dsl,PMTW,DSL,PM,0.0007758356244310476
2017,July,San Benito (NCC),LHD1,Dsl,PMTW,DSL,PM10,0.0007758356244310476
2017,July,San Benito (NCC),LHD1,Dsl,PMTW,DSL,PM2_5,0.0001939589061077619
2017,July,San Benito (NCC),LHD1,Dsl,PMBW,DSL,PM,0.005042931558801807
2017,July,San Benito (NCC),LHD1,Dsl,PMBW,DSL,PM10,0.004942072927625771
2017,July,San Benito (NCC),LHD1,Dsl,PMBW,DSL,PM2_5,0.0021180312546967596
2017,July,San Benito (NCC),LHD2,Dsl,RUNEX,DSL,CO,0.016595931221810713
2017,July,San Benito (NCC),LHD2,Dsl,RUNEX,DSL,NOx,0.05694767547564958
2017,July,San Benito (NCC),LHD2,Dsl,RUNEX,DSL,SOx,0.00012722363200626648
2017,July,San Benito (NCC),LHD2,Dsl,RUNEX,DSL,PM,0.0006662657414408468
2017,July,San Benito (NCC),LHD2,Dsl,RUNEX,DSL,TOG,0.004208210154866187
2017,July,San Benito (NCC),LHD2,Dsl,RUNEX,DSL,PM10,0.0006622681469922031
2017,July,San Benito (NCC),LHD2,Dsl,RUNEX,DSL,PM2_5,0.0006336187201102459
2017,July,San Benito (NCC),LHD2,Dsl,IDLEX,DSL,CO,0.0004727397362906819
2017,July,San Benito (NCC),LHD2,Dsl,IDLEX,DSL,NOx,0.0013363220423329998
2017,July,San Benito (NCC),LHD2,Dsl,IDLEX,DSL,SOx,1.115720134982899e-06
2017,July,San Benito (NCC),LHD2,Dsl,IDLEX,DSL,PM,1.4689178790719945e-05
2017,July,San Benito (NCC),LHD2,Dsl,IDLEX,DSL,TOG,6.4931135674579e-05
2017,July,San Benito (NCC),LHD2,Dsl,IDLEX,DSL,PM10,1.4601043717975635e-05
2017,July,San Benito (NCC),LHD2,Dsl,IDLEX,DSL,PM2_5,1.396940902997466e-05
2017,July,San Benito (NCC),LHD2,Dsl,PMTW,DSL,PM,0.00024352115240127285
2017,July,San Benito (NCC),LHD2,Dsl,PMTW,DSL,PM10,0.00024352115240127285
2017,July,San Benito (NCC),LHD2,Dsl,PMTW,DSL,PM2_5,6.088028810031821e-05
2017,July,San Benito (NCC),LHD2,Dsl,PMBW,DSL,PM,0.0018467020723763202
2017,July,San Benito (NCC),LHD2,Dsl,PMBW,DSL,PM10,0.0018097680309287923
2017,July,San Benito (NCC),LHD2,Dsl,PMBW,DSL,PM2_5,0.000775614870398054
2017,July,San Benito (NCC),LDT1,Elec,HOTSOAK,CAT,TOG,1.02785432537556e-08
2017,July,San Benito (NCC),LDT1,Elec,RESTLOSS,CAT,TOG,9.323930603678866e-10
2017,July,San Benito (NCC),LDT1,Elec,DIURN,CAT,TOG,3.999671139362342e-09
2017,July,San Benito (NCC),LDT1,Elec,PMTW,CAT,PM,1.2869967031443973e-07
2017,July,San Benito (NCC),LDT1,Elec,PMTW,CAT,PM10,1.2869967031443973e-07
2017,July,San Benito (NCC),LDT1,Elec,PMTW,CAT,PM2_5,3.217491757860993e-08
2017,July,San Benito (NCC),LDT1,Elec,PMBW,CAT,PM,6.03279704598936e-07
2017,July,San Benito (NCC),LDT1,Elec,PMBW,CAT,PM10,5.912141105069573e-07
2017,July,San Benito (NCC),LDT1,Elec,PMBW,CAT,PM2_5,2.5337747593155313e-07
2017,July,San Benito (NCC),LDT2,Elec,HOTSOAK,CAT,TOG,2.3475059811455576e-07
2017,July,San Benito (NCC),LDT2,Elec,RESTLOSS,CAT,TOG,2.134240850965507e-08
2017,July,San Benito (NCC),LDT2,Elec,DIURN,CAT,TOG,9.15521779268368e-08
2017,July,San Benito (NCC),LDT2,Elec,PMTW,CAT,PM,2.7629064314331133e-06
2017,July,San Benito (NCC),LDT2,Elec,PMTW,CAT,PM10,2.7629064314331133e-06
2017,July,San Benito (NCC),LDT2,Elec,PMTW,CAT,PM2_5,6.907266078582783e-07
2017,July,San Benito (NCC),LDT2,Elec,PMBW,CAT,PM,1.2951123897342718e-05
2017,July,San Benito (NCC),LDT2,Elec,PMBW,CAT,PM10,1.2692101419395866e-05
2017,July,San Benito (NCC),LDT2,Elec,PMBW,CAT,PM2_5,5.439472036883941e-06
2017,July,San Benito (NCC),MDV,Elec,HOTSOAK,CAT,TOG,2.652959427679757e-08
2017,July,San Benito (NCC),MDV,Elec,RESTLOSS,CAT,TOG,2.4065676416766113e-09
2017,July,San Benito (NCC),MDV,Elec,DIURN,CAT,TOG,1.0323413537140003e-08
2017,July,San Benito (NCC),MDV,Elec,PMTW,CAT,PM,3.137182586638053e-07
2017,July,San Benito (NCC),MDV,Elec,PMTW,CAT,PM10,3.137182586638053e-07
2017,July,San Benito (NCC),MDV,Elec,PMTW,CAT,PM2_5,7.842956466595132e-08
2017,July,San Benito (NCC),MDV,Elec,PMBW,CAT,PM,1.470554337486587e-06
2017,July,San Benito (NCC),MDV,Elec,PMBW,CAT,PM10,1.4411432507368556e-06
2017,July,San Benito (NCC),MDV,Elec,PMBW,CAT,PM2_5,6.176328217443667e-07
2017,July,San Benito (NCC),SBUS,Gas,RUNEX,CAT,CO,9.097720813059694e-05
2017,July,San Benito (NCC),SBUS,Gas,RUNEX,CAT,NOx,2.090875901209124e-05
2017,July,San Benito (NCC),SBUS,Gas,RUNEX,CAT,SOx,4.426397591034342e-07
2017,July,San Benito (NCC),SBUS,Gas,RUNEX,CAT,PM,9.930206070139085e-08
2017,July,San Benito (NCC),SBUS,Gas,RUNEX,CAT,TOG,6.067636451379111e-06
2017,July,San Benito (NCC),SBUS,Gas,RUNEX,CAT,PM10,8.877604226704342e-08
2017,July,San Benito (NCC),SBUS,Gas,RUNEX,CAT,PM2_5,8.162629389654324e-08
2017,July,San Benito (NCC),SBUS,Gas,IDLEX,CAT,CO,6.941516782908986e-05
2017,July,San Benito (NCC),SBUS,Gas,IDLEX,CAT,NOx,7.820976876090863e-07
2017,July,San Benito (NCC),SBUS,Gas,IDLEX,CAT,SOx,2.177297416230943e-08
2017,July,San Benito (NCC),SBUS,Gas,IDLEX,CAT,TOG,1.3082063769188151e-05
2017,July,San Benito (NCC),SBUS,Gas,STREX,CAT,CO,3.503020798486452e-05
2017,July,San Benito (NCC),SBUS,Gas,STREX,CAT,NOx,1.827295814753114e-06
2017,July,San Benito (NCC),SBUS,Gas,STREX,CAT,SOx,1.7355274455653875e-09
2017,July,San Benito (NCC),SBUS,Gas,STREX,CAT,PM,2.5175092750454653e-09
2017,July,San Benito (NCC),SBUS,Gas,STREX,CAT,TOG,1.4074470486685748e-06
2017,July,San Benito (NCC),SBUS,Gas,STREX,CAT,PM10,2.2506532918906456e-09
2017,July,San Benito (NCC),SBUS,Gas,STREX,CAT,PM2_5,2.069392624087372e-09
2017,July,San Benito (NCC),SBUS,Gas,HOTSOAK,CAT,TOG,1.8674927738050038e-07
2017,July,San Benito (NCC),SBUS,Gas,RUNLOSS,CAT,TOG,1.8470892803866351e-06
2017,July,San Benito (NCC),SBUS,Gas,RESTLOSS,CAT,TOG,7.023386335950551e-09
2017,July,San Benito (NCC),SBUS,Gas,DIURN,CAT,TOG,1.9592756923690296e-08
2017,July,San Benito (NCC),SBUS,Gas,PMTW,CAT,PM,4.1445030684698123e-07
2017,July,San Benito (NCC),SBUS,Gas,PMTW,CAT,PM10,4.1445030684698123e-07
2017,July,San Benito (NCC),SBUS,Gas,PMTW,CAT,PM2_5,1.0361257671174531e-07
2017,July,San Benito (NCC),SBUS,Gas,PMBW,CAT,PM,3.937277863240035e-05
2017,July,San Benito (NCC),SBUS,Gas,PMBW,CAT,PM10,3.858532305975234e-05
2017,July,San Benito (NCC),SBUS,Gas,PMBW,CAT,PM2_5,1.6536567025608147e-05
2017,July,San Benito (NCC),OBUS,Gas,RUNEX,CAT,CO,0.004528845056858021
2017,July,San Benito (NCC),OBUS,Gas,RUNEX,CAT,NOx,0.0011549827260729866
2017,July,San Benito (NCC),OBUS,Gas,RUNEX,CAT,SOx,2.9638025146546574e-05
2017,July,San Benito (NCC),OBUS,Gas,RUNEX,CAT,PM,1.4811861954857998e-06
2017,July,San Benito (NCC),OBUS,Gas,RUNEX,CAT,TOG,0.0002920362248738289
2017,July,San Benito (NCC),OBUS,Gas,RUNEX,CAT,PM10,1.324180458764304e-06
2017,July,San Benito (NCC),OBUS,Gas,RUNEX,CAT,PM2_5,1.217535052689327e-06
2017,July,San Benito (NCC),OBUS,Gas,IDLEX,CAT,CO,0.00012816284326033672
2017,July,San Benito (NCC),OBUS,Gas,IDLEX,CAT,NOx,1.4441163969280794e-06
2017,July,San Benito (NCC),OBUS,Gas,IDLEX,CAT,SOx,8.640434470938111e-08
2017,July,San Benito (NCC),OBUS,Gas,IDLEX,CAT,TOG,2.412453701600898e-05
2017,July,San Benito (NCC),OBUS,Gas,STREX,CAT,CO,0.0016474036382422856
2017,July,San Benito (NCC),OBUS,Gas,STREX,CAT,NOx,0.00015141332038552918
2017,July,San Benito (NCC),OBUS,Gas,STREX,CAT,SOx,1.2315857320398908e-07
2017,July,San Benito (NCC),OBUS,Gas,STREX,CAT,PM,1.2807579815537006e-07
2017,July,San Benito (NCC),OBUS,Gas,STREX,CAT,TOG,8.302315838288365e-05
2017,July,San Benito (NCC),OBUS,Gas,STREX,CAT,PM10,1.1449976355090085e-07
2017,July,San Benito (NCC),OBUS,Gas,STREX,CAT,PM2_5,1.0527830608371416e-07
2017,July,San Benito (NCC),OBUS,Gas,HOTSOAK,CAT,TOG,1.3006915583039461e-05
2017,July,San Benito (NCC),OBUS,Gas,RUNLOSS,CAT,TOG,0.0001649424639455954
2017,July,San Benito (NCC),OBUS,Gas,RESTLOSS,CAT,TOG,4.0897212950558167e-07
2017,July,San Benito (NCC),OBUS,Gas,DIURN,CAT,TOG,1.0222962295254282e-06
2017,July,San Benito (NCC),OBUS,Gas,PMTW,CAT,PM,1.9149440082986494e-05
2017,July,San Benito (NCC),OBUS,Gas,PMTW,CAT,PM10,1.9149440082986494e-05
2017,July,San Benito (NCC),OBUS,Gas,PMTW,CAT,PM2_5,4.7873600207466235e-06
2017,July,San Benito (NCC),OBUS,Gas,PMBW,CAT,PM,0.00021223962758643377
2017,July,San Benito (NCC),OBUS,Gas,PMBW,CAT,PM10,0.00020799483503470515
2017,July,San Benito (NCC),OBUS,Gas,PMBW,CAT,PM2_5,8.91406435863022e-05
2017,July,San Benito (NCC),MCY,Gas,RUNEX,CAT,CO,0.13497609362277682
2017,July,San Benito (NCC),MCY,Gas,RUNEX,CAT,NOx,0.010745043585980345
2017,July,San Benito (NCC),MCY,Gas,RUNEX,CAT,SOx,2.2877190497659335e-05
2017,July,San Benito (NCC),MCY,Gas,RUNEX,CAT,PM,1.651108743136764e-05
2017,July,San Benito (NCC),MCY,Gas,RUNEX,CAT,TOG,0.02451085637668848
2017,July,San Benito (NCC),MCY,Gas,RUNEX,CAT,PM10,1.5240338567435587e-05
2017,July,San Benito (NCC),MCY,Gas,RUNEX,CAT,PM2_5,1.425189757545475e-05
2017,July,San Benito (NCC),MCY,Gas,RUNEX,NCAT,CO,0.38895747232600175
2017,July,San Benito (NCC),MCY,Gas,RUNEX,NCAT,NOx,0.015133462571098738
2017,July,San Benito (NCC),MCY,Gas,RUNEX,NCAT,SOx,2.5920218939201955e-05
2017,July,San Benito (NCC),MCY,Gas,RUNEX,NCAT,PM,2.8305788234026455e-05
2017,July,San Benito (NCC),MCY,Gas,RUNEX,NCAT,TOG,0.043606409299056445
2017,July,San Benito (NCC),MCY,Gas,RUNEX,NCAT,PM10,2.672243608910651e-05
2017,July,San Benito (NCC),MCY,Gas,RUNEX,NCAT,PM2_5,2.5276624103731765e-05
2017,July,San Benito (NCC),MCY,Gas,STREX,CAT,CO,0.009850588738644122
2017,July,San Benito (NCC),MCY,Gas,STREX,CAT,NOx,0.00039671927586980857
2017,July,San Benito (NCC),MCY,Gas,STREX,CAT,SOx,8.810538895313819e-07
2017,July,San Benito (NCC),MCY,Gas,STREX,CAT,PM,3.333418583458793e-06
2017,July,San Benito (NCC),MCY,Gas,STREX,CAT,TOG,0.0027834038741598724
2017,July,San Benito (NCC),MCY,Gas,STREX,CAT,PM10,3.094453564604221e-06
2017,July,San Benito (NCC),MCY,Gas,STREX,CAT,PM2_5,2.9022469165620172e-06
2017,July,San Benito (NCC),MCY,Gas,STREX,NCAT,CO,0.029326732301417767
2017,July,San Benito (NCC),MCY,Gas,STREX,NCAT,NOx,0.0007921923277899778
2017,July,San Benito (NCC),MCY,Gas,STREX,NCAT,SOx,1.919885573787972e-06
2017,July,San Benito (NCC),MCY,Gas,STREX,NCAT,PM,1.4713792474697304e-05
2017,July,San Benito (NCC),MCY,Gas,STREX,NCAT,TOG,0.007307908995593541
2017,July,San Benito (NCC),MCY,Gas,STREX,NCAT,PM10,1.4025577217192037e-05
2017,July,San Benito (NCC),MCY,Gas,STREX,NCAT,PM2_5,1.3330370858338535e-05
2017,July,San Benito (NCC),MCY,Gas,HOTSOAK,CAT,TOG,0.00040662397124904473
2017,July,San Benito (NCC),MCY,Gas,HOTSOAK,NCAT,TOG,0.002445401831467682
2017,July,San Benito (NCC),MCY,Gas,RUNLOSS,CAT,TOG,0.0013190501724073688
2017,July,San Benito (NCC),MCY,Gas,RUNLOSS,NCAT,TOG,0.008941816944725366
2017,July,San Benito (NCC),MCY,Gas,RESTLOSS,CAT,TOG,0.00029889965491937463
2017,July,San Benito (NCC),MCY,Gas,RESTLOSS,NCAT,TOG,0.001324558911405577
2017,July,San Benito (NCC),MCY,Gas,DIURN,CAT,TOG,0.0006517869567259438
2017,July,San Benito (NCC),MCY,Gas,DIURN,NCAT,TOG,0.0025159395390010873
2017,July,San Benito (NCC),MCY,Gas,PMTW,CAT,PM,4.354827274616087e-05
2017,July,San Benito (NCC),MCY,Gas,PMTW,CAT,PM10,4.354827274616087e-05
2017,July,San Benito (NCC),MCY,Gas,PMTW,CAT,PM2_5,1.0887068186540218e-05
2017,July,San Benito (NCC),MCY,Gas,PMTW,NCAT,PM,4.867241073587329e-05
2017,July,San Benito (NCC),MCY,Gas,PMTW,NCAT,PM10,4.867241073587329e-05
2017,July,San Benito (NCC),MCY,Gas,PMTW,NCAT,PM2_5,1.2168102683968322e-05
2017,July,San Benito (NCC),MCY,Gas,PMBW,CAT,PM,0.00013064481823848258
2017,July,San Benito (NCC),MCY,Gas,PMBW,CAT,PM10,0.00012803192187371291
2017,July,San Benito (NCC),MCY,Gas,PMBW,CAT,PM2_5,5.4870823660162686e-05
2017,July,San Benito (NCC),MCY,Gas,PMBW,NCAT,PM,0.0001460172322076199
2017,July,San Benito (NCC),MCY,Gas,PMBW,NCAT,PM10,0.00014309688756346738
2017,July,San Benito (NCC),MCY,Gas,PMBW,NCAT,PM2_5,6.132723752720032e-05
2017,July,San Benito (NCC),MH,Gas,RUNEX,CAT,CO,0.009516840973432576
2017,July,San Benito (NCC),MH,Gas,RUNEX,CAT,NOx,0.0020475784321742027
2017,July,San Benito (NCC),MH,Gas,RUNEX,CAT,SOx,5.213368635312019e-05
2017,July,San Benito (NCC),MH,Gas,RUNEX,CAT,PM,7.083550926529561e-06
2017,July,San Benito (NCC),MH,Gas,RUNEX,CAT,TOG,0.0005079895046300773
2017,July,San Benito (NCC),MH,Gas,RUNEX,CAT,PM10,6.332694528317433e-06
2017,July,San Benito (NCC),MH,Gas,RUNEX,CAT,PM2_5,5.822678861607292e-06
2017,July,San Benito (NCC),MH,Gas,RUNEX,NCAT,CO,0.00272627457736111
2017,July,San Benito (NCC),MH,Gas,RUNEX,NCAT,NOx,7.092520957839944e-05
2017,July,San Benito (NCC),MH,Gas,RUNEX,NCAT,SOx,3.837718689368361e-07
2017,July,San Benito (NCC),MH,Gas,RUNEX,NCAT,PM,7.521486435687274e-07
2017,July,San Benito (NCC),MH,Gas,RUNEX,NCAT,TOG,0.00012476673367723185
2017,July,San Benito (NCC),MH,Gas,RUNEX,NCAT,PM10,7.228148464695465e-07
2017,July,San Benito (NCC),MH,Gas,RUNEX,NCAT,PM2_5,6.89720306152523e-07
2017,July,San Benito (NCC),MH,Gas,STREX,CAT,CO,0.00012209055012189264
2017,July,San Benito (NCC),MH,Gas,STREX,CAT,NOx,1.0763829302568625e-05
2017,July,San Benito (NCC),MH,Gas,STREX,CAT,SOx,9.046230067642907e-09
2017,July,San Benito (NCC),MH,Gas,STREX,CAT,PM,1.6791924262489142e-08
2017,July,San Benito (NCC),MH,Gas,STREX,CAT,TOG,6.086294989761189e-06
2017,July,San Benito (NCC),MH,Gas,STREX,CAT,PM10,1.501198029066528e-08
2017,July,San Benito (NCC),MH,Gas,STREX,CAT,PM2_5,1.3802961743766059e-08
2017,July,San Benito (NCC),MH,Gas,STREX,NCAT,CO,5.364553322198417e-08
2017,July,San Benito (NCC),MH,Gas,STREX,NCAT,NOx,2.1941085340564567e-07
2017,July,San Benito (NCC),MH,Gas,STREX,NCAT,SOx,4.792575915640862e-10
2017,July,San Benito (NCC),MH,Gas,STREX,NCAT,PM,5.714110861531195e-09
2017,July,San Benito (NCC),MH,Gas,STREX,NCAT,TOG,1.1657693132739676e-06
2017,July,San Benito (NCC),MH,Gas,STREX,NCAT,PM10,5.4912605379314776e-09
2017,July,San Benito (NCC),MH,Gas,STREX,NCAT,PM2_5,5.239839660024106e-09
2017,July,San Benito (NCC),MH,Gas,HOTSOAK,CAT,TOG,2.963425974070821e-06
2017,July,San Benito (NCC),MH,Gas,HOTSOAK,NCAT,TOG,1.527489189974356e-07
2017,July,San Benito (NCC),MH,Gas,RUNLOSS,CAT,TOG,8.357941130196472e-05
2017,July,San Benito (NCC),MH,Gas,RUNLOSS,NCAT,TOG,1.2243890559260646e-06
2017,July,San Benito (NCC),MH,Gas,RESTLOSS,CAT,TOG,1.2706308980187456e-05
2017,July,San Benito (NCC),MH,Gas,RESTLOSS,NCAT,TOG,6.022649557750279e-07
2017,July,San Benito (NCC),MH,Gas,DIURN,CAT,TOG,3.691047744022982e-05
2017,July,San Benito (NCC),MH,Gas,DIURN,NCAT,TOG,1.4946225803203297e-06
2017,July,San Benito (NCC),MH,Gas,PMTW,CAT,PM,3.3721600578474645e-05
2017,July,San Benito (NCC),MH,Gas,PMTW,CAT,PM10,3.3721600578474645e-05
2017,July,San Benito (NCC),MH,Gas,PMTW,CAT,PM2_5,8.430400144618661e-06
2017,July,San Benito (NCC),MH,Gas,PMTW,NCAT,PM,2.1663908102213444e-07
2017,July,San Benito (NCC),MH,Gas,PMTW,NCAT,PM10,2.1663908102213444e-07
2017,July,San Benito (NCC),MH,Gas,PMTW,NCAT,PM2_5,5.415977025553361e-08
2017,July,San Benito (NCC),MH,Gas,PMBW,CAT,PM,0.0003737477397447606
2017,July,San Benito (NCC),MH,Gas,PMBW,CAT,PM10,0.0003662727849498658
2017,July,San Benito (NCC),MH,Gas,PMBW,CAT,PM2_5,0.00015697405069279945
2017,July,San Benito (NCC),MH,Gas,PMBW,NCAT,PM,2.4010831479953236e-06
2017,July,San Benito (NCC),MH,Gas,PMBW,NCAT,PM10,2.353061485035417e-06
2017,July,San Benito (NCC),MH,Gas,PMBW,NCAT,PM2_5,1.0084549221580357e-06
2017,July,San Benito (NCC),MH,Dsl,RUNEX,DSL,CO,0.0005957649040293807
2017,July,San Benito (NCC),MH,Dsl,RUNEX,DSL,NOx,0.006323479266006977
2017,July,San Benito (NCC),MH,Dsl,RUNEX,DSL,SOx,1.1075360855374499e-05
2017,July,San Benito (NCC),MH,Dsl,RUNEX,DSL,PM,0.0001721566750278318
2017,July,San Benito (NCC),MH,Dsl,RUNEX,DSL,TOG,0.00017943411074288886
2017,July,San Benito (NCC),MH,Dsl,RUNEX,DSL,PM10,0.00017112373497766474
2017,July,San Benito (NCC),MH,Dsl,RUNEX,DSL,PM2_5,0.00016372099795146784
2017,July,San Benito (NCC),MH,Dsl,PMTW,DSL,PM,1.73894637770897e-05
2017,July,San Benito (NCC),MH,Dsl,PMTW,DSL,PM10,1.73894637770897e-05
2017,July,San Benito (NCC),MH,Dsl,PMTW,DSL,PM2_5,4.347365944272425e-06
2017,July,San Benito (NCC),MH,Dsl,PMBW,DSL,PM,0.0001445499176470581
2017,July,San Benito (NCC),MH,Dsl,PMBW,DSL,PM10,0.00014165891929411703
2017,July,San Benito (NCC),MH,Dsl,PMBW,DSL,PM2_5,6.0710965411764406e-05
2017,July,San Benito (NCC),UBUS,Gas,RUNEX,CAT,CO,0.0004312109550282786
2017,July,San Benito (NCC),UBUS,Gas,RUNEX,CAT,NOx,0.0003417794109823992
2017,July,San Benito (NCC),UBUS,Gas,RUNEX,CAT,SOx,2.5164224125753406e-05
2017,July,San Benito (NCC),UBUS,Gas,RUNEX,CAT,PM,8.714259569193669e-07
2017,July,San Benito (NCC),UBUS,Gas,RUNEX,CAT,TOG,3.610015430244376e-05
2017,July,San Benito (NCC),UBUS,Gas,RUNEX,CAT,PM10,7.790548054859136e-07
2017,July,San Benito (NCC),UBUS,Gas,RUNEX,CAT,PM2_5,7.163121365877195e-07
2017,July,San Benito (NCC),UBUS,Gas,STREX,CAT,CO,0.0004217632882962459
2017,July,San Benito (NCC),UBUS,Gas,STREX,CAT,NOx,4.757103505096598e-05
2017,July,San Benito (NCC),UBUS,Gas,STREX,CAT,SOx,4.8016802866454495e-08
2017,July,San Benito (NCC),UBUS,Gas,STREX,CAT,PM,1.086401588291964e-08
2017,July,San Benito (NCC),UBUS,Gas,STREX,CAT,TOG,3.0400003040128e-05
2017,July,San Benito (NCC),UBUS,Gas,STREX,CAT,PM10,9.712430199330158e-09
2017,July,San Benito (NCC),UBUS,Gas,STREX,CAT,PM2_5,8.93022105575995e-09
2017,July,San Benito (NCC),UBUS,Gas,HOTSOAK,CAT,TOG,3.0926382318789946e-06
2017,July,San Benito (NCC),UBUS,Gas,RUNLOSS,CAT,TOG,1.8525251512867844e-05
2017,July,San Benito (NCC),UBUS,Gas,RESTLOSS,CAT,TOG,1.2587047699789212e-07
2017,July,San Benito (NCC),UBUS,Gas,DIURN,CAT,TOG,1.9816337125709445e-07
2017,July,San Benito (NCC),UBUS,Gas,PMTW,CAT,PM,1.3389982954349207e-05
2017,July,San Benito (NCC),UBUS,Gas,PMTW,CAT,PM10,1.3389982954349207e-05
2017,July,San Benito (NCC),UBUS,Gas,PMTW,CAT,PM2_5,3.347495738587302e-06
2017,July,San Benito (NCC),UBUS,Gas,PMBW,CAT,PM,0.00014885780762382135
2017,July,San Benito (NCC),UBUS,Gas,PMBW,CAT,PM10,0.00014588065147134487
2017,July,San Benito (NCC),UBUS,Gas,PMBW,CAT,PM2_5,6.252027920200499e-05
2017,July,San Benito (NCC),UBUS,Dsl,RUNEX,DSL,CO,6.185503921470872e-06
2017,July,San Benito (NCC),UBUS,Dsl,RUNEX,DSL,NOx,6.880986831393624e-05
2017,July,San Benito (NCC),UBUS,Dsl,RUNEX,DSL,SOx,3.746948412096679e-07
2017,July,San Benito (NCC),UBUS,Dsl,RUNEX,DSL,PM,2.0731841348518465e-07
2017,July,San Benito (NCC),UBUS,Dsl,RUNEX,DSL,TOG,4.035274618425616e-06
2017,July,San Benito (NCC),UBUS,Dsl,RUNEX,DSL,PM10,2.0607450300427343e-07
2017,July,San Benito (NCC),UBUS,Dsl,RUNEX,DSL,PM2_5,1.9715981122441056e-07
2017,July,San Benito (NCC),UBUS,Dsl,PMTW,DSL,PM,4.0116455401648874e-07
2017,July,San Benito (NCC),UBUS,Dsl,PMTW,DSL,PM10,4.0116455401648874e-07
2017,July,San Benito (NCC),UBUS,Dsl,PMTW,DSL,PM2_5,1.0029113850412219e-07
2017,July,San Benito (NCC),UBUS,Dsl,PMBW,DSL,PM,4.3429342799757675e-06
2017,July,San Benito (NCC),UBUS,Dsl,PMBW,DSL,PM10,4.256075594376256e-06
2017,July,San Benito (NCC),UBUS,Dsl,PMBW,DSL,PM2_5,1.8240323975898243e-06
2017,July,San Benito (NCC),UBUS,Elec,PMTW,CAT,PM,1.8396889907387684e-09
2017,July,San Benito (NCC),UBUS,Elec,PMTW,CAT,PM10,1.8396889907387684e-09
2017,July,San Benito (NCC),UBUS,Elec,PMTW,CAT,PM2_5,4.599222476846921e-10
2017,July,San Benito (NCC),UBUS,Elec,PMBW,CAT,PM,2.0389886314021348e-08
2017,July,San Benito (NCC),UBUS,Elec,PMBW,CAT,PM10,1.998208858774093e-08
2017,July,San Benito (NCC),UBUS,Elec,PMBW,CAT,PM2_5,8.563752251888969e-09
2017,July,San Benito (NCC),UBUS,NG,RUNEX,DSL,CO,0.0038272168988857788
2017,July,San Benito (NCC),UBUS,NG,RUNEX,DSL,NOx,0.0003139209307127123
2017,July,San Benito (NCC),UBUS,NG,RUNEX,DSL,PM,7.522300110975304e-07
2017,July,San Benito (NCC),UBUS,NG,RUNEX,DSL,TOG,0.000779254742173919
2017,July,San Benito (NCC),UBUS,NG,RUNEX,DSL,PM10,7.477166310309457e-07
2017,July,San Benito (NCC),UBUS,NG,RUNEX,DSL,PM2_5,7.153707405537516e-07
2017,July,San Benito (NCC),UBUS,NG,PMTW,DSL,PM,2.5601560691212797e-06
2017,July,San Benito (NCC),UBUS,NG,PMTW,DSL,PM10,2.5601560691212797e-06
2017,July,San Benito (NCC),UBUS,NG,PMTW,DSL,PM2_5,6.400390172803199e-07
2017,July,San Benito (NCC),UBUS,NG,PMBW,DSL,PM,2.793992447739019e-05
2017,July,San Benito (NCC),UBUS,NG,PMBW,DSL,PM10,2.738112598784242e-05
2017,July,San Benito (NCC),UBUS,NG,PMBW,DSL,PM2_5,1.173476828050389e-05
2017,July,San Benito (NCC),SBUS,Dsl,RUNEX,DSL,CO,0.0003979750707217469
2017,July,San Benito (NCC),SBUS,Dsl,RUNEX,DSL,NOx,0.010541400775826621
2017,July,San Benito (NCC),SBUS,Dsl,RUNEX,DSL,PM,6.058265009128941e-05
2017,July,San Benito (NCC),SBUS,Dsl,RUNEX,DSL,PM10,6.02191541907417e-05
2017,July,San Benito (NCC),SBUS,Dsl,RUNEX,DSL,PM2_5,5.761410023681623e-05
2017,July,San Benito (NCC),SBUS,Dsl,IDLEX,DSL,CO,0.00028577771825318975
2017,July,San Benito (NCC),SBUS,Dsl,IDLEX,DSL,NOx,0.0022024224855404875
2017,July,San Benito (NCC),SBUS,Dsl,IDLEX,DSL,PM,2.3711623611542265e-06
2017,July,San Benito (NCC),SBUS,Dsl,IDLEX,DSL,PM10,2.356935386987302e-06
2017,July,San Benito (NCC),SBUS,Dsl,IDLEX,DSL,PM2_5,2.25497540545767e-06
2017,July,San Benito (NCC),SBUS,Dsl,STREX,DSL,NOx,0.0004822922402806462
2017,July,San Benito (NCC),SBUS,Dsl,PMTW,DSL,PM,1.993700223090518e-05
2017,July,San Benito (NCC),SBUS,Dsl,PMTW,DSL,PM10,1.993700223090518e-05
2017,July,San Benito (NCC),SBUS,Dsl,PMTW,DSL,PM2_5,4.984250557726295e-06
2017,July,San Benito (NCC),SBUS,Dsl,PMBW,DSL,PM,0.001262676807957329
2017,July,San Benito (NCC),SBUS,Dsl,PMBW,DSL,PM10,0.001237423271798183
2017,July,San Benito (NCC),SBUS,Dsl,PMBW,DSL,PM2_5,0.000530324259342078
2017,July,San Benito (NCC),SBUS,Dsl,RUNEX,DSL,SOx,1.7980989132920797e-05
2017,July,San Benito (NCC),SBUS,Dsl,IDLEX,DSL,SOx,1.8476680978634109e-06
2017,July,San Benito (NCC),SBUS,Dsl,RUNEX,DSL,TOG,0.00016770412138415383
2017,July,San Benito (NCC),SBUS,Dsl,IDLEX,DSL,TOG,1.73168877622965e-05
2017,     ,San Benito (NCC),LDA,Dsl,RUNEX,DSL,NH3,3.33231e-05
2017,     ,San Benito (NCC),LDA,Gas,RUNEX,CAT,NH3,0.030876732
2017,     ,San Benito (NCC),LDT1,Dsl,RUNEX,DSL,NH3,1.05603e-07
2017,     ,San Benito (NCC),LDT1,Gas,RUNEX,CAT,NH3,0.003183062
2017,     ,San Benito (NCC),LDT2,Dsl,RUNEX,DSL,NH3,3.78936e-06
2017,     ,San Benito (NCC),LDT2,Gas,RUNEX,CAT,NH3,0.011720178
2017,     ,San Benito (NCC),LHD1,Dsl,RUNEX,DSL,NH3,0.005946246
2017,     ,San Benito (NCC),LHD1,Gas,RUNEX,CAT,NH3,0.001788427
2017,     ,San Benito (NCC),LHD2,Dsl,RUNEX,DSL,NH3,0.002533787
2017,     ,San Benito (NCC),LHD2,Gas,RUNEX,CAT,NH3,0.000197151
2017,     ,San Benito (NCC),MCY,Gas,RUNEX,CAT,NH3,0.000364505
2017,     ,San Benito (NCC),MDV,Dsl,RUNEX,DSL,NH3,3.15107e-05
2017,     ,San Benito (NCC),MDV,Gas,RUNEX,CAT,NH3,0.012927171
2017,     ,San Benito (NCC),MH,Dsl,RUNEX,DSL,NH3,2.93585e-05
2017,     ,San Benito (NCC),MH,Gas,RUNEX,CAT,NH3,0.000124862
2017,     ,San Benito (NCC),OBUS,Gas,RUNEX,CAT,NH3,7.14226e-05
2017,     ,San Benito (NCC),SBUS,Gas,RUNEX,CAT,NH3,2.3324e-06
2017,     ,San Benito (NCC),T6TS,Gas,RUNEX,CAT,NH3,0.000245754
2017,     ,San Benito (NCC),T7IS,Gas,RUNEX,CAT,NH3,1.53007e-07
2017,     ,San Benito (NCC),UBUS,Dsl,RUNEX,DSL,NH3,4.62157e-06
2017,     ,San Benito (NCC),UBUS,Gas,RUNEX,CAT,NH3,5.03929e-05
2017,     ,San Benito (NCC),UBUS,NG,RUNEX,DSL,NH3,5.75518e-06
