calendar_year,season_month,sub_area,vehicle_class,fuel,process,cat_ncat,pollutant,emission
2017,July,Santa Barbara (SCC),LDA,Gas,RUNEX,CAT,CO,7.186847569422568
2017,July,Santa Barbara (SCC),LDA,Gas,RUNEX,CAT,NOx,0.5539637887506319
2017,July,Santa Barbara (SCC),LDA,Gas,RUNEX,CAT,SOx,0.016542938392002767
2017,July,Santa Barbara (SCC),LDA,Gas,RUNEX,CAT,PM,0.009930862446628379
2017,July,Santa Barbara (SCC),LDA,Gas,RUNEX,CAT,TOG,0.22875450861511082
2017,July,Santa Barbara (SCC),LDA,Gas,RUNEX,CAT,PM10,0.008879200008368242
2017,July,Santa Barbara (SCC),LDA,Gas,RUNEX,CAT,PM2_5,0.008164599575946938
2017,July,Santa Barbara (SCC),LDA,Gas,RUNEX,NCAT,CO,0.15801956398124772
2017,July,Santa Barbara (SCC),LDA,Gas,RUNEX,NCAT,NOx,0.014391809699179374
2017,July,Santa Barbara (SCC),LDA,Gas,RUNEX,NCAT,SOx,1.527575304338239e-05
2017,July,Santa Barbara (SCC),LDA,Gas,RUNEX,NCAT,PM,0.00014836992865867055
2017,July,Santa Barbara (SCC),LDA,Gas,RUNEX,NCAT,TOG,0.015190411670715899
2017,July,Santa Barbara (SCC),LDA,Gas,RUNEX,NCAT,PM10,0.00014157452035852528
2017,July,Santa Barbara (SCC),LDA,Gas,RUNEX,NCAT,PM2_5,0.00013462457976159143
2017,July,Santa Barbara (SCC),LDA,Gas,STREX,CAT,CO,1.8776330007362037
2017,July,Santa Barbara (SCC),LDA,Gas,STREX,CAT,NOx,0.22615005756384846
2017,July,Santa Barbara (SCC),LDA,Gas,STREX,CAT,SOx,0.00045318979332454034
2017,July,Santa Barbara (SCC),LDA,Gas,STREX,CAT,PM,0.0019240841917612492
2017,July,Santa Barbara (SCC),LDA,Gas,STREX,CAT,TOG,0.3696102327598906
2017,July,Santa Barbara (SCC),LDA,Gas,STREX,CAT,PM10,0.0017206439443427886
2017,July,Santa Barbara (SCC),LDA,Gas,STREX,CAT,PM2_5,0.0015823241355722541
2017,July,Santa Barbara (SCC),LDA,Gas,STREX,NCAT,CO,0.032090019914827135
2017,July,Santa Barbara (SCC),LDA,Gas,STREX,NCAT,NOx,0.0019152299368074685
2017,July,Santa Barbara (SCC),LDA,Gas,STREX,NCAT,SOx,2.8571080449386083e-06
2017,July,Santa Barbara (SCC),LDA,Gas,STREX,NCAT,PM,7.606947876883916e-05
2017,July,Santa Barbara (SCC),LDA,Gas,STREX,NCAT,TOG,0.005638983029835628
2017,July,Santa Barbara (SCC),LDA,Gas,STREX,NCAT,PM10,7.259009218862076e-05
2017,July,Santa Barbara (SCC),LDA,Gas,STREX,NCAT,PM2_5,6.902878208651522e-05
2017,July,Santa Barbara (SCC),LDA,Gas,HOTSOAK,CAT,TOG,0.13149026768524508
2017,July,Santa Barbara (SCC),LDA,Gas,HOTSOAK,NCAT,TOG,0.003813218456567713
2017,July,Santa Barbara (SCC),LDA,Gas,RUNLOSS,CAT,TOG,0.224602840313326
2017,July,Santa Barbara (SCC),LDA,Gas,RUNLOSS,NCAT,TOG,0.018028583390568564
2017,July,Santa Barbara (SCC),LDA,Gas,RESTLOSS,CAT,TOG,0.054174198869066464
2017,July,Santa Barbara (SCC),LDA,Gas,RESTLOSS,NCAT,TOG,0.001912757107095324
2017,July,Santa Barbara (SCC),LDA,Gas,DIURN,CAT,TOG,0.08796617863606267
2017,July,Santa Barbara (SCC),LDA,Gas,DIURN,NCAT,TOG,0.0031362569221803907
2017,July,Santa Barbara (SCC),LDA,Gas,PMTW,CAT,PM,0.04587330856677467
2017,July,Santa Barbara (SCC),LDA,Gas,PMTW,CAT,PM10,0.04587330856677467
2017,July,Santa Barbara (SCC),LDA,Gas,PMTW,CAT,PM2_5,0.011468327141693668
2017,July,Santa Barbara (SCC),LDA,Gas,PMTW,NCAT,PM,2.1227632553716338e-05
2017,July,Santa Barbara (SCC),LDA,Gas,PMTW,NCAT,PM10,2.1227632553716338e-05
2017,July,Santa Barbara (SCC),LDA,Gas,PMTW,NCAT,PM2_5,5.3069081384290845e-06
2017,July,Santa Barbara (SCC),LDA,Gas,PMBW,CAT,PM,0.21503113390675602
2017,July,Santa Barbara (SCC),LDA,Gas,PMBW,CAT,PM10,0.21073051122862133
2017,July,Santa Barbara (SCC),LDA,Gas,PMBW,CAT,PM2_5,0.09031307624083759
2017,July,Santa Barbara (SCC),LDA,Gas,PMBW,NCAT,PM,9.95045275955454e-05
2017,July,Santa Barbara (SCC),LDA,Gas,PMBW,NCAT,PM10,9.751443704363443e-05
2017,July,Santa Barbara (SCC),LDA,Gas,PMBW,NCAT,PM2_5,4.17919015901291e-05
2017,July,Santa Barbara (SCC),LDA,Dsl,RUNEX,DSL,CO,0.021312311127735763
2017,July,Santa Barbara (SCC),LDA,Dsl,RUNEX,DSL,NOx,0.016488559936602837
2017,July,Santa Barbara (SCC),LDA,Dsl,RUNEX,DSL,SOx,0.00016406978394097572
2017,July,Santa Barbara (SCC),LDA,Dsl,RUNEX,DSL,PM,0.0011746367703261368
2017,July,Santa Barbara (SCC),LDA,Dsl,RUNEX,DSL,TOG,0.0021580587877222503
2017,July,Santa Barbara (SCC),LDA,Dsl,RUNEX,DSL,PM10,0.001167588949704181
2017,July,Santa Barbara (SCC),LDA,Dsl,RUNEX,DSL,PM2_5,0.0011170795685801556
2017,July,Santa Barbara (SCC),LDA,Dsl,PMTW,DSL,PM,0.000630706656570552
2017,July,Santa Barbara (SCC),LDA,Dsl,PMTW,DSL,PM10,0.000630706656570552
2017,July,Santa Barbara (SCC),LDA,Dsl,PMTW,DSL,PM2_5,0.000157676664142638
2017,July,Santa Barbara (SCC),LDA,Dsl,PMBW,DSL,PM,0.0029564374526744605
2017,July,Santa Barbara (SCC),LDA,Dsl,PMBW,DSL,PM10,0.0028973087036209748
2017,July,Santa Barbara (SCC),LDA,Dsl,PMBW,DSL,PM2_5,0.0012417037301232737
2017,July,Santa Barbara (SCC),LDA,Elec,HOTSOAK,CAT,TOG,2.8084843778938556e-05
2017,July,Santa Barbara (SCC),LDA,Elec,RESTLOSS,CAT,TOG,5.380030958634142e-06
2017,July,Santa Barbara (SCC),LDA,Elec,DIURN,CAT,TOG,2.3938588265975795e-05
2017,July,Santa Barbara (SCC),LDA,Elec,PMTW,CAT,PM,0.000338205015584513
2017,July,Santa Barbara (SCC),LDA,Elec,PMTW,CAT,PM10,0.000338205015584513
2017,July,Santa Barbara (SCC),LDA,Elec,PMTW,CAT,PM2_5,8.455125389612825e-05
2017,July,Santa Barbara (SCC),LDA,Elec,PMBW,CAT,PM,0.001585336010552405
2017,July,Santa Barbara (SCC),LDA,Elec,PMBW,CAT,PM10,0.0015536292903413564
2017,July,Santa Barbara (SCC),LDA,Elec,PMBW,CAT,PM2_5,0.0006658411244320096
2017,July,Santa Barbara (SCC),LDT1,Gas,RUNEX,CAT,CO,0.8892284647030166
2017,July,Santa Barbara (SCC),LDT1,Gas,RUNEX,CAT,NOx,0.07738177381073717
2017,July,Santa Barbara (SCC),LDT1,Gas,RUNEX,CAT,SOx,0.001860158246214836
2017,July,Santa Barbara (SCC),LDT1,Gas,RUNEX,CAT,PM,0.0012943957826965188
2017,July,Santa Barbara (SCC),LDT1,Gas,RUNEX,CAT,TOG,0.028415406354370815
2017,July,Santa Barbara (SCC),LDT1,Gas,RUNEX,CAT,PM10,0.0011577976529700755
2017,July,Santa Barbara (SCC),LDT1,Gas,RUNEX,CAT,PM2_5,0.0010648551722980586
2017,July,Santa Barbara (SCC),LDT1,Gas,RUNEX,NCAT,CO,0.08263810262750092
2017,July,Santa Barbara (SCC),LDT1,Gas,RUNEX,NCAT,NOx,0.0075028202920086415
2017,July,Santa Barbara (SCC),LDT1,Gas,RUNEX,NCAT,SOx,7.862068011890357e-06
2017,July,Santa Barbara (SCC),LDT1,Gas,RUNEX,NCAT,PM,7.663737099632052e-05
2017,July,Santa Barbara (SCC),LDT1,Gas,RUNEX,NCAT,TOG,0.008056027252596265
2017,July,Santa Barbara (SCC),LDT1,Gas,RUNEX,NCAT,PM10,7.304069028807601e-05
2017,July,Santa Barbara (SCC),LDT1,Gas,RUNEX,NCAT,PM2_5,6.941463028210562e-05
2017,July,Santa Barbara (SCC),LDT1,Gas,STREX,CAT,CO,0.1975490364937059
2017,July,Santa Barbara (SCC),LDT1,Gas,STREX,CAT,NOx,0.02470537000367623
2017,July,Santa Barbara (SCC),LDT1,Gas,STREX,CAT,SOx,5.1235248734215164e-05
2017,July,Santa Barbara (SCC),LDT1,Gas,STREX,CAT,PM,0.0002317413039967619
2017,July,Santa Barbara (SCC),LDT1,Gas,STREX,CAT,TOG,0.03883571434509451
2017,July,Santa Barbara (SCC),LDT1,Gas,STREX,CAT,PM10,0.00020732540317360045
2017,July,Santa Barbara (SCC),LDT1,Gas,STREX,CAT,PM2_5,0.0001907021631248468
2017,July,Santa Barbara (SCC),LDT1,Gas,STREX,NCAT,CO,0.00840418716409493
2017,July,Santa Barbara (SCC),LDT1,Gas,STREX,NCAT,NOx,0.0004510116311447252
2017,July,Santa Barbara (SCC),LDT1,Gas,STREX,NCAT,SOx,6.852513103079918e-07
2017,July,Santa Barbara (SCC),LDT1,Gas,STREX,NCAT,PM,1.811237763818083e-05
2017,July,Santa Barbara (SCC),LDT1,Gas,STREX,NCAT,TOG,0.0013975850448002584
2017,July,Santa Barbara (SCC),LDT1,Gas,STREX,NCAT,PM10,1.725731750979623e-05
2017,July,Santa Barbara (SCC),LDT1,Gas,STREX,NCAT,PM2_5,1.6398239054703212e-05
2017,July,Santa Barbara (SCC),LDT1,Gas,HOTSOAK,CAT,TOG,0.015605955689848069
2017,July,Santa Barbara (SCC),LDT1,Gas,HOTSOAK,NCAT,TOG,0.0008659198703566522
2017,July,Santa Barbara (SCC),LDT1,Gas,RUNLOSS,CAT,TOG,0.05292105688723701
2017,July,Santa Barbara (SCC),LDT1,Gas,RUNLOSS,NCAT,TOG,0.0017757822324215749
2017,July,Santa Barbara (SCC),LDT1,Gas,RESTLOSS,CAT,TOG,0.0068575679815885615
2017,July,Santa Barbara (SCC),LDT1,Gas,RESTLOSS,NCAT,TOG,0.0004489122337302027
2017,July,Santa Barbara (SCC),LDT1,Gas,DIURN,CAT,TOG,0.01142929489645832
2017,July,Santa Barbara (SCC),LDT1,Gas,DIURN,NCAT,TOG,0.0007264155617922846
2017,July,Santa Barbara (SCC),LDT1,Gas,PMTW,CAT,PM,0.00451471742408206
2017,July,Santa Barbara (SCC),LDT1,Gas,PMTW,CAT,PM10,0.00451471742408206
2017,July,Santa Barbara (SCC),LDT1,Gas,PMTW,CAT,PM2_5,0.001128679356020515
2017,July,Santa Barbara (SCC),LDT1,Gas,PMTW,NCAT,PM,1.0959527981400858e-05
2017,July,Santa Barbara (SCC),LDT1,Gas,PMTW,NCAT,PM10,1.0959527981400858e-05
2017,July,Santa Barbara (SCC),LDT1,Gas,PMTW,NCAT,PM2_5,2.7398819953502145e-06
2017,July,Santa Barbara (SCC),LDT1,Gas,PMBW,CAT,PM,0.021162737925384655
2017,July,Santa Barbara (SCC),LDT1,Gas,PMBW,CAT,PM10,0.020739483166876956
2017,July,Santa Barbara (SCC),LDT1,Gas,PMBW,CAT,PM2_5,0.00888834992866156
2017,July,Santa Barbara (SCC),LDT1,Gas,PMBW,NCAT,PM,5.1372787412816586e-05
2017,July,Santa Barbara (SCC),LDT1,Gas,PMBW,NCAT,PM10,5.034533166456015e-05
2017,July,Santa Barbara (SCC),LDT1,Gas,PMBW,NCAT,PM2_5,2.1576570713382926e-05
2017,July,Santa Barbara (SCC),LDT2,Gas,RUNEX,CAT,CO,4.995041880143088
2017,July,Santa Barbara (SCC),LDT2,Gas,RUNEX,CAT,NOx,0.6043923320154326
2017,July,Santa Barbara (SCC),LDT2,Gas,RUNEX,CAT,SOx,0.009556367634834043
2017,July,Santa Barbara (SCC),LDT2,Gas,RUNEX,CAT,PM,0.005387816507905752
2017,July,Santa Barbara (SCC),LDT2,Gas,RUNEX,CAT,TOG,0.17159676818981198
2017,July,Santa Barbara (SCC),LDT2,Gas,RUNEX,CAT,PM10,0.004817814416882071
2017,July,Santa Barbara (SCC),LDT2,Gas,RUNEX,CAT,PM2_5,0.004430354029011375
2017,July,Santa Barbara (SCC),LDT2,Gas,RUNEX,NCAT,CO,0.11405614332912588
2017,July,Santa Barbara (SCC),LDT2,Gas,RUNEX,NCAT,NOx,0.010154227887213504
2017,July,Santa Barbara (SCC),LDT2,Gas,RUNEX,NCAT,SOx,1.0954080263676269e-05
2017,July,Santa Barbara (SCC),LDT2,Gas,RUNEX,NCAT,PM,0.00010633474701629193
2017,July,Santa Barbara (SCC),LDT2,Gas,RUNEX,NCAT,TOG,0.010642895393486318
2017,July,Santa Barbara (SCC),LDT2,Gas,RUNEX,NCAT,PM10,0.00010108123306833398
2017,July,Santa Barbara (SCC),LDT2,Gas,RUNEX,NCAT,PM2_5,9.594010350109431e-05
2017,July,Santa Barbara (SCC),LDT2,Gas,STREX,CAT,CO,1.1259004305220022
2017,July,Santa Barbara (SCC),LDT2,Gas,STREX,CAT,NOx,0.19950678583083578
2017,July,Santa Barbara (SCC),LDT2,Gas,STREX,CAT,SOx,0.00027620022722750785
2017,July,Santa Barbara (SCC),LDT2,Gas,STREX,CAT,PM,0.0009877081600405593
2017,July,Santa Barbara (SCC),LDT2,Gas,STREX,CAT,TOG,0.2471330948840074
2017,July,Santa Barbara (SCC),LDT2,Gas,STREX,CAT,PM10,0.0008832832023030531
2017,July,Santa Barbara (SCC),LDT2,Gas,STREX,CAT,PM2_5,0.0008122819312331211
2017,July,Santa Barbara (SCC),LDT2,Gas,STREX,NCAT,CO,0.012115956646917843
2017,July,Santa Barbara (SCC),LDT2,Gas,STREX,NCAT,NOx,0.0006052248260336861
2017,July,Santa Barbara (SCC),LDT2,Gas,STREX,NCAT,SOx,9.459786151097803e-07
2017,July,Santa Barbara (SCC),LDT2,Gas,STREX,NCAT,PM,2.5173688884458884e-05
2017,July,Santa Barbara (SCC),LDT2,Gas,STREX,NCAT,TOG,0.0018761090883575276
2017,July,Santa Barbara (SCC),LDT2,Gas,STREX,NCAT,PM10,2.391980779117238e-05
2017,July,Santa Barbara (SCC),LDT2,Gas,STREX,NCAT,PM2_5,2.269844902726825e-05
2017,July,Santa Barbara (SCC),LDT2,Gas,HOTSOAK,CAT,TOG,0.07879654049153915
2017,July,Santa Barbara (SCC),LDT2,Gas,HOTSOAK,NCAT,TOG,0.0011637024510292165
2017,July,Santa Barbara (SCC),LDT2,Gas,RUNLOSS,CAT,TOG,0.26241756680061634
2017,July,Santa Barbara (SCC),LDT2,Gas,RUNLOSS,NCAT,TOG,0.0023857449569999194
2017,July,Santa Barbara (SCC),LDT2,Gas,RESTLOSS,CAT,TOG,0.03504141752553134
2017,July,Santa Barbara (SCC),LDT2,Gas,RESTLOSS,NCAT,TOG,0.0006224584109837256
2017,July,Santa Barbara (SCC),LDT2,Gas,DIURN,CAT,TOG,0.05652181081566471
2017,July,Santa Barbara (SCC),LDT2,Gas,DIURN,NCAT,TOG,0.0010034207924385968
2017,July,Santa Barbara (SCC),LDT2,Gas,PMTW,CAT,PM,0.020002408155110788
2017,July,Santa Barbara (SCC),LDT2,Gas,PMTW,CAT,PM10,0.020002408155110788
2017,July,Santa Barbara (SCC),LDT2,Gas,PMTW,CAT,PM2_5,0.005000602038777697
2017,July,Santa Barbara (SCC),LDT2,Gas,PMTW,NCAT,PM,1.5209743853149976e-05
2017,July,Santa Barbara (SCC),LDT2,Gas,PMTW,NCAT,PM10,1.5209743853149976e-05
2017,July,Santa Barbara (SCC),LDT2,Gas,PMTW,NCAT,PM2_5,3.802435963287494e-06
2017,July,Santa Barbara (SCC),LDT2,Gas,PMBW,CAT,PM,0.09376128822708175
2017,July,Santa Barbara (SCC),LDT2,Gas,PMBW,CAT,PM10,0.09188606246254015
2017,July,Santa Barbara (SCC),LDT2,Gas,PMBW,CAT,PM2_5,0.03937974105537433
2017,July,Santa Barbara (SCC),LDT2,Gas,PMBW,NCAT,PM,7.129567431164052e-05
2017,July,Santa Barbara (SCC),LDT2,Gas,PMBW,NCAT,PM10,6.986976082540764e-05
2017,July,Santa Barbara (SCC),LDT2,Gas,PMBW,NCAT,PM2_5,2.9944183210888995e-05
2017,July,Santa Barbara (SCC),MDV,Gas,RUNEX,CAT,CO,3.194716028397731
2017,July,Santa Barbara (SCC),MDV,Gas,RUNEX,CAT,NOx,0.38603163301175314
2017,July,Santa Barbara (SCC),MDV,Gas,RUNEX,CAT,SOx,0.008926579975600419
2017,July,Santa Barbara (SCC),MDV,Gas,RUNEX,CAT,PM,0.003470442495608025
2017,July,Santa Barbara (SCC),MDV,Gas,RUNEX,CAT,TOG,0.1118079241526754
2017,July,Santa Barbara (SCC),MDV,Gas,RUNEX,CAT,PM10,0.0031033084528628825
2017,July,Santa Barbara (SCC),MDV,Gas,RUNEX,CAT,PM2_5,0.0028537428637776274
2017,July,Santa Barbara (SCC),MDV,Gas,RUNEX,NCAT,CO,0.3656707499475541
2017,July,Santa Barbara (SCC),MDV,Gas,RUNEX,NCAT,NOx,0.02473921139797618
2017,July,Santa Barbara (SCC),MDV,Gas,RUNEX,NCAT,SOx,2.2994246045755653e-05
2017,July,Santa Barbara (SCC),MDV,Gas,RUNEX,NCAT,PM,0.00017175894555017474
2017,July,Santa Barbara (SCC),MDV,Gas,RUNEX,NCAT,TOG,0.020820890212835372
2017,July,Santa Barbara (SCC),MDV,Gas,RUNEX,NCAT,PM10,0.00016432748488440823
2017,July,Santa Barbara (SCC),MDV,Gas,RUNEX,NCAT,PM2_5,0.00015646382068168306
2017,July,Santa Barbara (SCC),MDV,Gas,STREX,CAT,CO,1.0505544948537824
2017,July,Santa Barbara (SCC),MDV,Gas,STREX,CAT,NOx,0.15643780701096394
2017,July,Santa Barbara (SCC),MDV,Gas,STREX,CAT,SOx,0.0002534647399819229
2017,July,Santa Barbara (SCC),MDV,Gas,STREX,CAT,PM,0.0007030505413131498
2017,July,Santa Barbara (SCC),MDV,Gas,STREX,CAT,TOG,0.19897484822611336
2017,July,Santa Barbara (SCC),MDV,Gas,STREX,CAT,PM10,0.0006287347024098661
2017,July,Santa Barbara (SCC),MDV,Gas,STREX,CAT,PM2_5,0.000578201787574505
2017,July,Santa Barbara (SCC),MDV,Gas,STREX,NCAT,CO,0.038818594421784175
2017,July,Santa Barbara (SCC),MDV,Gas,STREX,NCAT,NOx,0.001757938060927542
2017,July,Santa Barbara (SCC),MDV,Gas,STREX,NCAT,SOx,2.348971396510012e-06
2017,July,Santa Barbara (SCC),MDV,Gas,STREX,NCAT,PM,4.7302049093021195e-05
2017,July,Santa Barbara (SCC),MDV,Gas,STREX,NCAT,TOG,0.004559118626759889
2017,July,Santa Barbara (SCC),MDV,Gas,STREX,NCAT,PM10,4.52497507024838e-05
2017,July,Santa Barbara (SCC),MDV,Gas,STREX,NCAT,PM2_5,4.3081736403204755e-05
2017,July,Santa Barbara (SCC),MDV,Gas,HOTSOAK,CAT,TOG,0.04950809466142537
2017,July,Santa Barbara (SCC),MDV,Gas,HOTSOAK,NCAT,TOG,0.001500114702824925
2017,July,Santa Barbara (SCC),MDV,Gas,RUNLOSS,CAT,TOG,0.1485911003178533
2017,July,Santa Barbara (SCC),MDV,Gas,RUNLOSS,NCAT,TOG,0.0033909138477405797
2017,July,Santa Barbara (SCC),MDV,Gas,RESTLOSS,CAT,TOG,0.022629702095461376
2017,July,Santa Barbara (SCC),MDV,Gas,RESTLOSS,NCAT,TOG,0.0012747769911238352
2017,July,Santa Barbara (SCC),MDV,Gas,DIURN,CAT,TOG,0.0330265079654451
2017,July,Santa Barbara (SCC),MDV,Gas,DIURN,NCAT,TOG,0.0019757347015320107
2017,July,Santa Barbara (SCC),MDV,Gas,PMTW,CAT,PM,0.015878202048224797
2017,July,Santa Barbara (SCC),MDV,Gas,PMTW,CAT,PM10,0.015878202048224797
2017,July,Santa Barbara (SCC),MDV,Gas,PMTW,CAT,PM2_5,0.003969550512056199
2017,July,Santa Barbara (SCC),MDV,Gas,PMTW,NCAT,PM,2.472713256124602e-05
2017,July,Santa Barbara (SCC),MDV,Gas,PMTW,NCAT,PM10,2.472713256124602e-05
2017,July,Santa Barbara (SCC),MDV,Gas,PMTW,NCAT,PM2_5,6.181783140311505e-06
2017,July,Santa Barbara (SCC),MDV,Gas,PMBW,CAT,PM,0.0744290721010538
2017,July,Santa Barbara (SCC),MDV,Gas,PMBW,CAT,PM10,0.07294049065903276
2017,July,Santa Barbara (SCC),MDV,Gas,PMBW,CAT,PM2_5,0.031260210282442594
2017,July,Santa Barbara (SCC),MDV,Gas,PMBW,NCAT,PM,0.00011590843388084083
2017,July,Santa Barbara (SCC),MDV,Gas,PMBW,NCAT,PM10,0.00011359026520322397
2017,July,Santa Barbara (SCC),MDV,Gas,PMBW,NCAT,PM2_5,4.8681542229953067e-05
2017,July,Santa Barbara (SCC),LHD1,Gas,RUNEX,CAT,CO,0.605850239741905
2017,July,Santa Barbara (SCC),LHD1,Gas,RUNEX,CAT,NOx,0.11199663568562343
2017,July,Santa Barbara (SCC),LHD1,Gas,RUNEX,CAT,SOx,0.002508758908120815
2017,July,Santa Barbara (SCC),LHD1,Gas,RUNEX,CAT,PM,0.0008792659513716036
2017,July,Santa Barbara (SCC),LHD1,Gas,RUNEX,CAT,TOG,0.047236459598693034
2017,July,Santa Barbara (SCC),LHD1,Gas,RUNEX,CAT,PM10,0.0007860637605262141
2017,July,Santa Barbara (SCC),LHD1,Gas,RUNEX,CAT,PM2_5,0.0007227566120274582
2017,July,Santa Barbara (SCC),LHD1,Gas,RUNEX,NCAT,CO,0.11505757257286908
2017,July,Santa Barbara (SCC),LHD1,Gas,RUNEX,NCAT,NOx,0.0029813407180240364
2017,July,Santa Barbara (SCC),LHD1,Gas,RUNEX,NCAT,SOx,1.310554378989094e-05
2017,July,Santa Barbara (SCC),LHD1,Gas,RUNEX,NCAT,PM,5.9882574738112185e-05
2017,July,Santa Barbara (SCC),LHD1,Gas,RUNEX,NCAT,TOG,0.0069709759173643025
2017,July,Santa Barbara (SCC),LHD1,Gas,RUNEX,NCAT,PM10,5.754715432332576e-05
2017,July,Santa Barbara (SCC),LHD1,Gas,RUNEX,NCAT,PM2_5,5.491232103484884e-05
2017,July,Santa Barbara (SCC),LHD1,Gas,IDLEX,CAT,CO,0.026198463630601507
2017,July,Santa Barbara (SCC),LHD1,Gas,IDLEX,CAT,NOx,0.00029387568716672085
2017,July,Santa Barbara (SCC),LHD1,Gas,IDLEX,CAT,SOx,8.722931892149689e-06
2017,July,Santa Barbara (SCC),LHD1,Gas,IDLEX,CAT,TOG,0.004896837158283743
2017,July,Santa Barbara (SCC),LHD1,Gas,IDLEX,NCAT,CO,0.00023551190598294789
2017,July,Santa Barbara (SCC),LHD1,Gas,IDLEX,NCAT,NOx,2.6632196016023053e-06
2017,July,Santa Barbara (SCC),LHD1,Gas,IDLEX,NCAT,SOx,8.677942001570652e-08
2017,July,Santa Barbara (SCC),LHD1,Gas,IDLEX,NCAT,TOG,4.233130783412399e-05
2017,July,Santa Barbara (SCC),LHD1,Gas,STREX,CAT,CO,0.23252831292939333
2017,July,Santa Barbara (SCC),LHD1,Gas,STREX,CAT,NOx,0.06036704142229426
2017,July,Santa Barbara (SCC),LHD1,Gas,STREX,CAT,SOx,2.058253835867125e-05
2017,July,Santa Barbara (SCC),LHD1,Gas,STREX,CAT,PM,7.32834109178782e-05
2017,July,Santa Barbara (SCC),LHD1,Gas,STREX,CAT,TOG,0.021525213808516852
2017,July,Santa Barbara (SCC),LHD1,Gas,STREX,CAT,PM10,6.55153693605832e-05
2017,July,Santa Barbara (SCC),LHD1,Gas,STREX,CAT,PM2_5,6.0238963774495806e-05
2017,July,Santa Barbara (SCC),LHD1,Gas,STREX,NCAT,CO,9.338155060016527e-05
2017,July,Santa Barbara (SCC),LHD1,Gas,STREX,NCAT,NOx,0.00039000212933230216
2017,July,Santa Barbara (SCC),LHD1,Gas,STREX,NCAT,SOx,6.978288171895887e-07
2017,July,Santa Barbara (SCC),LHD1,Gas,STREX,NCAT,PM,1.606468832601227e-05
2017,July,Santa Barbara (SCC),LHD1,Gas,STREX,NCAT,TOG,0.002173111275882441
2017,July,Santa Barbara (SCC),LHD1,Gas,STREX,NCAT,PM10,1.54381654812978e-05
2017,July,Santa Barbara (SCC),LHD1,Gas,STREX,NCAT,PM2_5,1.4731319194953263e-05
2017,July,Santa Barbara (SCC),LHD1,Gas,HOTSOAK,CAT,TOG,0.017608846726596683
2017,July,Santa Barbara (SCC),LHD1,Gas,HOTSOAK,NCAT,TOG,0.0012954064055707233
2017,July,Santa Barbara (SCC),LHD1,Gas,RUNLOSS,CAT,TOG,0.1405311317427522
2017,July,Santa Barbara (SCC),LHD1,Gas,RUNLOSS,NCAT,TOG,0.003239154264302937
2017,July,Santa Barbara (SCC),LHD1,Gas,RESTLOSS,CAT,TOG,0.0002920177872014677
2017,July,Santa Barbara (SCC),LHD1,Gas,RESTLOSS,NCAT,TOG,1.5127728052896681e-05
2017,July,Santa Barbara (SCC),LHD1,Gas,DIURN,CAT,TOG,0.0006281076700944652
2017,July,Santa Barbara (SCC),LHD1,Gas,DIURN,NCAT,TOG,3.119079769309516e-05
2017,July,Santa Barbara (SCC),LHD1,Gas,PMTW,CAT,PM,0.00191966879229243
2017,July,Santa Barbara (SCC),LHD1,Gas,PMTW,CAT,PM10,0.00191966879229243
2017,July,Santa Barbara (SCC),LHD1,Gas,PMTW,CAT,PM2_5,0.0004799171980731075
2017,July,Santa Barbara (SCC),LHD1,Gas,PMTW,NCAT,PM,8.463112873142568e-06
2017,July,Santa Barbara (SCC),LHD1,Gas,PMTW,NCAT,PM10,8.463112873142568e-06
2017,July,Santa Barbara (SCC),LHD1,Gas,PMTW,NCAT,PM2_5,2.115778218285642e-06
2017,July,Santa Barbara (SCC),LHD1,Gas,PMBW,CAT,PM,0.018716770724851197
2017,July,Santa Barbara (SCC),LHD1,Gas,PMBW,CAT,PM10,0.018342435310354167
2017,July,Santa Barbara (SCC),LHD1,Gas,PMBW,CAT,PM2_5,0.007861043704437508
2017,July,Santa Barbara (SCC),LHD1,Gas,PMBW,NCAT,PM,8.251535051314002e-05
2017,July,Santa Barbara (SCC),LHD1,Gas,PMBW,NCAT,PM10,8.086504350287722e-05
2017,July,Santa Barbara (SCC),LHD1,Gas,PMBW,NCAT,PM2_5,3.465644721551883e-05
2017,July,Santa Barbara (SCC),LHD2,Gas,RUNEX,CAT,CO,0.06374655904037328
2017,July,Santa Barbara (SCC),LHD2,Gas,RUNEX,CAT,NOx,0.015014520157539962
2017,July,Santa Barbara (SCC),LHD2,Gas,RUNEX,CAT,SOx,0.0004664421795108605
2017,July,Santa Barbara (SCC),LHD2,Gas,RUNEX,CAT,PM,0.00011067810819596468
2017,July,Santa Barbara (SCC),LHD2,Gas,RUNEX,CAT,TOG,0.004936298732380254
2017,July,Santa Barbara (SCC),LHD2,Gas,RUNEX,CAT,PM10,9.894622872719262e-05
2017,July,Santa Barbara (SCC),LHD2,Gas,RUNEX,CAT,PM2_5,9.097740493708295e-05
2017,July,Santa Barbara (SCC),LHD2,Gas,RUNEX,NCAT,CO,0.0017743315608592526
2017,July,Santa Barbara (SCC),LHD2,Gas,RUNEX,NCAT,NOx,4.6921628464391714e-05
2017,July,Santa Barbara (SCC),LHD2,Gas,RUNEX,NCAT,SOx,2.2536893660965042e-07
2017,July,Santa Barbara (SCC),LHD2,Gas,RUNEX,NCAT,PM,9.155430524948385e-07
2017,July,Santa Barbara (SCC),LHD2,Gas,RUNEX,NCAT,TOG,0.0001093896387268851
2017,July,Santa Barbara (SCC),LHD2,Gas,RUNEX,NCAT,PM10,8.798368734475397e-07
2017,July,Santa Barbara (SCC),LHD2,Gas,RUNEX,NCAT,PM2_5,8.395529791377668e-07
2017,July,Santa Barbara (SCC),LHD2,Gas,IDLEX,CAT,CO,0.0041289190171495994
2017,July,Santa Barbara (SCC),LHD2,Gas,IDLEX,CAT,NOx,4.638457921556583e-05
2017,July,Santa Barbara (SCC),LHD2,Gas,IDLEX,CAT,SOx,1.5762966963987432e-06
2017,July,Santa Barbara (SCC),LHD2,Gas,IDLEX,CAT,TOG,0.0007744053763349757
2017,July,Santa Barbara (SCC),LHD2,Gas,IDLEX,NCAT,CO,3.4634103821021745e-06
2017,July,Santa Barbara (SCC),LHD2,Gas,IDLEX,NCAT,NOx,3.9164994141210343e-08
2017,July,Santa Barbara (SCC),LHD2,Gas,IDLEX,NCAT,SOx,1.4727000803143574e-09
2017,July,Santa Barbara (SCC),LHD2,Gas,IDLEX,NCAT,TOG,6.225192328547641e-07
2017,July,Santa Barbara (SCC),LHD2,Gas,STREX,CAT,CO,0.033509024686921546
2017,July,Santa Barbara (SCC),LHD2,Gas,STREX,CAT,NOx,0.009663751233653125
2017,July,Santa Barbara (SCC),LHD2,Gas,STREX,CAT,SOx,3.6342937263554184e-06
2017,July,Santa Barbara (SCC),LHD2,Gas,STREX,CAT,PM,8.605292586875987e-06
2017,July,Santa Barbara (SCC),LHD2,Gas,STREX,CAT,TOG,0.0030903603870115143
2017,July,Santa Barbara (SCC),LHD2,Gas,STREX,CAT,PM10,7.693131572667142e-06
2017,July,Santa Barbara (SCC),LHD2,Gas,STREX,CAT,PM2_5,7.073550506412069e-06
2017,July,Santa Barbara (SCC),LHD2,Gas,STREX,NCAT,CO,1.535840396589191e-06
2017,July,Santa Barbara (SCC),LHD2,Gas,STREX,NCAT,NOx,5.6454093944587405e-06
2017,July,Santa Barbara (SCC),LHD2,Gas,STREX,NCAT,SOx,1.1792362464483644e-08
2017,July,Santa Barbara (SCC),LHD2,Gas,STREX,NCAT,PM,2.3624541655900406e-07
2017,July,Santa Barbara (SCC),LHD2,Gas,STREX,NCAT,TOG,3.237070650589208e-05
2017,July,Santa Barbara (SCC),LHD2,Gas,STREX,NCAT,PM10,2.270318453132028e-07
2017,July,Santa Barbara (SCC),LHD2,Gas,STREX,NCAT,PM2_5,2.1663704698460673e-07
2017,July,Santa Barbara (SCC),LHD2,Gas,HOTSOAK,CAT,TOG,0.00220715568137495
2017,July,Santa Barbara (SCC),LHD2,Gas,HOTSOAK,NCAT,TOG,1.9138319610490036e-05
2017,July,Santa Barbara (SCC),LHD2,Gas,RUNLOSS,CAT,TOG,0.01689350009004651
2017,July,Santa Barbara (SCC),LHD2,Gas,RUNLOSS,NCAT,TOG,7.165398859841828e-05
2017,July,Santa Barbara (SCC),LHD2,Gas,RESTLOSS,CAT,TOG,3.485393877704553e-05
2017,July,Santa Barbara (SCC),LHD2,Gas,RESTLOSS,NCAT,TOG,1.803010208455771e-07
2017,July,Santa Barbara (SCC),LHD2,Gas,DIURN,CAT,TOG,7.32148007050936e-05
2017,July,Santa Barbara (SCC),LHD2,Gas,DIURN,NCAT,TOG,4.1040100607675047e-07
2017,July,Santa Barbara (SCC),LHD2,Gas,PMTW,CAT,PM,0.00031186229895497074
2017,July,Santa Barbara (SCC),LHD2,Gas,PMTW,CAT,PM10,0.00031186229895497074
2017,July,Santa Barbara (SCC),LHD2,Gas,PMTW,CAT,PM2_5,7.796557473874269e-05
2017,July,Santa Barbara (SCC),LHD2,Gas,PMTW,NCAT,PM,1.2939230197384763e-07
2017,July,Santa Barbara (SCC),LHD2,Gas,PMTW,NCAT,PM10,1.2939230197384763e-07
2017,July,Santa Barbara (SCC),LHD2,Gas,PMTW,NCAT,PM2_5,3.234807549346191e-08
2017,July,Santa Barbara (SCC),LHD2,Gas,PMBW,CAT,PM,0.0035474336506127937
2017,July,Santa Barbara (SCC),LHD2,Gas,PMBW,CAT,PM10,0.0034764849776005406
2017,July,Santa Barbara (SCC),LHD2,Gas,PMBW,CAT,PM2_5,0.0014899221332573735
2017,July,Santa Barbara (SCC),LHD2,Gas,PMBW,NCAT,PM,1.4718374349525168e-06
2017,July,Santa Barbara (SCC),LHD2,Gas,PMBW,NCAT,PM10,1.4424006862534665e-06
2017,July,Santa Barbara (SCC),LHD2,Gas,PMBW,NCAT,PM2_5,6.18171722680057e-07
2017,July,Santa Barbara (SCC),T6TS,Gas,RUNEX,CAT,CO,0.2798749755211642
2017,July,Santa Barbara (SCC),T6TS,Gas,RUNEX,CAT,NOx,0.06105657982929757
2017,July,Santa Barbara (SCC),T6TS,Gas,RUNEX,CAT,SOx,0.0008286609644601479
2017,July,Santa Barbara (SCC),T6TS,Gas,RUNEX,CAT,PM,8.376611436236311e-05
2017,July,Santa Barbara (SCC),T6TS,Gas,RUNEX,CAT,TOG,0.017194744262753598
2017,July,Santa Barbara (SCC),T6TS,Gas,RUNEX,CAT,PM10,7.488690623995279e-05
2017,July,Santa Barbara (SCC),T6TS,Gas,RUNEX,CAT,PM2_5,6.885574600586253e-05
2017,July,Santa Barbara (SCC),T6TS,Gas,RUNEX,NCAT,CO,0.024758425184003657
2017,July,Santa Barbara (SCC),T6TS,Gas,RUNEX,NCAT,NOx,0.0007130254802949344
2017,July,Santa Barbara (SCC),T6TS,Gas,RUNEX,NCAT,SOx,3.7504783149092376e-06
2017,July,Santa Barbara (SCC),T6TS,Gas,RUNEX,NCAT,PM,7.396079329697919e-06
2017,July,Santa Barbara (SCC),T6TS,Gas,RUNEX,NCAT,TOG,0.0011967693999017219
2017,July,Santa Barbara (SCC),T6TS,Gas,RUNEX,NCAT,PM10,7.107632235839701e-06
2017,July,Santa Barbara (SCC),T6TS,Gas,RUNEX,NCAT,PM2_5,6.782204745332991e-06
2017,July,Santa Barbara (SCC),T6TS,Gas,IDLEX,CAT,CO,0.00787358254577938
2017,July,Santa Barbara (SCC),T6TS,Gas,IDLEX,CAT,NOx,6.971090826398835e-05
2017,July,Santa Barbara (SCC),T6TS,Gas,IDLEX,CAT,SOx,4.471162944187002e-06
2017,July,Santa Barbara (SCC),T6TS,Gas,IDLEX,CAT,TOG,0.0010329902059597988
2017,July,Santa Barbara (SCC),T6TS,Gas,IDLEX,NCAT,CO,0.00013662897728082202
2017,July,Santa Barbara (SCC),T6TS,Gas,IDLEX,NCAT,NOx,1.2137701664328306e-06
2017,July,Santa Barbara (SCC),T6TS,Gas,IDLEX,NCAT,SOx,8.582249200113735e-08
2017,July,Santa Barbara (SCC),T6TS,Gas,IDLEX,NCAT,TOG,1.7186495994940064e-05
2017,July,Santa Barbara (SCC),T6TS,Gas,STREX,CAT,CO,0.10283222366532052
2017,July,Santa Barbara (SCC),T6TS,Gas,STREX,CAT,NOx,0.006504224332058969
2017,July,Santa Barbara (SCC),T6TS,Gas,STREX,CAT,SOx,6.655550937037429e-06
2017,July,Santa Barbara (SCC),T6TS,Gas,STREX,CAT,PM,1.153097285775895e-05
2017,July,Santa Barbara (SCC),T6TS,Gas,STREX,CAT,TOG,0.004985730031907983
2017,July,Santa Barbara (SCC),T6TS,Gas,STREX,CAT,PM10,1.0308689734836478e-05
2017,July,Santa Barbara (SCC),T6TS,Gas,STREX,CAT,PM2_5,9.478459689077852e-06
2017,July,Santa Barbara (SCC),T6TS,Gas,STREX,NCAT,CO,4.0349938054354384e-05
2017,July,Santa Barbara (SCC),T6TS,Gas,STREX,NCAT,NOx,0.00016815285992128747
2017,July,Santa Barbara (SCC),T6TS,Gas,STREX,NCAT,SOx,4.034733746321539e-07
2017,July,Santa Barbara (SCC),T6TS,Gas,STREX,NCAT,PM,4.487034347170675e-06
2017,July,Santa Barbara (SCC),T6TS,Gas,STREX,NCAT,TOG,0.0009062839750354985
2017,July,Santa Barbara (SCC),T6TS,Gas,STREX,NCAT,PM10,4.31204000763102e-06
2017,July,Santa Barbara (SCC),T6TS,Gas,STREX,NCAT,PM2_5,4.114610496355511e-06
2017,July,Santa Barbara (SCC),T6TS,Gas,HOTSOAK,CAT,TOG,0.0019088808035012538
2017,July,Santa Barbara (SCC),T6TS,Gas,HOTSOAK,NCAT,TOG,0.00038580609907995907
2017,July,Santa Barbara (SCC),T6TS,Gas,RUNLOSS,CAT,TOG,0.010334565344129696
2017,July,Santa Barbara (SCC),T6TS,Gas,RUNLOSS,NCAT,TOG,0.0007775305268960132
2017,July,Santa Barbara (SCC),T6TS,Gas,RESTLOSS,CAT,TOG,2.7789259356835295e-05
2017,July,Santa Barbara (SCC),T6TS,Gas,RESTLOSS,NCAT,TOG,3.4340050462315487e-06
2017,July,Santa Barbara (SCC),T6TS,Gas,DIURN,CAT,TOG,5.558633396880917e-05
2017,July,Santa Barbara (SCC),T6TS,Gas,DIURN,NCAT,TOG,6.621040180093799e-06
2017,July,Santa Barbara (SCC),T6TS,Gas,PMTW,CAT,PM,0.0005383963645616349
2017,July,Santa Barbara (SCC),T6TS,Gas,PMTW,CAT,PM10,0.0005383963645616349
2017,July,Santa Barbara (SCC),T6TS,Gas,PMTW,CAT,PM2_5,0.00013459909114040873
2017,July,Santa Barbara (SCC),T6TS,Gas,PMTW,NCAT,PM,2.150514923688949e-06
2017,July,Santa Barbara (SCC),T6TS,Gas,PMTW,NCAT,PM10,2.150514923688949e-06
2017,July,Santa Barbara (SCC),T6TS,Gas,PMTW,NCAT,PM2_5,5.376287309222373e-07
2017,July,Santa Barbara (SCC),T6TS,Gas,PMBW,CAT,PM,0.0059672263738914525
2017,July,Santa Barbara (SCC),T6TS,Gas,PMBW,CAT,PM10,0.0058478818464136224
2017,July,Santa Barbara (SCC),T6TS,Gas,PMBW,CAT,PM2_5,0.002506235077034407
2017,July,Santa Barbara (SCC),T6TS,Gas,PMBW,NCAT,PM,2.383487373755251e-05
2017,July,Santa Barbara (SCC),T6TS,Gas,PMBW,NCAT,PM10,2.3358176262801462e-05
2017,July,Santa Barbara (SCC),T6TS,Gas,PMBW,NCAT,PM2_5,1.0010646969772056e-05
2017,July,Santa Barbara (SCC),T7IS,Gas,RUNEX,CAT,CO,0.025819327018792138
2017,July,Santa Barbara (SCC),T7IS,Gas,RUNEX,CAT,NOx,0.004288417173396512
2017,July,Santa Barbara (SCC),T7IS,Gas,RUNEX,CAT,SOx,6.711205362461493e-06
2017,July,Santa Barbara (SCC),T7IS,Gas,RUNEX,CAT,PM,1.3724594236154476e-06
2017,July,Santa Barbara (SCC),T7IS,Gas,RUNEX,CAT,TOG,0.0012399519063996329
2017,July,Santa Barbara (SCC),T7IS,Gas,RUNEX,CAT,PM10,1.2269787247122094e-06
2017,July,Santa Barbara (SCC),T7IS,Gas,RUNEX,CAT,PM2_5,1.128161646211898e-06
2017,July,Santa Barbara (SCC),T7IS,Gas,RUNEX,NCAT,CO,0.00972670836245405
2017,July,Santa Barbara (SCC),T7IS,Gas,RUNEX,NCAT,NOx,5.118597245701003e-05
2017,July,Santa Barbara (SCC),T7IS,Gas,RUNEX,NCAT,SOx,6.807002542257412e-07
2017,July,Santa Barbara (SCC),T7IS,Gas,RUNEX,NCAT,PM,8.592487992632567e-07
2017,July,Santa Barbara (SCC),T7IS,Gas,RUNEX,NCAT,TOG,0.000305032490056739
2017,July,Santa Barbara (SCC),T7IS,Gas,RUNEX,NCAT,PM10,8.257380960919897e-07
2017,July,Santa Barbara (SCC),T7IS,Gas,RUNEX,NCAT,PM2_5,7.879311489244065e-07
2017,July,Santa Barbara (SCC),T7IS,Gas,STREX,CAT,CO,0.00025921317425339286
2017,July,Santa Barbara (SCC),T7IS,Gas,STREX,CAT,NOx,0.0003602711851437519
2017,July,Santa Barbara (SCC),T7IS,Gas,STREX,CAT,SOx,4.966440523178645e-08
2017,July,Santa Barbara (SCC),T7IS,Gas,STREX,CAT,PM,2.591459217276591e-07
2017,July,Santa Barbara (SCC),T7IS,Gas,STREX,CAT,TOG,4.275730412472996e-08
2017,July,Santa Barbara (SCC),T7IS,Gas,STREX,CAT,PM10,2.316764540245273e-07
2017,July,Santa Barbara (SCC),T7IS,Gas,STREX,CAT,PM2_5,2.1301794766013587e-07
2017,July,Santa Barbara (SCC),T7IS,Gas,STREX,NCAT,CO,0.0
2017,July,Santa Barbara (SCC),T7IS,Gas,STREX,NCAT,NOx,0.0
2017,July,Santa Barbara (SCC),T7IS,Gas,STREX,NCAT,SOx,4.025257214767731e-08
2017,July,Santa Barbara (SCC),T7IS,Gas,STREX,NCAT,PM,3.778024988525871e-07
2017,July,Santa Barbara (SCC),T7IS,Gas,STREX,NCAT,TOG,0.0
2017,July,Santa Barbara (SCC),T7IS,Gas,STREX,NCAT,PM10,3.630682013973363e-07
2017,July,Santa Barbara (SCC),T7IS,Gas,STREX,NCAT,PM2_5,3.464448914478224e-07
2017,July,Santa Barbara (SCC),T7IS,Gas,HOTSOAK,CAT,TOG,3.240311835508697e-05
2017,July,Santa Barbara (SCC),T7IS,Gas,HOTSOAK,NCAT,TOG,3.2471254854886036e-05
2017,July,Santa Barbara (SCC),T7IS,Gas,RUNLOSS,CAT,TOG,0.0002599734080588735
2017,July,Santa Barbara (SCC),T7IS,Gas,RUNLOSS,NCAT,TOG,0.0001189688326722514
2017,July,Santa Barbara (SCC),T7IS,Gas,RESTLOSS,CAT,TOG,5.375927903180704e-07
2017,July,Santa Barbara (SCC),T7IS,Gas,RESTLOSS,NCAT,TOG,1.9903401395610578e-07
2017,July,Santa Barbara (SCC),T7IS,Gas,DIURN,CAT,TOG,8.77310703234165e-07
2017,July,Santa Barbara (SCC),T7IS,Gas,DIURN,NCAT,TOG,3.1921901814784664e-07
2017,July,Santa Barbara (SCC),T7IS,Gas,PMTW,CAT,PM,5.720366245774584e-06
2017,July,Santa Barbara (SCC),T7IS,Gas,PMTW,CAT,PM10,5.720366245774584e-06
2017,July,Santa Barbara (SCC),T7IS,Gas,PMTW,CAT,PM2_5,1.430091561443646e-06
2017,July,Santa Barbara (SCC),T7IS,Gas,PMTW,NCAT,PM,4.6880267750818397e-07
2017,July,Santa Barbara (SCC),T7IS,Gas,PMTW,NCAT,PM10,4.6880267750818397e-07
2017,July,Santa Barbara (SCC),T7IS,Gas,PMTW,NCAT,PM2_5,1.1720066937704599e-07
2017,July,Santa Barbara (SCC),T7IS,Gas,PMBW,CAT,PM,1.8019153674189935e-05
2017,July,Santa Barbara (SCC),T7IS,Gas,PMBW,CAT,PM10,1.765877060070613e-05
2017,July,Santa Barbara (SCC),T7IS,Gas,PMBW,CAT,PM2_5,7.568044543159773e-06
2017,July,Santa Barbara (SCC),T7IS,Gas,PMBW,NCAT,PM,1.476728434150779e-06
2017,July,Santa Barbara (SCC),T7IS,Gas,PMBW,NCAT,PM10,1.447193865467764e-06
2017,July,Santa Barbara (SCC),T7IS,Gas,PMBW,NCAT,PM2_5,6.202259423433274e-07
2017,July,Santa Barbara (SCC),LDT1,Dsl,RUNEX,DSL,CO,0.0009072005172018254
2017,July,Santa Barbara (SCC),LDT1,Dsl,RUNEX,DSL,NOx,0.0009417938059903594
2017,July,Santa Barbara (SCC),LDT1,Dsl,RUNEX,DSL,SOx,2.3924136030356902e-06
2017,July,Santa Barbara (SCC),LDT1,Dsl,RUNEX,DSL,PM,0.00011537486030695184
2017,July,Santa Barbara (SCC),LDT1,Dsl,RUNEX,DSL,TOG,0.00016373698479173806
2017,July,Santa Barbara (SCC),LDT1,Dsl,RUNEX,DSL,PM10,0.00011468261114511012
2017,July,Santa Barbara (SCC),LDT1,Dsl,RUNEX,DSL,PM2_5,0.00010972149215191123
2017,July,Santa Barbara (SCC),LDT1,Dsl,PMTW,DSL,PM,4.821773669386686e-06
2017,July,Santa Barbara (SCC),LDT1,Dsl,PMTW,DSL,PM10,4.821773669386686e-06
2017,July,Santa Barbara (SCC),LDT1,Dsl,PMTW,DSL,PM2_5,1.2054434173466715e-06
2017,July,Santa Barbara (SCC),LDT1,Dsl,PMBW,DSL,PM,2.2602064075250136e-05
2017,July,Santa Barbara (SCC),LDT1,Dsl,PMBW,DSL,PM10,2.215002279374513e-05
2017,July,Santa Barbara (SCC),LDT1,Dsl,PMBW,DSL,PM2_5,9.492866911605046e-06
2017,July,Santa Barbara (SCC),LDT2,Dsl,RUNEX,DSL,CO,0.0018998724605027869
2017,July,Santa Barbara (SCC),LDT2,Dsl,RUNEX,DSL,NOx,0.0013416136534063346
2017,July,Santa Barbara (SCC),LDT2,Dsl,RUNEX,DSL,SOx,3.848085249849878e-05
2017,July,Santa Barbara (SCC),LDT2,Dsl,RUNEX,DSL,PM,0.00015026307419530402
2017,July,Santa Barbara (SCC),LDT2,Dsl,RUNEX,DSL,TOG,0.0003167795036435691
2017,July,Santa Barbara (SCC),LDT2,Dsl,RUNEX,DSL,PM10,0.00014936149575013217
2017,July,Santa Barbara (SCC),LDT2,Dsl,RUNEX,DSL,PM2_5,0.00014290018355973399
2017,July,Santa Barbara (SCC),LDT2,Dsl,PMTW,DSL,PM,0.00010823638618013243
2017,July,Santa Barbara (SCC),LDT2,Dsl,PMTW,DSL,PM10,0.00010823638618013243
2017,July,Santa Barbara (SCC),LDT2,Dsl,PMTW,DSL,PM2_5,2.7059096545033107e-05
2017,July,Santa Barbara (SCC),LDT2,Dsl,PMBW,DSL,PM,0.0005073580602193706
2017,July,Santa Barbara (SCC),LDT2,Dsl,PMBW,DSL,PM10,0.0004972108990149831
2017,July,Santa Barbara (SCC),LDT2,Dsl,PMBW,DSL,PM2_5,0.0002130903852921356
2017,July,Santa Barbara (SCC),MDV,Dsl,RUNEX,DSL,CO,0.007401693875810357
2017,July,Santa Barbara (SCC),MDV,Dsl,RUNEX,DSL,NOx,0.0037510549704777548
2017,July,Santa Barbara (SCC),MDV,Dsl,RUNEX,DSL,SOx,0.00014247119022707202
2017,July,Santa Barbara (SCC),MDV,Dsl,RUNEX,DSL,PM,0.0002893339118276299
2017,July,Santa Barbara (SCC),MDV,Dsl,RUNEX,DSL,TOG,0.0006076998037081534
2017,July,Santa Barbara (SCC),MDV,Dsl,RUNEX,DSL,PM10,0.0002875979083566641
2017,July,Santa Barbara (SCC),MDV,Dsl,RUNEX,DSL,PM2_5,0.0002751565501480762
2017,July,Santa Barbara (SCC),MDV,Dsl,PMTW,DSL,PM,0.000305226786277625
2017,July,Santa Barbara (SCC),MDV,Dsl,PMTW,DSL,PM10,0.000305226786277625
2017,July,Santa Barbara (SCC),MDV,Dsl,PMTW,DSL,PM2_5,7.630669656940625e-05
2017,July,Santa Barbara (SCC),MDV,Dsl,PMBW,DSL,PM,0.001430750560676367
2017,July,Santa Barbara (SCC),MDV,Dsl,PMBW,DSL,PM10,0.0014021355494628401
2017,July,Santa Barbara (SCC),MDV,Dsl,PMBW,DSL,PM2_5,0.0006009152354840742
2017,July,Santa Barbara (SCC),LHD1,Dsl,RUNEX,DSL,CO,0.18798066616807269
2017,July,Santa Barbara (SCC),LHD1,Dsl,RUNEX,DSL,NOx,0.6859974460333593
2017,July,Santa Barbara (SCC),LHD1,Dsl,RUNEX,DSL,SOx,0.001150011491831537
2017,July,Santa Barbara (SCC),LHD1,Dsl,RUNEX,DSL,PM,0.007897842982455551
2017,July,Santa Barbara (SCC),LHD1,Dsl,RUNEX,DSL,TOG,0.04727186627659653
2017,July,Santa Barbara (SCC),LHD1,Dsl,RUNEX,DSL,PM10,0.007850455924560828
2017,July,Santa Barbara (SCC),LHD1,Dsl,RUNEX,DSL,PM2_5,0.0075108486763152335
2017,July,Santa Barbara (SCC),LHD1,Dsl,IDLEX,DSL,CO,0.004796565551535878
2017,July,Santa Barbara (SCC),LHD1,Dsl,IDLEX,DSL,NOx,0.01347981319035209
2017,July,Santa Barbara (SCC),LHD1,Dsl,IDLEX,DSL,SOx,7.070466983842729e-06
2017,July,Santa Barbara (SCC),LHD1,Dsl,IDLEX,DSL,PM,0.0001542561252006166
2017,July,Santa Barbara (SCC),LHD1,Dsl,IDLEX,DSL,TOG,0.0006588116561610206
2017,July,Santa Barbara (SCC),LHD1,Dsl,IDLEX,DSL,PM10,0.00015333058844941284
2017,July,Santa Barbara (SCC),LHD1,Dsl,IDLEX,DSL,PM2_5,0.0001466975750657864
2017,July,Santa Barbara (SCC),LHD1,Dsl,PMTW,DSL,PM,0.0024634052269704946
2017,July,Santa Barbara (SCC),LHD1,Dsl,PMTW,DSL,PM10,0.0024634052269704946
2017,July,Santa Barbara (SCC),LHD1,Dsl,PMTW,DSL,PM2_5,0.0006158513067426236
2017,July,Santa Barbara (SCC),LHD1,Dsl,PMBW,DSL,PM,0.016012133975308217
2017,July,Santa Barbara (SCC),LHD1,Dsl,PMBW,DSL,PM10,0.015691891295802042
2017,July,Santa Barbara (SCC),LHD1,Dsl,PMBW,DSL,PM2_5,0.00672509626962945
2017,July,Santa Barbara (SCC),LHD2,Dsl,RUNEX,DSL,CO,0.05439490077995463
2017,July,Santa Barbara (SCC),LHD2,Dsl,RUNEX,DSL,NOx,0.18202174074599275
2017,July,Santa Barbara (SCC),LHD2,Dsl,RUNEX,DSL,SOx,0.000415159058608676
2017,July,Santa Barbara (SCC),LHD2,Dsl,RUNEX,DSL,PM,0.002214127706002312
2017,July,Santa Barbara (SCC),LHD2,Dsl,RUNEX,DSL,TOG,0.013966817190082173
2017,July,Santa Barbara (SCC),LHD2,Dsl,RUNEX,DSL,PM10,0.002200842939766297
2017,July,Santa Barbara (SCC),LHD2,Dsl,RUNEX,DSL,PM2_5,0.0021056354484081984
2017,July,Santa Barbara (SCC),LHD2,Dsl,IDLEX,DSL,CO,0.0015052425688667826
2017,July,Santa Barbara (SCC),LHD2,Dsl,IDLEX,DSL,NOx,0.004229965713774546
2017,July,Santa Barbara (SCC),LHD2,Dsl,IDLEX,DSL,SOx,3.5446902890831417e-06
2017,July,Santa Barbara (SCC),LHD2,Dsl,IDLEX,DSL,PM,4.718847914518128e-05
2017,July,Santa Barbara (SCC),LHD2,Dsl,IDLEX,DSL,TOG,0.00020674612679934216
2017,July,Santa Barbara (SCC),LHD2,Dsl,IDLEX,DSL,PM10,4.690534827031015e-05
2017,July,Santa Barbara (SCC),LHD2,Dsl,IDLEX,DSL,PM2_5,4.4876243667067354e-05
2017,July,Santa Barbara (SCC),LHD2,Dsl,PMTW,DSL,PM,0.0007939035365802953
2017,July,Santa Barbara (SCC),LHD2,Dsl,PMTW,DSL,PM10,0.0007939035365802953
2017,July,Santa Barbara (SCC),LHD2,Dsl,PMTW,DSL,PM2_5,0.00019847588414507382
2017,July,Santa Barbara (SCC),LHD2,Dsl,PMBW,DSL,PM,0.006020435152400573
2017,July,Santa Barbara (SCC),LHD2,Dsl,PMBW,DSL,PM10,0.005900026449352554
2017,July,Santa Barbara (SCC),LHD2,Dsl,PMBW,DSL,PM2_5,0.0025285827640082388
2017,July,Santa Barbara (SCC),LDT1,Elec,HOTSOAK,CAT,TOG,9.295883900368367e-07
2017,July,Santa Barbara (SCC),LDT1,Elec,RESTLOSS,CAT,TOG,2.0039250446887645e-07
2017,July,Santa Barbara (SCC),LDT1,Elec,DIURN,CAT,TOG,8.91651682481399e-07
2017,July,Santa Barbara (SCC),LDT1,Elec,PMTW,CAT,PM,8.827828092256606e-06
2017,July,Santa Barbara (SCC),LDT1,Elec,PMTW,CAT,PM10,8.827828092256606e-06
2017,July,Santa Barbara (SCC),LDT1,Elec,PMTW,CAT,PM2_5,2.2069570230641516e-06
2017,July,Santa Barbara (SCC),LDT1,Elec,PMBW,CAT,PM,4.138044418245282e-05
2017,July,Santa Barbara (SCC),LDT1,Elec,PMBW,CAT,PM10,4.055283529880382e-05
2017,July,Santa Barbara (SCC),LDT1,Elec,PMBW,CAT,PM2_5,1.7379786556630192e-05
2017,July,Santa Barbara (SCC),LDT2,Elec,HOTSOAK,CAT,TOG,2.3769784885589543e-06
2017,July,Santa Barbara (SCC),LDT2,Elec,RESTLOSS,CAT,TOG,4.48761875434244e-07
2017,July,Santa Barbara (SCC),LDT2,Elec,DIURN,CAT,TOG,1.996777685497705e-06
2017,July,Santa Barbara (SCC),LDT2,Elec,PMTW,CAT,PM,2.7996701887957932e-05
2017,July,Santa Barbara (SCC),LDT2,Elec,PMTW,CAT,PM10,2.7996701887957932e-05
2017,July,Santa Barbara (SCC),LDT2,Elec,PMTW,CAT,PM2_5,6.999175471989483e-06
2017,July,Santa Barbara (SCC),LDT2,Elec,PMBW,CAT,PM,0.00013123454009980276
2017,July,Santa Barbara (SCC),LDT2,Elec,PMBW,CAT,PM10,0.00012860984929780674
2017,July,Santa Barbara (SCC),LDT2,Elec,PMBW,CAT,PM2_5,5.511850684191718e-05
2017,July,Santa Barbara (SCC),MDV,Elec,HOTSOAK,CAT,TOG,3.606075185248639e-07
2017,July,Santa Barbara (SCC),MDV,Elec,RESTLOSS,CAT,TOG,7.567714003021336e-08
2017,July,Santa Barbara (SCC),MDV,Elec,DIURN,CAT,TOG,3.367274110983542e-07
2017,July,Santa Barbara (SCC),MDV,Elec,PMTW,CAT,PM,3.5173701857148998e-06
2017,July,Santa Barbara (SCC),MDV,Elec,PMTW,CAT,PM10,3.5173701857148998e-06
2017,July,Santa Barbara (SCC),MDV,Elec,PMTW,CAT,PM2_5,8.793425464287249e-07
2017,July,Santa Barbara (SCC),MDV,Elec,PMBW,CAT,PM,1.6487672745538584e-05
2017,July,Santa Barbara (SCC),MDV,Elec,PMBW,CAT,PM10,1.6157919290627818e-05
2017,July,Santa Barbara (SCC),MDV,Elec,PMBW,CAT,PM2_5,6.924822553126207e-06
2017,July,Santa Barbara (SCC),SBUS,Gas,RUNEX,CAT,CO,0.03571999102935358
2017,July,Santa Barbara (SCC),SBUS,Gas,RUNEX,CAT,NOx,0.007478068156715889
2017,July,Santa Barbara (SCC),SBUS,Gas,RUNEX,CAT,SOx,0.00018306545746293995
2017,July,Santa Barbara (SCC),SBUS,Gas,RUNEX,CAT,PM,1.4971014052395354e-05
2017,July,Santa Barbara (SCC),SBUS,Gas,RUNEX,CAT,TOG,0.0023228019220370055
2017,July,Santa Barbara (SCC),SBUS,Gas,RUNEX,CAT,PM10,1.3384086562841448e-05
2017,July,Santa Barbara (SCC),SBUS,Gas,RUNEX,CAT,PM2_5,1.230617355106898e-05
2017,July,Santa Barbara (SCC),SBUS,Gas,IDLEX,CAT,CO,0.025244296216947786
2017,July,Santa Barbara (SCC),SBUS,Gas,IDLEX,CAT,NOx,0.00028441493172420894
2017,July,Santa Barbara (SCC),SBUS,Gas,IDLEX,CAT,SOx,8.31329739662855e-06
2017,July,Santa Barbara (SCC),SBUS,Gas,IDLEX,CAT,TOG,0.004760220327654596
2017,July,Santa Barbara (SCC),SBUS,Gas,STREX,CAT,CO,0.0094416419126956
2017,July,Santa Barbara (SCC),SBUS,Gas,STREX,CAT,NOx,0.0006662746113379034
2017,July,Santa Barbara (SCC),SBUS,Gas,STREX,CAT,SOx,5.994160443606009e-07
2017,July,Santa Barbara (SCC),SBUS,Gas,STREX,CAT,PM,2.7086486611419333e-07
2017,July,Santa Barbara (SCC),SBUS,Gas,STREX,CAT,TOG,0.0004372374262417597
2017,July,Santa Barbara (SCC),SBUS,Gas,STREX,CAT,PM10,2.4215319030608887e-07
2017,July,Santa Barbara (SCC),SBUS,Gas,STREX,CAT,PM2_5,2.22650919945867e-07
2017,July,Santa Barbara (SCC),SBUS,Gas,HOTSOAK,CAT,TOG,8.425729320375982e-05
2017,July,Santa Barbara (SCC),SBUS,Gas,RUNLOSS,CAT,TOG,0.000552072945456246
2017,July,Santa Barbara (SCC),SBUS,Gas,RESTLOSS,CAT,TOG,5.322921011249856e-06
2017,July,Santa Barbara (SCC),SBUS,Gas,DIURN,CAT,TOG,1.1824698915471978e-05
2017,July,Santa Barbara (SCC),SBUS,Gas,PMTW,CAT,PM,0.00016132255839173656
2017,July,Santa Barbara (SCC),SBUS,Gas,PMTW,CAT,PM10,0.00016132255839173656
2017,July,Santa Barbara (SCC),SBUS,Gas,PMTW,CAT,PM2_5,4.033063959793414e-05
2017,July,Santa Barbara (SCC),SBUS,Gas,PMBW,CAT,PM,0.015325642845561784
2017,July,Santa Barbara (SCC),SBUS,Gas,PMBW,CAT,PM10,0.015019129988650544
2017,July,Santa Barbara (SCC),SBUS,Gas,PMBW,CAT,PM2_5,0.006436769995135948
2017,July,Santa Barbara (SCC),OBUS,Gas,RUNEX,CAT,CO,0.05242576157681584
2017,July,Santa Barbara (SCC),OBUS,Gas,RUNEX,CAT,NOx,0.013365963236987638
2017,July,Santa Barbara (SCC),OBUS,Gas,RUNEX,CAT,SOx,0.0002548674808072599
2017,July,Santa Barbara (SCC),OBUS,Gas,RUNEX,CAT,PM,1.6730850546100938e-05
2017,July,Santa Barbara (SCC),OBUS,Gas,RUNEX,CAT,TOG,0.003246507895381824
2017,July,Santa Barbara (SCC),OBUS,Gas,RUNEX,CAT,PM10,1.4957380388214279e-05
2017,July,Santa Barbara (SCC),OBUS,Gas,RUNEX,CAT,PM2_5,1.3752759148894998e-05
2017,July,Santa Barbara (SCC),OBUS,Gas,RUNEX,NCAT,CO,0.003319049543038811
2017,July,Santa Barbara (SCC),OBUS,Gas,RUNEX,NCAT,NOx,9.982778783849249e-05
2017,July,Santa Barbara (SCC),OBUS,Gas,RUNEX,NCAT,SOx,4.971704889264849e-07
2017,July,Santa Barbara (SCC),OBUS,Gas,RUNEX,NCAT,PM,9.786293986380042e-07
2017,July,Santa Barbara (SCC),OBUS,Gas,RUNEX,NCAT,TOG,0.0001665288195498061
2017,July,Santa Barbara (SCC),OBUS,Gas,RUNEX,NCAT,PM10,9.404628520911224e-07
2017,July,Santa Barbara (SCC),OBUS,Gas,RUNEX,NCAT,PM2_5,8.974031585510501e-07
2017,July,Santa Barbara (SCC),OBUS,Gas,IDLEX,CAT,CO,0.0011704904863060418
2017,July,Santa Barbara (SCC),OBUS,Gas,IDLEX,CAT,NOx,1.3189361514938143e-05
2017,July,Santa Barbara (SCC),OBUS,Gas,IDLEX,CAT,SOx,7.886429386857619e-07
2017,July,Santa Barbara (SCC),OBUS,Gas,IDLEX,CAT,TOG,0.00022027761357524186
2017,July,Santa Barbara (SCC),OBUS,Gas,IDLEX,NCAT,CO,9.938636705725577e-06
2017,July,Santa Barbara (SCC),OBUS,Gas,IDLEX,NCAT,NOx,1.1238825475689098e-07
2017,July,Santa Barbara (SCC),OBUS,Gas,IDLEX,NCAT,SOx,7.51128797617283e-09
2017,July,Santa Barbara (SCC),OBUS,Gas,IDLEX,NCAT,TOG,1.7863873509310173e-06
2017,July,Santa Barbara (SCC),OBUS,Gas,STREX,CAT,CO,0.01729221084055823
2017,July,Santa Barbara (SCC),OBUS,Gas,STREX,CAT,NOx,0.0014369707436680448
2017,July,Santa Barbara (SCC),OBUS,Gas,STREX,CAT,SOx,1.1628625823979898e-06
2017,July,Santa Barbara (SCC),OBUS,Gas,STREX,CAT,PM,1.5191614496184942e-06
2017,July,Santa Barbara (SCC),OBUS,Gas,STREX,CAT,TOG,0.0008692893658371482
2017,July,Santa Barbara (SCC),OBUS,Gas,STREX,CAT,PM10,1.3581303359589355e-06
2017,July,Santa Barbara (SCC),OBUS,Gas,STREX,CAT,PM2_5,1.2487507115864033e-06
2017,July,Santa Barbara (SCC),OBUS,Gas,STREX,NCAT,CO,5.00876955723419e-06
2017,July,Santa Barbara (SCC),OBUS,Gas,STREX,NCAT,NOx,2.0763382327592536e-05
2017,July,Santa Barbara (SCC),OBUS,Gas,STREX,NCAT,SOx,4.911416487002321e-08
2017,July,Santa Barbara (SCC),OBUS,Gas,STREX,NCAT,PM,5.868048897773086e-07
2017,July,Santa Barbara (SCC),OBUS,Gas,STREX,NCAT,TOG,0.00011657293551954232
2017,July,Santa Barbara (SCC),OBUS,Gas,STREX,NCAT,PM10,5.639194990759937e-07
2017,July,Santa Barbara (SCC),OBUS,Gas,STREX,NCAT,PM2_5,5.381000839257922e-07
2017,July,Santa Barbara (SCC),OBUS,Gas,HOTSOAK,CAT,TOG,0.00012441603120372908
2017,July,Santa Barbara (SCC),OBUS,Gas,HOTSOAK,NCAT,TOG,1.7692168401041473e-05
2017,July,Santa Barbara (SCC),OBUS,Gas,RUNLOSS,CAT,TOG,0.0013628797137867081
2017,July,Santa Barbara (SCC),OBUS,Gas,RUNLOSS,NCAT,TOG,0.00014561325896456285
2017,July,Santa Barbara (SCC),OBUS,Gas,RESTLOSS,CAT,TOG,5.017023976360764e-06
2017,July,Santa Barbara (SCC),OBUS,Gas,RESTLOSS,NCAT,TOG,3.565774312768754e-07
2017,July,Santa Barbara (SCC),OBUS,Gas,DIURN,CAT,TOG,1.1435141163044781e-05
2017,July,Santa Barbara (SCC),OBUS,Gas,DIURN,NCAT,TOG,9.790597887419097e-07
2017,July,Santa Barbara (SCC),OBUS,Gas,PMTW,CAT,PM,0.00016591789404685875
2017,July,Santa Barbara (SCC),OBUS,Gas,PMTW,CAT,PM10,0.00016591789404685875
2017,July,Santa Barbara (SCC),OBUS,Gas,PMTW,CAT,PM2_5,4.147947351171469e-05
2017,July,Santa Barbara (SCC),OBUS,Gas,PMTW,NCAT,PM,2.8455037226023464e-07
2017,July,Santa Barbara (SCC),OBUS,Gas,PMTW,NCAT,PM10,2.8455037226023464e-07
2017,July,Santa Barbara (SCC),OBUS,Gas,PMTW,NCAT,PM2_5,7.113759306505866e-08
2017,July,Santa Barbara (SCC),OBUS,Gas,PMBW,CAT,PM,0.0018389233256860189
2017,July,Santa Barbara (SCC),OBUS,Gas,PMBW,CAT,PM10,0.0018021448591722976
2017,July,Santa Barbara (SCC),OBUS,Gas,PMBW,CAT,PM2_5,0.0007723477967881278
2017,July,Santa Barbara (SCC),OBUS,Gas,PMBW,NCAT,PM,3.153766625884267e-06
2017,July,Santa Barbara (SCC),OBUS,Gas,PMBW,NCAT,PM10,3.0906912933665823e-06
2017,July,Santa Barbara (SCC),OBUS,Gas,PMBW,NCAT,PM2_5,1.3245819828713922e-06
2017,July,Santa Barbara (SCC),MCY,Gas,RUNEX,CAT,CO,0.6048318677762176
2017,July,Santa Barbara (SCC),MCY,Gas,RUNEX,CAT,NOx,0.0476649732732317
2017,July,Santa Barbara (SCC),MCY,Gas,RUNEX,CAT,SOx,0.00010517399838624197
2017,July,Santa Barbara (SCC),MCY,Gas,RUNEX,CAT,PM,6.392333242840676e-05
2017,July,Santa Barbara (SCC),MCY,Gas,RUNEX,CAT,TOG,0.10655938955104122
2017,July,Santa Barbara (SCC),MCY,Gas,RUNEX,CAT,PM10,5.896438966971988e-05
2017,July,Santa Barbara (SCC),MCY,Gas,RUNEX,CAT,PM2_5,5.512122396478914e-05
2017,July,Santa Barbara (SCC),MCY,Gas,RUNEX,NCAT,CO,1.719269352346507
2017,July,Santa Barbara (SCC),MCY,Gas,RUNEX,NCAT,NOx,0.06631301243092869
2017,July,Santa Barbara (SCC),MCY,Gas,RUNEX,NCAT,SOx,0.00011620101008974876
2017,July,Santa Barbara (SCC),MCY,Gas,RUNEX,NCAT,PM,0.00012708475777923844
2017,July,Santa Barbara (SCC),MCY,Gas,RUNEX,NCAT,TOG,0.18510800201506292
2017,July,Santa Barbara (SCC),MCY,Gas,RUNEX,NCAT,PM10,0.00012031152174712412
2017,July,Santa Barbara (SCC),MCY,Gas,RUNEX,NCAT,PM2_5,0.00011396047817492315
2017,July,Santa Barbara (SCC),MCY,Gas,STREX,CAT,CO,0.04665183473920187
2017,July,Santa Barbara (SCC),MCY,Gas,STREX,CAT,NOx,0.001985212698074974
2017,July,Santa Barbara (SCC),MCY,Gas,STREX,CAT,SOx,4.460329717774726e-06
2017,July,Santa Barbara (SCC),MCY,Gas,STREX,CAT,PM,1.4497109539154831e-05
2017,July,Santa Barbara (SCC),MCY,Gas,STREX,CAT,TOG,0.013112945921892195
2017,July,Santa Barbara (SCC),MCY,Gas,STREX,CAT,PM10,1.3439149179360887e-05
2017,July,Santa Barbara (SCC),MCY,Gas,STREX,CAT,PM2_5,1.2595424919974282e-05
2017,July,Santa Barbara (SCC),MCY,Gas,STREX,NCAT,CO,0.1382862976972318
2017,July,Santa Barbara (SCC),MCY,Gas,STREX,NCAT,NOx,0.0039202839450829495
2017,July,Santa Barbara (SCC),MCY,Gas,STREX,NCAT,SOx,9.501466343429853e-06
2017,July,Santa Barbara (SCC),MCY,Gas,STREX,NCAT,PM,8.423743959677981e-05
2017,July,Santa Barbara (SCC),MCY,Gas,STREX,NCAT,TOG,0.03359717598689486
2017,July,Santa Barbara (SCC),MCY,Gas,STREX,NCAT,PM10,8.047344620114896e-05
2017,July,Santa Barbara (SCC),MCY,Gas,STREX,NCAT,PM2_5,7.656693123145799e-05
2017,July,Santa Barbara (SCC),MCY,Gas,HOTSOAK,CAT,TOG,0.002262969341508397
2017,July,Santa Barbara (SCC),MCY,Gas,HOTSOAK,NCAT,TOG,0.014525679119783128
2017,July,Santa Barbara (SCC),MCY,Gas,RUNLOSS,CAT,TOG,0.006833916082751878
2017,July,Santa Barbara (SCC),MCY,Gas,RUNLOSS,NCAT,TOG,0.05555290860473848
2017,July,Santa Barbara (SCC),MCY,Gas,RESTLOSS,CAT,TOG,0.002522059065897205
2017,July,Santa Barbara (SCC),MCY,Gas,RESTLOSS,NCAT,TOG,0.01086121873089829
2017,July,Santa Barbara (SCC),MCY,Gas,DIURN,CAT,TOG,0.005831308132075626
2017,July,Santa Barbara (SCC),MCY,Gas,DIURN,NCAT,TOG,0.0220132688857858
2017,July,Santa Barbara (SCC),MCY,Gas,PMTW,CAT,PM,0.00020776822991388488
2017,July,Santa Barbara (SCC),MCY,Gas,PMTW,CAT,PM10,0.00020776822991388488
2017,July,Santa Barbara (SCC),MCY,Gas,PMTW,CAT,PM2_5,5.194205747847122e-05
2017,July,Santa Barbara (SCC),MCY,Gas,PMTW,NCAT,PM,0.0002278287820333544
2017,July,Santa Barbara (SCC),MCY,Gas,PMTW,NCAT,PM10,0.0002278287820333544
2017,July,Santa Barbara (SCC),MCY,Gas,PMTW,NCAT,PM2_5,5.69571955083386e-05
2017,July,Santa Barbara (SCC),MCY,Gas,PMBW,CAT,PM,0.0006233046897416542
2017,July,Santa Barbara (SCC),MCY,Gas,PMBW,CAT,PM10,0.0006108385959468213
2017,July,Santa Barbara (SCC),MCY,Gas,PMBW,CAT,PM2_5,0.0002617879696914947
2017,July,Santa Barbara (SCC),MCY,Gas,PMBW,NCAT,PM,0.0006834863461000643
2017,July,Santa Barbara (SCC),MCY,Gas,PMBW,NCAT,PM10,0.0006698166191780636
2017,July,Santa Barbara (SCC),MCY,Gas,PMBW,NCAT,PM2_5,0.0002870642653620269
2017,July,Santa Barbara (SCC),MH,Gas,RUNEX,CAT,CO,0.07536799933799998
2017,July,Santa Barbara (SCC),MH,Gas,RUNEX,CAT,NOx,0.011072428632933461
2017,July,Santa Barbara (SCC),MH,Gas,RUNEX,CAT,SOx,0.0002513245168003505
2017,July,Santa Barbara (SCC),MH,Gas,RUNEX,CAT,PM,4.1814300793766105e-05
2017,July,Santa Barbara (SCC),MH,Gas,RUNEX,CAT,TOG,0.003683016935189999
2017,July,Santa Barbara (SCC),MH,Gas,RUNEX,CAT,PM10,3.7381984909626844e-05
2017,July,Santa Barbara (SCC),MH,Gas,RUNEX,CAT,PM2_5,3.437135525247581e-05
2017,July,Santa Barbara (SCC),MH,Gas,RUNEX,NCAT,CO,0.012170690433051856
2017,July,Santa Barbara (SCC),MH,Gas,RUNEX,NCAT,NOx,0.00034580006388760116
2017,July,Santa Barbara (SCC),MH,Gas,RUNEX,NCAT,SOx,1.8457851681132773e-06
2017,July,Santa Barbara (SCC),MH,Gas,RUNEX,NCAT,PM,3.6402271468579575e-06
2017,July,Santa Barbara (SCC),MH,Gas,RUNEX,NCAT,TOG,0.0005923259813303954
2017,July,Santa Barbara (SCC),MH,Gas,RUNEX,NCAT,PM10,3.498258288130497e-06
2017,July,Santa Barbara (SCC),MH,Gas,RUNEX,NCAT,PM2_5,3.338088293668746e-06
2017,July,Santa Barbara (SCC),MH,Gas,STREX,CAT,CO,0.0005991085034290398
2017,July,Santa Barbara (SCC),MH,Gas,STREX,CAT,NOx,4.817358064929561e-05
2017,July,Santa Barbara (SCC),MH,Gas,STREX,CAT,SOx,4.4357900335981244e-08
2017,July,Santa Barbara (SCC),MH,Gas,STREX,CAT,PM,1.0078287516125541e-07
2017,July,Santa Barbara (SCC),MH,Gas,STREX,CAT,TOG,2.9546356695487747e-05
2017,July,Santa Barbara (SCC),MH,Gas,STREX,CAT,PM10,9.009989039416235e-08
2017,July,Santa Barbara (SCC),MH,Gas,STREX,CAT,PM2_5,8.284352338255196e-08
2017,July,Santa Barbara (SCC),MH,Gas,STREX,NCAT,CO,2.45116295188105e-07
2017,July,Santa Barbara (SCC),MH,Gas,STREX,NCAT,NOx,9.948347898372375e-07
2017,July,Santa Barbara (SCC),MH,Gas,STREX,NCAT,SOx,2.3270353799178105e-09
2017,July,Santa Barbara (SCC),MH,Gas,STREX,NCAT,PM,2.7840359962738804e-08
2017,July,Santa Barbara (SCC),MH,Gas,STREX,NCAT,TOG,5.422839817586648e-06
2017,July,Santa Barbara (SCC),MH,Gas,STREX,NCAT,PM10,2.6754585924192e-08
2017,July,Santa Barbara (SCC),MH,Gas,STREX,NCAT,PM2_5,2.5529610085831495e-08
2017,July,Santa Barbara (SCC),MH,Gas,HOTSOAK,CAT,TOG,1.8451798702198255e-05
2017,July,Santa Barbara (SCC),MH,Gas,HOTSOAK,NCAT,TOG,8.267135190452129e-07
2017,July,Santa Barbara (SCC),MH,Gas,RUNLOSS,CAT,TOG,0.0005501309807112311
2017,July,Santa Barbara (SCC),MH,Gas,RUNLOSS,NCAT,TOG,6.264094348722498e-06
2017,July,Santa Barbara (SCC),MH,Gas,RESTLOSS,CAT,TOG,0.00011202079589610918
2017,July,Santa Barbara (SCC),MH,Gas,RESTLOSS,NCAT,TOG,4.083251453144464e-06
2017,July,Santa Barbara (SCC),MH,Gas,DIURN,CAT,TOG,0.00030554421235862075
2017,July,Santa Barbara (SCC),MH,Gas,DIURN,NCAT,TOG,1.0307422365720787e-05
2017,July,Santa Barbara (SCC),MH,Gas,PMTW,CAT,PM,0.00016340222324579158
2017,July,Santa Barbara (SCC),MH,Gas,PMTW,CAT,PM10,0.00016340222324579158
2017,July,Santa Barbara (SCC),MH,Gas,PMTW,CAT,PM2_5,4.0850555811447896e-05
2017,July,Santa Barbara (SCC),MH,Gas,PMTW,NCAT,PM,1.0584476525964213e-06
2017,July,Santa Barbara (SCC),MH,Gas,PMTW,NCAT,PM10,1.0584476525964213e-06
2017,July,Santa Barbara (SCC),MH,Gas,PMTW,NCAT,PM2_5,2.646119131491053e-07
2017,July,Santa Barbara (SCC),MH,Gas,PMBW,CAT,PM,0.0018110413076408544
2017,July,Santa Barbara (SCC),MH,Gas,PMBW,CAT,PM10,0.001774820481488041
2017,July,Santa Barbara (SCC),MH,Gas,PMBW,CAT,PM2_5,0.000760637349209159
2017,July,Santa Barbara (SCC),MH,Gas,PMBW,NCAT,PM,1.1731128149610334e-05
2017,July,Santa Barbara (SCC),MH,Gas,PMBW,NCAT,PM10,1.1496505586618132e-05
2017,July,Santa Barbara (SCC),MH,Gas,PMBW,NCAT,PM2_5,4.92707382283634e-06
2017,July,Santa Barbara (SCC),MH,Dsl,RUNEX,DSL,CO,0.001988355340772309
2017,July,Santa Barbara (SCC),MH,Dsl,RUNEX,DSL,NOx,0.02077297573478333
2017,July,Santa Barbara (SCC),MH,Dsl,RUNEX,DSL,SOx,4.206051483134567e-05
2017,July,Santa Barbara (SCC),MH,Dsl,RUNEX,DSL,PM,0.000617783534979538
2017,July,Santa Barbara (SCC),MH,Dsl,RUNEX,DSL,TOG,0.0006032857479362832
2017,July,Santa Barbara (SCC),MH,Dsl,RUNEX,DSL,PM10,0.000614076833769662
2017,July,Santa Barbara (SCC),MH,Dsl,RUNEX,DSL,PM2_5,0.0005875121417655411
2017,July,Santa Barbara (SCC),MH,Dsl,PMTW,DSL,PM,6.69352726719654e-05
2017,July,Santa Barbara (SCC),MH,Dsl,PMTW,DSL,PM10,6.69352726719654e-05
2017,July,Santa Barbara (SCC),MH,Dsl,PMTW,DSL,PM2_5,1.673381816799135e-05
2017,July,Santa Barbara (SCC),MH,Dsl,PMBW,DSL,PM,0.0005563994540857127
2017,July,Santa Barbara (SCC),MH,Dsl,PMBW,DSL,PM10,0.0005452714650039988
2017,July,Santa Barbara (SCC),MH,Dsl,PMBW,DSL,PM2_5,0.0002336877707159993
2017,July,Santa Barbara (SCC),UBUS,Gas,RUNEX,CAT,CO,0.0008871932837317669
2017,July,Santa Barbara (SCC),UBUS,Gas,RUNEX,CAT,NOx,0.0006177105248965103
2017,July,Santa Barbara (SCC),UBUS,Gas,RUNEX,CAT,SOx,5.66011402350869e-05
2017,July,Santa Barbara (SCC),UBUS,Gas,RUNEX,CAT,PM,2.1700457631268047e-06
2017,July,Santa Barbara (SCC),UBUS,Gas,RUNEX,CAT,TOG,8.204899711744434e-05
2017,July,Santa Barbara (SCC),UBUS,Gas,RUNEX,CAT,PM10,1.940020912235364e-06
2017,July,Santa Barbara (SCC),UBUS,Gas,RUNEX,CAT,PM2_5,1.7837776172902333e-06
2017,July,Santa Barbara (SCC),UBUS,Gas,STREX,CAT,CO,0.0007744340783256863
2017,July,Santa Barbara (SCC),UBUS,Gas,STREX,CAT,NOx,9.929008692948331e-05
2017,July,Santa Barbara (SCC),UBUS,Gas,STREX,CAT,SOx,9.872211817625936e-08
2017,July,Santa Barbara (SCC),UBUS,Gas,STREX,CAT,PM,2.8957251723248856e-08
2017,July,Santa Barbara (SCC),UBUS,Gas,STREX,CAT,TOG,5.215372729881742e-05
2017,July,Santa Barbara (SCC),UBUS,Gas,STREX,CAT,PM10,2.5887783040584482e-08
2017,July,Santa Barbara (SCC),UBUS,Gas,STREX,CAT,PM2_5,2.3802860916510576e-08
2017,July,Santa Barbara (SCC),UBUS,Gas,HOTSOAK,CAT,TOG,5.118327978697446e-06
2017,July,Santa Barbara (SCC),UBUS,Gas,RUNLOSS,CAT,TOG,2.5068564891157818e-05
2017,July,Santa Barbara (SCC),UBUS,Gas,RESTLOSS,CAT,TOG,3.194905376438596e-07
2017,July,Santa Barbara (SCC),UBUS,Gas,DIURN,CAT,TOG,4.7202940260921265e-07
2017,July,Santa Barbara (SCC),UBUS,Gas,PMTW,CAT,PM,3.2287345686312824e-05
2017,July,Santa Barbara (SCC),UBUS,Gas,PMTW,CAT,PM10,3.2287345686312824e-05
2017,July,Santa Barbara (SCC),UBUS,Gas,PMTW,CAT,PM2_5,8.071836421578206e-06
2017,July,Santa Barbara (SCC),UBUS,Gas,PMBW,CAT,PM,0.00036179531255083
2017,July,Santa Barbara (SCC),UBUS,Gas,PMBW,CAT,PM10,0.0003545594062998135
2017,July,Santa Barbara (SCC),UBUS,Gas,PMBW,CAT,PM2_5,0.00015195403127134854
2017,July,Santa Barbara (SCC),UBUS,Dsl,RUNEX,DSL,CO,0.006080531704790913
2017,July,Santa Barbara (SCC),UBUS,Dsl,RUNEX,DSL,NOx,0.05526302213670233
2017,July,Santa Barbara (SCC),UBUS,Dsl,RUNEX,DSL,SOx,0.00022037705072598044
2017,July,Santa Barbara (SCC),UBUS,Dsl,RUNEX,DSL,PM,0.00011484323274435313
2017,July,Santa Barbara (SCC),UBUS,Dsl,RUNEX,DSL,TOG,0.0018426446508043636
2017,July,Santa Barbara (SCC),UBUS,Dsl,RUNEX,DSL,PM10,0.00011415417334788697
2017,July,Santa Barbara (SCC),UBUS,Dsl,RUNEX,DSL,PM2_5,0.00010921591433987972
2017,July,Santa Barbara (SCC),UBUS,Dsl,PMTW,DSL,PM,0.000443510820760646
2017,July,Santa Barbara (SCC),UBUS,Dsl,PMTW,DSL,PM10,0.000443510820760646
2017,July,Santa Barbara (SCC),UBUS,Dsl,PMTW,DSL,PM2_5,0.0001108777051901615
2017,July,Santa Barbara (SCC),UBUS,Dsl,PMBW,DSL,PM,0.0010232611919200536
2017,July,Santa Barbara (SCC),UBUS,Dsl,PMBW,DSL,PM10,0.0010027959680816525
2017,July,Santa Barbara (SCC),UBUS,Dsl,PMBW,DSL,PM2_5,0.0004297697006064221
2017,July,Santa Barbara (SCC),UBUS,Elec,PMTW,CAT,PM,5.789159171175529e-08
2017,July,Santa Barbara (SCC),UBUS,Elec,PMTW,CAT,PM10,5.789159171175529e-08
2017,July,Santa Barbara (SCC),UBUS,Elec,PMTW,CAT,PM2_5,1.4472897927938823e-08
2017,July,Santa Barbara (SCC),UBUS,Elec,PMBW,CAT,PM,1.0131028549557179e-07
2017,July,Santa Barbara (SCC),UBUS,Elec,PMBW,CAT,PM10,9.928407978566034e-08
2017,July,Santa Barbara (SCC),UBUS,Elec,PMBW,CAT,PM2_5,4.2550319908140154e-08
2017,July,Santa Barbara (SCC),UBUS,NG,RUNEX,DSL,CO,0.06442539395227011
2017,July,Santa Barbara (SCC),UBUS,NG,RUNEX,DSL,NOx,0.004298993286015184
2017,July,Santa Barbara (SCC),UBUS,NG,RUNEX,DSL,PM,1.1824215037942889e-05
2017,July,Santa Barbara (SCC),UBUS,NG,RUNEX,DSL,TOG,0.012349347591428647
2017,July,Santa Barbara (SCC),UBUS,NG,RUNEX,DSL,PM10,1.1753269747715224e-05
2017,July,Santa Barbara (SCC),UBUS,NG,RUNEX,DSL,PM2_5,1.1244828501083686e-05
2017,July,Santa Barbara (SCC),UBUS,NG,PMTW,DSL,PM,5.5711644160820193e-05
2017,July,Santa Barbara (SCC),UBUS,NG,PMTW,DSL,PM10,5.5711644160820193e-05
2017,July,Santa Barbara (SCC),UBUS,NG,PMTW,DSL,PM2_5,1.3927911040205048e-05
2017,July,Santa Barbara (SCC),UBUS,NG,PMBW,DSL,PM,0.0001466607369189399
2017,July,Santa Barbara (SCC),UBUS,NG,PMBW,DSL,PM10,0.00014372752218056096
2017,July,Santa Barbara (SCC),UBUS,NG,PMBW,DSL,PM2_5,6.159750950595473e-05
2017,July,Santa Barbara (SCC),SBUS,Dsl,RUNEX,DSL,CO,0.007594058257905704
2017,July,Santa Barbara (SCC),SBUS,Dsl,RUNEX,DSL,NOx,0.19336257682832514
2017,July,Santa Barbara (SCC),SBUS,Dsl,RUNEX,DSL,PM,0.0013839361250638713
2017,July,Santa Barbara (SCC),SBUS,Dsl,RUNEX,DSL,PM10,0.0013756325083134882
2017,July,Santa Barbara (SCC),SBUS,Dsl,RUNEX,DSL,PM2_5,0.0013161232549357413
2017,July,Santa Barbara (SCC),SBUS,Dsl,IDLEX,DSL,CO,0.00344012644295282
2017,July,Santa Barbara (SCC),SBUS,Dsl,IDLEX,DSL,NOx,0.05402074131290402
2017,July,Santa Barbara (SCC),SBUS,Dsl,IDLEX,DSL,PM,4.89205498978881e-05
2017,July,Santa Barbara (SCC),SBUS,Dsl,IDLEX,DSL,PM10,4.86270265985008e-05
2017,July,Santa Barbara (SCC),SBUS,Dsl,IDLEX,DSL,PM2_5,4.652344295289149e-05
2017,July,Santa Barbara (SCC),SBUS,Dsl,STREX,DSL,NOx,0.004732684262044265
2017,July,Santa Barbara (SCC),SBUS,Dsl,PMTW,DSL,PM,0.00036346757795547414
2017,July,Santa Barbara (SCC),SBUS,Dsl,PMTW,DSL,PM10,0.00036346757795547414
2017,July,Santa Barbara (SCC),SBUS,Dsl,PMTW,DSL,PM2_5,9.086689448886853e-05
2017,July,Santa Barbara (SCC),SBUS,Dsl,PMBW,DSL,PM,0.023019613270513366
2017,July,Santa Barbara (SCC),SBUS,Dsl,PMBW,DSL,PM10,0.022559221005103075
2017,July,Santa Barbara (SCC),SBUS,Dsl,PMBW,DSL,PM2_5,0.00966823757361562
2017,July,Santa Barbara (SCC),SBUS,Dsl,RUNEX,DSL,SOx,0.000339235762578949
2017,July,Santa Barbara (SCC),SBUS,Dsl,IDLEX,DSL,SOx,3.616837771056419e-05
2017,July,Santa Barbara (SCC),SBUS,Dsl,RUNEX,DSL,TOG,0.003164557546718046
2017,July,Santa Barbara (SCC),SBUS,Dsl,IDLEX,DSL,TOG,0.00026311436636656746
2017,     ,Santa Barbara (SCC),LDA,Dsl,RUNEX,DSL,NH3,0.000244179
2017,     ,Santa Barbara (SCC),LDA,Gas,RUNEX,CAT,NH3,0.175958396
2017,     ,Santa Barbara (SCC),LDT1,Dsl,RUNEX,DSL,NH3,1.86676e-06
2017,     ,Santa Barbara (SCC),LDT1,Gas,RUNEX,CAT,NH3,0.018544049
2017,     ,Santa Barbara (SCC),LDT2,Dsl,RUNEX,DSL,NH3,4.19039e-05
2017,     ,Santa Barbara (SCC),LDT2,Gas,RUNEX,CAT,NH3,0.082703676
2017,     ,Santa Barbara (SCC),LHD1,Dsl,RUNEX,DSL,NH3,0.02149266
2017,     ,Santa Barbara (SCC),LHD1,Gas,RUNEX,CAT,NH3,0.010716708
2017,     ,Santa Barbara (SCC),LHD2,Dsl,RUNEX,DSL,NH3,0.008116776
2017,     ,Santa Barbara (SCC),LHD2,Gas,RUNEX,CAT,NH3,0.001749813
2017,     ,Santa Barbara (SCC),MCY,Gas,RUNEX,CAT,NH3,0.001725917
2017,     ,Santa Barbara (SCC),MDV,Dsl,RUNEX,DSL,NH3,0.000118169
2017,     ,Santa Barbara (SCC),MDV,Gas,RUNEX,CAT,NH3,0.063021425
2017,     ,Santa Barbara (SCC),MH,Dsl,RUNEX,DSL,NH3,0.000113007
2017,     ,Santa Barbara (SCC),MH,Gas,RUNEX,CAT,NH3,0.000594331
2017,     ,Santa Barbara (SCC),OBUS,Gas,RUNEX,CAT,NH3,0.000621505
2017,     ,Santa Barbara (SCC),SBUS,Gas,RUNEX,CAT,NH3,0.000907874
2017,     ,Santa Barbara (SCC),T6TS,Gas,RUNEX,CAT,NH3,0.002004828
2017,     ,Santa Barbara (SCC),T7IS,Gas,RUNEX,CAT,NH3,1.13844e-05
2017,     ,Santa Barbara (SCC),UBUS,Dsl,RUNEX,DSL,NH3,0.001854184
2017,     ,Santa Barbara (SCC),UBUS,Gas,RUNEX,CAT,NH3,0.00014446
2017,     ,Santa Barbara (SCC),UBUS,NG,RUNEX,DSL,NH3,5.19608e-05
