calendar_year,season_month,sub_area,vehicle_class,fuel,process,cat_ncat,pollutant,emission
2017,July,Santa Cruz (NCC),LDA,Gas,RUNEX,CAT,CO,4.574536216520374
2017,July,Santa Cruz (NCC),LDA,Gas,RUNEX,CAT,NOx,0.3538268030218067
2017,July,Santa Cruz (NCC),LDA,Gas,RUNEX,CAT,SOx,0.008842080521508035
2017,July,Santa Cruz (NCC),LDA,Gas,RUNEX,CAT,PM,0.0069330593825627125
2017,July,Santa Cruz (NCC),LDA,Gas,RUNEX,CAT,TOG,0.16914346850568002
2017,July,Santa Cruz (NCC),LDA,Gas,RUNEX,CAT,PM10,0.006199124369406079
2017,July,Santa Cruz (NCC),LDA,Gas,RUNEX,CAT,PM2_5,0.005700349166683354
2017,July,Santa Cruz (NCC),LDA,Gas,RUNEX,NCAT,CO,0.13321929948426955
2017,July,Santa Cruz (NCC),LDA,Gas,RUNEX,NCAT,NOx,0.01181618075750742
2017,July,Santa Cruz (NCC),LDA,Gas,RUNEX,NCAT,SOx,1.3475565467344167e-05
2017,July,Santa Cruz (NCC),LDA,Gas,RUNEX,NCAT,PM,0.00014145999236312885
2017,July,Santa Cruz (NCC),LDA,Gas,RUNEX,NCAT,TOG,0.014960192744173139
2017,July,Santa Cruz (NCC),LDA,Gas,RUNEX,NCAT,PM10,0.00013497377126595535
2017,July,Santa Cruz (NCC),LDA,Gas,RUNEX,NCAT,PM2_5,0.00012834445878018194
2017,July,Santa Cruz (NCC),LDA,Gas,STREX,CAT,CO,1.0482111234317202
2017,July,Santa Cruz (NCC),LDA,Gas,STREX,CAT,NOx,0.12408722304175193
2017,July,Santa Cruz (NCC),LDA,Gas,STREX,CAT,SOx,0.0002367615339285154
2017,July,Santa Cruz (NCC),LDA,Gas,STREX,CAT,PM,0.001006088172706704
2017,July,Santa Cruz (NCC),LDA,Gas,STREX,CAT,TOG,0.20882610031248133
2017,July,Santa Cruz (NCC),LDA,Gas,STREX,CAT,PM10,0.0008996876628490052
2017,July,Santa Cruz (NCC),LDA,Gas,STREX,CAT,PM2_5,0.0008273516341242399
2017,July,Santa Cruz (NCC),LDA,Gas,STREX,NCAT,CO,0.014795078403728732
2017,July,Santa Cruz (NCC),LDA,Gas,STREX,NCAT,NOx,0.0008722672845749136
2017,July,Santa Cruz (NCC),LDA,Gas,STREX,NCAT,SOx,1.2865790678156352e-06
2017,July,Santa Cruz (NCC),LDA,Gas,STREX,NCAT,PM,3.400029084566043e-05
2017,July,Santa Cruz (NCC),LDA,Gas,STREX,NCAT,TOG,0.002705630432146763
2017,July,Santa Cruz (NCC),LDA,Gas,STREX,NCAT,PM10,3.242944305346801e-05
2017,July,Santa Cruz (NCC),LDA,Gas,STREX,NCAT,PM2_5,3.083111054614066e-05
2017,July,Santa Cruz (NCC),LDA,Gas,HOTSOAK,CAT,TOG,0.07016998521500217
2017,July,Santa Cruz (NCC),LDA,Gas,HOTSOAK,NCAT,TOG,0.001616464974486344
2017,July,Santa Cruz (NCC),LDA,Gas,RUNLOSS,CAT,TOG,0.12005088277423968
2017,July,Santa Cruz (NCC),LDA,Gas,RUNLOSS,NCAT,TOG,0.007984367152492388
2017,July,Santa Cruz (NCC),LDA,Gas,RESTLOSS,CAT,TOG,0.021986669542644974
2017,July,Santa Cruz (NCC),LDA,Gas,RESTLOSS,NCAT,TOG,0.0005927558665805285
2017,July,Santa Cruz (NCC),LDA,Gas,DIURN,CAT,TOG,0.03705278592943597
2017,July,Santa Cruz (NCC),LDA,Gas,DIURN,NCAT,TOG,0.0010149856895222103
2017,July,Santa Cruz (NCC),LDA,Gas,PMTW,CAT,PM,0.02316412711352839
2017,July,Santa Cruz (NCC),LDA,Gas,PMTW,CAT,PM10,0.02316412711352839
2017,July,Santa Cruz (NCC),LDA,Gas,PMTW,CAT,PM2_5,0.005791031778382098
2017,July,Santa Cruz (NCC),LDA,Gas,PMTW,NCAT,PM,1.784580157950431e-05
2017,July,Santa Cruz (NCC),LDA,Gas,PMTW,NCAT,PM10,1.784580157950431e-05
2017,July,Santa Cruz (NCC),LDA,Gas,PMTW,NCAT,PM2_5,4.4614503948760775e-06
2017,July,Santa Cruz (NCC),LDA,Gas,PMBW,CAT,PM,0.10858184584466432
2017,July,Santa Cruz (NCC),LDA,Gas,PMBW,CAT,PM10,0.106410208927771
2017,July,Santa Cruz (NCC),LDA,Gas,PMBW,CAT,PM2_5,0.04560437525475901
2017,July,Santa Cruz (NCC),LDA,Gas,PMBW,NCAT,PM,8.365219490392644e-05
2017,July,Santa Cruz (NCC),LDA,Gas,PMBW,NCAT,PM10,8.197915100584793e-05
2017,July,Santa Cruz (NCC),LDA,Gas,PMBW,NCAT,PM2_5,3.51339218596491e-05
2017,July,Santa Cruz (NCC),LDA,Dsl,RUNEX,DSL,CO,0.02796337332454477
2017,July,Santa Cruz (NCC),LDA,Dsl,RUNEX,DSL,NOx,0.020815574492014002
2017,July,Santa Cruz (NCC),LDA,Dsl,RUNEX,DSL,SOx,0.00013810765450990038
2017,July,Santa Cruz (NCC),LDA,Dsl,RUNEX,DSL,PM,0.0017009388140728399
2017,July,Santa Cruz (NCC),LDA,Dsl,RUNEX,DSL,TOG,0.003228795380571291
2017,July,Santa Cruz (NCC),LDA,Dsl,RUNEX,DSL,PM10,0.0016907331811884076
2017,July,Santa Cruz (NCC),LDA,Dsl,RUNEX,DSL,PM2_5,0.0016175928121832724
2017,July,Santa Cruz (NCC),LDA,Dsl,PMTW,DSL,PM,0.00047404511858640993
2017,July,Santa Cruz (NCC),LDA,Dsl,PMTW,DSL,PM10,0.00047404511858640993
2017,July,Santa Cruz (NCC),LDA,Dsl,PMTW,DSL,PM2_5,0.00011851127964660248
2017,July,Santa Cruz (NCC),LDA,Dsl,PMBW,DSL,PM,0.002222086493373798
2017,July,Santa Cruz (NCC),LDA,Dsl,PMBW,DSL,PM10,0.002177644763506319
2017,July,Santa Cruz (NCC),LDA,Dsl,PMBW,DSL,PM2_5,0.0009332763272169955
2017,July,Santa Cruz (NCC),LDA,Elec,HOTSOAK,CAT,TOG,2.4586744425757147e-05
2017,July,Santa Cruz (NCC),LDA,Elec,RESTLOSS,CAT,TOG,3.0560521025824986e-06
2017,July,Santa Cruz (NCC),LDA,Elec,DIURN,CAT,TOG,1.3805186508732751e-05
2017,July,Santa Cruz (NCC),LDA,Elec,PMTW,CAT,PM,0.000295262358063907
2017,July,Santa Cruz (NCC),LDA,Elec,PMTW,CAT,PM10,0.000295262358063907
2017,July,Santa Cruz (NCC),LDA,Elec,PMTW,CAT,PM2_5,7.381558951597675e-05
2017,July,Santa Cruz (NCC),LDA,Elec,PMBW,CAT,PM,0.0013840423034245642
2017,July,Santa Cruz (NCC),LDA,Elec,PMBW,CAT,PM10,0.0013563614573560744
2017,July,Santa Cruz (NCC),LDA,Elec,PMBW,CAT,PM2_5,0.0005812977674383173
2017,July,Santa Cruz (NCC),LDT1,Gas,RUNEX,CAT,CO,0.6771817383246096
2017,July,Santa Cruz (NCC),LDT1,Gas,RUNEX,CAT,NOx,0.058147421862532224
2017,July,Santa Cruz (NCC),LDT1,Gas,RUNEX,CAT,SOx,0.001209599637073077
2017,July,Santa Cruz (NCC),LDT1,Gas,RUNEX,CAT,PM,0.0010624502629200362
2017,July,Santa Cruz (NCC),LDT1,Gas,RUNEX,CAT,TOG,0.024819272293487352
2017,July,Santa Cruz (NCC),LDT1,Gas,RUNEX,CAT,PM10,0.0009502646238985094
2017,July,Santa Cruz (NCC),LDT1,Gas,RUNEX,CAT,PM2_5,0.0008739496152331015
2017,July,Santa Cruz (NCC),LDT1,Gas,RUNEX,NCAT,CO,0.0660359656961447
2017,July,Santa Cruz (NCC),LDT1,Gas,RUNEX,NCAT,NOx,0.00582190637611526
2017,July,Santa Cruz (NCC),LDT1,Gas,RUNEX,NCAT,SOx,6.537331141911201e-06
2017,July,Santa Cruz (NCC),LDT1,Gas,RUNEX,NCAT,PM,6.877147701995592e-05
2017,July,Santa Cruz (NCC),LDT1,Gas,RUNEX,NCAT,TOG,0.007550686557465324
2017,July,Santa Cruz (NCC),LDT1,Gas,RUNEX,NCAT,PM10,6.56553005681799e-05
2017,July,Santa Cruz (NCC),LDT1,Gas,RUNEX,NCAT,PM2_5,6.244794531446708e-05
2017,July,Santa Cruz (NCC),LDT1,Gas,STREX,CAT,CO,0.13138618055152332
2017,July,Santa Cruz (NCC),LDT1,Gas,STREX,CAT,NOx,0.016647948140300437
2017,July,Santa Cruz (NCC),LDT1,Gas,STREX,CAT,SOx,3.13925983130335e-05
2017,July,Santa Cruz (NCC),LDT1,Gas,STREX,CAT,PM,0.00014975824097395384
2017,July,Santa Cruz (NCC),LDT1,Gas,STREX,CAT,TOG,0.02755125190099196
2017,July,Santa Cruz (NCC),LDT1,Gas,STREX,CAT,PM10,0.00013397869558167698
2017,July,Santa Cruz (NCC),LDT1,Gas,STREX,CAT,PM2_5,0.00012323573190658113
2017,July,Santa Cruz (NCC),LDT1,Gas,STREX,NCAT,CO,0.006482245691108312
2017,July,Santa Cruz (NCC),LDT1,Gas,STREX,NCAT,NOx,0.0003573153886432501
2017,July,Santa Cruz (NCC),LDT1,Gas,STREX,NCAT,SOx,5.310946956186084e-07
2017,July,Santa Cruz (NCC),LDT1,Gas,STREX,NCAT,PM,1.3845442877301922e-05
2017,July,Santa Cruz (NCC),LDT1,Gas,STREX,NCAT,TOG,0.001140211001318257
2017,July,Santa Cruz (NCC),LDT1,Gas,STREX,NCAT,PM10,1.32106424541249e-05
2017,July,Santa Cruz (NCC),LDT1,Gas,STREX,NCAT,PM2_5,1.2561813292494633e-05
2017,July,Santa Cruz (NCC),LDT1,Gas,HOTSOAK,CAT,TOG,0.010446533855792679
2017,July,Santa Cruz (NCC),LDT1,Gas,HOTSOAK,NCAT,TOG,0.0006392981457910005
2017,July,Santa Cruz (NCC),LDT1,Gas,RUNLOSS,CAT,TOG,0.0366525127288998
2017,July,Santa Cruz (NCC),LDT1,Gas,RUNLOSS,NCAT,TOG,0.001331173042729674
2017,July,Santa Cruz (NCC),LDT1,Gas,RESTLOSS,CAT,TOG,0.0035023973959810127
2017,July,Santa Cruz (NCC),LDT1,Gas,RESTLOSS,NCAT,TOG,0.00024122248512713297
2017,July,Santa Cruz (NCC),LDT1,Gas,DIURN,CAT,TOG,0.006093501757489754
2017,July,Santa Cruz (NCC),LDT1,Gas,DIURN,NCAT,TOG,0.00040667877509967753
2017,July,Santa Cruz (NCC),LDT1,Gas,PMTW,CAT,PM,0.002772735949511726
2017,July,Santa Cruz (NCC),LDT1,Gas,PMTW,CAT,PM10,0.002772735949511726
2017,July,Santa Cruz (NCC),LDT1,Gas,PMTW,CAT,PM2_5,0.0006931839873779315
2017,July,Santa Cruz (NCC),LDT1,Gas,PMTW,NCAT,PM,8.675097094780936e-06
2017,July,Santa Cruz (NCC),LDT1,Gas,PMTW,NCAT,PM10,8.675097094780936e-06
2017,July,Santa Cruz (NCC),LDT1,Gas,PMTW,NCAT,PM2_5,2.168774273695234e-06
2017,July,Santa Cruz (NCC),LDT1,Gas,PMBW,CAT,PM,0.01299719976333622
2017,July,Santa Cruz (NCC),LDT1,Gas,PMBW,CAT,PM10,0.012737255768069502
2017,July,Santa Cruz (NCC),LDT1,Gas,PMBW,CAT,PM2_5,0.005458823900601216
2017,July,Santa Cruz (NCC),LDT1,Gas,PMBW,NCAT,PM,4.066451763178561e-05
2017,July,Santa Cruz (NCC),LDT1,Gas,PMBW,NCAT,PM10,3.9851227279149855e-05
2017,July,Santa Cruz (NCC),LDT1,Gas,PMBW,NCAT,PM2_5,1.707909740534996e-05
2017,July,Santa Cruz (NCC),LDT2,Gas,RUNEX,CAT,CO,3.374609177959309
2017,July,Santa Cruz (NCC),LDT2,Gas,RUNEX,CAT,NOx,0.4022164702881694
2017,July,Santa Cruz (NCC),LDT2,Gas,RUNEX,CAT,SOx,0.005650872290010642
2017,July,Santa Cruz (NCC),LDT2,Gas,RUNEX,CAT,PM,0.00400488601873187
2017,July,Santa Cruz (NCC),LDT2,Gas,RUNEX,CAT,TOG,0.1315237730256276
2017,July,Santa Cruz (NCC),LDT2,Gas,RUNEX,CAT,PM10,0.003581104312961059
2017,July,Santa Cruz (NCC),LDT2,Gas,RUNEX,CAT,PM2_5,0.003293060190388684
2017,July,Santa Cruz (NCC),LDT2,Gas,RUNEX,NCAT,CO,0.074106118483092
2017,July,Santa Cruz (NCC),LDT2,Gas,RUNEX,NCAT,NOx,0.006417887663340461
2017,July,Santa Cruz (NCC),LDT2,Gas,RUNEX,NCAT,SOx,7.399405810830669e-06
2017,July,Santa Cruz (NCC),LDT2,Gas,RUNEX,NCAT,PM,7.752206269387557e-05
2017,July,Santa Cruz (NCC),LDT2,Gas,RUNEX,NCAT,TOG,0.008064748292204079
2017,July,Santa Cruz (NCC),LDT2,Gas,RUNEX,NCAT,PM10,7.376249003404751e-05
2017,July,Santa Cruz (NCC),LDT2,Gas,RUNEX,NCAT,PM2_5,7.004384849919643e-05
2017,July,Santa Cruz (NCC),LDT2,Gas,STREX,CAT,CO,0.6673049489989519
2017,July,Santa Cruz (NCC),LDT2,Gas,STREX,CAT,NOx,0.11804414941935722
2017,July,Santa Cruz (NCC),LDT2,Gas,STREX,CAT,SOx,0.0001531655088487499
2017,July,Santa Cruz (NCC),LDT2,Gas,STREX,CAT,PM,0.000571302356516768
2017,July,Santa Cruz (NCC),LDT2,Gas,STREX,CAT,TOG,0.15230257715715942
2017,July,Santa Cruz (NCC),LDT2,Gas,STREX,CAT,PM10,0.0005109078307241864
2017,July,Santa Cruz (NCC),LDT2,Gas,STREX,CAT,PM2_5,0.0004698423994422835
2017,July,Santa Cruz (NCC),LDT2,Gas,STREX,NCAT,CO,0.007795456855220158
2017,July,Santa Cruz (NCC),LDT2,Gas,STREX,NCAT,NOx,0.0003887133722831019
2017,July,Santa Cruz (NCC),LDT2,Gas,STREX,NCAT,SOx,5.978374675128006e-07
2017,July,Santa Cruz (NCC),LDT2,Gas,STREX,NCAT,PM,1.5703151598116342e-05
2017,July,Santa Cruz (NCC),LDT2,Gas,STREX,NCAT,TOG,0.0012566060249327817
2017,July,Santa Cruz (NCC),LDT2,Gas,STREX,NCAT,PM10,1.4927204687595256e-05
2017,July,Santa Cruz (NCC),LDT2,Gas,STREX,NCAT,PM2_5,1.4167927629972946e-05
2017,July,Santa Cruz (NCC),LDT2,Gas,HOTSOAK,CAT,TOG,0.046122742884942836
2017,July,Santa Cruz (NCC),LDT2,Gas,HOTSOAK,NCAT,TOG,0.0006933953876155987
2017,July,Santa Cruz (NCC),LDT2,Gas,RUNLOSS,CAT,TOG,0.1605040425540458
2017,July,Santa Cruz (NCC),LDT2,Gas,RUNLOSS,NCAT,TOG,0.0015465716868083366
2017,July,Santa Cruz (NCC),LDT2,Gas,RESTLOSS,CAT,TOG,0.015686398854598584
2017,July,Santa Cruz (NCC),LDT2,Gas,RESTLOSS,NCAT,TOG,0.00026123288438078374
2017,July,Santa Cruz (NCC),LDT2,Gas,DIURN,CAT,TOG,0.026617915321139128
2017,July,Santa Cruz (NCC),LDT2,Gas,DIURN,NCAT,TOG,0.0004453056187376026
2017,July,Santa Cruz (NCC),LDT2,Gas,PMTW,CAT,PM,0.011159242897264028
2017,July,Santa Cruz (NCC),LDT2,Gas,PMTW,CAT,PM10,0.011159242897264028
2017,July,Santa Cruz (NCC),LDT2,Gas,PMTW,CAT,PM2_5,0.002789810724316007
2017,July,Santa Cruz (NCC),LDT2,Gas,PMTW,NCAT,PM,9.779903208274271e-06
2017,July,Santa Cruz (NCC),LDT2,Gas,PMTW,NCAT,PM10,9.779903208274271e-06
2017,July,Santa Cruz (NCC),LDT2,Gas,PMTW,NCAT,PM2_5,2.4449758020685677e-06
2017,July,Santa Cruz (NCC),LDT2,Gas,PMBW,CAT,PM,0.052308951080925106
2017,July,Santa Cruz (NCC),LDT2,Gas,PMBW,CAT,PM10,0.05126277205930662
2017,July,Santa Cruz (NCC),LDT2,Gas,PMBW,CAT,PM2_5,0.021969759453988543
2017,July,Santa Cruz (NCC),LDT2,Gas,PMBW,NCAT,PM,4.584329628878562e-05
2017,July,Santa Cruz (NCC),LDT2,Gas,PMBW,NCAT,PM10,4.4926430363009914e-05
2017,July,Santa Cruz (NCC),LDT2,Gas,PMBW,NCAT,PM2_5,1.925418444128994e-05
2017,July,Santa Cruz (NCC),MDV,Gas,RUNEX,CAT,CO,1.7827869756816308
2017,July,Santa Cruz (NCC),MDV,Gas,RUNEX,CAT,NOx,0.21239800952161228
2017,July,Santa Cruz (NCC),MDV,Gas,RUNEX,CAT,SOx,0.004284862701954713
2017,July,Santa Cruz (NCC),MDV,Gas,RUNEX,CAT,PM,0.0021888449983890686
2017,July,Santa Cruz (NCC),MDV,Gas,RUNEX,CAT,TOG,0.07191483363415886
2017,July,Santa Cruz (NCC),MDV,Gas,RUNEX,CAT,PM10,0.001957368688812904
2017,July,Santa Cruz (NCC),MDV,Gas,RUNEX,CAT,PM2_5,0.0017999980472436096
2017,July,Santa Cruz (NCC),MDV,Gas,RUNEX,NCAT,CO,0.23298452447042955
2017,July,Santa Cruz (NCC),MDV,Gas,RUNEX,NCAT,NOx,0.015269437956015246
2017,July,Santa Cruz (NCC),MDV,Gas,RUNEX,NCAT,SOx,1.51899990942452e-05
2017,July,Santa Cruz (NCC),MDV,Gas,RUNEX,NCAT,PM,0.00012260780072059392
2017,July,Santa Cruz (NCC),MDV,Gas,RUNEX,NCAT,TOG,0.015387749130322563
2017,July,Santa Cruz (NCC),MDV,Gas,RUNEX,NCAT,PM10,0.00011728483623941515
2017,July,Santa Cruz (NCC),MDV,Gas,RUNEX,NCAT,PM2_5,0.00011166389469299079
2017,July,Santa Cruz (NCC),MDV,Gas,STREX,CAT,CO,0.531140134135309
2017,July,Santa Cruz (NCC),MDV,Gas,STREX,CAT,NOx,0.07842533793125481
2017,July,Santa Cruz (NCC),MDV,Gas,STREX,CAT,SOx,0.0001183234684129934
2017,July,Santa Cruz (NCC),MDV,Gas,STREX,CAT,PM,0.00034807604866379566
2017,July,Santa Cruz (NCC),MDV,Gas,STREX,CAT,TOG,0.10299208862646841
2017,July,Santa Cruz (NCC),MDV,Gas,STREX,CAT,PM10,0.0003112879057054773
2017,July,Santa Cruz (NCC),MDV,Gas,STREX,CAT,PM2_5,0.00028627153034498624
2017,July,Santa Cruz (NCC),MDV,Gas,STREX,NCAT,CO,0.019252500370126317
2017,July,Santa Cruz (NCC),MDV,Gas,STREX,NCAT,NOx,0.0008610050928403979
2017,July,Santa Cruz (NCC),MDV,Gas,STREX,NCAT,SOx,1.1359896896116463e-06
2017,July,Santa Cruz (NCC),MDV,Gas,STREX,NCAT,PM,2.2487538741717253e-05
2017,July,Santa Cruz (NCC),MDV,Gas,STREX,NCAT,TOG,0.0023376756491663322
2017,July,Santa Cruz (NCC),MDV,Gas,STREX,NCAT,PM10,2.1502606530746345e-05
2017,July,Santa Cruz (NCC),MDV,Gas,STREX,NCAT,PM2_5,2.0468054682808816e-05
2017,July,Santa Cruz (NCC),MDV,Gas,HOTSOAK,CAT,TOG,0.02448294413414468
2017,July,Santa Cruz (NCC),MDV,Gas,HOTSOAK,NCAT,TOG,0.0006774111021184808
2017,July,Santa Cruz (NCC),MDV,Gas,RUNLOSS,CAT,TOG,0.07604623173697657
2017,July,Santa Cruz (NCC),MDV,Gas,RUNLOSS,NCAT,TOG,0.001612065879048311
2017,July,Santa Cruz (NCC),MDV,Gas,RESTLOSS,CAT,TOG,0.008512776238151802
2017,July,Santa Cruz (NCC),MDV,Gas,RESTLOSS,NCAT,TOG,0.00042333955675989134
2017,July,Santa Cruz (NCC),MDV,Gas,DIURN,CAT,TOG,0.013245161249374589
2017,July,Santa Cruz (NCC),MDV,Gas,DIURN,NCAT,TOG,0.0006886880912151491
2017,July,Santa Cruz (NCC),MDV,Gas,PMTW,CAT,PM,0.007232904278459316
2017,July,Santa Cruz (NCC),MDV,Gas,PMTW,CAT,PM10,0.007232904278459316
2017,July,Santa Cruz (NCC),MDV,Gas,PMTW,CAT,PM2_5,0.001808226069614829
2017,July,Santa Cruz (NCC),MDV,Gas,PMTW,NCAT,PM,1.5566521873409697e-05
2017,July,Santa Cruz (NCC),MDV,Gas,PMTW,NCAT,PM10,1.5566521873409697e-05
2017,July,Santa Cruz (NCC),MDV,Gas,PMTW,NCAT,PM2_5,3.891630468352424e-06
2017,July,Santa Cruz (NCC),MDV,Gas,PMBW,CAT,PM,0.033904238805278084
2017,July,Santa Cruz (NCC),MDV,Gas,PMBW,CAT,PM10,0.033226154029172505
2017,July,Santa Cruz (NCC),MDV,Gas,PMBW,CAT,PM2_5,0.014239780298216789
2017,July,Santa Cruz (NCC),MDV,Gas,PMBW,NCAT,PM,7.296807128160803e-05
2017,July,Santa Cruz (NCC),MDV,Gas,PMBW,NCAT,PM10,7.150870985597585e-05
2017,July,Santa Cruz (NCC),MDV,Gas,PMBW,NCAT,PM2_5,3.064658993827534e-05
2017,July,Santa Cruz (NCC),LHD1,Gas,RUNEX,CAT,CO,0.28802449719566203
2017,July,Santa Cruz (NCC),LHD1,Gas,RUNEX,CAT,NOx,0.06115865503557946
2017,July,Santa Cruz (NCC),LHD1,Gas,RUNEX,CAT,SOx,0.0013261791958380448
2017,July,Santa Cruz (NCC),LHD1,Gas,RUNEX,CAT,PM,0.0004440310213983948
2017,July,Santa Cruz (NCC),LHD1,Gas,RUNEX,CAT,TOG,0.022487318653087153
2017,July,Santa Cruz (NCC),LHD1,Gas,RUNEX,CAT,PM10,0.0003969637331301655
2017,July,Santa Cruz (NCC),LHD1,Gas,RUNEX,CAT,PM2_5,0.00036499349958948033
2017,July,Santa Cruz (NCC),LHD1,Gas,RUNEX,NCAT,CO,0.07328706164845306
2017,July,Santa Cruz (NCC),LHD1,Gas,RUNEX,NCAT,NOx,0.0018782468300797758
2017,July,Santa Cruz (NCC),LHD1,Gas,RUNEX,NCAT,SOx,7.962088630393861e-06
2017,July,Santa Cruz (NCC),LHD1,Gas,RUNEX,NCAT,PM,3.60108447557224e-05
2017,July,Santa Cruz (NCC),LHD1,Gas,RUNEX,NCAT,TOG,0.0043414167169464404
2017,July,Santa Cruz (NCC),LHD1,Gas,RUNEX,NCAT,PM10,3.460642181024921e-05
2017,July,Santa Cruz (NCC),LHD1,Gas,RUNEX,NCAT,PM2_5,3.302194464099745e-05
2017,July,Santa Cruz (NCC),LHD1,Gas,IDLEX,CAT,CO,0.01389698246064853
2017,July,Santa Cruz (NCC),LHD1,Gas,IDLEX,CAT,NOx,0.00015603847249510817
2017,July,Santa Cruz (NCC),LHD1,Gas,IDLEX,CAT,SOx,4.626250637092303e-06
2017,July,Santa Cruz (NCC),LHD1,Gas,IDLEX,CAT,TOG,0.002600851353311438
2017,July,Santa Cruz (NCC),LHD1,Gas,IDLEX,NCAT,CO,0.00014192768928617192
2017,July,Santa Cruz (NCC),LHD1,Gas,IDLEX,NCAT,NOx,1.6049490259928598e-06
2017,July,Santa Cruz (NCC),LHD1,Gas,IDLEX,NCAT,SOx,5.2296305399163775e-08
2017,July,Santa Cruz (NCC),LHD1,Gas,IDLEX,NCAT,TOG,2.5510322632240258e-05
2017,July,Santa Cruz (NCC),LHD1,Gas,STREX,CAT,CO,0.12413675705234294
2017,July,Santa Cruz (NCC),LHD1,Gas,STREX,CAT,NOx,0.0333053166476181
2017,July,Santa Cruz (NCC),LHD1,Gas,STREX,CAT,SOx,1.0947684162993313e-05
2017,July,Santa Cruz (NCC),LHD1,Gas,STREX,CAT,PM,3.6964338677372856e-05
2017,July,Santa Cruz (NCC),LHD1,Gas,STREX,CAT,TOG,0.011540100324717988
2017,July,Santa Cruz (NCC),LHD1,Gas,STREX,CAT,PM10,3.304611877757139e-05
2017,July,Santa Cruz (NCC),LHD1,Gas,STREX,CAT,PM2_5,3.0384686392800503e-05
2017,July,Santa Cruz (NCC),LHD1,Gas,STREX,NCAT,CO,5.994003711769646e-05
2017,July,Santa Cruz (NCC),LHD1,Gas,STREX,NCAT,NOx,0.0002447464970451162
2017,July,Santa Cruz (NCC),LHD1,Gas,STREX,NCAT,SOx,4.2268944088502265e-07
2017,July,Santa Cruz (NCC),LHD1,Gas,STREX,NCAT,PM,9.681141527420472e-06
2017,July,Santa Cruz (NCC),LHD1,Gas,STREX,NCAT,TOG,0.0013790690237532887
2017,July,Santa Cruz (NCC),LHD1,Gas,STREX,NCAT,PM10,9.303577007851076e-06
2017,July,Santa Cruz (NCC),LHD1,Gas,STREX,NCAT,PM2_5,8.877606780644578e-06
2017,July,Santa Cruz (NCC),LHD1,Gas,HOTSOAK,CAT,TOG,0.008814529326587736
2017,July,Santa Cruz (NCC),LHD1,Gas,HOTSOAK,NCAT,TOG,0.0007385168939938253
2017,July,Santa Cruz (NCC),LHD1,Gas,RUNLOSS,CAT,TOG,0.0717268242818003
2017,July,Santa Cruz (NCC),LHD1,Gas,RUNLOSS,NCAT,TOG,0.0020724186428620907
2017,July,Santa Cruz (NCC),LHD1,Gas,RESTLOSS,CAT,TOG,0.00010888368764683384
2017,July,Santa Cruz (NCC),LHD1,Gas,RESTLOSS,NCAT,TOG,6.162391920631641e-06
2017,July,Santa Cruz (NCC),LHD1,Gas,DIURN,CAT,TOG,0.00026288827361168373
2017,July,Santa Cruz (NCC),LHD1,Gas,DIURN,NCAT,TOG,1.447672961383745e-05
2017,July,Santa Cruz (NCC),LHD1,Gas,PMTW,CAT,PM,0.0010160570731220994
2017,July,Santa Cruz (NCC),LHD1,Gas,PMTW,CAT,PM10,0.0010160570731220994
2017,July,Santa Cruz (NCC),LHD1,Gas,PMTW,CAT,PM2_5,0.00025401426828052485
2017,July,Santa Cruz (NCC),LHD1,Gas,PMTW,NCAT,PM,5.109437367589825e-06
2017,July,Santa Cruz (NCC),LHD1,Gas,PMTW,NCAT,PM10,5.109437367589825e-06
2017,July,Santa Cruz (NCC),LHD1,Gas,PMTW,NCAT,PM2_5,1.2773593418974562e-06
2017,July,Santa Cruz (NCC),LHD1,Gas,PMBW,CAT,PM,0.009906556462940464
2017,July,Santa Cruz (NCC),LHD1,Gas,PMBW,CAT,PM10,0.009708425333681655
2017,July,Santa Cruz (NCC),LHD1,Gas,PMBW,CAT,PM2_5,0.004160753714434992
2017,July,Santa Cruz (NCC),LHD1,Gas,PMBW,NCAT,PM,4.9817014334000784e-05
2017,July,Santa Cruz (NCC),LHD1,Gas,PMBW,NCAT,PM10,4.882067404732075e-05
2017,July,Santa Cruz (NCC),LHD1,Gas,PMBW,NCAT,PM2_5,2.092314602028033e-05
2017,July,Santa Cruz (NCC),LHD2,Gas,RUNEX,CAT,CO,0.037687374200862045
2017,July,Santa Cruz (NCC),LHD2,Gas,RUNEX,CAT,NOx,0.008390110817658497
2017,July,Santa Cruz (NCC),LHD2,Gas,RUNEX,CAT,SOx,0.00018911704871607153
2017,July,Santa Cruz (NCC),LHD2,Gas,RUNEX,CAT,PM,5.468648273967897e-05
2017,July,Santa Cruz (NCC),LHD2,Gas,RUNEX,CAT,TOG,0.002826130422955731
2017,July,Santa Cruz (NCC),LHD2,Gas,RUNEX,CAT,PM10,4.888971556927298e-05
2017,July,Santa Cruz (NCC),LHD2,Gas,RUNEX,CAT,PM2_5,4.49522888120161e-05
2017,July,Santa Cruz (NCC),LHD2,Gas,IDLEX,CAT,CO,0.0017360523954173702
2017,July,Santa Cruz (NCC),LHD2,Gas,IDLEX,CAT,NOx,1.9505738465871193e-05
2017,July,Santa Cruz (NCC),LHD2,Gas,IDLEX,CAT,SOx,6.681835798502551e-07
2017,July,Santa Cruz (NCC),LHD2,Gas,IDLEX,CAT,TOG,0.00032491537308051624
2017,July,Santa Cruz (NCC),LHD2,Gas,STREX,CAT,CO,0.01669854788745176
2017,July,Santa Cruz (NCC),LHD2,Gas,STREX,CAT,NOx,0.004131447073083718
2017,July,Santa Cruz (NCC),LHD2,Gas,STREX,CAT,SOx,1.5762184619299318e-06
2017,July,Santa Cruz (NCC),LHD2,Gas,STREX,CAT,PM,4.316936687137694e-06
2017,July,Santa Cruz (NCC),LHD2,Gas,STREX,CAT,TOG,0.0014198188048502682
2017,July,Santa Cruz (NCC),LHD2,Gas,STREX,CAT,PM10,3.8593413983010974e-06
2017,July,Santa Cruz (NCC),LHD2,Gas,STREX,CAT,PM2_5,3.54852195682718e-06
2017,July,Santa Cruz (NCC),LHD2,Gas,HOTSOAK,CAT,TOG,0.001119124170426736
2017,July,Santa Cruz (NCC),LHD2,Gas,RUNLOSS,CAT,TOG,0.009745323663749283
2017,July,Santa Cruz (NCC),LHD2,Gas,RESTLOSS,CAT,TOG,1.342370553119954e-05
2017,July,Santa Cruz (NCC),LHD2,Gas,DIURN,CAT,TOG,3.352483373208934e-05
2017,July,Santa Cruz (NCC),LHD2,Gas,PMTW,CAT,PM,0.00012638590043775056
2017,July,Santa Cruz (NCC),LHD2,Gas,PMTW,CAT,PM10,0.00012638590043775056
2017,July,Santa Cruz (NCC),LHD2,Gas,PMTW,CAT,PM2_5,3.159647510943764e-05
2017,July,Santa Cruz (NCC),LHD2,Gas,PMBW,CAT,PM,0.0014376396174794123
2017,July,Santa Cruz (NCC),LHD2,Gas,PMBW,CAT,PM10,0.001408886825129824
2017,July,Santa Cruz (NCC),LHD2,Gas,PMBW,CAT,PM2_5,0.0006038086393413527
2017,July,Santa Cruz (NCC),T6TS,Gas,RUNEX,CAT,CO,0.10869685704293215
2017,July,Santa Cruz (NCC),T6TS,Gas,RUNEX,CAT,NOx,0.0234281584612385
2017,July,Santa Cruz (NCC),T6TS,Gas,RUNEX,CAT,SOx,0.00023798437649532114
2017,July,Santa Cruz (NCC),T6TS,Gas,RUNEX,CAT,PM,3.8244576509455194e-05
2017,July,Santa Cruz (NCC),T6TS,Gas,RUNEX,CAT,TOG,0.006761848117037606
2017,July,Santa Cruz (NCC),T6TS,Gas,RUNEX,CAT,PM10,3.419065139945284e-05
2017,July,Santa Cruz (NCC),T6TS,Gas,RUNEX,CAT,PM2_5,3.143704189077213e-05
2017,July,Santa Cruz (NCC),T6TS,Gas,RUNEX,NCAT,CO,0.014210676897978204
2017,July,Santa Cruz (NCC),T6TS,Gas,RUNEX,NCAT,NOx,0.0004141681943174492
2017,July,Santa Cruz (NCC),T6TS,Gas,RUNEX,NCAT,SOx,2.0315608602305218e-06
2017,July,Santa Cruz (NCC),T6TS,Gas,RUNEX,NCAT,PM,3.987832733190403e-06
2017,July,Santa Cruz (NCC),T6TS,Gas,RUNEX,NCAT,TOG,0.0006837489649681871
2017,July,Santa Cruz (NCC),T6TS,Gas,RUNEX,NCAT,PM10,3.832307256595977e-06
2017,July,Santa Cruz (NCC),T6TS,Gas,RUNEX,NCAT,PM2_5,3.6568426163356e-06
2017,July,Santa Cruz (NCC),T6TS,Gas,IDLEX,CAT,CO,0.00315293596700486
2017,July,Santa Cruz (NCC),T6TS,Gas,IDLEX,CAT,NOx,2.7924982759529834e-05
2017,July,Santa Cruz (NCC),T6TS,Gas,IDLEX,CAT,SOx,1.82990314783679e-06
2017,July,Santa Cruz (NCC),T6TS,Gas,IDLEX,CAT,TOG,0.0004108161789834943
2017,July,Santa Cruz (NCC),T6TS,Gas,IDLEX,NCAT,CO,8.811001699626928e-05
2017,July,Santa Cruz (NCC),T6TS,Gas,IDLEX,NCAT,NOx,7.827425200889109e-07
2017,July,Santa Cruz (NCC),T6TS,Gas,IDLEX,NCAT,SOx,5.534566224074205e-08
2017,July,Santa Cruz (NCC),T6TS,Gas,IDLEX,NCAT,TOG,1.1083318373290924e-05
2017,July,Santa Cruz (NCC),T6TS,Gas,STREX,CAT,CO,0.04712161555743811
2017,July,Santa Cruz (NCC),T6TS,Gas,STREX,CAT,NOx,0.002767201186842193
2017,July,Santa Cruz (NCC),T6TS,Gas,STREX,CAT,SOx,2.8089520867944324e-06
2017,July,Santa Cruz (NCC),T6TS,Gas,STREX,CAT,PM,7.021753786885133e-06
2017,July,Santa Cruz (NCC),T6TS,Gas,STREX,CAT,TOG,0.00218654522728844
2017,July,Santa Cruz (NCC),T6TS,Gas,STREX,CAT,PM10,6.277447885475313e-06
2017,July,Santa Cruz (NCC),T6TS,Gas,STREX,CAT,PM2_5,5.771881612819581e-06
2017,July,Santa Cruz (NCC),T6TS,Gas,STREX,NCAT,CO,2.7262404620404918e-05
2017,July,Santa Cruz (NCC),T6TS,Gas,STREX,NCAT,NOx,0.00011000991562160986
2017,July,Santa Cruz (NCC),T6TS,Gas,STREX,NCAT,SOx,2.6105017726351383e-07
2017,July,Santa Cruz (NCC),T6TS,Gas,STREX,NCAT,PM,2.8936224252009095e-06
2017,July,Santa Cruz (NCC),T6TS,Gas,STREX,NCAT,TOG,0.0006121826494011091
2017,July,Santa Cruz (NCC),T6TS,Gas,STREX,NCAT,PM10,2.780771150618074e-06
2017,July,Santa Cruz (NCC),T6TS,Gas,STREX,NCAT,PM2_5,2.653451763909235e-06
2017,July,Santa Cruz (NCC),T6TS,Gas,HOTSOAK,CAT,TOG,0.0010100131934965334
2017,July,Santa Cruz (NCC),T6TS,Gas,HOTSOAK,NCAT,TOG,0.00023652463422056146
2017,July,Santa Cruz (NCC),T6TS,Gas,RUNLOSS,CAT,TOG,0.006645265385628497
2017,July,Santa Cruz (NCC),T6TS,Gas,RUNLOSS,NCAT,TOG,0.000512462022413956
2017,July,Santa Cruz (NCC),T6TS,Gas,RESTLOSS,CAT,TOG,1.2082795997814563e-05
2017,July,Santa Cruz (NCC),T6TS,Gas,RESTLOSS,NCAT,TOG,1.5864699693423817e-06
2017,July,Santa Cruz (NCC),T6TS,Gas,DIURN,CAT,TOG,2.9166874555852015e-05
2017,July,Santa Cruz (NCC),T6TS,Gas,DIURN,NCAT,TOG,3.4673772018238033e-06
2017,July,Santa Cruz (NCC),T6TS,Gas,PMTW,CAT,PM,0.00015382903076447478
2017,July,Santa Cruz (NCC),T6TS,Gas,PMTW,CAT,PM10,0.00015382903076447478
2017,July,Santa Cruz (NCC),T6TS,Gas,PMTW,CAT,PM2_5,3.8457257691118696e-05
2017,July,Santa Cruz (NCC),T6TS,Gas,PMTW,NCAT,PM,1.1486033059759356e-06
2017,July,Santa Cruz (NCC),T6TS,Gas,PMTW,NCAT,PM10,1.1486033059759356e-06
2017,July,Santa Cruz (NCC),T6TS,Gas,PMTW,NCAT,PM2_5,2.871508264939839e-07
2017,July,Santa Cruz (NCC),T6TS,Gas,PMBW,CAT,PM,0.001704938424306263
2017,July,Santa Cruz (NCC),T6TS,Gas,PMBW,CAT,PM10,0.0016708396558201388
2017,July,Santa Cruz (NCC),T6TS,Gas,PMBW,CAT,PM2_5,0.0007160741382086299
2017,July,Santa Cruz (NCC),T6TS,Gas,PMBW,NCAT,PM,1.2730353307899943e-05
2017,July,Santa Cruz (NCC),T6TS,Gas,PMBW,NCAT,PM10,1.2475746241741943e-05
2017,July,Santa Cruz (NCC),T6TS,Gas,PMBW,NCAT,PM2_5,5.346748389317977e-06
2017,July,Santa Cruz (NCC),T7IS,Gas,RUNEX,CAT,CO,0.000850390621408335
2017,July,Santa Cruz (NCC),T7IS,Gas,RUNEX,CAT,NOx,0.0005357364895188334
2017,July,Santa Cruz (NCC),T7IS,Gas,RUNEX,CAT,SOx,5.43593275577733e-07
2017,July,Santa Cruz (NCC),T7IS,Gas,RUNEX,CAT,PM,1.210143104104364e-07
2017,July,Santa Cruz (NCC),T7IS,Gas,RUNEX,CAT,TOG,6.012474630671986e-05
2017,July,Santa Cruz (NCC),T7IS,Gas,RUNEX,CAT,PM10,1.0818679350693013e-07
2017,July,Santa Cruz (NCC),T7IS,Gas,RUNEX,CAT,PM2_5,9.947376315737872e-08
2017,July,Santa Cruz (NCC),T7IS,Gas,STREX,CAT,CO,1.1030676158518093e-05
2017,July,Santa Cruz (NCC),T7IS,Gas,STREX,CAT,NOx,7.903802249934792e-08
2017,July,Santa Cruz (NCC),T7IS,Gas,STREX,CAT,SOx,5.745740560154502e-09
2017,July,Santa Cruz (NCC),T7IS,Gas,STREX,CAT,PM,1.410164144799905e-08
2017,July,Santa Cruz (NCC),T7IS,Gas,STREX,CAT,TOG,2.025050483074617e-08
2017,July,Santa Cruz (NCC),T7IS,Gas,STREX,CAT,PM10,1.2606867454511153e-08
2017,July,Santa Cruz (NCC),T7IS,Gas,STREX,CAT,PM2_5,1.1591549270255216e-08
2017,July,Santa Cruz (NCC),T7IS,Gas,HOTSOAK,CAT,TOG,3.2238990359263743e-06
2017,July,Santa Cruz (NCC),T7IS,Gas,RUNLOSS,CAT,TOG,2.1074339174565565e-05
2017,July,Santa Cruz (NCC),T7IS,Gas,RESTLOSS,CAT,TOG,3.8636225465883015e-08
2017,July,Santa Cruz (NCC),T7IS,Gas,DIURN,CAT,TOG,7.873212471447704e-08
2017,July,Santa Cruz (NCC),T7IS,Gas,PMTW,CAT,PM,5.002665816304969e-07
2017,July,Santa Cruz (NCC),T7IS,Gas,PMTW,CAT,PM10,5.002665816304969e-07
2017,July,Santa Cruz (NCC),T7IS,Gas,PMTW,CAT,PM2_5,1.2506664540762423e-07
2017,July,Santa Cruz (NCC),T7IS,Gas,PMBW,CAT,PM,1.5758397321360662e-06
2017,July,Santa Cruz (NCC),T7IS,Gas,PMBW,CAT,PM10,1.5443229374933442e-06
2017,July,Santa Cruz (NCC),T7IS,Gas,PMBW,CAT,PM2_5,6.618526874971479e-07
2017,July,Santa Cruz (NCC),LDT1,Dsl,RUNEX,DSL,CO,0.0007136350266877723
2017,July,Santa Cruz (NCC),LDT1,Dsl,RUNEX,DSL,NOx,0.0007415484254427584
2017,July,Santa Cruz (NCC),LDT1,Dsl,RUNEX,DSL,SOx,2.2669184977127324e-06
2017,July,Santa Cruz (NCC),LDT1,Dsl,RUNEX,DSL,PM,0.00011104509410499072
2017,July,Santa Cruz (NCC),LDT1,Dsl,RUNEX,DSL,TOG,0.0001530769061104848
2017,July,Santa Cruz (NCC),LDT1,Dsl,RUNEX,DSL,PM10,0.00011037882354036075
2017,July,Santa Cruz (NCC),LDT1,Dsl,RUNEX,DSL,PM2_5,0.00010560388449384604
2017,July,Santa Cruz (NCC),LDT1,Dsl,PMTW,DSL,PM,4.210814324331834e-06
2017,July,Santa Cruz (NCC),LDT1,Dsl,PMTW,DSL,PM10,4.210814324331834e-06
2017,July,Santa Cruz (NCC),LDT1,Dsl,PMTW,DSL,PM2_5,1.0527035810829585e-06
2017,July,Santa Cruz (NCC),LDT1,Dsl,PMBW,DSL,PM,1.973819214530545e-05
2017,July,Santa Cruz (NCC),LDT1,Dsl,PMBW,DSL,PM10,1.9343428302399366e-05
2017,July,Santa Cruz (NCC),LDT1,Dsl,PMBW,DSL,PM2_5,8.29004070102829e-06
2017,July,Santa Cruz (NCC),LDT2,Dsl,RUNEX,DSL,CO,0.0014463243552262704
2017,July,Santa Cruz (NCC),LDT2,Dsl,RUNEX,DSL,NOx,0.0009491916363870275
2017,July,Santa Cruz (NCC),LDT2,Dsl,RUNEX,DSL,SOx,1.8185811956415182e-05
2017,July,Santa Cruz (NCC),LDT2,Dsl,RUNEX,DSL,PM,0.0001065692454108988
2017,July,Santa Cruz (NCC),LDT2,Dsl,RUNEX,DSL,TOG,0.00025206955842464675
2017,July,Santa Cruz (NCC),LDT2,Dsl,RUNEX,DSL,PM10,0.00010592982993843346
2017,July,Santa Cruz (NCC),LDT2,Dsl,RUNEX,DSL,PM2_5,0.00010134735238576489
2017,July,Santa Cruz (NCC),LDT2,Dsl,PMTW,DSL,PM,4.660214807646466e-05
2017,July,Santa Cruz (NCC),LDT2,Dsl,PMTW,DSL,PM10,4.660214807646466e-05
2017,July,Santa Cruz (NCC),LDT2,Dsl,PMTW,DSL,PM2_5,1.1650537019116166e-05
2017,July,Santa Cruz (NCC),LDT2,Dsl,PMBW,DSL,PM,0.000218447569108428
2017,July,Santa Cruz (NCC),LDT2,Dsl,PMBW,DSL,PM10,0.00021407861772625945
2017,July,Santa Cruz (NCC),LDT2,Dsl,PMBW,DSL,PM2_5,9.174797902553977e-05
2017,July,Santa Cruz (NCC),MDV,Dsl,RUNEX,DSL,CO,0.006181758531713289
2017,July,Santa Cruz (NCC),MDV,Dsl,RUNEX,DSL,NOx,0.0027924908650741945
2017,July,Santa Cruz (NCC),MDV,Dsl,RUNEX,DSL,SOx,7.54875850787916e-05
2017,July,Santa Cruz (NCC),MDV,Dsl,RUNEX,DSL,PM,0.00020272450979591744
2017,July,Santa Cruz (NCC),MDV,Dsl,RUNEX,DSL,TOG,0.0005085421325837827
2017,July,Santa Cruz (NCC),MDV,Dsl,RUNEX,DSL,PM10,0.00020150816273714205
2017,July,Santa Cruz (NCC),MDV,Dsl,RUNEX,DSL,PM2_5,0.00019279100881591755
2017,July,Santa Cruz (NCC),MDV,Dsl,PMTW,DSL,PM,0.0001495488268982028
2017,July,Santa Cruz (NCC),MDV,Dsl,PMTW,DSL,PM10,0.0001495488268982028
2017,July,Santa Cruz (NCC),MDV,Dsl,PMTW,DSL,PM2_5,3.73872067245507e-05
2017,July,Santa Cruz (NCC),MDV,Dsl,PMBW,DSL,PM,0.0007010101260853251
2017,July,Santa Cruz (NCC),MDV,Dsl,PMBW,DSL,PM10,0.000686989923563619
2017,July,Santa Cruz (NCC),MDV,Dsl,PMBW,DSL,PM2_5,0.00029442425295583667
2017,July,Santa Cruz (NCC),LHD1,Dsl,RUNEX,DSL,CO,0.10768775872064301
2017,July,Santa Cruz (NCC),LHD1,Dsl,RUNEX,DSL,NOx,0.4463070693054041
2017,July,Santa Cruz (NCC),LHD1,Dsl,RUNEX,DSL,SOx,0.0005983015263814778
2017,July,Santa Cruz (NCC),LHD1,Dsl,RUNEX,DSL,PM,0.004764201500589676
2017,July,Santa Cruz (NCC),LHD1,Dsl,RUNEX,DSL,TOG,0.027404418785821186
2017,July,Santa Cruz (NCC),LHD1,Dsl,RUNEX,DSL,PM10,0.004735616291586138
2017,July,Santa Cruz (NCC),LHD1,Dsl,RUNEX,DSL,PM2_5,0.004530755627060781
2017,July,Santa Cruz (NCC),LHD1,Dsl,IDLEX,DSL,CO,0.002667138806299235
2017,July,Santa Cruz (NCC),LHD1,Dsl,IDLEX,DSL,NOx,0.007520995274770056
2017,July,Santa Cruz (NCC),LHD1,Dsl,IDLEX,DSL,SOx,3.9390828610826675e-06
2017,July,Santa Cruz (NCC),LHD1,Dsl,IDLEX,DSL,PM,9.051616467173915e-05
2017,July,Santa Cruz (NCC),LHD1,Dsl,IDLEX,DSL,TOG,0.00036633339319769797
2017,July,Santa Cruz (NCC),LHD1,Dsl,IDLEX,DSL,PM10,8.997306768370874e-05
2017,July,Santa Cruz (NCC),LHD1,Dsl,IDLEX,DSL,PM2_5,8.608087260282393e-05
2017,July,Santa Cruz (NCC),LHD1,Dsl,PMTW,DSL,PM,0.0012838909572666058
2017,July,Santa Cruz (NCC),LHD1,Dsl,PMTW,DSL,PM10,0.0012838909572666058
2017,July,Santa Cruz (NCC),LHD1,Dsl,PMTW,DSL,PM2_5,0.00032097273931665145
2017,July,Santa Cruz (NCC),LHD1,Dsl,PMBW,DSL,PM,0.008345291222232955
2017,July,Santa Cruz (NCC),LHD1,Dsl,PMBW,DSL,PM10,0.008178385397788283
2017,July,Santa Cruz (NCC),LHD1,Dsl,PMBW,DSL,PM2_5,0.0035050223133378396
2017,July,Santa Cruz (NCC),LHD2,Dsl,RUNEX,DSL,CO,0.028184818744126813
2017,July,Santa Cruz (NCC),LHD2,Dsl,RUNEX,DSL,NOx,0.10190604700099531
2017,July,Santa Cruz (NCC),LHD2,Dsl,RUNEX,DSL,SOx,0.0002086377436709169
2017,July,Santa Cruz (NCC),LHD2,Dsl,RUNEX,DSL,PM,0.0012334570768769279
2017,July,Santa Cruz (NCC),LHD2,Dsl,RUNEX,DSL,TOG,0.007312827684714023
2017,July,Santa Cruz (NCC),LHD2,Dsl,RUNEX,DSL,PM10,0.0012260563344156626
2017,July,Santa Cruz (NCC),LHD2,Dsl,RUNEX,DSL,PM2_5,0.001173017680109957
2017,July,Santa Cruz (NCC),LHD2,Dsl,IDLEX,DSL,CO,0.0007797021259275457
2017,July,Santa Cruz (NCC),LHD2,Dsl,IDLEX,DSL,NOx,0.0021941407060347274
2017,July,Santa Cruz (NCC),LHD2,Dsl,IDLEX,DSL,SOx,1.8264264731549005e-06
2017,July,Santa Cruz (NCC),LHD2,Dsl,IDLEX,DSL,PM,2.6094244345775368e-05
2017,July,Santa Cruz (NCC),LHD2,Dsl,IDLEX,DSL,TOG,0.00010709263604874821
2017,July,Santa Cruz (NCC),LHD2,Dsl,IDLEX,DSL,PM10,2.5937678879700752e-05
2017,July,Santa Cruz (NCC),LHD2,Dsl,IDLEX,DSL,PM2_5,2.4815626372832402e-05
2017,July,Santa Cruz (NCC),LHD2,Dsl,PMTW,DSL,PM,0.00040034071942119553
2017,July,Santa Cruz (NCC),LHD2,Dsl,PMTW,DSL,PM10,0.00040034071942119553
2017,July,Santa Cruz (NCC),LHD2,Dsl,PMTW,DSL,PM2_5,0.00010008517985529888
2017,July,Santa Cruz (NCC),LHD2,Dsl,PMBW,DSL,PM,0.0030359171222773965
2017,July,Santa Cruz (NCC),LHD2,Dsl,PMBW,DSL,PM10,0.0029751987798318533
2017,July,Santa Cruz (NCC),LHD2,Dsl,PMBW,DSL,PM2_5,0.0012750851913565073
2017,July,Santa Cruz (NCC),LDT1,Elec,HOTSOAK,CAT,TOG,6.602855232174632e-07
2017,July,Santa Cruz (NCC),LDT1,Elec,RESTLOSS,CAT,TOG,8.531711881205931e-08
2017,July,Santa Cruz (NCC),LDT1,Elec,DIURN,CAT,TOG,3.8540531969100976e-07
2017,July,Santa Cruz (NCC),LDT1,Elec,PMTW,CAT,PM,7.301201221167196e-06
2017,July,Santa Cruz (NCC),LDT1,Elec,PMTW,CAT,PM10,7.301201221167196e-06
2017,July,Santa Cruz (NCC),LDT1,Elec,PMTW,CAT,PM2_5,1.825300305291799e-06
2017,July,Santa Cruz (NCC),LDT1,Elec,PMBW,CAT,PM,3.422438072422122e-05
2017,July,Santa Cruz (NCC),LDT1,Elec,PMBW,CAT,PM10,3.353989310973679e-05
2017,July,Santa Cruz (NCC),LDT1,Elec,PMBW,CAT,PM2_5,1.4374239904172914e-05
2017,July,Santa Cruz (NCC),LDT2,Elec,HOTSOAK,CAT,TOG,1.5978462834397086e-06
2017,July,Santa Cruz (NCC),LDT2,Elec,RESTLOSS,CAT,TOG,1.9640052692508768e-07
2017,July,Santa Cruz (NCC),LDT2,Elec,DIURN,CAT,TOG,8.872053923174334e-07
2017,July,Santa Cruz (NCC),LDT2,Elec,PMTW,CAT,PM,1.868361184329685e-05
2017,July,Santa Cruz (NCC),LDT2,Elec,PMTW,CAT,PM10,1.868361184329685e-05
2017,July,Santa Cruz (NCC),LDT2,Elec,PMTW,CAT,PM2_5,4.670902960824212e-06
2017,July,Santa Cruz (NCC),LDT2,Elec,PMBW,CAT,PM,8.7579430515454e-05
2017,July,Santa Cruz (NCC),LDT2,Elec,PMBW,CAT,PM10,8.58278419051449e-05
2017,July,Santa Cruz (NCC),LDT2,Elec,PMBW,CAT,PM2_5,3.678336081649069e-05
2017,July,Santa Cruz (NCC),MDV,Elec,HOTSOAK,CAT,TOG,2.422086750508459e-07
2017,July,Santa Cruz (NCC),MDV,Elec,RESTLOSS,CAT,TOG,3.2856848673271125e-08
2017,July,Santa Cruz (NCC),MDV,Elec,DIURN,CAT,TOG,1.4842512784399466e-07
2017,July,Santa Cruz (NCC),MDV,Elec,PMTW,CAT,PM,2.3171143621209114e-06
2017,July,Santa Cruz (NCC),MDV,Elec,PMTW,CAT,PM10,2.3171143621209114e-06
2017,July,Santa Cruz (NCC),MDV,Elec,PMTW,CAT,PM2_5,5.792785905302279e-07
2017,July,Santa Cruz (NCC),MDV,Elec,PMBW,CAT,PM,1.0861473572441773e-05
2017,July,Santa Cruz (NCC),MDV,Elec,PMBW,CAT,PM10,1.0644244100992935e-05
2017,July,Santa Cruz (NCC),MDV,Elec,PMBW,CAT,PM2_5,4.561818900425545e-06
2017,July,Santa Cruz (NCC),SBUS,Gas,RUNEX,CAT,CO,0.003049905954027829
2017,July,Santa Cruz (NCC),SBUS,Gas,RUNEX,CAT,NOx,0.0007196020059653151
2017,July,Santa Cruz (NCC),SBUS,Gas,RUNEX,CAT,SOx,4.240551418703509e-06
2017,July,Santa Cruz (NCC),SBUS,Gas,RUNEX,CAT,PM,1.9212231963559044e-06
2017,July,Santa Cruz (NCC),SBUS,Gas,RUNEX,CAT,TOG,0.00018936111070177032
2017,July,Santa Cruz (NCC),SBUS,Gas,RUNEX,CAT,PM10,1.7175735375421785e-06
2017,July,Santa Cruz (NCC),SBUS,Gas,RUNEX,CAT,PM2_5,1.5792454674045537e-06
2017,July,Santa Cruz (NCC),SBUS,Gas,IDLEX,CAT,CO,0.0006888779003782268
2017,July,Santa Cruz (NCC),SBUS,Gas,IDLEX,CAT,NOx,7.764578275501866e-06
2017,July,Santa Cruz (NCC),SBUS,Gas,IDLEX,CAT,SOx,2.301211109944736e-07
2017,July,Santa Cruz (NCC),SBUS,Gas,IDLEX,CAT,TOG,0.00012887290098307621
2017,July,Santa Cruz (NCC),SBUS,Gas,STREX,CAT,CO,0.0004889973844887679
2017,July,Santa Cruz (NCC),SBUS,Gas,STREX,CAT,NOx,2.184372709069607e-05
2017,July,Santa Cruz (NCC),SBUS,Gas,STREX,CAT,SOx,2.0449277008669176e-08
2017,July,Santa Cruz (NCC),SBUS,Gas,STREX,CAT,PM,4.4584770448992966e-08
2017,July,Santa Cruz (NCC),SBUS,Gas,STREX,CAT,TOG,2.1087175645586752e-05
2017,July,Santa Cruz (NCC),SBUS,Gas,STREX,CAT,PM10,3.9858784781399716e-08
2017,July,Santa Cruz (NCC),SBUS,Gas,STREX,CAT,PM2_5,3.6648681309072205e-08
2017,July,Santa Cruz (NCC),SBUS,Gas,HOTSOAK,CAT,TOG,8.780463104093372e-06
2017,July,Santa Cruz (NCC),SBUS,Gas,RUNLOSS,CAT,TOG,9.46111403847771e-05
2017,July,Santa Cruz (NCC),SBUS,Gas,RESTLOSS,CAT,TOG,3.0656886387884166e-07
2017,July,Santa Cruz (NCC),SBUS,Gas,DIURN,CAT,TOG,9.59474553498913e-07
2017,July,Santa Cruz (NCC),SBUS,Gas,PMTW,CAT,PM,3.746843724584344e-06
2017,July,Santa Cruz (NCC),SBUS,Gas,PMTW,CAT,PM10,3.746843724584344e-06
2017,July,Santa Cruz (NCC),SBUS,Gas,PMTW,CAT,PM2_5,9.36710931146086e-07
2017,July,Santa Cruz (NCC),SBUS,Gas,PMBW,CAT,PM,0.00035595014915195793
2017,July,Santa Cruz (NCC),SBUS,Gas,PMBW,CAT,PM10,0.00034883114616891873
2017,July,Santa Cruz (NCC),SBUS,Gas,PMBW,CAT,PM2_5,0.00014949906264382238
2017,July,Santa Cruz (NCC),OBUS,Gas,RUNEX,CAT,CO,0.018348206729125086
2017,July,Santa Cruz (NCC),OBUS,Gas,RUNEX,CAT,NOx,0.004816206133097015
2017,July,Santa Cruz (NCC),OBUS,Gas,RUNEX,CAT,SOx,0.00010613260392121075
2017,July,Santa Cruz (NCC),OBUS,Gas,RUNEX,CAT,PM,5.520830631914674e-06
2017,July,Santa Cruz (NCC),OBUS,Gas,RUNEX,CAT,TOG,0.0011336744171053822
2017,July,Santa Cruz (NCC),OBUS,Gas,RUNEX,CAT,PM10,4.935622584931722e-06
2017,July,Santa Cruz (NCC),OBUS,Gas,RUNEX,CAT,PM2_5,4.538122779433864e-06
2017,July,Santa Cruz (NCC),OBUS,Gas,IDLEX,CAT,CO,0.0006138538702742169
2017,July,Santa Cruz (NCC),OBUS,Gas,IDLEX,CAT,NOx,6.916572710356491e-06
2017,July,Santa Cruz (NCC),OBUS,Gas,IDLEX,CAT,SOx,4.1524261169487756e-07
2017,July,Santa Cruz (NCC),OBUS,Gas,IDLEX,CAT,TOG,0.00011552433923953866
2017,July,Santa Cruz (NCC),OBUS,Gas,STREX,CAT,CO,0.008598295715112695
2017,July,Santa Cruz (NCC),OBUS,Gas,STREX,CAT,NOx,0.0007406465623657439
2017,July,Santa Cruz (NCC),OBUS,Gas,STREX,CAT,SOx,6.042691450151751e-07
2017,July,Santa Cruz (NCC),OBUS,Gas,STREX,CAT,PM,5.945383967127521e-07
2017,July,Santa Cruz (NCC),OBUS,Gas,STREX,CAT,TOG,0.00045362451674518117
2017,July,Santa Cruz (NCC),OBUS,Gas,STREX,CAT,PM10,5.315173266611992e-07
2017,July,Santa Cruz (NCC),OBUS,Gas,STREX,CAT,PM2_5,4.887105620978823e-07
2017,July,Santa Cruz (NCC),OBUS,Gas,HOTSOAK,CAT,TOG,6.756223654658203e-05
2017,July,Santa Cruz (NCC),OBUS,Gas,RUNLOSS,CAT,TOG,0.0008698583831230015
2017,July,Santa Cruz (NCC),OBUS,Gas,RESTLOSS,CAT,TOG,2.075181942065135e-06
2017,July,Santa Cruz (NCC),OBUS,Gas,DIURN,CAT,TOG,5.332889473609978e-06
2017,July,Santa Cruz (NCC),OBUS,Gas,PMTW,CAT,PM,6.827866360868005e-05
2017,July,Santa Cruz (NCC),OBUS,Gas,PMTW,CAT,PM10,6.827866360868005e-05
2017,July,Santa Cruz (NCC),OBUS,Gas,PMTW,CAT,PM2_5,1.7069665902170013e-05
2017,July,Santa Cruz (NCC),OBUS,Gas,PMBW,CAT,PM,0.0007567551883295373
2017,July,Santa Cruz (NCC),OBUS,Gas,PMBW,CAT,PM10,0.0007416200845629467
2017,July,Santa Cruz (NCC),OBUS,Gas,PMBW,CAT,PM2_5,0.0003178371790984053
2017,July,Santa Cruz (NCC),MCY,Gas,RUNEX,CAT,CO,0.29850850198363466
2017,July,Santa Cruz (NCC),MCY,Gas,RUNEX,CAT,NOx,0.022731626281400897
2017,July,Santa Cruz (NCC),MCY,Gas,RUNEX,CAT,SOx,4.972385773977663e-05
2017,July,Santa Cruz (NCC),MCY,Gas,RUNEX,CAT,PM,3.648452096332406e-05
2017,July,Santa Cruz (NCC),MCY,Gas,RUNEX,CAT,TOG,0.05935786809197627
2017,July,Santa Cruz (NCC),MCY,Gas,RUNEX,CAT,PM10,3.370345285410514e-05
2017,July,Santa Cruz (NCC),MCY,Gas,RUNEX,CAT,PM2_5,3.1530539750134064e-05
2017,July,Santa Cruz (NCC),MCY,Gas,RUNEX,NCAT,CO,0.9187310153134397
2017,July,Santa Cruz (NCC),MCY,Gas,RUNEX,NCAT,NOx,0.034609509725770836
2017,July,Santa Cruz (NCC),MCY,Gas,RUNEX,NCAT,SOx,6.288456186253115e-05
2017,July,Santa Cruz (NCC),MCY,Gas,RUNEX,NCAT,PM,9.07693132222217e-05
2017,July,Santa Cruz (NCC),MCY,Gas,RUNEX,NCAT,TOG,0.11462580378340882
2017,July,Santa Cruz (NCC),MCY,Gas,RUNEX,NCAT,PM10,8.61430188936616e-05
2017,July,Santa Cruz (NCC),MCY,Gas,RUNEX,NCAT,PM2_5,8.169519670649565e-05
2017,July,Santa Cruz (NCC),MCY,Gas,STREX,CAT,CO,0.02812858867987429
2017,July,Santa Cruz (NCC),MCY,Gas,STREX,CAT,NOx,0.0011367931449344092
2017,July,Santa Cruz (NCC),MCY,Gas,STREX,CAT,SOx,2.5525779015623216e-06
2017,July,Santa Cruz (NCC),MCY,Gas,STREX,CAT,PM,8.763472602088712e-06
2017,July,Santa Cruz (NCC),MCY,Gas,STREX,CAT,TOG,0.007846975395021214
2017,July,Santa Cruz (NCC),MCY,Gas,STREX,CAT,PM10,8.14711280756993e-06
2017,July,Santa Cruz (NCC),MCY,Gas,STREX,CAT,PM2_5,7.646768338972887e-06
2017,July,Santa Cruz (NCC),MCY,Gas,STREX,NCAT,CO,0.09393312629036656
2017,July,Santa Cruz (NCC),MCY,Gas,STREX,NCAT,NOx,0.0026757658005089726
2017,July,Santa Cruz (NCC),MCY,Gas,STREX,NCAT,SOx,6.543708121810494e-06
2017,July,Santa Cruz (NCC),MCY,Gas,STREX,NCAT,PM,7.018126365947167e-05
2017,July,Santa Cruz (NCC),MCY,Gas,STREX,NCAT,TOG,0.024457620838367843
2017,July,Santa Cruz (NCC),MCY,Gas,STREX,NCAT,PM10,6.713162607544923e-05
2017,July,Santa Cruz (NCC),MCY,Gas,STREX,NCAT,PM2_5,6.391302491567953e-05
2017,July,Santa Cruz (NCC),MCY,Gas,HOTSOAK,CAT,TOG,0.0013476725523529445
2017,July,Santa Cruz (NCC),MCY,Gas,HOTSOAK,NCAT,TOG,0.010402680984926454
2017,July,Santa Cruz (NCC),MCY,Gas,RUNLOSS,CAT,TOG,0.003877201866024963
2017,July,Santa Cruz (NCC),MCY,Gas,RUNLOSS,NCAT,TOG,0.04351149324592498
2017,July,Santa Cruz (NCC),MCY,Gas,RESTLOSS,CAT,TOG,0.0010372318073848244
2017,July,Santa Cruz (NCC),MCY,Gas,RESTLOSS,NCAT,TOG,0.005539824936187701
2017,July,Santa Cruz (NCC),MCY,Gas,DIURN,CAT,TOG,0.0024267320974775486
2017,July,Santa Cruz (NCC),MCY,Gas,DIURN,NCAT,TOG,0.01143336947039025
2017,July,Santa Cruz (NCC),MCY,Gas,PMTW,CAT,PM,9.301863975815704e-05
2017,July,Santa Cruz (NCC),MCY,Gas,PMTW,CAT,PM10,9.301863975815704e-05
2017,July,Santa Cruz (NCC),MCY,Gas,PMTW,CAT,PM2_5,2.325465993953926e-05
2017,July,Santa Cruz (NCC),MCY,Gas,PMTW,NCAT,PM,0.0001156806453977986
2017,July,Santa Cruz (NCC),MCY,Gas,PMTW,NCAT,PM10,0.0001156806453977986
2017,July,Santa Cruz (NCC),MCY,Gas,PMTW,NCAT,PM2_5,2.892016134944965e-05
2017,July,Santa Cruz (NCC),MCY,Gas,PMBW,CAT,PM,0.0002790559192744711
2017,July,Santa Cruz (NCC),MCY,Gas,PMBW,CAT,PM10,0.0002734748008889816
2017,July,Santa Cruz (NCC),MCY,Gas,PMBW,CAT,PM2_5,0.00011720348609527793
2017,July,Santa Cruz (NCC),MCY,Gas,PMBW,NCAT,PM,0.0003470419361933965
2017,July,Santa Cruz (NCC),MCY,Gas,PMBW,NCAT,PM10,0.00034010109746952837
2017,July,Santa Cruz (NCC),MCY,Gas,PMBW,NCAT,PM2_5,0.0001457576132012263
2017,July,Santa Cruz (NCC),MH,Gas,RUNEX,CAT,CO,0.038249774867587176
2017,July,Santa Cruz (NCC),MH,Gas,RUNEX,CAT,NOx,0.007212044991801609
2017,July,Santa Cruz (NCC),MH,Gas,RUNEX,CAT,SOx,0.0001470374451665215
2017,July,Santa Cruz (NCC),MH,Gas,RUNEX,CAT,PM,2.5023626093374554e-05
2017,July,Santa Cruz (NCC),MH,Gas,RUNEX,CAT,TOG,0.001970046391786003
2017,July,Santa Cruz (NCC),MH,Gas,RUNEX,CAT,PM10,2.2371121727476856e-05
2017,July,Santa Cruz (NCC),MH,Gas,RUNEX,CAT,PM2_5,2.0569420648753852e-05
2017,July,Santa Cruz (NCC),MH,Gas,RUNEX,NCAT,CO,0.007537612644761681
2017,July,Santa Cruz (NCC),MH,Gas,RUNEX,NCAT,NOx,0.00021416527889146273
2017,July,Santa Cruz (NCC),MH,Gas,RUNEX,NCAT,SOx,1.07539731536817e-06
2017,July,Santa Cruz (NCC),MH,Gas,RUNEX,NCAT,PM,2.1104119327184815e-06
2017,July,Santa Cruz (NCC),MH,Gas,RUNEX,NCAT,TOG,0.000361866685037967
2017,July,Santa Cruz (NCC),MH,Gas,RUNEX,NCAT,PM10,2.0281058673424625e-06
2017,July,Santa Cruz (NCC),MH,Gas,RUNEX,NCAT,PM2_5,1.9352477423028476e-06
2017,July,Santa Cruz (NCC),MH,Gas,STREX,CAT,CO,0.00038694339080268025
2017,July,Santa Cruz (NCC),MH,Gas,STREX,CAT,NOx,3.069815992244989e-05
2017,July,Santa Cruz (NCC),MH,Gas,STREX,CAT,SOx,2.7366638026808083e-08
2017,July,Santa Cruz (NCC),MH,Gas,STREX,CAT,PM,5.972001817101687e-08
2017,July,Santa Cruz (NCC),MH,Gas,STREX,CAT,TOG,1.9190091222244034e-05
2017,July,Santa Cruz (NCC),MH,Gas,STREX,CAT,PM10,5.338969624488907e-08
2017,July,Santa Cruz (NCC),MH,Gas,STREX,CAT,PM2_5,4.908985493657586e-08
2017,July,Santa Cruz (NCC),MH,Gas,STREX,NCAT,CO,1.44745730980805e-07
2017,July,Santa Cruz (NCC),MH,Gas,STREX,NCAT,NOx,5.88927478557564e-07
2017,July,Santa Cruz (NCC),MH,Gas,STREX,NCAT,SOx,1.3393692012930366e-09
2017,July,Santa Cruz (NCC),MH,Gas,STREX,NCAT,PM,1.5968226688154088e-08
2017,July,Santa Cruz (NCC),MH,Gas,STREX,NCAT,TOG,3.2628385816273363e-06
2017,July,Santa Cruz (NCC),MH,Gas,STREX,NCAT,PM10,1.534546584731607e-08
2017,July,Santa Cruz (NCC),MH,Gas,STREX,NCAT,PM2_5,1.4642863873037292e-08
2017,July,Santa Cruz (NCC),MH,Gas,HOTSOAK,CAT,TOG,1.091838673830031e-05
2017,July,Santa Cruz (NCC),MH,Gas,HOTSOAK,NCAT,TOG,4.4926472672387116e-07
2017,July,Santa Cruz (NCC),MH,Gas,RUNLOSS,CAT,TOG,0.0003261867548116495
2017,July,Santa Cruz (NCC),MH,Gas,RUNLOSS,NCAT,TOG,3.6310575846959847e-06
2017,July,Santa Cruz (NCC),MH,Gas,RESTLOSS,CAT,TOG,5.1223962956471846e-05
2017,July,Santa Cruz (NCC),MH,Gas,RESTLOSS,NCAT,TOG,1.648900910291052e-06
2017,July,Santa Cruz (NCC),MH,Gas,DIURN,CAT,TOG,0.00015999621922769698
2017,July,Santa Cruz (NCC),MH,Gas,DIURN,NCAT,TOG,4.647973169215708e-06
2017,July,Santa Cruz (NCC),MH,Gas,PMTW,CAT,PM,9.474416725151781e-05
2017,July,Santa Cruz (NCC),MH,Gas,PMTW,CAT,PM10,9.474416725151781e-05
2017,July,Santa Cruz (NCC),MH,Gas,PMTW,CAT,PM2_5,2.3686041812879453e-05
2017,July,Santa Cruz (NCC),MH,Gas,PMTW,NCAT,PM,6.078555157834333e-07
2017,July,Santa Cruz (NCC),MH,Gas,PMTW,NCAT,PM10,6.078555157834333e-07
2017,July,Santa Cruz (NCC),MH,Gas,PMTW,NCAT,PM2_5,1.5196387894585832e-07
2017,July,Santa Cruz (NCC),MH,Gas,PMBW,CAT,PM,0.0010500811870376553
2017,July,Santa Cruz (NCC),MH,Gas,PMBW,CAT,PM10,0.0010290795632969015
2017,July,Santa Cruz (NCC),MH,Gas,PMBW,CAT,PM2_5,0.0004410340985558157
2017,July,Santa Cruz (NCC),MH,Gas,PMBW,NCAT,PM,6.737065299933053e-06
2017,July,Santa Cruz (NCC),MH,Gas,PMBW,NCAT,PM10,6.602323993934393e-06
2017,July,Santa Cruz (NCC),MH,Gas,PMBW,NCAT,PM2_5,2.829567425971882e-06
2017,July,Santa Cruz (NCC),MH,Dsl,RUNEX,DSL,CO,0.001451297511938834
2017,July,Santa Cruz (NCC),MH,Dsl,RUNEX,DSL,NOx,0.015071533936005072
2017,July,Santa Cruz (NCC),MH,Dsl,RUNEX,DSL,SOx,2.803980291735584e-05
2017,July,Santa Cruz (NCC),MH,Dsl,RUNEX,DSL,PM,0.00041928144470825034
2017,July,Santa Cruz (NCC),MH,Dsl,RUNEX,DSL,TOG,0.00044126079109500186
2017,July,Santa Cruz (NCC),MH,Dsl,RUNEX,DSL,PM10,0.0004167657560400009
2017,July,Santa Cruz (NCC),MH,Dsl,RUNEX,DSL,PM2_5,0.0003987366539175459
2017,July,Santa Cruz (NCC),MH,Dsl,PMTW,DSL,PM,4.4109899176889305e-05
2017,July,Santa Cruz (NCC),MH,Dsl,PMTW,DSL,PM10,4.4109899176889305e-05
2017,July,Santa Cruz (NCC),MH,Dsl,PMTW,DSL,PM2_5,1.1027474794222326e-05
2017,July,Santa Cruz (NCC),MH,Dsl,PMBW,DSL,PM,0.0003666635369078916
2017,July,Santa Cruz (NCC),MH,Dsl,PMBW,DSL,PM10,0.0003593302661697347
2017,July,Santa Cruz (NCC),MH,Dsl,PMBW,DSL,PM2_5,0.00015399868550131467
2017,July,Santa Cruz (NCC),UBUS,Gas,RUNEX,CAT,CO,7.035753111115372e-05
2017,July,Santa Cruz (NCC),UBUS,Gas,RUNEX,CAT,NOx,4.645927980511504e-05
2017,July,Santa Cruz (NCC),UBUS,Gas,RUNEX,CAT,SOx,4.972292403071141e-06
2017,July,Santa Cruz (NCC),UBUS,Gas,RUNEX,CAT,PM,4.405950934616927e-07
2017,July,Santa Cruz (NCC),UBUS,Gas,RUNEX,CAT,TOG,7.3850131299661225e-06
2017,July,Santa Cruz (NCC),UBUS,Gas,RUNEX,CAT,PM10,3.9389201355475326e-07
2017,July,Santa Cruz (NCC),UBUS,Gas,RUNEX,CAT,PM2_5,3.621691668255114e-07
2017,July,Santa Cruz (NCC),UBUS,Gas,STREX,CAT,CO,0.0002553404099559653
2017,July,Santa Cruz (NCC),UBUS,Gas,STREX,CAT,NOx,2.1854731145633706e-05
2017,July,Santa Cruz (NCC),UBUS,Gas,STREX,CAT,SOx,2.8682644476759547e-08
2017,July,Santa Cruz (NCC),UBUS,Gas,STREX,CAT,PM,2.34309532554118e-08
2017,July,Santa Cruz (NCC),UBUS,Gas,STREX,CAT,TOG,1.4300178546440206e-05
2017,July,Santa Cruz (NCC),UBUS,Gas,STREX,CAT,PM10,2.0947272210338146e-08
2017,July,Santa Cruz (NCC),UBUS,Gas,STREX,CAT,PM2_5,1.926024357594849e-08
2017,July,Santa Cruz (NCC),UBUS,Gas,HOTSOAK,CAT,TOG,1.30624086294415e-06
2017,July,Santa Cruz (NCC),UBUS,Gas,RUNLOSS,CAT,TOG,5.948891052839175e-06
2017,July,Santa Cruz (NCC),UBUS,Gas,RESTLOSS,CAT,TOG,4.458983476425776e-08
2017,July,Santa Cruz (NCC),UBUS,Gas,DIURN,CAT,TOG,7.501220421605282e-08
2017,July,Santa Cruz (NCC),UBUS,Gas,PMTW,CAT,PM,2.674561551231686e-06
2017,July,Santa Cruz (NCC),UBUS,Gas,PMTW,CAT,PM10,2.674561551231686e-06
2017,July,Santa Cruz (NCC),UBUS,Gas,PMTW,CAT,PM2_5,6.686403878079215e-07
2017,July,Santa Cruz (NCC),UBUS,Gas,PMBW,CAT,PM,2.964305719281785e-05
2017,July,Santa Cruz (NCC),UBUS,Gas,PMBW,CAT,PM10,2.9050196048961497e-05
2017,July,Santa Cruz (NCC),UBUS,Gas,PMBW,CAT,PM2_5,1.2450084020983492e-05
2017,July,Santa Cruz (NCC),UBUS,Dsl,RUNEX,DSL,CO,0.00018294772040180216
2017,July,Santa Cruz (NCC),UBUS,Dsl,RUNEX,DSL,NOx,0.0011786091305411271
2017,July,Santa Cruz (NCC),UBUS,Dsl,RUNEX,DSL,SOx,2.150711192477103e-05
2017,July,Santa Cruz (NCC),UBUS,Dsl,RUNEX,DSL,PM,8.969043671634907e-06
2017,July,Santa Cruz (NCC),UBUS,Dsl,RUNEX,DSL,TOG,0.00011170655755393289
2017,July,Santa Cruz (NCC),UBUS,Dsl,RUNEX,DSL,PM10,8.915229409605096e-06
2017,July,Santa Cruz (NCC),UBUS,Dsl,RUNEX,DSL,PM2_5,8.529560531724795e-06
2017,July,Santa Cruz (NCC),UBUS,Dsl,PMTW,DSL,PM,4.561125613603007e-05
2017,July,Santa Cruz (NCC),UBUS,Dsl,PMTW,DSL,PM10,4.561125613603007e-05
2017,July,Santa Cruz (NCC),UBUS,Dsl,PMTW,DSL,PM2_5,1.1402814034007518e-05
2017,July,Santa Cruz (NCC),UBUS,Dsl,PMBW,DSL,PM,0.0001430169199029868
2017,July,Santa Cruz (NCC),UBUS,Dsl,PMBW,DSL,PM10,0.00014015658150492703
2017,July,Santa Cruz (NCC),UBUS,Dsl,PMBW,DSL,PM2_5,6.0067106359254465e-05
2017,July,Santa Cruz (NCC),UBUS,NG,RUNEX,DSL,CO,0.37060290899087583
2017,July,Santa Cruz (NCC),UBUS,NG,RUNEX,DSL,NOx,0.06029345218950028
2017,July,Santa Cruz (NCC),UBUS,NG,RUNEX,DSL,PM,7.891254392443337e-05
2017,July,Santa Cruz (NCC),UBUS,NG,RUNEX,DSL,TOG,0.10956648651528902
2017,July,Santa Cruz (NCC),UBUS,NG,RUNEX,DSL,PM10,7.84390686608868e-05
2017,July,Santa Cruz (NCC),UBUS,NG,RUNEX,DSL,PM2_5,7.504582927213613e-05
2017,July,Santa Cruz (NCC),UBUS,NG,PMTW,DSL,PM,0.0003717020804286581
2017,July,Santa Cruz (NCC),UBUS,NG,PMTW,DSL,PM10,0.0003717020804286581
2017,July,Santa Cruz (NCC),UBUS,NG,PMTW,DSL,PM2_5,9.292552010716453e-05
2017,July,Santa Cruz (NCC),UBUS,NG,PMBW,DSL,PM,0.0010287031934688008
2017,July,Santa Cruz (NCC),UBUS,NG,PMBW,DSL,PM10,0.0010081291295994243
2017,July,Santa Cruz (NCC),UBUS,NG,PMBW,DSL,PM2_5,0.00043205534125689593
2017,July,Santa Cruz (NCC),SBUS,Dsl,RUNEX,DSL,CO,0.001984642591885734
2017,July,Santa Cruz (NCC),SBUS,Dsl,RUNEX,DSL,NOx,0.05027132627162716
2017,July,Santa Cruz (NCC),SBUS,Dsl,RUNEX,DSL,PM,0.00035105947955409823
2017,July,Santa Cruz (NCC),SBUS,Dsl,RUNEX,DSL,PM10,0.00034895312267677357
2017,July,Santa Cruz (NCC),SBUS,Dsl,RUNEX,DSL,PM2_5,0.0003338575650559473
2017,July,Santa Cruz (NCC),SBUS,Dsl,IDLEX,DSL,CO,0.0012142220877760749
2017,July,Santa Cruz (NCC),SBUS,Dsl,IDLEX,DSL,NOx,0.008959257888034606
2017,July,Santa Cruz (NCC),SBUS,Dsl,IDLEX,DSL,PM,1.3429231251670793e-05
2017,July,Santa Cruz (NCC),SBUS,Dsl,IDLEX,DSL,PM10,1.334865586416076e-05
2017,July,Santa Cruz (NCC),SBUS,Dsl,IDLEX,DSL,PM2_5,1.2771198920338924e-05
2017,July,Santa Cruz (NCC),SBUS,Dsl,STREX,DSL,NOx,0.001973896175991638
2017,July,Santa Cruz (NCC),SBUS,Dsl,PMTW,DSL,PM,8.303296643533824e-05
2017,July,Santa Cruz (NCC),SBUS,Dsl,PMTW,DSL,PM10,8.303296643533824e-05
2017,July,Santa Cruz (NCC),SBUS,Dsl,PMTW,DSL,PM2_5,2.075824160883456e-05
2017,July,Santa Cruz (NCC),SBUS,Dsl,PMBW,DSL,PM,0.005258754540904755
2017,July,Santa Cruz (NCC),SBUS,Dsl,PMBW,DSL,PM10,0.005153579450086663
2017,July,Santa Cruz (NCC),SBUS,Dsl,PMBW,DSL,PM2_5,0.002208676907179995
2017,July,Santa Cruz (NCC),SBUS,Dsl,RUNEX,DSL,SOx,7.710341617985984e-05
2017,July,Santa Cruz (NCC),SBUS,Dsl,IDLEX,DSL,SOx,7.699545667570384e-06
2017,July,Santa Cruz (NCC),SBUS,Dsl,RUNEX,DSL,TOG,0.0008892406139447069
2017,July,Santa Cruz (NCC),SBUS,Dsl,IDLEX,DSL,TOG,8.342361456944799e-05
2017,     ,Santa Cruz (NCC),LDA,Dsl,RUNEX,DSL,NH3,0.000183528
2017,     ,Santa Cruz (NCC),LDA,Gas,RUNEX,CAT,NH3,0.090092047
2017,     ,Santa Cruz (NCC),LDT1,Dsl,RUNEX,DSL,NH3,1.63023e-06
2017,     ,Santa Cruz (NCC),LDT1,Gas,RUNEX,CAT,NH3,0.011700335
2017,     ,Santa Cruz (NCC),LDT2,Dsl,RUNEX,DSL,NH3,1.80421e-05
2017,     ,Santa Cruz (NCC),LDT2,Gas,RUNEX,CAT,NH3,0.046667569
2017,     ,Santa Cruz (NCC),LHD1,Dsl,RUNEX,DSL,NH3,0.009507382
2017,     ,Santa Cruz (NCC),LHD1,Gas,RUNEX,CAT,NH3,0.005678186
2017,     ,Santa Cruz (NCC),LHD2,Dsl,RUNEX,DSL,NH3,0.003913287
2017,     ,Santa Cruz (NCC),LHD2,Gas,RUNEX,CAT,NH3,0.000709518
2017,     ,Santa Cruz (NCC),MCY,Gas,RUNEX,CAT,NH3,0.000802715
2017,     ,Santa Cruz (NCC),MDV,Dsl,RUNEX,DSL,NH3,5.78981e-05
2017,     ,Santa Cruz (NCC),MDV,Gas,RUNEX,CAT,NH3,0.029400254
2017,     ,Santa Cruz (NCC),MH,Dsl,RUNEX,DSL,NH3,7.44705e-05
2017,     ,Santa Cruz (NCC),MH,Gas,RUNEX,CAT,NH3,0.000347821
2017,     ,Santa Cruz (NCC),OBUS,Gas,RUNEX,CAT,NH3,0.000255675
2017,     ,Santa Cruz (NCC),SBUS,Gas,RUNEX,CAT,NH3,2.10861e-05
2017,     ,Santa Cruz (NCC),T6TS,Gas,RUNEX,CAT,NH3,0.000568099
2017,     ,Santa Cruz (NCC),T7IS,Gas,RUNEX,CAT,NH3,1.12459e-06
2017,     ,Santa Cruz (NCC),UBUS,Dsl,RUNEX,DSL,NH3,0.000361169
2017,     ,Santa Cruz (NCC),UBUS,Gas,RUNEX,CAT,NH3,8.83149e-06
2017,     ,Santa Cruz (NCC),UBUS,NG,RUNEX,DSL,NH3,0.000339258
