calendar_year,season_month,sub_area,vehicle_class,fuel,process,cat_ncat,pollutant,emission
2017,July,Sierra (MC),LDA,Gas,RUNEX,CAT,CO,0.3112776926224629
2017,July,Sierra (MC),LDA,Gas,RUNEX,CAT,NOx,0.021111302763946512
2017,July,Sierra (MC),LDA,Gas,RUNEX,CAT,SOx,0.0006931286484353654
2017,July,Sierra (MC),LDA,Gas,RUNEX,CAT,PM,0.0005557811560891083
2017,July,Sierra (MC),LDA,Gas,RUNEX,CAT,TOG,0.011924111452500072
2017,July,Sierra (MC),LDA,Gas,RUNEX,CAT,PM10,0.0004969375475528337
2017,July,Sierra (MC),LDA,Gas,RUNEX,CAT,PM2_5,0.00045695022121377307
2017,July,Sierra (MC),LDA,Gas,RUNEX,NCAT,CO,0.008864216998247628
2017,July,Sierra (MC),LDA,Gas,RUNEX,NCAT,NOx,0.0007175448341272871
2017,July,Sierra (MC),LDA,Gas,RUNEX,NCAT,SOx,9.047562287049111e-07
2017,July,Sierra (MC),LDA,Gas,RUNEX,NCAT,PM,1.0002175624552399e-05
2017,July,Sierra (MC),LDA,Gas,RUNEX,NCAT,TOG,0.0010206053584194113
2017,July,Sierra (MC),LDA,Gas,RUNEX,NCAT,PM10,9.542896766023736e-06
2017,July,Sierra (MC),LDA,Gas,RUNEX,NCAT,PM2_5,9.073884139188338e-06
2017,July,Sierra (MC),LDA,Gas,STREX,CAT,CO,0.05798845693105742
2017,July,Sierra (MC),LDA,Gas,STREX,CAT,NOx,0.006645761858698523
2017,July,Sierra (MC),LDA,Gas,STREX,CAT,SOx,1.4579566320526294e-05
2017,July,Sierra (MC),LDA,Gas,STREX,CAT,PM,6.186711830740422e-05
2017,July,Sierra (MC),LDA,Gas,STREX,CAT,TOG,0.01086110437034
2017,July,Sierra (MC),LDA,Gas,STREX,CAT,PM10,5.533025225045849e-05
2017,July,Sierra (MC),LDA,Gas,STREX,CAT,PM2_5,5.088461611354768e-05
2017,July,Sierra (MC),LDA,Gas,STREX,NCAT,CO,0.0012427288838135061
2017,July,Sierra (MC),LDA,Gas,STREX,NCAT,NOx,7.184077657252711e-05
2017,July,Sierra (MC),LDA,Gas,STREX,NCAT,SOx,1.1139301633232557e-07
2017,July,Sierra (MC),LDA,Gas,STREX,NCAT,PM,2.9858693164039608e-06
2017,July,Sierra (MC),LDA,Gas,STREX,NCAT,TOG,0.00021126377666847698
2017,July,Sierra (MC),LDA,Gas,STREX,NCAT,PM10,2.8483719294251333e-06
2017,July,Sierra (MC),LDA,Gas,STREX,NCAT,PM2_5,2.7081972982810564e-06
2017,July,Sierra (MC),LDA,Gas,HOTSOAK,CAT,TOG,0.004809073569614932
2017,July,Sierra (MC),LDA,Gas,HOTSOAK,NCAT,TOG,0.00017410981739178719
2017,July,Sierra (MC),LDA,Gas,RUNLOSS,CAT,TOG,0.007985649178952108
2017,July,Sierra (MC),LDA,Gas,RUNLOSS,NCAT,TOG,0.0008287173335195102
2017,July,Sierra (MC),LDA,Gas,RESTLOSS,CAT,TOG,0.002250213374736334
2017,July,Sierra (MC),LDA,Gas,RESTLOSS,NCAT,TOG,0.00010427124958495347
2017,July,Sierra (MC),LDA,Gas,DIURN,CAT,TOG,0.0026307646277381235
2017,July,Sierra (MC),LDA,Gas,DIURN,NCAT,TOG,0.00012775650111074044
2017,July,Sierra (MC),LDA,Gas,PMTW,CAT,PM,0.0016405858982416533
2017,July,Sierra (MC),LDA,Gas,PMTW,CAT,PM10,0.0016405858982416533
2017,July,Sierra (MC),LDA,Gas,PMTW,CAT,PM2_5,0.00041014647456041333
2017,July,Sierra (MC),LDA,Gas,PMTW,NCAT,PM,1.0917734421566364e-06
2017,July,Sierra (MC),LDA,Gas,PMTW,NCAT,PM10,1.0917734421566364e-06
2017,July,Sierra (MC),LDA,Gas,PMTW,NCAT,PM2_5,2.729433605391591e-07
2017,July,Sierra (MC),LDA,Gas,PMBW,CAT,PM,0.007690246398007748
2017,July,Sierra (MC),LDA,Gas,PMBW,CAT,PM10,0.007536441470047594
2017,July,Sierra (MC),LDA,Gas,PMBW,CAT,PM2_5,0.0032299034871632556
2017,July,Sierra (MC),LDA,Gas,PMBW,NCAT,PM,5.117688010109234e-06
2017,July,Sierra (MC),LDA,Gas,PMBW,NCAT,PM10,5.015334249907042e-06
2017,July,Sierra (MC),LDA,Gas,PMBW,NCAT,PM2_5,2.1494289642458743e-06
2017,July,Sierra (MC),LDA,Dsl,RUNEX,DSL,CO,0.0009340981935983743
2017,July,Sierra (MC),LDA,Dsl,RUNEX,DSL,NOx,0.0003032599732711594
2017,July,Sierra (MC),LDA,Dsl,RUNEX,DSL,SOx,4.85196037751381e-06
2017,July,Sierra (MC),LDA,Dsl,RUNEX,DSL,PM,2.3350463250155885e-05
2017,July,Sierra (MC),LDA,Dsl,RUNEX,DSL,TOG,7.570547458776248e-05
2017,July,Sierra (MC),LDA,Dsl,RUNEX,DSL,PM10,2.321036047065495e-05
2017,July,Sierra (MC),LDA,Dsl,RUNEX,DSL,PM2_5,2.2206290550898262e-05
2017,July,Sierra (MC),LDA,Dsl,PMTW,DSL,PM,1.6026815307548147e-05
2017,July,Sierra (MC),LDA,Dsl,PMTW,DSL,PM10,1.6026815307548147e-05
2017,July,Sierra (MC),LDA,Dsl,PMTW,DSL,PM2_5,4.006703826887037e-06
2017,July,Sierra (MC),LDA,Dsl,PMBW,DSL,PM,7.5125696754132e-05
2017,July,Sierra (MC),LDA,Dsl,PMBW,DSL,PM10,7.362318281904935e-05
2017,July,Sierra (MC),LDA,Dsl,PMBW,DSL,PM2_5,3.1552792636735414e-05
2017,July,Sierra (MC),LDA,Elec,HOTSOAK,CAT,TOG,2.2889856382603709e-07
2017,July,Sierra (MC),LDA,Elec,RESTLOSS,CAT,TOG,9.132913849744005e-08
2017,July,Sierra (MC),LDA,Elec,DIURN,CAT,TOG,2.337448936009327e-07
2017,July,Sierra (MC),LDA,Elec,PMTW,CAT,PM,3.02906149208665e-06
2017,July,Sierra (MC),LDA,Elec,PMTW,CAT,PM10,3.02906149208665e-06
2017,July,Sierra (MC),LDA,Elec,PMTW,CAT,PM2_5,7.572653730216626e-07
2017,July,Sierra (MC),LDA,Elec,PMBW,CAT,PM,1.4198725744156176e-05
2017,July,Sierra (MC),LDA,Elec,PMBW,CAT,PM10,1.3914751229273049e-05
2017,July,Sierra (MC),LDA,Elec,PMBW,CAT,PM2_5,5.963464812545592e-06
2017,July,Sierra (MC),LDT1,Gas,RUNEX,CAT,CO,0.10393714146559745
2017,July,Sierra (MC),LDT1,Gas,RUNEX,CAT,NOx,0.00902884849686689
2017,July,Sierra (MC),LDT1,Gas,RUNEX,CAT,SOx,0.00011023921005293806
2017,July,Sierra (MC),LDT1,Gas,RUNEX,CAT,PM,0.00015831326467357842
2017,July,Sierra (MC),LDT1,Gas,RUNEX,CAT,TOG,0.004711393452316108
2017,July,Sierra (MC),LDT1,Gas,RUNEX,CAT,PM10,0.00014167906619692874
2017,July,Sierra (MC),LDT1,Gas,RUNEX,CAT,PM2_5,0.00013034194714349053
2017,July,Sierra (MC),LDT1,Gas,RUNEX,NCAT,CO,0.007353136489379224
2017,July,Sierra (MC),LDT1,Gas,RUNEX,NCAT,NOx,0.0006115193026103194
2017,July,Sierra (MC),LDT1,Gas,RUNEX,NCAT,SOx,7.849326144922961e-07
2017,July,Sierra (MC),LDT1,Gas,RUNEX,NCAT,PM,8.834148099133059e-06
2017,July,Sierra (MC),LDT1,Gas,RUNEX,NCAT,TOG,0.0008586032587171766
2017,July,Sierra (MC),LDT1,Gas,RUNEX,NCAT,PM10,8.342608744517284e-06
2017,July,Sierra (MC),LDT1,Gas,RUNEX,NCAT,PM2_5,7.892470225095908e-06
2017,July,Sierra (MC),LDT1,Gas,STREX,CAT,CO,0.010770278745686116
2017,July,Sierra (MC),LDT1,Gas,STREX,CAT,NOx,0.0016385951331561318
2017,July,Sierra (MC),LDT1,Gas,STREX,CAT,SOx,2.603766084573784e-06
2017,July,Sierra (MC),LDT1,Gas,STREX,CAT,PM,1.8247472109609243e-05
2017,July,Sierra (MC),LDT1,Gas,STREX,CAT,TOG,0.002980897836570203
2017,July,Sierra (MC),LDT1,Gas,STREX,CAT,PM10,1.6344146767522975e-05
2017,July,Sierra (MC),LDT1,Gas,STREX,CAT,PM2_5,1.504324500910732e-05
2017,July,Sierra (MC),LDT1,Gas,STREX,NCAT,CO,0.0008545909204243148
2017,July,Sierra (MC),LDT1,Gas,STREX,NCAT,NOx,3.826249407066298e-05
2017,July,Sierra (MC),LDT1,Gas,STREX,NCAT,SOx,6.364555784914297e-08
2017,July,Sierra (MC),LDT1,Gas,STREX,NCAT,PM,1.7697376996266774e-06
2017,July,Sierra (MC),LDT1,Gas,STREX,NCAT,TOG,0.00012993871473674057
2017,July,Sierra (MC),LDT1,Gas,STREX,NCAT,PM10,1.6698112278088799e-06
2017,July,Sierra (MC),LDT1,Gas,STREX,NCAT,PM2_5,1.579026535549097e-06
2017,July,Sierra (MC),LDT1,Gas,HOTSOAK,CAT,TOG,0.001726537075545658
2017,July,Sierra (MC),LDT1,Gas,HOTSOAK,NCAT,TOG,9.263634235140611e-05
2017,July,Sierra (MC),LDT1,Gas,RUNLOSS,CAT,TOG,0.006197913608854601
2017,July,Sierra (MC),LDT1,Gas,RUNLOSS,NCAT,TOG,0.00021554044896067814
2017,July,Sierra (MC),LDT1,Gas,RESTLOSS,CAT,TOG,0.0008765546911711662
2017,July,Sierra (MC),LDT1,Gas,RESTLOSS,NCAT,TOG,5.633776934335854e-05
2017,July,Sierra (MC),LDT1,Gas,DIURN,CAT,TOG,0.0011363499675429278
2017,July,Sierra (MC),LDT1,Gas,DIURN,NCAT,TOG,6.855512908283676e-05
2017,July,Sierra (MC),LDT1,Gas,PMTW,CAT,PM,0.00022183830675826953
2017,July,Sierra (MC),LDT1,Gas,PMTW,CAT,PM10,0.00022183830675826953
2017,July,Sierra (MC),LDT1,Gas,PMTW,CAT,PM2_5,5.545957668956738e-05
2017,July,Sierra (MC),LDT1,Gas,PMTW,NCAT,PM,9.646183706395433e-07
2017,July,Sierra (MC),LDT1,Gas,PMTW,NCAT,PM10,9.646183706395433e-07
2017,July,Sierra (MC),LDT1,Gas,PMTW,NCAT,PM2_5,2.4115459265988583e-07
2017,July,Sierra (MC),LDT1,Gas,PMBW,CAT,PM,0.001039867062929387
2017,July,Sierra (MC),LDT1,Gas,PMBW,CAT,PM10,0.0010190697216707998
2017,July,Sierra (MC),LDT1,Gas,PMBW,CAT,PM2_5,0.0004367441664303425
2017,July,Sierra (MC),LDT1,Gas,PMBW,NCAT,PM,4.521648612372861e-06
2017,July,Sierra (MC),LDT1,Gas,PMBW,NCAT,PM10,4.431215640125405e-06
2017,July,Sierra (MC),LDT1,Gas,PMBW,NCAT,PM2_5,1.8990924171966017e-06
2017,July,Sierra (MC),LDT2,Gas,RUNEX,CAT,CO,0.21633204799916014
2017,July,Sierra (MC),LDT2,Gas,RUNEX,CAT,NOx,0.022499442527425507
2017,July,Sierra (MC),LDT2,Gas,RUNEX,CAT,SOx,0.000401101963895919
2017,July,Sierra (MC),LDT2,Gas,RUNEX,CAT,PM,0.00028789547229767756
2017,July,Sierra (MC),LDT2,Gas,RUNEX,CAT,TOG,0.008991287199275284
2017,July,Sierra (MC),LDT2,Gas,RUNEX,CAT,PM10,0.0002575091987845927
2017,July,Sierra (MC),LDT2,Gas,RUNEX,CAT,PM2_5,0.00023683532333756507
2017,July,Sierra (MC),LDT2,Gas,RUNEX,NCAT,CO,0.006268428810056501
2017,July,Sierra (MC),LDT2,Gas,RUNEX,NCAT,NOx,0.0005076090854831906
2017,July,Sierra (MC),LDT2,Gas,RUNEX,NCAT,SOx,6.638038432203087e-07
2017,July,Sierra (MC),LDT2,Gas,RUNEX,NCAT,PM,7.414957657184572e-06
2017,July,Sierra (MC),LDT2,Gas,RUNEX,NCAT,TOG,0.000698684886325354
2017,July,Sierra (MC),LDT2,Gas,RUNEX,NCAT,PM10,6.995127758085313e-06
2017,July,Sierra (MC),LDT2,Gas,RUNEX,NCAT,PM2_5,6.614271062764203e-06
2017,July,Sierra (MC),LDT2,Gas,STREX,CAT,CO,0.035778531832352745
2017,July,Sierra (MC),LDT2,Gas,STREX,CAT,NOx,0.005699565961906575
2017,July,Sierra (MC),LDT2,Gas,STREX,CAT,SOx,9.019598703465208e-06
2017,July,Sierra (MC),LDT2,Gas,STREX,CAT,PM,3.1858083402455304e-05
2017,July,Sierra (MC),LDT2,Gas,STREX,CAT,TOG,0.007259531994977821
2017,July,Sierra (MC),LDT2,Gas,STREX,CAT,PM10,2.8507936262219066e-05
2017,July,Sierra (MC),LDT2,Gas,STREX,CAT,PM2_5,2.6225358311150865e-05
2017,July,Sierra (MC),LDT2,Gas,STREX,NCAT,CO,0.0007053599247154066
2017,July,Sierra (MC),LDT2,Gas,STREX,NCAT,NOx,2.9196767518236497e-05
2017,July,Sierra (MC),LDT2,Gas,STREX,NCAT,SOx,5.0048259242884235e-08
2017,July,Sierra (MC),LDT2,Gas,STREX,NCAT,PM,1.3879993365200687e-06
2017,July,Sierra (MC),LDT2,Gas,STREX,NCAT,TOG,9.918670869572497e-05
2017,July,Sierra (MC),LDT2,Gas,STREX,NCAT,PM10,1.3070576619717378e-06
2017,July,Sierra (MC),LDT2,Gas,STREX,NCAT,PM2_5,1.2347816372562988e-06
2017,July,Sierra (MC),LDT2,Gas,HOTSOAK,CAT,TOG,0.0029713569034128143
2017,July,Sierra (MC),LDT2,Gas,HOTSOAK,NCAT,TOG,7.267438622718057e-05
2017,July,Sierra (MC),LDT2,Gas,RUNLOSS,CAT,TOG,0.010399280618914507
2017,July,Sierra (MC),LDT2,Gas,RUNLOSS,NCAT,TOG,0.00016623746324840008
2017,July,Sierra (MC),LDT2,Gas,RESTLOSS,CAT,TOG,0.0015172037963175518
2017,July,Sierra (MC),LDT2,Gas,RESTLOSS,NCAT,TOG,4.5878232405425596e-05
2017,July,Sierra (MC),LDT2,Gas,DIURN,CAT,TOG,0.0017690119529457076
2017,July,Sierra (MC),LDT2,Gas,DIURN,NCAT,TOG,5.5022830887622895e-05
2017,July,Sierra (MC),LDT2,Gas,PMTW,CAT,PM,0.0007210835456373366
2017,July,Sierra (MC),LDT2,Gas,PMTW,CAT,PM10,0.0007210835456373366
2017,July,Sierra (MC),LDT2,Gas,PMTW,CAT,PM2_5,0.00018027088640933415
2017,July,Sierra (MC),LDT2,Gas,PMTW,NCAT,PM,8.095804191501875e-07
2017,July,Sierra (MC),LDT2,Gas,PMTW,NCAT,PM10,8.095804191501875e-07
2017,July,Sierra (MC),LDT2,Gas,PMTW,NCAT,PM2_5,2.0239510478754687e-07
2017,July,Sierra (MC),LDT2,Gas,PMBW,CAT,PM,0.0033800791201750156
2017,July,Sierra (MC),LDT2,Gas,PMBW,CAT,PM10,0.003312477537771515
2017,July,Sierra (MC),LDT2,Gas,PMBW,CAT,PM2_5,0.0014196332304735073
2017,July,Sierra (MC),LDT2,Gas,PMBW,NCAT,PM,3.7949082147665024e-06
2017,July,Sierra (MC),LDT2,Gas,PMBW,NCAT,PM10,3.7190100504711694e-06
2017,July,Sierra (MC),LDT2,Gas,PMBW,NCAT,PM2_5,1.5938614502019301e-06
2017,July,Sierra (MC),MDV,Gas,RUNEX,CAT,CO,0.17634799727328151
2017,July,Sierra (MC),MDV,Gas,RUNEX,CAT,NOx,0.018876241349400878
2017,July,Sierra (MC),MDV,Gas,RUNEX,CAT,SOx,0.00035496157879498985
2017,July,Sierra (MC),MDV,Gas,RUNEX,CAT,PM,0.00022432043620626522
2017,July,Sierra (MC),MDV,Gas,RUNEX,CAT,TOG,0.008031163159830523
2017,July,Sierra (MC),MDV,Gas,RUNEX,CAT,PM10,0.00020070002129279202
2017,July,Sierra (MC),MDV,Gas,RUNEX,CAT,PM2_5,0.00018461479223046243
2017,July,Sierra (MC),MDV,Gas,RUNEX,NCAT,CO,0.04191673942596877
2017,July,Sierra (MC),MDV,Gas,RUNEX,NCAT,NOx,0.0024103562404840296
2017,July,Sierra (MC),MDV,Gas,RUNEX,NCAT,SOx,2.605968158658766e-06
2017,July,Sierra (MC),MDV,Gas,RUNEX,NCAT,PM,2.082458357965028e-05
2017,July,Sierra (MC),MDV,Gas,RUNEX,NCAT,TOG,0.00250010696099631
2017,July,Sierra (MC),MDV,Gas,RUNEX,NCAT,PM10,1.9854873495652823e-05
2017,July,Sierra (MC),MDV,Gas,RUNEX,NCAT,PM2_5,1.8872749473626557e-05
2017,July,Sierra (MC),MDV,Gas,STREX,CAT,CO,0.03614313711178738
2017,July,Sierra (MC),MDV,Gas,STREX,CAT,NOx,0.005164368419153103
2017,July,Sierra (MC),MDV,Gas,STREX,CAT,SOx,8.425278261721729e-06
2017,July,Sierra (MC),MDV,Gas,STREX,CAT,PM,3.022326399885057e-05
2017,July,Sierra (MC),MDV,Gas,STREX,CAT,TOG,0.007159827945707558
2017,July,Sierra (MC),MDV,Gas,STREX,CAT,PM10,2.7054708205149146e-05
2017,July,Sierra (MC),MDV,Gas,STREX,CAT,PM2_5,2.4893306112529605e-05
2017,July,Sierra (MC),MDV,Gas,STREX,NCAT,CO,0.00424628021582526
2017,July,Sierra (MC),MDV,Gas,STREX,NCAT,NOx,0.000170327398581483
2017,July,Sierra (MC),MDV,Gas,STREX,NCAT,SOx,2.326295002737518e-07
2017,July,Sierra (MC),MDV,Gas,STREX,NCAT,PM,4.382584628207867e-06
2017,July,Sierra (MC),MDV,Gas,STREX,NCAT,TOG,0.00041899882697555776
2017,July,Sierra (MC),MDV,Gas,STREX,NCAT,PM10,4.176553637531042e-06
2017,July,Sierra (MC),MDV,Gas,STREX,NCAT,PM2_5,3.96904699859217e-06
2017,July,Sierra (MC),MDV,Gas,HOTSOAK,CAT,TOG,0.002472124380976901
2017,July,Sierra (MC),MDV,Gas,HOTSOAK,NCAT,TOG,0.0001960009847893834
2017,July,Sierra (MC),MDV,Gas,RUNLOSS,CAT,TOG,0.008284928277899093
2017,July,Sierra (MC),MDV,Gas,RUNLOSS,NCAT,TOG,0.0004043343719385219
2017,July,Sierra (MC),MDV,Gas,RESTLOSS,CAT,TOG,0.0012977735680162726
2017,July,Sierra (MC),MDV,Gas,RESTLOSS,NCAT,TOG,0.0001595730040482877
2017,July,Sierra (MC),MDV,Gas,DIURN,CAT,TOG,0.0014681991036135638
2017,July,Sierra (MC),MDV,Gas,DIURN,NCAT,TOG,0.0001859368790161055
2017,July,Sierra (MC),MDV,Gas,PMTW,CAT,PM,0.0005382492053208718
2017,July,Sierra (MC),MDV,Gas,PMTW,CAT,PM10,0.0005382492053208718
2017,July,Sierra (MC),MDV,Gas,PMTW,CAT,PM2_5,0.00013456230133021796
2017,July,Sierra (MC),MDV,Gas,PMTW,NCAT,PM,2.2859890429823393e-06
2017,July,Sierra (MC),MDV,Gas,PMTW,NCAT,PM10,2.2859890429823393e-06
2017,July,Sierra (MC),MDV,Gas,PMTW,NCAT,PM2_5,5.714972607455848e-07
2017,July,Sierra (MC),MDV,Gas,PMBW,CAT,PM,0.002523043149941589
2017,July,Sierra (MC),MDV,Gas,PMBW,CAT,PM10,0.002472582286942757
2017,July,Sierra (MC),MDV,Gas,PMBW,CAT,PM2_5,0.0010596781229754671
2017,July,Sierra (MC),MDV,Gas,PMBW,NCAT,PM,1.0715573638979725e-05
2017,July,Sierra (MC),MDV,Gas,PMBW,NCAT,PM10,1.0501262166200131e-05
2017,July,Sierra (MC),MDV,Gas,PMBW,NCAT,PM2_5,4.500540928371488e-06
2017,July,Sierra (MC),LHD1,Gas,RUNEX,CAT,CO,0.061762956590807626
2017,July,Sierra (MC),LHD1,Gas,RUNEX,CAT,NOx,0.008590842006887933
2017,July,Sierra (MC),LHD1,Gas,RUNEX,CAT,SOx,0.00010794985051691566
2017,July,Sierra (MC),LHD1,Gas,RUNEX,CAT,PM,5.955287948960126e-05
2017,July,Sierra (MC),LHD1,Gas,RUNEX,CAT,TOG,0.004825370741953978
2017,July,Sierra (MC),LHD1,Gas,RUNEX,CAT,PM10,5.324027426370358e-05
2017,July,Sierra (MC),LHD1,Gas,RUNEX,CAT,PM2_5,4.895246694045223e-05
2017,July,Sierra (MC),LHD1,Gas,RUNEX,NCAT,CO,0.01319223923016027
2017,July,Sierra (MC),LHD1,Gas,RUNEX,NCAT,NOx,0.00038193766606842464
2017,July,Sierra (MC),LHD1,Gas,RUNEX,NCAT,SOx,1.5127905911499475e-06
2017,July,Sierra (MC),LHD1,Gas,RUNEX,NCAT,PM,6.908226382447408e-06
2017,July,Sierra (MC),LHD1,Gas,RUNEX,NCAT,TOG,0.0007977432954083583
2017,July,Sierra (MC),LHD1,Gas,RUNEX,NCAT,PM10,6.638805553531959e-06
2017,July,Sierra (MC),LHD1,Gas,RUNEX,NCAT,PM2_5,6.334843592704273e-06
2017,July,Sierra (MC),LHD1,Gas,IDLEX,CAT,CO,0.0011558364154134932
2017,July,Sierra (MC),LHD1,Gas,IDLEX,CAT,NOx,1.2981726752389646e-05
2017,July,Sierra (MC),LHD1,Gas,IDLEX,CAT,SOx,3.9240363223018315e-07
2017,July,Sierra (MC),LHD1,Gas,IDLEX,CAT,TOG,0.00021490313894148837
2017,July,Sierra (MC),LHD1,Gas,IDLEX,NCAT,CO,2.6445472958041646e-05
2017,July,Sierra (MC),LHD1,Gas,IDLEX,NCAT,NOx,2.990511314557472e-07
2017,July,Sierra (MC),LHD1,Gas,IDLEX,NCAT,SOx,9.744402499574962e-09
2017,July,Sierra (MC),LHD1,Gas,IDLEX,NCAT,TOG,4.7533539840950354e-06
2017,July,Sierra (MC),LHD1,Gas,STREX,CAT,CO,0.012975078241494136
2017,July,Sierra (MC),LHD1,Gas,STREX,CAT,NOx,0.002283658118293892
2017,July,Sierra (MC),LHD1,Gas,STREX,CAT,SOx,9.566368365938219e-07
2017,July,Sierra (MC),LHD1,Gas,STREX,CAT,PM,5.199714856306583e-06
2017,July,Sierra (MC),LHD1,Gas,STREX,CAT,TOG,0.0010066264927529314
2017,July,Sierra (MC),LHD1,Gas,STREX,CAT,PM10,4.648545081538088e-06
2017,July,Sierra (MC),LHD1,Gas,STREX,CAT,PM2_5,4.274165611884005e-06
2017,July,Sierra (MC),LHD1,Gas,STREX,NCAT,CO,1.0132523633647241e-05
2017,July,Sierra (MC),LHD1,Gas,STREX,NCAT,NOx,4.141891187349669e-05
2017,July,Sierra (MC),LHD1,Gas,STREX,NCAT,SOx,7.81546978984269e-08
2017,July,Sierra (MC),LHD1,Gas,STREX,NCAT,PM,1.8038930088557174e-06
2017,July,Sierra (MC),LHD1,Gas,STREX,NCAT,TOG,0.00023743777448982225
2017,July,Sierra (MC),LHD1,Gas,STREX,NCAT,PM10,1.733541181510345e-06
2017,July,Sierra (MC),LHD1,Gas,STREX,NCAT,PM2_5,1.6541698891206926e-06
2017,July,Sierra (MC),LHD1,Gas,HOTSOAK,CAT,TOG,0.001658164526218995
2017,July,Sierra (MC),LHD1,Gas,HOTSOAK,NCAT,TOG,0.00016515347619980425
2017,July,Sierra (MC),LHD1,Gas,RUNLOSS,CAT,TOG,0.014669525057863371
2017,July,Sierra (MC),LHD1,Gas,RUNLOSS,NCAT,TOG,0.0004987746539952631
2017,July,Sierra (MC),LHD1,Gas,RESTLOSS,CAT,TOG,2.8849963967546395e-05
2017,July,Sierra (MC),LHD1,Gas,RESTLOSS,NCAT,TOG,2.377523539385102e-06
2017,July,Sierra (MC),LHD1,Gas,DIURN,CAT,TOG,6.0567247718412573e-05
2017,July,Sierra (MC),LHD1,Gas,DIURN,NCAT,TOG,4.37989238478369e-06
2017,July,Sierra (MC),LHD1,Gas,PMTW,CAT,PM,8.222253311908657e-05
2017,July,Sierra (MC),LHD1,Gas,PMTW,CAT,PM10,8.222253311908657e-05
2017,July,Sierra (MC),LHD1,Gas,PMTW,CAT,PM2_5,2.0555633279771642e-05
2017,July,Sierra (MC),LHD1,Gas,PMTW,NCAT,PM,9.801811165964851e-07
2017,July,Sierra (MC),LHD1,Gas,PMTW,NCAT,PM10,9.801811165964851e-07
2017,July,Sierra (MC),LHD1,Gas,PMTW,NCAT,PM2_5,2.450452791491213e-07
2017,July,Sierra (MC),LHD1,Gas,PMBW,CAT,PM,0.0008016696979110954
2017,July,Sierra (MC),LHD1,Gas,PMBW,CAT,PM10,0.0007856363039528738
2017,July,Sierra (MC),LHD1,Gas,PMBW,CAT,PM2_5,0.0003367012731226606
2017,July,Sierra (MC),LHD1,Gas,PMBW,NCAT,PM,9.556765886815726e-06
2017,July,Sierra (MC),LHD1,Gas,PMBW,NCAT,PM10,9.365630569079414e-06
2017,July,Sierra (MC),LHD1,Gas,PMBW,NCAT,PM2_5,4.013841672462605e-06
2017,July,Sierra (MC),LHD2,Gas,RUNEX,CAT,CO,0.0024382939352603204
2017,July,Sierra (MC),LHD2,Gas,RUNEX,CAT,NOx,0.00034565810702624034
2017,July,Sierra (MC),LHD2,Gas,RUNEX,CAT,SOx,7.894303228590492e-06
2017,July,Sierra (MC),LHD2,Gas,RUNEX,CAT,PM,2.279716508042116e-06
2017,July,Sierra (MC),LHD2,Gas,RUNEX,CAT,TOG,0.0001893776663184501
2017,July,Sierra (MC),LHD2,Gas,RUNEX,CAT,PM10,2.038066558189651e-06
2017,July,Sierra (MC),LHD2,Gas,RUNEX,CAT,PM2_5,1.8739269696106176e-06
2017,July,Sierra (MC),LHD2,Gas,IDLEX,CAT,CO,6.43188902321349e-05
2017,July,Sierra (MC),LHD2,Gas,IDLEX,CAT,NOx,7.165931176967135e-07
2017,July,Sierra (MC),LHD2,Gas,IDLEX,CAT,SOx,2.46392794729103e-08
2017,July,Sierra (MC),LHD2,Gas,IDLEX,CAT,TOG,1.193324400746128e-05
2017,July,Sierra (MC),LHD2,Gas,STREX,CAT,CO,0.0005975786788478594
2017,July,Sierra (MC),LHD2,Gas,STREX,CAT,NOx,0.00012196960239358
2017,July,Sierra (MC),LHD2,Gas,STREX,CAT,SOx,5.794392729501785e-08
2017,July,Sierra (MC),LHD2,Gas,STREX,CAT,PM,1.7805997472997356e-07
2017,July,Sierra (MC),LHD2,Gas,STREX,CAT,TOG,4.716811962835786e-05
2017,July,Sierra (MC),LHD2,Gas,STREX,CAT,PM10,1.5918561740859638e-07
2017,July,Sierra (MC),LHD2,Gas,STREX,CAT,PM2_5,1.4636529922803816e-07
2017,July,Sierra (MC),LHD2,Gas,HOTSOAK,CAT,TOG,5.828297729015413e-05
2017,July,Sierra (MC),LHD2,Gas,RUNLOSS,CAT,TOG,0.0005397946032917305
2017,July,Sierra (MC),LHD2,Gas,RESTLOSS,CAT,TOG,1.026706248738756e-06
2017,July,Sierra (MC),LHD2,Gas,DIURN,CAT,TOG,2.1973454582146213e-06
2017,July,Sierra (MC),LHD2,Gas,PMTW,CAT,PM,5.309735707527749e-06
2017,July,Sierra (MC),LHD2,Gas,PMTW,CAT,PM10,5.309735707527749e-06
2017,July,Sierra (MC),LHD2,Gas,PMTW,CAT,PM2_5,1.3274339268819373e-06
2017,July,Sierra (MC),LHD2,Gas,PMBW,CAT,PM,6.03982436731282e-05
2017,July,Sierra (MC),LHD2,Gas,PMBW,CAT,PM10,5.91902787996656e-05
2017,July,Sierra (MC),LHD2,Gas,PMBW,CAT,PM2_5,2.536726234271384e-05
2017,July,Sierra (MC),T6TS,Gas,RUNEX,CAT,CO,0.003999814756576528
2017,July,Sierra (MC),T6TS,Gas,RUNEX,CAT,NOx,0.0006439063045899093
2017,July,Sierra (MC),T6TS,Gas,RUNEX,CAT,SOx,4.041373969295226e-06
2017,July,Sierra (MC),T6TS,Gas,RUNEX,CAT,PM,1.5612405915363783e-06
2017,July,Sierra (MC),T6TS,Gas,RUNEX,CAT,TOG,0.00025822499949716216
2017,July,Sierra (MC),T6TS,Gas,RUNEX,CAT,PM10,1.3957490888335224e-06
2017,July,Sierra (MC),T6TS,Gas,RUNEX,CAT,PM2_5,1.2833397662429035e-06
2017,July,Sierra (MC),T6TS,Gas,RUNEX,NCAT,CO,0.0036154220494059447
2017,July,Sierra (MC),T6TS,Gas,RUNEX,NCAT,NOx,9.829018264575403e-05
2017,July,Sierra (MC),T6TS,Gas,RUNEX,NCAT,SOx,5.465465870033841e-07
2017,July,Sierra (MC),T6TS,Gas,RUNEX,NCAT,PM,1.0814646202432972e-06
2017,July,Sierra (MC),T6TS,Gas,RUNEX,NCAT,TOG,0.00016324120433195146
2017,July,Sierra (MC),T6TS,Gas,RUNEX,NCAT,PM10,1.0392875000538083e-06
2017,July,Sierra (MC),T6TS,Gas,RUNEX,NCAT,PM2_5,9.917030567631035e-07
2017,July,Sierra (MC),T6TS,Gas,IDLEX,CAT,CO,8.958145210536135e-05
2017,July,Sierra (MC),T6TS,Gas,IDLEX,CAT,NOx,7.940698037450657e-07
2017,July,Sierra (MC),T6TS,Gas,IDLEX,CAT,SOx,5.515248797173249e-08
2017,July,Sierra (MC),T6TS,Gas,IDLEX,CAT,TOG,1.1449860623566148e-05
2017,July,Sierra (MC),T6TS,Gas,IDLEX,NCAT,CO,2.6165655910125853e-05
2017,July,Sierra (MC),T6TS,Gas,IDLEX,NCAT,NOx,2.324477073672387e-07
2017,July,Sierra (MC),T6TS,Gas,IDLEX,NCAT,SOx,1.643576523621166e-08
2017,July,Sierra (MC),T6TS,Gas,IDLEX,NCAT,TOG,3.2913657809211995e-06
2017,July,Sierra (MC),T6TS,Gas,STREX,CAT,CO,0.0014713306871947888
2017,July,Sierra (MC),T6TS,Gas,STREX,CAT,NOx,5.903000778637348e-05
2017,July,Sierra (MC),T6TS,Gas,STREX,CAT,SOx,8.545954382400307e-08
2017,July,Sierra (MC),T6TS,Gas,STREX,CAT,PM,3.610358521402225e-07
2017,July,Sierra (MC),T6TS,Gas,STREX,CAT,TOG,6.1604982686134e-05
2017,July,Sierra (MC),T6TS,Gas,STREX,CAT,PM10,3.2276605181335867e-07
2017,July,Sierra (MC),T6TS,Gas,STREX,CAT,PM2_5,2.967714704592628e-07
2017,July,Sierra (MC),T6TS,Gas,STREX,NCAT,CO,7.803434489212898e-06
2017,July,Sierra (MC),T6TS,Gas,STREX,NCAT,NOx,3.260106357657271e-05
2017,July,Sierra (MC),T6TS,Gas,STREX,NCAT,SOx,7.714943816304885e-08
2017,July,Sierra (MC),T6TS,Gas,STREX,NCAT,PM,8.593067087347935e-07
2017,July,Sierra (MC),T6TS,Gas,STREX,NCAT,TOG,0.0001695680932116824
2017,July,Sierra (MC),T6TS,Gas,STREX,NCAT,PM10,8.257937470941367e-07
2017,July,Sierra (MC),T6TS,Gas,STREX,NCAT,PM2_5,7.879842519098058e-07
2017,July,Sierra (MC),T6TS,Gas,HOTSOAK,CAT,TOG,8.284389023096568e-05
2017,July,Sierra (MC),T6TS,Gas,HOTSOAK,NCAT,TOG,8.433351569823136e-05
2017,July,Sierra (MC),T6TS,Gas,RUNLOSS,CAT,TOG,0.0006981822138139024
2017,July,Sierra (MC),T6TS,Gas,RUNLOSS,NCAT,TOG,0.0001895918442493719
2017,July,Sierra (MC),T6TS,Gas,RESTLOSS,CAT,TOG,1.412917290141395e-06
2017,July,Sierra (MC),T6TS,Gas,RESTLOSS,NCAT,TOG,9.320936706545411e-07
2017,July,Sierra (MC),T6TS,Gas,DIURN,CAT,TOG,3.0413744015148148e-06
2017,July,Sierra (MC),T6TS,Gas,DIURN,NCAT,TOG,1.6526893931527696e-06
2017,July,Sierra (MC),T6TS,Gas,PMTW,CAT,PM,2.628325009046774e-06
2017,July,Sierra (MC),T6TS,Gas,PMTW,CAT,PM10,2.628325009046774e-06
2017,July,Sierra (MC),T6TS,Gas,PMTW,CAT,PM2_5,6.570812522616935e-07
2017,July,Sierra (MC),T6TS,Gas,PMTW,NCAT,PM,3.114909579253286e-07
2017,July,Sierra (MC),T6TS,Gas,PMTW,NCAT,PM10,3.114909579253286e-07
2017,July,Sierra (MC),T6TS,Gas,PMTW,NCAT,PM2_5,7.787273948133215e-08
2017,July,Sierra (MC),T6TS,Gas,PMBW,CAT,PM,2.913060218360174e-05
2017,July,Sierra (MC),T6TS,Gas,PMBW,CAT,PM10,2.8547990139929722e-05
2017,July,Sierra (MC),T6TS,Gas,PMBW,CAT,PM2_5,1.223485291711273e-05
2017,July,Sierra (MC),T6TS,Gas,PMBW,NCAT,PM,3.4523581170057244e-06
2017,July,Sierra (MC),T6TS,Gas,PMBW,NCAT,PM10,3.3833109546656108e-06
2017,July,Sierra (MC),T6TS,Gas,PMBW,NCAT,PM2_5,1.4499904091424042e-06
2017,July,Sierra (MC),T7IS,Gas,RUNEX,CAT,CO,1.1421406082597812e-05
2017,July,Sierra (MC),T7IS,Gas,RUNEX,CAT,NOx,1.3254193476471103e-06
2017,July,Sierra (MC),T7IS,Gas,RUNEX,CAT,SOx,1.1983301636288247e-08
2017,July,Sierra (MC),T7IS,Gas,RUNEX,CAT,PM,7.666890118459775e-10
2017,July,Sierra (MC),T7IS,Gas,RUNEX,CAT,TOG,1.659093826195865e-07
2017,July,Sierra (MC),T7IS,Gas,RUNEX,CAT,PM10,6.854199765903039e-10
2017,July,Sierra (MC),T7IS,Gas,RUNEX,CAT,PM2_5,6.302183677373935e-10
2017,July,Sierra (MC),T7IS,Gas,STREX,CAT,CO,5.030944205016088e-07
2017,July,Sierra (MC),T7IS,Gas,STREX,CAT,NOx,6.204628091072022e-09
2017,July,Sierra (MC),T7IS,Gas,STREX,CAT,SOx,2.1746998593643852e-11
2017,July,Sierra (MC),T7IS,Gas,STREX,CAT,PM,1.8266383006389225e-11
2017,July,Sierra (MC),T7IS,Gas,STREX,CAT,TOG,1.6084290612915163e-09
2017,July,Sierra (MC),T7IS,Gas,STREX,CAT,PM10,1.6330146407711964e-11
2017,July,Sierra (MC),T7IS,Gas,STREX,CAT,PM2_5,1.501496683125194e-11
2017,July,Sierra (MC),T7IS,Gas,HOTSOAK,CAT,TOG,1.851729619858733e-10
2017,July,Sierra (MC),T7IS,Gas,RUNLOSS,CAT,TOG,2.6597004041381906e-10
2017,July,Sierra (MC),T7IS,Gas,RESTLOSS,CAT,TOG,5.770258791181327e-12
2017,July,Sierra (MC),T7IS,Gas,DIURN,CAT,TOG,1.145766327098467e-11
2017,July,Sierra (MC),T7IS,Gas,PMTW,CAT,PM,1.2620738093902549e-08
2017,July,Sierra (MC),T7IS,Gas,PMTW,CAT,PM10,1.2620738093902549e-08
2017,July,Sierra (MC),T7IS,Gas,PMTW,CAT,PM2_5,3.1551845234756373e-09
2017,July,Sierra (MC),T7IS,Gas,PMBW,CAT,PM,3.975532499579302e-08
2017,July,Sierra (MC),T7IS,Gas,PMBW,CAT,PM10,3.896021849587716e-08
2017,July,Sierra (MC),T7IS,Gas,PMBW,CAT,PM2_5,1.669723649823307e-08
2017,July,Sierra (MC),LDT1,Dsl,RUNEX,DSL,CO,4.860485647741652e-08
2017,July,Sierra (MC),LDT1,Dsl,RUNEX,DSL,NOx,9.60538316874675e-09
2017,July,Sierra (MC),LDT1,Dsl,RUNEX,DSL,SOx,1.070012978501426e-09
2017,July,Sierra (MC),LDT1,Dsl,RUNEX,DSL,PM,8.756119231484194e-10
2017,July,Sierra (MC),LDT1,Dsl,RUNEX,DSL,TOG,8.328907823064572e-09
2017,July,Sierra (MC),LDT1,Dsl,RUNEX,DSL,PM10,8.70358251609529e-10
2017,July,Sierra (MC),LDT1,Dsl,RUNEX,DSL,PM2_5,8.327069389141469e-10
2017,July,Sierra (MC),LDT1,Dsl,PMTW,DSL,PM,2.1037114884479054e-09
2017,July,Sierra (MC),LDT1,Dsl,PMTW,DSL,PM10,2.1037114884479054e-09
2017,July,Sierra (MC),LDT1,Dsl,PMTW,DSL,PM2_5,5.259278721119763e-10
2017,July,Sierra (MC),LDT1,Dsl,PMBW,DSL,PM,9.861147602099554e-09
2017,July,Sierra (MC),LDT1,Dsl,PMBW,DSL,PM10,9.663924650057562e-09
2017,July,Sierra (MC),LDT1,Dsl,PMBW,DSL,PM2_5,4.141681992881813e-09
2017,July,Sierra (MC),LDT2,Dsl,RUNEX,DSL,CO,1.1303538753240384e-05
2017,July,Sierra (MC),LDT2,Dsl,RUNEX,DSL,NOx,2.2338259042202244e-06
2017,July,Sierra (MC),LDT2,Dsl,RUNEX,DSL,SOx,1.8737136795975614e-07
2017,July,Sierra (MC),LDT2,Dsl,RUNEX,DSL,PM,2.0363230884739647e-07
2017,July,Sierra (MC),LDT2,Dsl,RUNEX,DSL,TOG,1.9369684601496756e-06
2017,July,Sierra (MC),LDT2,Dsl,RUNEX,DSL,PM10,2.0241051499431205e-07
2017,July,Sierra (MC),LDT2,Dsl,RUNEX,DSL,PM2_5,1.9365432571387398e-07
2017,July,Sierra (MC),LDT2,Dsl,PMTW,DSL,PM,4.892391437534447e-07
2017,July,Sierra (MC),LDT2,Dsl,PMTW,DSL,PM10,4.892391437534447e-07
2017,July,Sierra (MC),LDT2,Dsl,PMTW,DSL,PM2_5,1.2230978593836118e-07
2017,July,Sierra (MC),LDT2,Dsl,PMBW,DSL,PM,2.2933084863442725e-06
2017,July,Sierra (MC),LDT2,Dsl,PMBW,DSL,PM10,2.247442316617387e-06
2017,July,Sierra (MC),LDT2,Dsl,PMBW,DSL,PM2_5,9.631895642645944e-07
2017,July,Sierra (MC),MDV,Dsl,RUNEX,DSL,CO,0.000659498456050061
2017,July,Sierra (MC),MDV,Dsl,RUNEX,DSL,NOx,0.00029395141427390693
2017,July,Sierra (MC),MDV,Dsl,RUNEX,DSL,SOx,5.422269835248261e-06
2017,July,Sierra (MC),MDV,Dsl,RUNEX,DSL,PM,2.2889294087443776e-05
2017,July,Sierra (MC),MDV,Dsl,RUNEX,DSL,TOG,6.0472844427421236e-05
2017,July,Sierra (MC),MDV,Dsl,RUNEX,DSL,PM10,2.2751958322919138e-05
2017,July,Sierra (MC),MDV,Dsl,RUNEX,DSL,PM2_5,2.1767718677159044e-05
2017,July,Sierra (MC),MDV,Dsl,PMTW,DSL,PM,9.73869752793113e-06
2017,July,Sierra (MC),MDV,Dsl,PMTW,DSL,PM10,9.73869752793113e-06
2017,July,Sierra (MC),MDV,Dsl,PMTW,DSL,PM2_5,2.4346743819827826e-06
2017,July,Sierra (MC),MDV,Dsl,PMBW,DSL,PM,4.56501446621772e-05
2017,July,Sierra (MC),MDV,Dsl,PMBW,DSL,PM10,4.4737141768933685e-05
2017,July,Sierra (MC),MDV,Dsl,PMBW,DSL,PM2_5,1.9173060758114425e-05
2017,July,Sierra (MC),LHD1,Dsl,RUNEX,DSL,CO,0.014461260710869329
2017,July,Sierra (MC),LHD1,Dsl,RUNEX,DSL,NOx,0.06467123009830425
2017,July,Sierra (MC),LHD1,Dsl,RUNEX,DSL,SOx,7.345881699798202e-05
2017,July,Sierra (MC),LHD1,Dsl,RUNEX,DSL,PM,0.0006594952849042908
2017,July,Sierra (MC),LHD1,Dsl,RUNEX,DSL,TOG,0.003653550090339404
2017,July,Sierra (MC),LHD1,Dsl,RUNEX,DSL,PM10,0.0006555383131948652
2017,July,Sierra (MC),LHD1,Dsl,RUNEX,DSL,PM2_5,0.0006271800159439808
2017,July,Sierra (MC),LHD1,Dsl,IDLEX,DSL,CO,0.0003333316096141109
2017,July,Sierra (MC),LHD1,Dsl,IDLEX,DSL,NOx,0.000941729066957899
2017,July,Sierra (MC),LHD1,Dsl,IDLEX,DSL,SOx,4.930960664235826e-07
2017,July,Sierra (MC),LHD1,Dsl,IDLEX,DSL,PM,1.1414310869522376e-05
2017,July,Sierra (MC),LHD1,Dsl,IDLEX,DSL,TOG,4.578333130678749e-05
2017,July,Sierra (MC),LHD1,Dsl,IDLEX,DSL,PM10,1.1345825004305242e-05
2017,July,Sierra (MC),LHD1,Dsl,IDLEX,DSL,PM2_5,1.0855009636915779e-05
2017,July,Sierra (MC),LHD1,Dsl,PMTW,DSL,PM,0.00015727152615126292
2017,July,Sierra (MC),LHD1,Dsl,PMTW,DSL,PM10,0.00015727152615126292
2017,July,Sierra (MC),LHD1,Dsl,PMTW,DSL,PM2_5,3.931788153781573e-05
2017,July,Sierra (MC),LHD1,Dsl,PMBW,DSL,PM,0.0010222649199832091
2017,July,Sierra (MC),LHD1,Dsl,PMBW,DSL,PM10,0.0010018196215835443
2017,July,Sierra (MC),LHD1,Dsl,PMBW,DSL,PM2_5,0.00042935126639294727
2017,July,Sierra (MC),LHD2,Dsl,RUNEX,DSL,CO,0.0026726763602024028
2017,July,Sierra (MC),LHD2,Dsl,RUNEX,DSL,NOx,0.008759873855998348
2017,July,Sierra (MC),LHD2,Dsl,RUNEX,DSL,SOx,2.2022805017560005e-05
2017,July,Sierra (MC),LHD2,Dsl,RUNEX,DSL,PM,0.00010641210888959257
2017,July,Sierra (MC),LHD2,Dsl,RUNEX,DSL,TOG,0.0006759470434263078
2017,July,Sierra (MC),LHD2,Dsl,RUNEX,DSL,PM10,0.00010577363623625502
2017,July,Sierra (MC),LHD2,Dsl,RUNEX,DSL,PM2_5,0.00010119791555400254
2017,July,Sierra (MC),LHD2,Dsl,IDLEX,DSL,CO,7.47359900110167e-05
2017,July,Sierra (MC),LHD2,Dsl,IDLEX,DSL,NOx,0.0002097335890512606
2017,July,Sierra (MC),LHD2,Dsl,IDLEX,DSL,SOx,1.761222165329473e-07
2017,July,Sierra (MC),LHD2,Dsl,IDLEX,DSL,PM,2.4219291879429435e-06
2017,July,Sierra (MC),LHD2,Dsl,IDLEX,DSL,TOG,1.0265040855790135e-05
2017,July,Sierra (MC),LHD2,Dsl,IDLEX,DSL,PM10,2.407397612815287e-06
2017,July,Sierra (MC),LHD2,Dsl,IDLEX,DSL,PM2_5,2.3032546577337374e-06
2017,July,Sierra (MC),LHD2,Dsl,PMTW,DSL,PM,4.232460210000045e-05
2017,July,Sierra (MC),LHD2,Dsl,PMTW,DSL,PM10,4.232460210000045e-05
2017,July,Sierra (MC),LHD2,Dsl,PMTW,DSL,PM2_5,1.0581150525000112e-05
2017,July,Sierra (MC),LHD2,Dsl,PMBW,DSL,PM,0.00032096156592500345
2017,July,Sierra (MC),LHD2,Dsl,PMBW,DSL,PM10,0.00031454233460650343
2017,July,Sierra (MC),LHD2,Dsl,PMBW,DSL,PM2_5,0.0001348038576885015
2017,July,Sierra (MC),LDT1,Elec,HOTSOAK,CAT,TOG,2.352325303803749e-09
2017,July,Sierra (MC),LDT1,Elec,RESTLOSS,CAT,TOG,9.385635273159713e-10
2017,July,Sierra (MC),LDT1,Elec,DIURN,CAT,TOG,2.4021296536848114e-09
2017,July,Sierra (MC),LDT1,Elec,PMTW,CAT,PM,3.1123304430760324e-08
2017,July,Sierra (MC),LDT1,Elec,PMTW,CAT,PM10,3.1123304430760324e-08
2017,July,Sierra (MC),LDT1,Elec,PMTW,CAT,PM2_5,7.780826107690081e-09
2017,July,Sierra (MC),LDT1,Elec,PMBW,CAT,PM,1.4589048951918902e-07
2017,July,Sierra (MC),LDT1,Elec,PMBW,CAT,PM10,1.4297267972880525e-07
2017,July,Sierra (MC),LDT1,Elec,PMBW,CAT,PM2_5,6.12740055980594e-08
2017,July,Sierra (MC),LDT2,Elec,HOTSOAK,CAT,TOG,4.297028434358108e-08
2017,July,Sierra (MC),LDT2,Elec,RESTLOSS,CAT,TOG,1.714488280088935e-08
2017,July,Sierra (MC),LDT2,Elec,DIURN,CAT,TOG,4.3880067982976466e-08
2017,July,Sierra (MC),LDT2,Elec,PMTW,CAT,PM,5.369327184815529e-07
2017,July,Sierra (MC),LDT2,Elec,PMTW,CAT,PM10,5.369327184815529e-07
2017,July,Sierra (MC),LDT2,Elec,PMTW,CAT,PM2_5,1.3423317962038823e-07
2017,July,Sierra (MC),LDT2,Elec,PMBW,CAT,PM,2.5168721178822796e-06
2017,July,Sierra (MC),LDT2,Elec,PMBW,CAT,PM10,2.4665346755246337e-06
2017,July,Sierra (MC),LDT2,Elec,PMBW,CAT,PM2_5,1.0570862895105573e-06
2017,July,Sierra (MC),MDV,Elec,HOTSOAK,CAT,TOG,6.071505891085869e-09
2017,July,Sierra (MC),MDV,Elec,RESTLOSS,CAT,TOG,2.4224940215720564e-09
2017,July,Sierra (MC),MDV,Elec,DIURN,CAT,TOG,6.20005418464697e-09
2017,July,Sierra (MC),MDV,Elec,PMTW,CAT,PM,7.586615292817998e-08
2017,July,Sierra (MC),MDV,Elec,PMTW,CAT,PM10,7.586615292817998e-08
2017,July,Sierra (MC),MDV,Elec,PMTW,CAT,PM2_5,1.8966538232044996e-08
2017,July,Sierra (MC),MDV,Elec,PMBW,CAT,PM,3.556225918508435e-07
2017,July,Sierra (MC),MDV,Elec,PMBW,CAT,PM10,3.485101400138267e-07
2017,July,Sierra (MC),MDV,Elec,PMBW,CAT,PM2_5,1.4936148857735429e-07
2017,July,Sierra (MC),SBUS,Gas,RUNEX,CAT,CO,0.00025997766260557
2017,July,Sierra (MC),SBUS,Gas,RUNEX,CAT,NOx,5.397776905415125e-05
2017,July,Sierra (MC),SBUS,Gas,RUNEX,CAT,SOx,5.612825258289764e-07
2017,July,Sierra (MC),SBUS,Gas,RUNEX,CAT,PM,1.4052859877620916e-07
2017,July,Sierra (MC),SBUS,Gas,RUNEX,CAT,TOG,1.6491964927898623e-05
2017,July,Sierra (MC),SBUS,Gas,RUNEX,CAT,PM10,1.2563256730593106e-07
2017,July,Sierra (MC),SBUS,Gas,RUNEX,CAT,PM2_5,1.1551450819404403e-07
2017,July,Sierra (MC),SBUS,Gas,IDLEX,CAT,CO,9.648972835417503e-05
2017,July,Sierra (MC),SBUS,Gas,IDLEX,CAT,NOx,1.0872372638063691e-06
2017,July,Sierra (MC),SBUS,Gas,IDLEX,CAT,SOx,3.154895111551483e-08
2017,July,Sierra (MC),SBUS,Gas,IDLEX,CAT,TOG,1.814880755839216e-05
2017,July,Sierra (MC),SBUS,Gas,STREX,CAT,CO,5.820477350150029e-05
2017,July,Sierra (MC),SBUS,Gas,STREX,CAT,NOx,2.6027808471547097e-06
2017,July,Sierra (MC),SBUS,Gas,STREX,CAT,SOx,2.644217508657087e-09
2017,July,Sierra (MC),SBUS,Gas,STREX,CAT,PM,3.3780960351037197e-09
2017,July,Sierra (MC),SBUS,Gas,STREX,CAT,TOG,2.2933053047928016e-06
2017,July,Sierra (MC),SBUS,Gas,STREX,CAT,PM10,3.0200178553827246e-09
2017,July,Sierra (MC),SBUS,Gas,STREX,CAT,PM2_5,2.7767949408552563e-09
2017,July,Sierra (MC),SBUS,Gas,HOTSOAK,CAT,TOG,6.036947446766229e-07
2017,July,Sierra (MC),SBUS,Gas,RUNLOSS,CAT,TOG,6.371742652395422e-06
2017,July,Sierra (MC),SBUS,Gas,RESTLOSS,CAT,TOG,3.8744893967246195e-08
2017,July,Sierra (MC),SBUS,Gas,DIURN,CAT,TOG,9.503318309437132e-08
2017,July,Sierra (MC),SBUS,Gas,PMTW,CAT,PM,5.004522372528998e-07
2017,July,Sierra (MC),SBUS,Gas,PMTW,CAT,PM10,5.004522372528998e-07
2017,July,Sierra (MC),SBUS,Gas,PMTW,CAT,PM2_5,1.2511305931322494e-07
2017,July,Sierra (MC),SBUS,Gas,PMBW,CAT,PM,4.754296191346021e-05
2017,July,Sierra (MC),SBUS,Gas,PMBW,CAT,PM10,4.6592102675191026e-05
2017,July,Sierra (MC),SBUS,Gas,PMBW,CAT,PM2_5,1.996804400365329e-05
2017,July,Sierra (MC),OBUS,Gas,RUNEX,CAT,CO,0.0009726437352393201
2017,July,Sierra (MC),OBUS,Gas,RUNEX,CAT,NOx,0.0002677090760723407
2017,July,Sierra (MC),OBUS,Gas,RUNEX,CAT,SOx,4.269365123644893e-06
2017,July,Sierra (MC),OBUS,Gas,RUNEX,CAT,PM,4.055451608415804e-07
2017,July,Sierra (MC),OBUS,Gas,RUNEX,CAT,TOG,6.104914484864892e-05
2017,July,Sierra (MC),OBUS,Gas,RUNEX,CAT,PM10,3.6255737379237294e-07
2017,July,Sierra (MC),OBUS,Gas,RUNEX,CAT,PM2_5,3.3335812221177897e-07
2017,July,Sierra (MC),OBUS,Gas,IDLEX,CAT,CO,2.768617888870357e-05
2017,July,Sierra (MC),OBUS,Gas,IDLEX,CAT,NOx,3.1191189932294904e-07
2017,July,Sierra (MC),OBUS,Gas,IDLEX,CAT,SOx,1.8723889869590524e-08
2017,July,Sierra (MC),OBUS,Gas,IDLEX,CAT,TOG,5.192035673774148e-06
2017,July,Sierra (MC),OBUS,Gas,STREX,CAT,CO,0.0004727334197183451
2017,July,Sierra (MC),OBUS,Gas,STREX,CAT,NOx,3.3712644243258186e-05
2017,July,Sierra (MC),OBUS,Gas,STREX,CAT,SOx,2.8642880871529073e-08
2017,July,Sierra (MC),OBUS,Gas,STREX,CAT,PM,3.5762435686461516e-08
2017,July,Sierra (MC),OBUS,Gas,STREX,CAT,TOG,2.2478806288324583e-05
2017,July,Sierra (MC),OBUS,Gas,STREX,CAT,PM10,3.19716175036966e-08
2017,July,Sierra (MC),OBUS,Gas,STREX,CAT,PM2_5,2.9396722134271348e-08
2017,July,Sierra (MC),OBUS,Gas,HOTSOAK,CAT,TOG,5.400909831462166e-06
2017,July,Sierra (MC),OBUS,Gas,RUNLOSS,CAT,TOG,9.866524486962708e-05
2017,July,Sierra (MC),OBUS,Gas,RESTLOSS,CAT,TOG,2.1791036725231534e-07
2017,July,Sierra (MC),OBUS,Gas,DIURN,CAT,TOG,5.232876565316348e-07
2017,July,Sierra (MC),OBUS,Gas,PMTW,CAT,PM,2.802962727764269e-06
2017,July,Sierra (MC),OBUS,Gas,PMTW,CAT,PM10,2.802962727764269e-06
2017,July,Sierra (MC),OBUS,Gas,PMTW,CAT,PM2_5,7.007406819410673e-07
2017,July,Sierra (MC),OBUS,Gas,PMBW,CAT,PM,3.1066170232720644e-05
2017,July,Sierra (MC),OBUS,Gas,PMBW,CAT,PM10,3.044484682806624e-05
2017,July,Sierra (MC),OBUS,Gas,PMBW,CAT,PM2_5,1.304779149774267e-05
2017,July,Sierra (MC),MCY,Gas,RUNEX,CAT,CO,0.014178886719618717
2017,July,Sierra (MC),MCY,Gas,RUNEX,CAT,NOx,0.0010757799187271783
2017,July,Sierra (MC),MCY,Gas,RUNEX,CAT,SOx,2.4534410202546666e-06
2017,July,Sierra (MC),MCY,Gas,RUNEX,CAT,PM,1.9078060582884557e-06
2017,July,Sierra (MC),MCY,Gas,RUNEX,CAT,TOG,0.0032005720141686056
2017,July,Sierra (MC),MCY,Gas,RUNEX,CAT,PM10,1.7601998323718698e-06
2017,July,Sierra (MC),MCY,Gas,RUNEX,CAT,PM2_5,1.6456645731204096e-06
2017,July,Sierra (MC),MCY,Gas,RUNEX,NCAT,CO,0.042087836076438755
2017,July,Sierra (MC),MCY,Gas,RUNEX,NCAT,NOx,0.0015554906308927242
2017,July,Sierra (MC),MCY,Gas,RUNEX,NCAT,SOx,2.9778169207392498e-06
2017,July,Sierra (MC),MCY,Gas,RUNEX,NCAT,PM,3.662246721984137e-06
2017,July,Sierra (MC),MCY,Gas,RUNEX,NCAT,TOG,0.005758711252345291
2017,July,Sierra (MC),MCY,Gas,RUNEX,NCAT,PM10,3.464797883564766e-06
2017,July,Sierra (MC),MCY,Gas,RUNEX,NCAT,PM2_5,3.2808322508521506e-06
2017,July,Sierra (MC),MCY,Gas,STREX,CAT,CO,0.0011996362666001259
2017,July,Sierra (MC),MCY,Gas,STREX,CAT,NOx,4.9448350367617194e-05
2017,July,Sierra (MC),MCY,Gas,STREX,CAT,SOx,1.1479414074817626e-07
2017,July,Sierra (MC),MCY,Gas,STREX,CAT,PM,3.724924204458347e-07
2017,July,Sierra (MC),MCY,Gas,STREX,CAT,TOG,0.0003287598332196355
2017,July,Sierra (MC),MCY,Gas,STREX,CAT,PM10,3.4576731117468106e-07
2017,July,Sierra (MC),MCY,Gas,STREX,CAT,PM2_5,3.242800127875206e-07
2017,July,Sierra (MC),MCY,Gas,STREX,NCAT,CO,0.0037697527461832774
2017,July,Sierra (MC),MCY,Gas,STREX,NCAT,NOx,0.00010806354223140284
2017,July,Sierra (MC),MCY,Gas,STREX,NCAT,SOx,2.7025704691002336e-07
2017,July,Sierra (MC),MCY,Gas,STREX,NCAT,PM,2.0086716617743918e-06
2017,July,Sierra (MC),MCY,Gas,STREX,NCAT,TOG,0.0009117640324411327
2017,July,Sierra (MC),MCY,Gas,STREX,NCAT,PM10,1.9175743796690844e-06
2017,July,Sierra (MC),MCY,Gas,STREX,NCAT,PM2_5,1.8238606706660708e-06
2017,July,Sierra (MC),MCY,Gas,HOTSOAK,CAT,TOG,7.755263650941103e-05
2017,July,Sierra (MC),MCY,Gas,HOTSOAK,NCAT,TOG,0.00047521959189295883
2017,July,Sierra (MC),MCY,Gas,RUNLOSS,CAT,TOG,0.00017833869438956362
2017,July,Sierra (MC),MCY,Gas,RUNLOSS,NCAT,TOG,0.001484380190175962
2017,July,Sierra (MC),MCY,Gas,RESTLOSS,CAT,TOG,0.00010237436053576282
2017,July,Sierra (MC),MCY,Gas,RESTLOSS,NCAT,TOG,0.00041991790617386317
2017,July,Sierra (MC),MCY,Gas,DIURN,CAT,TOG,0.00016038811343779767
2017,July,Sierra (MC),MCY,Gas,DIURN,NCAT,TOG,0.0006309978909872177
2017,July,Sierra (MC),MCY,Gas,PMTW,CAT,PM,4.249371271053204e-06
2017,July,Sierra (MC),MCY,Gas,PMTW,CAT,PM10,4.249371271053204e-06
2017,July,Sierra (MC),MCY,Gas,PMTW,CAT,PM2_5,1.062342817763301e-06
2017,July,Sierra (MC),MCY,Gas,PMTW,NCAT,PM,5.100092748980646e-06
2017,July,Sierra (MC),MCY,Gas,PMTW,NCAT,PM10,5.100092748980646e-06
2017,July,Sierra (MC),MCY,Gas,PMTW,NCAT,PM2_5,1.2750231872451614e-06
2017,July,Sierra (MC),MCY,Gas,PMBW,CAT,PM,1.2748113813159623e-05
2017,July,Sierra (MC),MCY,Gas,PMBW,CAT,PM10,1.2493151536896425e-05
2017,July,Sierra (MC),MCY,Gas,PMBW,CAT,PM2_5,5.354207801527033e-06
2017,July,Sierra (MC),MCY,Gas,PMBW,NCAT,PM,1.5300278246941956e-05
2017,July,Sierra (MC),MCY,Gas,PMBW,NCAT,PM10,1.4994272682003099e-05
2017,July,Sierra (MC),MCY,Gas,PMBW,NCAT,PM2_5,6.426116863715612e-06
2017,July,Sierra (MC),MH,Gas,RUNEX,CAT,CO,0.003273196118710611
2017,July,Sierra (MC),MH,Gas,RUNEX,CAT,NOx,0.00044260133258796383
2017,July,Sierra (MC),MH,Gas,RUNEX,CAT,SOx,9.092945296693507e-06
2017,July,Sierra (MC),MH,Gas,RUNEX,CAT,PM,1.7112885347375206e-06
2017,July,Sierra (MC),MH,Gas,RUNEX,CAT,TOG,0.00015555474565516237
2017,July,Sierra (MC),MH,Gas,RUNEX,CAT,PM10,1.5298919500553428e-06
2017,July,Sierra (MC),MH,Gas,RUNEX,CAT,PM2_5,1.4066791755542416e-06
2017,July,Sierra (MC),MH,Gas,STREX,CAT,CO,2.1244039811519504e-05
2017,July,Sierra (MC),MH,Gas,STREX,CAT,NOx,1.6147714675720224e-06
2017,July,Sierra (MC),MH,Gas,STREX,CAT,SOx,1.5495536228653835e-09
2017,July,Sierra (MC),MH,Gas,STREX,CAT,PM,3.911220577694802e-09
2017,July,Sierra (MC),MH,Gas,STREX,CAT,TOG,1.0309396030056484e-06
2017,July,Sierra (MC),MH,Gas,STREX,CAT,PM10,3.4966311964591456e-09
2017,July,Sierra (MC),MH,Gas,STREX,CAT,PM2_5,3.2150233148651227e-09
2017,July,Sierra (MC),MH,Gas,HOTSOAK,CAT,TOG,8.466512914891547e-07
2017,July,Sierra (MC),MH,Gas,RUNLOSS,CAT,TOG,2.6090218623256105e-05
2017,July,Sierra (MC),MH,Gas,RESTLOSS,CAT,TOG,5.756937074767717e-06
2017,July,Sierra (MC),MH,Gas,DIURN,CAT,TOG,1.5395352126703522e-05
2017,July,Sierra (MC),MH,Gas,PMTW,CAT,PM,5.854449172030157e-06
2017,July,Sierra (MC),MH,Gas,PMTW,CAT,PM10,5.854449172030157e-06
2017,July,Sierra (MC),MH,Gas,PMTW,CAT,PM2_5,1.4636122930075393e-06
2017,July,Sierra (MC),MH,Gas,PMBW,CAT,PM,6.488681165666758e-05
2017,July,Sierra (MC),MH,Gas,PMBW,CAT,PM10,6.358907542353423e-05
2017,July,Sierra (MC),MH,Gas,PMBW,CAT,PM2_5,2.7252460895800382e-05
2017,July,Sierra (MC),MH,Dsl,RUNEX,DSL,CO,5.6975846475813945e-05
2017,July,Sierra (MC),MH,Dsl,RUNEX,DSL,NOx,0.0006420127917686562
2017,July,Sierra (MC),MH,Dsl,RUNEX,DSL,SOx,8.633719163637297e-07
2017,July,Sierra (MC),MH,Dsl,RUNEX,DSL,PM,1.62355699536943e-05
2017,July,Sierra (MC),MH,Dsl,RUNEX,DSL,TOG,1.65855616718088e-05
2017,July,Sierra (MC),MH,Dsl,RUNEX,DSL,PM10,1.6138156533972135e-05
2017,July,Sierra (MC),MH,Dsl,RUNEX,DSL,PM2_5,1.544002702596329e-05
2017,July,Sierra (MC),MH,Dsl,PMTW,DSL,PM,1.3581552675600286e-06
2017,July,Sierra (MC),MH,Dsl,PMTW,DSL,PM10,1.3581552675600286e-06
2017,July,Sierra (MC),MH,Dsl,PMTW,DSL,PM2_5,3.3953881689000714e-07
2017,July,Sierra (MC),MH,Dsl,PMBW,DSL,PM,1.1289665661592735e-05
2017,July,Sierra (MC),MH,Dsl,PMBW,DSL,PM10,1.1063872348360884e-05
2017,July,Sierra (MC),MH,Dsl,PMBW,DSL,PM2_5,4.741659577868951e-06
2017,July,Sierra (MC),UBUS,Gas,RUNEX,CAT,CO,3.1720499290405564e-05
2017,July,Sierra (MC),UBUS,Gas,RUNEX,CAT,NOx,2.31318336840681e-05
2017,July,Sierra (MC),UBUS,Gas,RUNEX,CAT,SOx,2.4878773618024924e-06
2017,July,Sierra (MC),UBUS,Gas,RUNEX,CAT,PM,2.9247997669560495e-07
2017,July,Sierra (MC),UBUS,Gas,RUNEX,CAT,TOG,4.0481324498085765e-06
2017,July,Sierra (MC),UBUS,Gas,RUNEX,CAT,PM10,2.614770991658708e-07
2017,July,Sierra (MC),UBUS,Gas,RUNEX,CAT,PM2_5,2.404185408437872e-07
2017,July,Sierra (MC),UBUS,Gas,STREX,CAT,CO,2.1180337113770903e-05
2017,July,Sierra (MC),UBUS,Gas,STREX,CAT,NOx,3.8301900013680644e-06
2017,July,Sierra (MC),UBUS,Gas,STREX,CAT,SOx,2.6284219191005356e-09
2017,July,Sierra (MC),UBUS,Gas,STREX,CAT,PM,2.401054714258232e-09
2017,July,Sierra (MC),UBUS,Gas,STREX,CAT,TOG,9.130800002243137e-07
2017,July,Sierra (MC),UBUS,Gas,STREX,CAT,PM10,2.146542914546859e-09
2017,July,Sierra (MC),UBUS,Gas,STREX,CAT,PM2_5,1.973666975120266e-09
2017,July,Sierra (MC),UBUS,Gas,HOTSOAK,CAT,TOG,1.174227125167644e-07
2017,July,Sierra (MC),UBUS,Gas,RUNLOSS,CAT,TOG,2.883947780740116e-07
2017,July,Sierra (MC),UBUS,Gas,RESTLOSS,CAT,TOG,1.1446220190727912e-08
2017,July,Sierra (MC),UBUS,Gas,DIURN,CAT,TOG,1.889843945073659e-08
2017,July,Sierra (MC),UBUS,Gas,PMTW,CAT,PM,1.7067649903389917e-06
2017,July,Sierra (MC),UBUS,Gas,PMTW,CAT,PM10,1.7067649903389917e-06
2017,July,Sierra (MC),UBUS,Gas,PMTW,CAT,PM2_5,4.266912475847479e-07
2017,July,Sierra (MC),UBUS,Gas,PMBW,CAT,PM,1.941445176510603e-05
2017,July,Sierra (MC),UBUS,Gas,PMBW,CAT,PM10,1.902616272980391e-05
2017,July,Sierra (MC),UBUS,Gas,PMBW,CAT,PM2_5,8.154069741344532e-06
2017,July,Sierra (MC),UBUS,Dsl,RUNEX,DSL,CO,2.0189485643545016e-07
2017,July,Sierra (MC),UBUS,Dsl,RUNEX,DSL,NOx,8.283161837152703e-08
2017,July,Sierra (MC),UBUS,Dsl,RUNEX,DSL,SOx,2.0785657685243414e-09
2017,July,Sierra (MC),UBUS,Dsl,RUNEX,DSL,PM,5.102115832020135e-09
2017,July,Sierra (MC),UBUS,Dsl,RUNEX,DSL,TOG,5.2351765229194846e-08
2017,July,Sierra (MC),UBUS,Dsl,RUNEX,DSL,PM10,5.071503137028014e-09
2017,July,Sierra (MC),UBUS,Dsl,RUNEX,DSL,PM2_5,4.852112156251149e-09
2017,July,Sierra (MC),UBUS,Dsl,PMTW,DSL,PM,3.726870611149285e-09
2017,July,Sierra (MC),UBUS,Dsl,PMTW,DSL,PM10,3.726870611149285e-09
2017,July,Sierra (MC),UBUS,Dsl,PMTW,DSL,PM2_5,9.317176527873212e-10
2017,July,Sierra (MC),UBUS,Dsl,PMBW,DSL,PM,2.8262102134548746e-08
2017,July,Sierra (MC),UBUS,Dsl,PMBW,DSL,PM10,2.7696860091857773e-08
2017,July,Sierra (MC),UBUS,Dsl,PMBW,DSL,PM2_5,1.1870082896510474e-08
2017,July,Sierra (MC),UBUS,NG,RUNEX,DSL,CO,7.070460094818955e-06
2017,July,Sierra (MC),UBUS,NG,RUNEX,DSL,NOx,2.900805214284401e-06
2017,July,Sierra (MC),UBUS,NG,RUNEX,DSL,PM,1.7867867971651894e-07
2017,July,Sierra (MC),UBUS,NG,RUNEX,DSL,TOG,1.8333853248247433e-06
2017,July,Sierra (MC),UBUS,NG,RUNEX,DSL,PM10,1.7760660763821986e-07
2017,July,Sierra (MC),UBUS,NG,RUNEX,DSL,PM2_5,1.6992342441040952e-07
2017,July,Sierra (MC),UBUS,NG,PMTW,DSL,PM,1.3051689577396142e-07
2017,July,Sierra (MC),UBUS,NG,PMTW,DSL,PM10,1.3051689577396142e-07
2017,July,Sierra (MC),UBUS,NG,PMTW,DSL,PM2_5,3.2629223943490355e-08
2017,July,Sierra (MC),UBUS,NG,PMBW,DSL,PM,9.897531262858737e-07
2017,July,Sierra (MC),UBUS,NG,PMBW,DSL,PM10,9.699580637601564e-07
2017,July,Sierra (MC),UBUS,NG,PMBW,DSL,PM2_5,4.1569631304006716e-07
2017,July,Sierra (MC),SBUS,Dsl,RUNEX,DSL,CO,8.898440093378408e-06
2017,July,Sierra (MC),SBUS,Dsl,RUNEX,DSL,NOx,0.00011916809845664133
2017,July,Sierra (MC),SBUS,Dsl,RUNEX,DSL,PM,9.079929290690126e-07
2017,July,Sierra (MC),SBUS,Dsl,RUNEX,DSL,PM10,9.025449714945985e-07
2017,July,Sierra (MC),SBUS,Dsl,RUNEX,DSL,PM2_5,8.635012755446309e-07
2017,July,Sierra (MC),SBUS,Dsl,IDLEX,DSL,CO,1.888559580601758e-05
2017,July,Sierra (MC),SBUS,Dsl,IDLEX,DSL,NOx,3.3994813747724085e-05
2017,July,Sierra (MC),SBUS,Dsl,IDLEX,DSL,PM,6.776206696440099e-09
2017,July,Sierra (MC),SBUS,Dsl,IDLEX,DSL,PM10,6.735549456261459e-09
2017,July,Sierra (MC),SBUS,Dsl,IDLEX,DSL,PM2_5,6.444172568314534e-09
2017,July,Sierra (MC),SBUS,Dsl,STREX,DSL,NOx,3.851366520387353e-05
2017,July,Sierra (MC),SBUS,Dsl,PMTW,DSL,PM,7.873719862174194e-07
2017,July,Sierra (MC),SBUS,Dsl,PMTW,DSL,PM10,7.873719862174194e-07
2017,July,Sierra (MC),SBUS,Dsl,PMTW,DSL,PM2_5,1.9684299655435484e-07
2017,July,Sierra (MC),SBUS,Dsl,PMBW,DSL,PM,4.9866892460436566e-05
2017,July,Sierra (MC),SBUS,Dsl,PMBW,DSL,PM10,4.8869554611227836e-05
2017,July,Sierra (MC),SBUS,Dsl,PMBW,DSL,PM2_5,2.094409483338336e-05
2017,July,Sierra (MC),SBUS,Dsl,RUNEX,DSL,SOx,7.150051383635786e-07
2017,July,Sierra (MC),SBUS,Dsl,IDLEX,DSL,SOx,6.775043849308133e-08
2017,July,Sierra (MC),SBUS,Dsl,RUNEX,DSL,TOG,2.887972551840371e-06
2017,July,Sierra (MC),SBUS,Dsl,IDLEX,DSL,TOG,6.680344776922406e-07
2017,     ,Sierra (MC),LDA,Dsl,RUNEX,DSL,NH3,6.20481e-06
2017,     ,Sierra (MC),LDA,Gas,RUNEX,CAT,NH3,0.006213303
2017,     ,Sierra (MC),LDT1,Dsl,RUNEX,DSL,NH3,8.14456e-10
2017,     ,Sierra (MC),LDT1,Gas,RUNEX,CAT,NH3,0.001053333
2017,     ,Sierra (MC),LDT2,Dsl,RUNEX,DSL,NH3,1.8941e-07
2017,     ,Sierra (MC),LDT2,Gas,RUNEX,CAT,NH3,0.002869435
2017,     ,Sierra (MC),LHD1,Dsl,RUNEX,DSL,NH3,0.000961602
2017,     ,Sierra (MC),LHD1,Gas,RUNEX,CAT,NH3,0.000450129
2017,     ,Sierra (MC),LHD2,Dsl,RUNEX,DSL,NH3,0.000460787
2017,     ,Sierra (MC),LHD2,Gas,RUNEX,CAT,NH3,2.92995e-05
2017,     ,Sierra (MC),MCY,Gas,RUNEX,CAT,NH3,3.6348e-05
2017,     ,Sierra (MC),MDV,Dsl,RUNEX,DSL,NH3,3.77036e-06
2017,     ,Sierra (MC),MDV,Gas,RUNEX,CAT,NH3,0.002198693
2017,     ,Sierra (MC),MH,Dsl,RUNEX,DSL,NH3,2.29297e-06
2017,     ,Sierra (MC),MH,Gas,RUNEX,CAT,NH3,2.11808e-05
2017,     ,Sierra (MC),OBUS,Gas,RUNEX,CAT,NH3,1.05161e-05
2017,     ,Sierra (MC),SBUS,Gas,RUNEX,CAT,NH3,2.81639e-06
2017,     ,Sierra (MC),T6TS,Gas,RUNEX,CAT,NH3,9.15596e-06
2017,     ,Sierra (MC),T7IS,Gas,RUNEX,CAT,NH3,2.83712e-08
2017,     ,Sierra (MC),UBUS,Dsl,RUNEX,DSL,NH3,6.82646e-08
2017,     ,Sierra (MC),UBUS,Gas,RUNEX,CAT,NH3,9.59806e-06
2017,     ,Sierra (MC),UBUS,NG,RUNEX,DSL,NH3,2.93399e-07
