calendar_year,season_month,sub_area,vehicle_class,fuel,process,cat_ncat,pollutant,emission
2017,July,Siskiyou (NEP),LDA,Gas,RUNEX,CAT,CO,2.655938047242087
2017,July,Siskiyou (NEP),LDA,Gas,RUNEX,CAT,NOx,0.1814708592460008
2017,July,Siskiyou (NEP),LDA,Gas,RUNEX,CAT,SOx,0.005685828512202625
2017,July,Siskiyou (NEP),LDA,Gas,RUNEX,CAT,PM,0.004242004545268145
2017,July,Siskiyou (NEP),LDA,Gas,RUNEX,CAT,TOG,0.10051596641995651
2017,July,Siskiyou (NEP),LDA,Gas,RUNEX,CAT,PM10,0.0037929328776317487
2017,July,Siskiyou (NEP),LDA,Gas,RUNEX,CAT,PM2_5,0.003487751278678956
2017,July,Siskiyou (NEP),LDA,Gas,RUNEX,NCAT,CO,0.06410814767266054
2017,July,Siskiyou (NEP),LDA,Gas,RUNEX,NCAT,NOx,0.005021088547205795
2017,July,Siskiyou (NEP),LDA,Gas,RUNEX,NCAT,SOx,6.225357447673782e-06
2017,July,Siskiyou (NEP),LDA,Gas,RUNEX,NCAT,PM,6.574227794699641e-05
2017,July,Siskiyou (NEP),LDA,Gas,RUNEX,NCAT,TOG,0.006529092647298522
2017,July,Siskiyou (NEP),LDA,Gas,RUNEX,NCAT,PM10,6.259751494503561e-05
2017,July,Siskiyou (NEP),LDA,Gas,RUNEX,NCAT,PM2_5,5.9462126408848654e-05
2017,July,Siskiyou (NEP),LDA,Gas,STREX,CAT,CO,0.4685374228179837
2017,July,Siskiyou (NEP),LDA,Gas,STREX,CAT,NOx,0.05674217891561443
2017,July,Siskiyou (NEP),LDA,Gas,STREX,CAT,SOx,0.00012141217971454076
2017,July,Siskiyou (NEP),LDA,Gas,STREX,CAT,PM,0.0005446641557785333
2017,July,Siskiyou (NEP),LDA,Gas,STREX,CAT,TOG,0.09318980976899019
2017,July,Siskiyou (NEP),LDA,Gas,STREX,CAT,PM10,0.00048714734351426516
2017,July,Siskiyou (NEP),LDA,Gas,STREX,CAT,PM2_5,0.0004480224567004675
2017,July,Siskiyou (NEP),LDA,Gas,STREX,NCAT,CO,0.010552618970677686
2017,July,Siskiyou (NEP),LDA,Gas,STREX,NCAT,NOx,0.0005864629912498511
2017,July,Siskiyou (NEP),LDA,Gas,STREX,NCAT,SOx,9.270342746953244e-07
2017,July,Siskiyou (NEP),LDA,Gas,STREX,NCAT,PM,2.5062050441164353e-05
2017,July,Siskiyou (NEP),LDA,Gas,STREX,NCAT,TOG,0.0017131649857011534
2017,July,Siskiyou (NEP),LDA,Gas,STREX,NCAT,PM10,2.38670422257026e-05
2017,July,Siskiyou (NEP),LDA,Gas,STREX,NCAT,PM2_5,2.267337960403498e-05
2017,July,Siskiyou (NEP),LDA,Gas,HOTSOAK,CAT,TOG,0.04617489858284419
2017,July,Siskiyou (NEP),LDA,Gas,HOTSOAK,NCAT,TOG,0.0015609782325466512
2017,July,Siskiyou (NEP),LDA,Gas,RUNLOSS,CAT,TOG,0.07280872922217567
2017,July,Siskiyou (NEP),LDA,Gas,RUNLOSS,NCAT,TOG,0.006988417241221662
2017,July,Siskiyou (NEP),LDA,Gas,RESTLOSS,CAT,TOG,0.023458188749935677
2017,July,Siskiyou (NEP),LDA,Gas,RESTLOSS,NCAT,TOG,0.0009751869122674211
2017,July,Siskiyou (NEP),LDA,Gas,DIURN,CAT,TOG,0.03362283773716394
2017,July,Siskiyou (NEP),LDA,Gas,DIURN,NCAT,TOG,0.0014585193197526433
2017,July,Siskiyou (NEP),LDA,Gas,PMTW,CAT,PM,0.013401473435442339
2017,July,Siskiyou (NEP),LDA,Gas,PMTW,CAT,PM10,0.013401473435442339
2017,July,Siskiyou (NEP),LDA,Gas,PMTW,CAT,PM2_5,0.0033503683588605847
2017,July,Siskiyou (NEP),LDA,Gas,PMTW,NCAT,PM,7.5194491187749064e-06
2017,July,Siskiyou (NEP),LDA,Gas,PMTW,NCAT,PM10,7.5194491187749064e-06
2017,July,Siskiyou (NEP),LDA,Gas,PMTW,NCAT,PM2_5,1.8798622796937266e-06
2017,July,Siskiyou (NEP),LDA,Gas,PMBW,CAT,PM,0.06281940672863597
2017,July,Siskiyou (NEP),LDA,Gas,PMBW,CAT,PM10,0.061563018594063205
2017,July,Siskiyou (NEP),LDA,Gas,PMBW,CAT,PM2_5,0.026384150826027106
2017,July,Siskiyou (NEP),LDA,Gas,PMBW,NCAT,PM,3.5247417744257395e-05
2017,July,Siskiyou (NEP),LDA,Gas,PMBW,NCAT,PM10,3.4542469389372215e-05
2017,July,Siskiyou (NEP),LDA,Gas,PMBW,NCAT,PM2_5,1.4803915452588101e-05
2017,July,Siskiyou (NEP),LDA,Dsl,RUNEX,DSL,CO,0.011641808009142966
2017,July,Siskiyou (NEP),LDA,Dsl,RUNEX,DSL,NOx,0.008727002807869162
2017,July,Siskiyou (NEP),LDA,Dsl,RUNEX,DSL,SOx,5.112526248108453e-05
2017,July,Siskiyou (NEP),LDA,Dsl,RUNEX,DSL,PM,0.0005819615943506635
2017,July,Siskiyou (NEP),LDA,Dsl,RUNEX,DSL,TOG,0.0011969728430190215
2017,July,Siskiyou (NEP),LDA,Dsl,RUNEX,DSL,PM10,0.0005784698247845594
2017,July,Siskiyou (NEP),LDA,Dsl,RUNEX,DSL,PM2_5,0.0005534454762274808
2017,July,Siskiyou (NEP),LDA,Dsl,PMTW,DSL,PM,0.00016395711653788338
2017,July,Siskiyou (NEP),LDA,Dsl,PMTW,DSL,PM10,0.00016395711653788338
2017,July,Siskiyou (NEP),LDA,Dsl,PMTW,DSL,PM2_5,4.0989279134470844e-05
2017,July,Siskiyou (NEP),LDA,Dsl,PMBW,DSL,PM,0.0007685489837713282
2017,July,Siskiyou (NEP),LDA,Dsl,PMBW,DSL,PM10,0.0007531780040959021
2017,July,Siskiyou (NEP),LDA,Dsl,PMBW,DSL,PM2_5,0.00032279057318395765
2017,July,Siskiyou (NEP),LDA,Elec,HOTSOAK,CAT,TOG,7.595580486787212e-06
2017,July,Siskiyou (NEP),LDA,Elec,RESTLOSS,CAT,TOG,4.005564622805497e-06
2017,July,Siskiyou (NEP),LDA,Elec,DIURN,CAT,TOG,1.1023093093061222e-05
2017,July,Siskiyou (NEP),LDA,Elec,PMTW,CAT,PM,9.612325925574659e-05
2017,July,Siskiyou (NEP),LDA,Elec,PMTW,CAT,PM10,9.612325925574659e-05
2017,July,Siskiyou (NEP),LDA,Elec,PMTW,CAT,PM2_5,2.4030814813936648e-05
2017,July,Siskiyou (NEP),LDA,Elec,PMBW,CAT,PM,0.00045057777776131213
2017,July,Siskiyou (NEP),LDA,Elec,PMBW,CAT,PM10,0.000441566222206086
2017,July,Siskiyou (NEP),LDA,Elec,PMBW,CAT,PM2_5,0.000189242666659751
2017,July,Siskiyou (NEP),LDT1,Gas,RUNEX,CAT,CO,0.9157393067179372
2017,July,Siskiyou (NEP),LDT1,Gas,RUNEX,CAT,NOx,0.07932202434668391
2017,July,Siskiyou (NEP),LDT1,Gas,RUNEX,CAT,SOx,0.0009763733656556747
2017,July,Siskiyou (NEP),LDT1,Gas,RUNEX,CAT,PM,0.0012987812961239166
2017,July,Siskiyou (NEP),LDT1,Gas,RUNEX,CAT,TOG,0.03872064258862754
2017,July,Siskiyou (NEP),LDT1,Gas,RUNEX,CAT,PM10,0.001161922572781815
2017,July,Siskiyou (NEP),LDT1,Gas,RUNEX,CAT,PM2_5,0.001068749702047712
2017,July,Siskiyou (NEP),LDT1,Gas,RUNEX,NCAT,CO,0.07085904077915327
2017,July,Siskiyou (NEP),LDT1,Gas,RUNEX,NCAT,NOx,0.005510826133843702
2017,July,Siskiyou (NEP),LDT1,Gas,RUNEX,NCAT,SOx,6.828814120800521e-06
2017,July,Siskiyou (NEP),LDT1,Gas,RUNEX,NCAT,PM,7.345609909222144e-05
2017,July,Siskiyou (NEP),LDT1,Gas,RUNEX,NCAT,TOG,0.007270733249935466
2017,July,Siskiyou (NEP),LDT1,Gas,RUNEX,NCAT,PM10,6.977921718059237e-05
2017,July,Siskiyou (NEP),LDT1,Gas,RUNEX,NCAT,PM2_5,6.620776623371513e-05
2017,July,Siskiyou (NEP),LDT1,Gas,STREX,CAT,CO,0.09721245285311549
2017,July,Siskiyou (NEP),LDT1,Gas,STREX,CAT,NOx,0.015716765037137148
2017,July,Siskiyou (NEP),LDT1,Gas,STREX,CAT,SOx,2.4221155152555853e-05
2017,July,Siskiyou (NEP),LDT1,Gas,STREX,CAT,PM,0.00017673138798855468
2017,July,Siskiyou (NEP),LDT1,Gas,STREX,CAT,TOG,0.028088466956279992
2017,July,Siskiyou (NEP),LDT1,Gas,STREX,CAT,PM10,0.00015820159225715324
2017,July,Siskiyou (NEP),LDT1,Gas,STREX,CAT,PM2_5,0.0001455620738006462
2017,July,Siskiyou (NEP),LDT1,Gas,STREX,NCAT,CO,0.00835254785789691
2017,July,Siskiyou (NEP),LDT1,Gas,STREX,NCAT,NOx,0.00040540837104571597
2017,July,Siskiyou (NEP),LDT1,Gas,STREX,NCAT,SOx,6.609766643218887e-07
2017,July,Siskiyou (NEP),LDT1,Gas,STREX,NCAT,PM,1.7863883517765e-05
2017,July,Siskiyou (NEP),LDT1,Gas,STREX,NCAT,TOG,0.0012433890978370116
2017,July,Siskiyou (NEP),LDT1,Gas,STREX,NCAT,PM10,1.6963460665186227e-05
2017,July,Siskiyou (NEP),LDT1,Gas,STREX,NCAT,PM2_5,1.6092308311735806e-05
2017,July,Siskiyou (NEP),LDT1,Gas,HOTSOAK,CAT,TOG,0.018400282324208674
2017,July,Siskiyou (NEP),LDT1,Gas,HOTSOAK,NCAT,TOG,0.0010628238971043431
2017,July,Siskiyou (NEP),LDT1,Gas,RUNLOSS,CAT,TOG,0.06307837352209918
2017,July,Siskiyou (NEP),LDT1,Gas,RUNLOSS,NCAT,TOG,0.002236455545902998
2017,July,Siskiyou (NEP),LDT1,Gas,RESTLOSS,CAT,TOG,0.009986674812396063
2017,July,Siskiyou (NEP),LDT1,Gas,RESTLOSS,NCAT,TOG,0.0006892376625913654
2017,July,Siskiyou (NEP),LDT1,Gas,DIURN,CAT,TOG,0.01575368158347399
2017,July,Siskiyou (NEP),LDT1,Gas,DIURN,NCAT,TOG,0.0010050296192331506
2017,July,Siskiyou (NEP),LDT1,Gas,PMTW,CAT,PM,0.001970653557451978
2017,July,Siskiyou (NEP),LDT1,Gas,PMTW,CAT,PM10,0.001970653557451978
2017,July,Siskiyou (NEP),LDT1,Gas,PMTW,CAT,PM2_5,0.0004926633893629945
2017,July,Siskiyou (NEP),LDT1,Gas,PMTW,NCAT,PM,8.402061144238297e-06
2017,July,Siskiyou (NEP),LDT1,Gas,PMTW,NCAT,PM10,8.402061144238297e-06
2017,July,Siskiyou (NEP),LDT1,Gas,PMTW,NCAT,PM2_5,2.100515286059574e-06
2017,July,Siskiyou (NEP),LDT1,Gas,PMBW,CAT,PM,0.009237438550556143
2017,July,Siskiyou (NEP),LDT1,Gas,PMBW,CAT,PM10,0.009052689779545037
2017,July,Siskiyou (NEP),LDT1,Gas,PMBW,CAT,PM2_5,0.0038797241912335865
2017,July,Siskiyou (NEP),LDT1,Gas,PMBW,NCAT,PM,3.938466161361702e-05
2017,July,Siskiyou (NEP),LDT1,Gas,PMBW,NCAT,PM10,3.8596968381344664e-05
2017,July,Siskiyou (NEP),LDT1,Gas,PMBW,NCAT,PM2_5,1.654155787771915e-05
2017,July,Siskiyou (NEP),LDT2,Gas,RUNEX,CAT,CO,1.772798685215734
2017,July,Siskiyou (NEP),LDT2,Gas,RUNEX,CAT,NOx,0.18562519125016735
2017,July,Siskiyou (NEP),LDT2,Gas,RUNEX,CAT,SOx,0.0033374732744578433
2017,July,Siskiyou (NEP),LDT2,Gas,RUNEX,CAT,PM,0.0022035170255753156
2017,July,Siskiyou (NEP),LDT2,Gas,RUNEX,CAT,TOG,0.07074270332317924
2017,July,Siskiyou (NEP),LDT2,Gas,RUNEX,CAT,PM10,0.001970688458244226
2017,July,Siskiyou (NEP),LDT2,Gas,RUNEX,CAT,PM2_5,0.0018123462569794723
2017,July,Siskiyou (NEP),LDT2,Gas,RUNEX,NCAT,CO,0.065064923472308
2017,July,Siskiyou (NEP),LDT2,Gas,RUNEX,NCAT,NOx,0.005113972769733421
2017,July,Siskiyou (NEP),LDT2,Gas,RUNEX,NCAT,SOx,6.316757680241817e-06
2017,July,Siskiyou (NEP),LDT2,Gas,RUNEX,NCAT,PM,6.783116122110992e-05
2017,July,Siskiyou (NEP),LDT2,Gas,RUNEX,NCAT,TOG,0.006721418167688311
2017,July,Siskiyou (NEP),LDT2,Gas,RUNEX,NCAT,PM10,6.444150855359544e-05
2017,July,Siskiyou (NEP),LDT2,Gas,RUNEX,NCAT,PM2_5,6.114591288319562e-05
2017,July,Siskiyou (NEP),LDT2,Gas,STREX,CAT,CO,0.29293895519292634
2017,July,Siskiyou (NEP),LDT2,Gas,STREX,CAT,NOx,0.050834829195831564
2017,July,Siskiyou (NEP),LDT2,Gas,STREX,CAT,SOx,7.740651951296499e-05
2017,July,Siskiyou (NEP),LDT2,Gas,STREX,CAT,PM,0.0002824692034052312
2017,July,Siskiyou (NEP),LDT2,Gas,STREX,CAT,TOG,0.06333505308535131
2017,July,Siskiyou (NEP),LDT2,Gas,STREX,CAT,PM10,0.0002527064922000693
2017,July,Siskiyou (NEP),LDT2,Gas,STREX,CAT,PM2_5,0.00023244352570358175
2017,July,Siskiyou (NEP),LDT2,Gas,STREX,NCAT,CO,0.007248501070502697
2017,July,Siskiyou (NEP),LDT2,Gas,STREX,NCAT,NOx,0.0003549369147503378
2017,July,Siskiyou (NEP),LDT2,Gas,STREX,NCAT,SOx,5.773459679994278e-07
2017,July,Siskiyou (NEP),LDT2,Gas,STREX,NCAT,PM,1.560973802163944e-05
2017,July,Siskiyou (NEP),LDT2,Gas,STREX,NCAT,TOG,0.0010816120354277825
2017,July,Siskiyou (NEP),LDT2,Gas,STREX,NCAT,PM10,1.4821933883003245e-05
2017,July,Siskiyou (NEP),LDT2,Gas,STREX,NCAT,PM2_5,1.4060289261361785e-05
2017,July,Siskiyou (NEP),LDT2,Gas,HOTSOAK,CAT,TOG,0.028373910079737233
2017,July,Siskiyou (NEP),LDT2,Gas,HOTSOAK,NCAT,TOG,0.0009251039188661287
2017,July,Siskiyou (NEP),LDT2,Gas,RUNLOSS,CAT,TOG,0.09524335828420823
2017,July,Siskiyou (NEP),LDT2,Gas,RUNLOSS,NCAT,TOG,0.0019418212242456759
2017,July,Siskiyou (NEP),LDT2,Gas,RESTLOSS,CAT,TOG,0.015428645094787667
2017,July,Siskiyou (NEP),LDT2,Gas,RESTLOSS,NCAT,TOG,0.0006052172116920276
2017,July,Siskiyou (NEP),LDT2,Gas,DIURN,CAT,TOG,0.02194026438689057
2017,July,Siskiyou (NEP),LDT2,Gas,DIURN,NCAT,TOG,0.0008788955765346758
2017,July,Siskiyou (NEP),LDT2,Gas,PMTW,CAT,PM,0.006029703949466421
2017,July,Siskiyou (NEP),LDT2,Gas,PMTW,CAT,PM10,0.006029703949466421
2017,July,Siskiyou (NEP),LDT2,Gas,PMTW,CAT,PM2_5,0.0015074259873666053
2017,July,Siskiyou (NEP),LDT2,Gas,PMTW,NCAT,PM,7.758978921225972e-06
2017,July,Siskiyou (NEP),LDT2,Gas,PMTW,NCAT,PM10,7.758978921225972e-06
2017,July,Siskiyou (NEP),LDT2,Gas,PMTW,NCAT,PM2_5,1.939744730306493e-06
2017,July,Siskiyou (NEP),LDT2,Gas,PMBW,CAT,PM,0.028264237263123826
2017,July,Siskiyou (NEP),LDT2,Gas,PMBW,CAT,PM10,0.027698952517861367
2017,July,Siskiyou (NEP),LDT2,Gas,PMBW,CAT,PM2_5,0.011870979650512013
2017,July,Siskiyou (NEP),LDT2,Gas,PMBW,NCAT,PM,3.6370213693246786e-05
2017,July,Siskiyou (NEP),LDT2,Gas,PMBW,NCAT,PM10,3.564280941938186e-05
2017,July,Siskiyou (NEP),LDT2,Gas,PMBW,NCAT,PM2_5,1.5275489751163637e-05
2017,July,Siskiyou (NEP),MDV,Gas,RUNEX,CAT,CO,1.5107485983359046
2017,July,Siskiyou (NEP),MDV,Gas,RUNEX,CAT,NOx,0.1605680056870841
2017,July,Siskiyou (NEP),MDV,Gas,RUNEX,CAT,SOx,0.0031373874631697636
2017,July,Siskiyou (NEP),MDV,Gas,RUNEX,CAT,PM,0.0018046243477135274
2017,July,Siskiyou (NEP),MDV,Gas,RUNEX,CAT,TOG,0.06617641256177788
2017,July,Siskiyou (NEP),MDV,Gas,RUNEX,CAT,PM10,0.001614400825340569
2017,July,Siskiyou (NEP),MDV,Gas,RUNEX,CAT,PM2_5,0.0014849136400301387
2017,July,Siskiyou (NEP),MDV,Gas,RUNEX,NCAT,CO,0.35477084219263766
2017,July,Siskiyou (NEP),MDV,Gas,RUNEX,NCAT,NOx,0.02014110916858999
2017,July,Siskiyou (NEP),MDV,Gas,RUNEX,NCAT,SOx,2.1309118699357843e-05
2017,July,Siskiyou (NEP),MDV,Gas,RUNEX,NCAT,PM,0.00016535793543319798
2017,July,Siskiyou (NEP),MDV,Gas,RUNEX,NCAT,TOG,0.01984483548031207
2017,July,Siskiyou (NEP),MDV,Gas,RUNEX,NCAT,PM10,0.00015784231746662284
2017,July,Siskiyou (NEP),MDV,Gas,RUNEX,NCAT,PM2_5,0.00015012080058262106
2017,July,Siskiyou (NEP),MDV,Gas,STREX,CAT,CO,0.31334089466542364
2017,July,Siskiyou (NEP),MDV,Gas,STREX,CAT,NOx,0.047022401651734144
2017,July,Siskiyou (NEP),MDV,Gas,STREX,CAT,SOx,7.644550571516404e-05
2017,July,Siskiyou (NEP),MDV,Gas,STREX,CAT,PM,0.0002870015402425223
2017,July,Siskiyou (NEP),MDV,Gas,STREX,CAT,TOG,0.06479064746692298
2017,July,Siskiyou (NEP),MDV,Gas,STREX,CAT,PM10,0.00025687472797818975
2017,July,Siskiyou (NEP),MDV,Gas,STREX,CAT,PM2_5,0.00023633404734995972
2017,July,Siskiyou (NEP),MDV,Gas,STREX,NCAT,CO,0.04081029133497936
2017,July,Siskiyou (NEP),MDV,Gas,STREX,NCAT,NOx,0.0016423812474874772
2017,July,Siskiyou (NEP),MDV,Gas,STREX,NCAT,SOx,2.273159738947491e-06
2017,July,Siskiyou (NEP),MDV,Gas,STREX,NCAT,PM,4.339006385624395e-05
2017,July,Siskiyou (NEP),MDV,Gas,STREX,NCAT,TOG,0.0040243060145565175
2017,July,Siskiyou (NEP),MDV,Gas,STREX,NCAT,PM10,4.140250036447545e-05
2017,July,Siskiyou (NEP),MDV,Gas,STREX,NCAT,PM2_5,3.936990728556926e-05
2017,July,Siskiyou (NEP),MDV,Gas,HOTSOAK,CAT,TOG,0.02522700781760226
2017,July,Siskiyou (NEP),MDV,Gas,HOTSOAK,NCAT,TOG,0.0021811374669561522
2017,July,Siskiyou (NEP),MDV,Gas,RUNLOSS,CAT,TOG,0.08307199090310333
2017,July,Siskiyou (NEP),MDV,Gas,RUNLOSS,NCAT,TOG,0.004163896254723952
2017,July,Siskiyou (NEP),MDV,Gas,RESTLOSS,CAT,TOG,0.014248780903478633
2017,July,Siskiyou (NEP),MDV,Gas,RESTLOSS,NCAT,TOG,0.0018159965733510843
2017,July,Siskiyou (NEP),MDV,Gas,DIURN,CAT,TOG,0.019764723036022322
2017,July,Siskiyou (NEP),MDV,Gas,DIURN,NCAT,TOG,0.0025517995703077125
2017,July,Siskiyou (NEP),MDV,Gas,PMTW,CAT,PM,0.004791054692006353
2017,July,Siskiyou (NEP),MDV,Gas,PMTW,CAT,PM10,0.004791054692006353
2017,July,Siskiyou (NEP),MDV,Gas,PMTW,CAT,PM2_5,0.0011977636730015882
2017,July,Siskiyou (NEP),MDV,Gas,PMTW,NCAT,PM,1.9067622477563685e-05
2017,July,Siskiyou (NEP),MDV,Gas,PMTW,NCAT,PM10,1.9067622477563685e-05
2017,July,Siskiyou (NEP),MDV,Gas,PMTW,NCAT,PM2_5,4.766905619390921e-06
2017,July,Siskiyou (NEP),MDV,Gas,PMBW,CAT,PM,0.022458068868779758
2017,July,Siskiyou (NEP),MDV,Gas,PMBW,CAT,PM10,0.02200890749140419
2017,July,Siskiyou (NEP),MDV,Gas,PMBW,CAT,PM2_5,0.009432388924887495
2017,July,Siskiyou (NEP),MDV,Gas,PMBW,NCAT,PM,8.937948036357982e-05
2017,July,Siskiyou (NEP),MDV,Gas,PMBW,NCAT,PM10,8.759189075630813e-05
2017,July,Siskiyou (NEP),MDV,Gas,PMBW,NCAT,PM2_5,3.75393817527035e-05
2017,July,Siskiyou (NEP),LHD1,Gas,RUNEX,CAT,CO,0.4138677227506894
2017,July,Siskiyou (NEP),LHD1,Gas,RUNEX,CAT,NOx,0.062059834558937245
2017,July,Siskiyou (NEP),LHD1,Gas,RUNEX,CAT,SOx,0.0009229172802866326
2017,July,Siskiyou (NEP),LHD1,Gas,RUNEX,CAT,PM,0.0004496571384295558
2017,July,Siskiyou (NEP),LHD1,Gas,RUNEX,CAT,TOG,0.03217711924688261
2017,July,Siskiyou (NEP),LHD1,Gas,RUNEX,CAT,PM10,0.00040199348175602343
2017,July,Siskiyou (NEP),LHD1,Gas,RUNEX,CAT,PM2_5,0.000369618167789096
2017,July,Siskiyou (NEP),LHD1,Gas,RUNEX,NCAT,CO,0.11975631168317138
2017,July,Siskiyou (NEP),LHD1,Gas,RUNEX,NCAT,NOx,0.003109142721458783
2017,July,Siskiyou (NEP),LHD1,Gas,RUNEX,NCAT,SOx,1.3542849908488719e-05
2017,July,Siskiyou (NEP),LHD1,Gas,RUNEX,NCAT,PM,6.174957366149584e-05
2017,July,Siskiyou (NEP),LHD1,Gas,RUNEX,NCAT,TOG,0.0068556130860704875
2017,July,Siskiyou (NEP),LHD1,Gas,RUNEX,NCAT,PM10,5.934134028869749e-05
2017,July,Siskiyou (NEP),LHD1,Gas,RUNEX,NCAT,PM2_5,5.662435904759169e-05
2017,July,Siskiyou (NEP),LHD1,Gas,IDLEX,CAT,CO,0.009625452980699908
2017,July,Siskiyou (NEP),LHD1,Gas,IDLEX,CAT,NOx,0.00010803616873857092
2017,July,Siskiyou (NEP),LHD1,Gas,IDLEX,CAT,SOx,3.246903703228139e-06
2017,July,Siskiyou (NEP),LHD1,Gas,IDLEX,CAT,TOG,0.0017922900674484997
2017,July,Siskiyou (NEP),LHD1,Gas,IDLEX,NCAT,CO,0.00023177834315573007
2017,July,Siskiyou (NEP),LHD1,Gas,IDLEX,NCAT,NOx,2.620999665146182e-06
2017,July,Siskiyou (NEP),LHD1,Gas,IDLEX,NCAT,SOx,8.540370860364041e-08
2017,July,Siskiyou (NEP),LHD1,Gas,IDLEX,NCAT,TOG,4.166023094441271e-05
2017,July,Siskiyou (NEP),LHD1,Gas,STREX,CAT,CO,0.10002759953559662
2017,July,Siskiyou (NEP),LHD1,Gas,STREX,CAT,NOx,0.01980052905456777
2017,July,Siskiyou (NEP),LHD1,Gas,STREX,CAT,SOx,7.817333521101087e-06
2017,July,Siskiyou (NEP),LHD1,Gas,STREX,CAT,PM,3.791781424965595e-05
2017,July,Siskiyou (NEP),LHD1,Gas,STREX,CAT,TOG,0.0082287861765553
2017,July,Siskiyou (NEP),LHD1,Gas,STREX,CAT,PM10,3.389852593919247e-05
2017,July,Siskiyou (NEP),LHD1,Gas,STREX,CAT,PM2_5,3.116844331321712e-05
2017,July,Siskiyou (NEP),LHD1,Gas,STREX,NCAT,CO,9.303206476700168e-05
2017,July,Siskiyou (NEP),LHD1,Gas,STREX,NCAT,NOx,0.0003742402731529918
2017,July,Siskiyou (NEP),LHD1,Gas,STREX,NCAT,SOx,6.849965728991272e-07
2017,July,Siskiyou (NEP),LHD1,Gas,STREX,NCAT,PM,1.5810015327997544e-05
2017,July,Siskiyou (NEP),LHD1,Gas,STREX,NCAT,TOG,0.0020794153886268987
2017,July,Siskiyou (NEP),LHD1,Gas,STREX,NCAT,PM10,1.5193424730205635e-05
2017,July,Siskiyou (NEP),LHD1,Gas,STREX,NCAT,PM2_5,1.4497784055773743e-05
2017,July,Siskiyou (NEP),LHD1,Gas,HOTSOAK,CAT,TOG,0.012745979875033678
2017,July,Siskiyou (NEP),LHD1,Gas,HOTSOAK,NCAT,TOG,0.0015379706898237255
2017,July,Siskiyou (NEP),LHD1,Gas,RUNLOSS,CAT,TOG,0.10887004215200125
2017,July,Siskiyou (NEP),LHD1,Gas,RUNLOSS,NCAT,TOG,0.003976858643303135
2017,July,Siskiyou (NEP),LHD1,Gas,RESTLOSS,CAT,TOG,0.00022007808585505184
2017,July,Siskiyou (NEP),LHD1,Gas,RESTLOSS,NCAT,TOG,2.3471156133158038e-05
2017,July,Siskiyou (NEP),LHD1,Gas,DIURN,CAT,TOG,0.0005471431323162946
2017,July,Siskiyou (NEP),LHD1,Gas,DIURN,NCAT,TOG,5.040207610430102e-05
2017,July,Siskiyou (NEP),LHD1,Gas,PMTW,CAT,PM,0.0007049372281326249
2017,July,Siskiyou (NEP),LHD1,Gas,PMTW,CAT,PM10,0.0007049372281326249
2017,July,Siskiyou (NEP),LHD1,Gas,PMTW,CAT,PM2_5,0.00017623430703315622
2017,July,Siskiyou (NEP),LHD1,Gas,PMTW,NCAT,PM,8.761404550184865e-06
2017,July,Siskiyou (NEP),LHD1,Gas,PMTW,NCAT,PM10,8.761404550184865e-06
2017,July,Siskiyou (NEP),LHD1,Gas,PMTW,NCAT,PM2_5,2.1903511375462163e-06
2017,July,Siskiyou (NEP),LHD1,Gas,PMBW,CAT,PM,0.006873137974293094
2017,July,Siskiyou (NEP),LHD1,Gas,PMBW,CAT,PM10,0.0067356752148072414
2017,July,Siskiyou (NEP),LHD1,Gas,PMBW,CAT,PM2_5,0.002886717949203101
2017,July,Siskiyou (NEP),LHD1,Gas,PMBW,NCAT,PM,8.54236943643025e-05
2017,July,Siskiyou (NEP),LHD1,Gas,PMBW,NCAT,PM10,8.371522047701641e-05
2017,July,Siskiyou (NEP),LHD1,Gas,PMBW,NCAT,PM2_5,3.587795163300704e-05
2017,July,Siskiyou (NEP),LHD2,Gas,RUNEX,CAT,CO,0.026199842057984857
2017,July,Siskiyou (NEP),LHD2,Gas,RUNEX,CAT,NOx,0.004389367995728596
2017,July,Siskiyou (NEP),LHD2,Gas,RUNEX,CAT,SOx,9.198673561422148e-05
2017,July,Siskiyou (NEP),LHD2,Gas,RUNEX,CAT,PM,2.8542563621050244e-05
2017,July,Siskiyou (NEP),LHD2,Gas,RUNEX,CAT,TOG,0.001983673458146642
2017,July,Siskiyou (NEP),LHD2,Gas,RUNEX,CAT,PM10,2.551705187721891e-05
2017,July,Siskiyou (NEP),LHD2,Gas,RUNEX,CAT,PM2_5,2.346198729650333e-05
2017,July,Siskiyou (NEP),LHD2,Gas,IDLEX,CAT,CO,0.0007964093948239138
2017,July,Siskiyou (NEP),LHD2,Gas,IDLEX,CAT,NOx,8.936843510164868e-06
2017,July,Siskiyou (NEP),LHD2,Gas,IDLEX,CAT,SOx,3.0698496302351e-07
2017,July,Siskiyou (NEP),LHD2,Gas,IDLEX,CAT,TOG,0.00014872645003438415
2017,July,Siskiyou (NEP),LHD2,Gas,STREX,CAT,CO,0.00770577763771096
2017,July,Siskiyou (NEP),LHD2,Gas,STREX,CAT,NOx,0.0016277041513898525
2017,July,Siskiyou (NEP),LHD2,Gas,STREX,CAT,SOx,7.234815470430326e-07
2017,July,Siskiyou (NEP),LHD2,Gas,STREX,CAT,PM,2.224363529597237e-06
2017,July,Siskiyou (NEP),LHD2,Gas,STREX,CAT,TOG,0.00062635827656206
2017,July,Siskiyou (NEP),LHD2,Gas,STREX,CAT,PM10,1.9885809954599263e-06
2017,July,Siskiyou (NEP),LHD2,Gas,STREX,CAT,PM2_5,1.828426821328926e-06
2017,July,Siskiyou (NEP),LHD2,Gas,HOTSOAK,CAT,TOG,0.0007889761861375428
2017,July,Siskiyou (NEP),LHD2,Gas,RUNLOSS,CAT,TOG,0.006463150007616269
2017,July,Siskiyou (NEP),LHD2,Gas,RESTLOSS,CAT,TOG,1.3948874613289804e-05
2017,July,Siskiyou (NEP),LHD2,Gas,DIURN,CAT,TOG,3.399203484274591e-05
2017,July,Siskiyou (NEP),LHD2,Gas,PMTW,CAT,PM,6.150537945246912e-05
2017,July,Siskiyou (NEP),LHD2,Gas,PMTW,CAT,PM10,6.150537945246912e-05
2017,July,Siskiyou (NEP),LHD2,Gas,PMTW,CAT,PM2_5,1.537634486311728e-05
2017,July,Siskiyou (NEP),LHD2,Gas,PMBW,CAT,PM,0.0006996236912718368
2017,July,Siskiyou (NEP),LHD2,Gas,PMBW,CAT,PM10,0.0006856312174463988
2017,July,Siskiyou (NEP),LHD2,Gas,PMBW,CAT,PM2_5,0.0002938419503341715
2017,July,Siskiyou (NEP),T6TS,Gas,RUNEX,CAT,CO,0.05528843698270088
2017,July,Siskiyou (NEP),T6TS,Gas,RUNEX,CAT,NOx,0.009293521774137435
2017,July,Siskiyou (NEP),T6TS,Gas,RUNEX,CAT,SOx,9.161144969996115e-05
2017,July,Siskiyou (NEP),T6TS,Gas,RUNEX,CAT,PM,1.8693353375750772e-05
2017,July,Siskiyou (NEP),T6TS,Gas,RUNEX,CAT,TOG,0.0036176125910905763
2017,July,Siskiyou (NEP),T6TS,Gas,RUNEX,CAT,PM10,1.671185791792117e-05
2017,July,Siskiyou (NEP),T6TS,Gas,RUNEX,CAT,PM2_5,1.5365936474867124e-05
2017,July,Siskiyou (NEP),T6TS,Gas,RUNEX,NCAT,CO,0.027418149786374617
2017,July,Siskiyou (NEP),T6TS,Gas,RUNEX,NCAT,NOx,0.000827187286704935
2017,July,Siskiyou (NEP),T6TS,Gas,RUNEX,NCAT,SOx,4.195178671824403e-06
2017,July,Siskiyou (NEP),T6TS,Gas,RUNEX,NCAT,PM,8.310223927055353e-06
2017,July,Siskiyou (NEP),T6TS,Gas,RUNEX,NCAT,TOG,0.0012913369458926488
2017,July,Siskiyou (NEP),T6TS,Gas,RUNEX,NCAT,PM10,7.986125193900192e-06
2017,July,Siskiyou (NEP),T6TS,Gas,RUNEX,NCAT,PM2_5,7.620475341109758e-06
2017,July,Siskiyou (NEP),T6TS,Gas,IDLEX,CAT,CO,0.001414751180008991
2017,July,Siskiyou (NEP),T6TS,Gas,IDLEX,CAT,NOx,1.2540058502355172e-05
2017,July,Siskiyou (NEP),T6TS,Gas,IDLEX,CAT,SOx,8.349646046754026e-07
2017,July,Siskiyou (NEP),T6TS,Gas,IDLEX,CAT,TOG,0.00018335111627828488
2017,July,Siskiyou (NEP),T6TS,Gas,IDLEX,NCAT,CO,0.00019487088371778665
2017,July,Siskiyou (NEP),T6TS,Gas,IDLEX,NCAT,NOx,1.7311735011885425e-06
2017,July,Siskiyou (NEP),T6TS,Gas,IDLEX,NCAT,SOx,1.2240671921849935e-07
2017,July,Siskiyou (NEP),T6TS,Gas,IDLEX,NCAT,TOG,2.4512718525752123e-05
2017,July,Siskiyou (NEP),T6TS,Gas,STREX,CAT,CO,0.017636284744163684
2017,July,Siskiyou (NEP),T6TS,Gas,STREX,CAT,NOx,0.001082995781031475
2017,July,Siskiyou (NEP),T6TS,Gas,STREX,CAT,SOx,1.2151124923267548e-06
2017,July,Siskiyou (NEP),T6TS,Gas,STREX,CAT,PM,4.7248912861204525e-06
2017,July,Siskiyou (NEP),T6TS,Gas,STREX,CAT,TOG,0.0007827723910015336
2017,July,Siskiyou (NEP),T6TS,Gas,STREX,CAT,PM10,4.224052809791678e-06
2017,July,Siskiyou (NEP),T6TS,Gas,STREX,CAT,PM2_5,3.883860637191008e-06
2017,July,Siskiyou (NEP),T6TS,Gas,STREX,NCAT,CO,5.788044772231701e-05
2017,July,Siskiyou (NEP),T6TS,Gas,STREX,NCAT,NOx,0.00022836493324015862
2017,July,Siskiyou (NEP),T6TS,Gas,STREX,NCAT,SOx,5.740551757965001e-07
2017,July,Siskiyou (NEP),T6TS,Gas,STREX,NCAT,PM,6.399757693479759e-06
2017,July,Siskiyou (NEP),T6TS,Gas,STREX,NCAT,TOG,0.00124570416736661
2017,July,Siskiyou (NEP),T6TS,Gas,STREX,NCAT,PM10,6.150167143434045e-06
2017,July,Siskiyou (NEP),T6TS,Gas,STREX,NCAT,PM2_5,5.868577804920939e-06
2017,July,Siskiyou (NEP),T6TS,Gas,HOTSOAK,CAT,TOG,0.0009840394638690544
2017,July,Siskiyou (NEP),T6TS,Gas,HOTSOAK,NCAT,TOG,0.0006731122840957173
2017,July,Siskiyou (NEP),T6TS,Gas,RUNLOSS,CAT,TOG,0.006530698111946378
2017,July,Siskiyou (NEP),T6TS,Gas,RUNLOSS,NCAT,TOG,0.0016365061466869456
2017,July,Siskiyou (NEP),T6TS,Gas,RESTLOSS,CAT,TOG,1.8170271125679024e-05
2017,July,Siskiyou (NEP),T6TS,Gas,RESTLOSS,NCAT,TOG,7.554679050569612e-06
2017,July,Siskiyou (NEP),T6TS,Gas,DIURN,CAT,TOG,4.2121258779381074e-05
2017,July,Siskiyou (NEP),T6TS,Gas,DIURN,NCAT,TOG,1.5840509654229383e-05
2017,July,Siskiyou (NEP),T6TS,Gas,PMTW,CAT,PM,5.908702147045799e-05
2017,July,Siskiyou (NEP),T6TS,Gas,PMTW,CAT,PM10,5.908702147045799e-05
2017,July,Siskiyou (NEP),T6TS,Gas,PMTW,CAT,PM2_5,1.4771755367614498e-05
2017,July,Siskiyou (NEP),T6TS,Gas,PMTW,NCAT,PM,2.3935684655408425e-06
2017,July,Siskiyou (NEP),T6TS,Gas,PMTW,NCAT,PM10,2.3935684655408425e-06
2017,July,Siskiyou (NEP),T6TS,Gas,PMTW,NCAT,PM2_5,5.983921163852106e-07
2017,July,Siskiyou (NEP),T6TS,Gas,PMBW,CAT,PM,0.0006548811546309095
2017,July,Siskiyou (NEP),T6TS,Gas,PMBW,CAT,PM10,0.0006417835315382904
2017,July,Siskiyou (NEP),T6TS,Gas,PMBW,CAT,PM2_5,0.00027505008494498203
2017,July,Siskiyou (NEP),T6TS,Gas,PMBW,NCAT,PM,2.6528717159744334e-05
2017,July,Siskiyou (NEP),T6TS,Gas,PMBW,NCAT,PM10,2.5998142816549454e-05
2017,July,Siskiyou (NEP),T6TS,Gas,PMBW,NCAT,PM2_5,1.114206120709262e-05
2017,July,Siskiyou (NEP),T7IS,Gas,RUNEX,CAT,CO,0.0015557692210721858
2017,July,Siskiyou (NEP),T7IS,Gas,RUNEX,CAT,NOx,0.0009922497377103864
2017,July,Siskiyou (NEP),T7IS,Gas,RUNEX,CAT,SOx,9.086113539892303e-07
2017,July,Siskiyou (NEP),T7IS,Gas,RUNEX,CAT,PM,2.3157478880345615e-07
2017,July,Siskiyou (NEP),T7IS,Gas,RUNEX,CAT,TOG,0.00011948557194525097
2017,July,Siskiyou (NEP),T7IS,Gas,RUNEX,CAT,PM10,2.0702786119028986e-07
2017,July,Siskiyou (NEP),T7IS,Gas,RUNEX,CAT,PM2_5,1.9035447639644095e-07
2017,July,Siskiyou (NEP),T7IS,Gas,RUNEX,NCAT,CO,0.00939920278044293
2017,July,Siskiyou (NEP),T7IS,Gas,RUNEX,NCAT,NOx,0.0004506947530601181
2017,July,Siskiyou (NEP),T7IS,Gas,RUNEX,NCAT,SOx,7.668542501297316e-07
2017,July,Siskiyou (NEP),T7IS,Gas,RUNEX,NCAT,PM,1.003708042989798e-06
2017,July,Siskiyou (NEP),T7IS,Gas,RUNEX,NCAT,TOG,0.0003284966209348884
2017,July,Siskiyou (NEP),T7IS,Gas,RUNEX,NCAT,PM10,9.645634293131954e-07
2017,July,Siskiyou (NEP),T7IS,Gas,RUNEX,NCAT,PM2_5,9.204002754216445e-07
2017,July,Siskiyou (NEP),T7IS,Gas,STREX,CAT,CO,3.057587900285416e-05
2017,July,Siskiyou (NEP),T7IS,Gas,STREX,CAT,NOx,4.778707202913777e-08
2017,July,Siskiyou (NEP),T7IS,Gas,STREX,CAT,SOx,8.40432715829761e-09
2017,July,Siskiyou (NEP),T7IS,Gas,STREX,CAT,PM,2.021672649366873e-08
2017,July,Siskiyou (NEP),T7IS,Gas,STREX,CAT,TOG,1.2359273655029386e-08
2017,July,Siskiyou (NEP),T7IS,Gas,STREX,CAT,PM10,1.8073753485339838e-08
2017,July,Siskiyou (NEP),T7IS,Gas,STREX,CAT,PM2_5,1.661814917779569e-08
2017,July,Siskiyou (NEP),T7IS,Gas,STREX,NCAT,CO,0.0
2017,July,Siskiyou (NEP),T7IS,Gas,STREX,NCAT,NOx,0.0
2017,July,Siskiyou (NEP),T7IS,Gas,STREX,NCAT,SOx,6.041199862086303e-08
2017,July,Siskiyou (NEP),T7IS,Gas,STREX,NCAT,PM,5.670147973626603e-07
2017,July,Siskiyou (NEP),T7IS,Gas,STREX,NCAT,TOG,0.0
2017,July,Siskiyou (NEP),T7IS,Gas,STREX,NCAT,PM10,5.449012202655166e-07
2017,July,Siskiyou (NEP),T7IS,Gas,STREX,NCAT,PM2_5,5.199525691815592e-07
2017,July,Siskiyou (NEP),T7IS,Gas,HOTSOAK,CAT,TOG,3.1489910350675213e-06
2017,July,Siskiyou (NEP),T7IS,Gas,HOTSOAK,NCAT,TOG,5.967655416814952e-05
2017,July,Siskiyou (NEP),T7IS,Gas,RUNLOSS,CAT,TOG,3.774399032006554e-05
2017,July,Siskiyou (NEP),T7IS,Gas,RUNLOSS,NCAT,TOG,0.0002021476869696616
2017,July,Siskiyou (NEP),T7IS,Gas,RESTLOSS,CAT,TOG,7.633143543068311e-08
2017,July,Siskiyou (NEP),T7IS,Gas,RESTLOSS,NCAT,TOG,6.61944521870653e-07
2017,July,Siskiyou (NEP),T7IS,Gas,DIURN,CAT,TOG,1.8499411786189914e-07
2017,July,Siskiyou (NEP),T7IS,Gas,DIURN,NCAT,TOG,1.3934468026249454e-06
2017,July,Siskiyou (NEP),T7IS,Gas,PMTW,CAT,PM,8.112324091498158e-07
2017,July,Siskiyou (NEP),T7IS,Gas,PMTW,CAT,PM10,8.112324091498158e-07
2017,July,Siskiyou (NEP),T7IS,Gas,PMTW,CAT,PM2_5,2.0280810228745394e-07
2017,July,Siskiyou (NEP),T7IS,Gas,PMTW,NCAT,PM,5.512917659824752e-07
2017,July,Siskiyou (NEP),T7IS,Gas,PMTW,NCAT,PM10,5.512917659824752e-07
2017,July,Siskiyou (NEP),T7IS,Gas,PMTW,NCAT,PM2_5,1.378229414956188e-07
2017,July,Siskiyou (NEP),T7IS,Gas,PMBW,CAT,PM,2.5553820888219192e-06
2017,July,Siskiyou (NEP),T7IS,Gas,PMBW,CAT,PM10,2.504274447045481e-06
2017,July,Siskiyou (NEP),T7IS,Gas,PMBW,CAT,PM2_5,1.0732604773052061e-06
2017,July,Siskiyou (NEP),T7IS,Gas,PMBW,NCAT,PM,1.7365690628447974e-06
2017,July,Siskiyou (NEP),T7IS,Gas,PMBW,NCAT,PM10,1.7018376815879016e-06
2017,July,Siskiyou (NEP),T7IS,Gas,PMBW,NCAT,PM2_5,7.293590063948151e-07
2017,July,Siskiyou (NEP),LDT1,Dsl,RUNEX,DSL,CO,0.0005324804050476928
2017,July,Siskiyou (NEP),LDT1,Dsl,RUNEX,DSL,NOx,0.0004045966881793943
2017,July,Siskiyou (NEP),LDT1,Dsl,RUNEX,DSL,SOx,1.63089237147593e-06
2017,July,Siskiyou (NEP),LDT1,Dsl,RUNEX,DSL,PM,8.166183705262886e-05
2017,July,Siskiyou (NEP),LDT1,Dsl,RUNEX,DSL,TOG,0.00011680725644935754
2017,July,Siskiyou (NEP),LDT1,Dsl,RUNEX,DSL,PM10,8.11718660303131e-05
2017,July,Siskiyou (NEP),LDT1,Dsl,RUNEX,DSL,PM2_5,7.766040703704999e-05
2017,July,Siskiyou (NEP),LDT1,Dsl,PMTW,DSL,PM,2.9543432800298826e-06
2017,July,Siskiyou (NEP),LDT1,Dsl,PMTW,DSL,PM10,2.9543432800298826e-06
2017,July,Siskiyou (NEP),LDT1,Dsl,PMTW,DSL,PM2_5,7.385858200074706e-07
2017,July,Siskiyou (NEP),LDT1,Dsl,PMBW,DSL,PM,1.384848412514006e-05
2017,July,Siskiyou (NEP),LDT1,Dsl,PMBW,DSL,PM10,1.357151444263726e-05
2017,July,Siskiyou (NEP),LDT1,Dsl,PMBW,DSL,PM2_5,5.816363332558825e-06
2017,July,Siskiyou (NEP),LDT2,Dsl,RUNEX,DSL,CO,0.0008006399421623276
2017,July,Siskiyou (NEP),LDT2,Dsl,RUNEX,DSL,NOx,0.0005152447853960361
2017,July,Siskiyou (NEP),LDT2,Dsl,RUNEX,DSL,SOx,8.286464251046055e-06
2017,July,Siskiyou (NEP),LDT2,Dsl,RUNEX,DSL,PM,5.652701114320584e-05
2017,July,Siskiyou (NEP),LDT2,Dsl,RUNEX,DSL,TOG,0.0001376613368096049
2017,July,Siskiyou (NEP),LDT2,Dsl,RUNEX,DSL,PM10,5.618784907634655e-05
2017,July,Siskiyou (NEP),LDT2,Dsl,RUNEX,DSL,PM2_5,5.375718759718871e-05
2017,July,Siskiyou (NEP),LDT2,Dsl,PMTW,DSL,PM,1.9778541839898662e-05
2017,July,Siskiyou (NEP),LDT2,Dsl,PMTW,DSL,PM10,1.9778541839898662e-05
2017,July,Siskiyou (NEP),LDT2,Dsl,PMTW,DSL,PM2_5,4.944635459974666e-06
2017,July,Siskiyou (NEP),LDT2,Dsl,PMBW,DSL,PM,9.271191487452493e-05
2017,July,Siskiyou (NEP),LDT2,Dsl,PMBW,DSL,PM10,9.08576765770345e-05
2017,July,Siskiyou (NEP),LDT2,Dsl,PMBW,DSL,PM2_5,3.89390042473005e-05
2017,July,Siskiyou (NEP),MDV,Dsl,RUNEX,DSL,CO,0.00610020259770049
2017,July,Siskiyou (NEP),MDV,Dsl,RUNEX,DSL,NOx,0.0031352809162261746
2017,July,Siskiyou (NEP),MDV,Dsl,RUNEX,DSL,SOx,5.775562908950499e-05
2017,July,Siskiyou (NEP),MDV,Dsl,RUNEX,DSL,PM,0.00022387412878389757
2017,July,Siskiyou (NEP),MDV,Dsl,RUNEX,DSL,TOG,0.0005342103901492895
2017,July,Siskiyou (NEP),MDV,Dsl,RUNEX,DSL,PM10,0.0002225308840111942
2017,July,Siskiyou (NEP),MDV,Dsl,RUNEX,DSL,PM2_5,0.0002129042964734867
2017,July,Siskiyou (NEP),MDV,Dsl,PMTW,DSL,PM,0.00010509325610725219
2017,July,Siskiyou (NEP),MDV,Dsl,PMTW,DSL,PM10,0.00010509325610725219
2017,July,Siskiyou (NEP),MDV,Dsl,PMTW,DSL,PM2_5,2.6273314026813048e-05
2017,July,Siskiyou (NEP),MDV,Dsl,PMBW,DSL,PM,0.0004926246380027446
2017,July,Siskiyou (NEP),MDV,Dsl,PMBW,DSL,PM10,0.00048277214524268986
2017,July,Siskiyou (NEP),MDV,Dsl,PMBW,DSL,PM2_5,0.00020690234796115272
2017,July,Siskiyou (NEP),LHD1,Dsl,RUNEX,DSL,CO,0.16917570910969876
2017,July,Siskiyou (NEP),LHD1,Dsl,RUNEX,DSL,NOx,0.7413503668468844
2017,July,Siskiyou (NEP),LHD1,Dsl,RUNEX,DSL,SOx,0.0008736281801480709
2017,July,Siskiyou (NEP),LHD1,Dsl,RUNEX,DSL,PM,0.007415257026709601
2017,July,Siskiyou (NEP),LHD1,Dsl,RUNEX,DSL,TOG,0.04280331612301401
2017,July,Siskiyou (NEP),LHD1,Dsl,RUNEX,DSL,PM10,0.00737076548454934
2017,July,Siskiyou (NEP),LHD1,Dsl,RUNEX,DSL,PM2_5,0.00705190943240082
2017,July,Siskiyou (NEP),LHD1,Dsl,IDLEX,DSL,CO,0.003930634520382878
2017,July,Siskiyou (NEP),LHD1,Dsl,IDLEX,DSL,NOx,0.011137387231440457
2017,July,Siskiyou (NEP),LHD1,Dsl,IDLEX,DSL,SOx,5.819774625934784e-06
2017,July,Siskiyou (NEP),LHD1,Dsl,IDLEX,DSL,PM,0.00013192462291966212
2017,July,Siskiyou (NEP),LHD1,Dsl,IDLEX,DSL,TOG,0.0005398754192586685
2017,July,Siskiyou (NEP),LHD1,Dsl,IDLEX,DSL,PM10,0.00013113307518214425
2017,July,Siskiyou (NEP),LHD1,Dsl,IDLEX,DSL,PM2_5,0.0001254603163965987
2017,July,Siskiyou (NEP),LHD1,Dsl,PMTW,DSL,PM,0.0018667141859440449
2017,July,Siskiyou (NEP),LHD1,Dsl,PMTW,DSL,PM10,0.0018667141859440449
2017,July,Siskiyou (NEP),LHD1,Dsl,PMTW,DSL,PM2_5,0.0004666785464860112
2017,July,Siskiyou (NEP),LHD1,Dsl,PMBW,DSL,PM,0.0121336422086363
2017,July,Siskiyou (NEP),LHD1,Dsl,PMBW,DSL,PM10,0.011890969364463568
2017,July,Siskiyou (NEP),LHD1,Dsl,PMBW,DSL,PM2_5,0.005096129727627246
2017,July,Siskiyou (NEP),LHD2,Dsl,RUNEX,DSL,CO,0.0332372534362546
2017,July,Siskiyou (NEP),LHD2,Dsl,RUNEX,DSL,NOx,0.11827768677264922
2017,July,Siskiyou (NEP),LHD2,Dsl,RUNEX,DSL,SOx,0.00024807337533364727
2017,July,Siskiyou (NEP),LHD2,Dsl,RUNEX,DSL,PM,0.0013381638703628476
2017,July,Siskiyou (NEP),LHD2,Dsl,RUNEX,DSL,TOG,0.00843788105776727
2017,July,Siskiyou (NEP),LHD2,Dsl,RUNEX,DSL,PM10,0.00133013488714067
2017,July,Siskiyou (NEP),LHD2,Dsl,RUNEX,DSL,PM2_5,0.0012725938407150681
2017,July,Siskiyou (NEP),LHD2,Dsl,IDLEX,DSL,CO,0.0008849826737393741
2017,July,Siskiyou (NEP),LHD2,Dsl,IDLEX,DSL,NOx,0.002503107612069004
2017,July,Siskiyou (NEP),LHD2,Dsl,IDLEX,DSL,SOx,2.0914222400214793e-06
2017,July,Siskiyou (NEP),LHD2,Dsl,IDLEX,DSL,PM,2.7416960341201164e-05
2017,July,Siskiyou (NEP),LHD2,Dsl,IDLEX,DSL,TOG,0.00012155299342742312
2017,July,Siskiyou (NEP),LHD2,Dsl,IDLEX,DSL,PM10,2.725245857915394e-05
2017,July,Siskiyou (NEP),LHD2,Dsl,IDLEX,DSL,PM2_5,2.60735292844823e-05
2017,July,Siskiyou (NEP),LHD2,Dsl,PMTW,DSL,PM,0.0004743863977567805
2017,July,Siskiyou (NEP),LHD2,Dsl,PMTW,DSL,PM10,0.0004743863977567805
2017,July,Siskiyou (NEP),LHD2,Dsl,PMTW,DSL,PM2_5,0.00011859659943919513
2017,July,Siskiyou (NEP),LHD2,Dsl,PMBW,DSL,PM,0.003597430182988916
2017,July,Siskiyou (NEP),LHD2,Dsl,PMBW,DSL,PM10,0.0035254815793291385
2017,July,Siskiyou (NEP),LHD2,Dsl,PMBW,DSL,PM2_5,0.0015109206768553452
2017,July,Siskiyou (NEP),LDT1,Elec,HOTSOAK,CAT,TOG,4.2571848751022296e-08
2017,July,Siskiyou (NEP),LDT1,Elec,RESTLOSS,CAT,TOG,2.4673686589021906e-08
2017,July,Siskiyou (NEP),LDT1,Elec,DIURN,CAT,TOG,6.790062571236458e-08
2017,July,Siskiyou (NEP),LDT1,Elec,PMTW,CAT,PM,4.498755986752777e-07
2017,July,Siskiyou (NEP),LDT1,Elec,PMTW,CAT,PM10,4.498755986752777e-07
2017,July,Siskiyou (NEP),LDT1,Elec,PMTW,CAT,PM2_5,1.1246889966881943e-07
2017,July,Siskiyou (NEP),LDT1,Elec,PMBW,CAT,PM,2.1087918687903637e-06
2017,July,Siskiyou (NEP),LDT1,Elec,PMBW,CAT,PM10,2.066616031414557e-06
2017,July,Siskiyou (NEP),LDT1,Elec,PMBW,CAT,PM2_5,8.856925848919528e-07
2017,July,Siskiyou (NEP),LDT2,Elec,HOTSOAK,CAT,TOG,7.144359093391172e-07
2017,July,Siskiyou (NEP),LDT2,Elec,RESTLOSS,CAT,TOG,3.723376152674782e-07
2017,July,Siskiyou (NEP),LDT2,Elec,DIURN,CAT,TOG,1.0246525974825413e-06
2017,July,Siskiyou (NEP),LDT2,Elec,PMTW,CAT,PM,8.789380024394437e-06
2017,July,Siskiyou (NEP),LDT2,Elec,PMTW,CAT,PM10,8.789380024394437e-06
2017,July,Siskiyou (NEP),LDT2,Elec,PMTW,CAT,PM2_5,2.197345006098609e-06
2017,July,Siskiyou (NEP),LDT2,Elec,PMBW,CAT,PM,4.120021886434892e-05
2017,July,Siskiyou (NEP),LDT2,Elec,PMBW,CAT,PM10,4.037621448706192e-05
2017,July,Siskiyou (NEP),LDT2,Elec,PMBW,CAT,PM2_5,1.7304091923026542e-05
2017,July,Siskiyou (NEP),MDV,Elec,HOTSOAK,CAT,TOG,4.6990066734802253e-08
2017,July,Siskiyou (NEP),MDV,Elec,RESTLOSS,CAT,TOG,2.4256414611462346e-08
2017,July,Siskiyou (NEP),MDV,Elec,DIURN,CAT,TOG,6.675231622621198e-08
2017,July,Siskiyou (NEP),MDV,Elec,PMTW,CAT,PM,5.894279373803948e-07
2017,July,Siskiyou (NEP),MDV,Elec,PMTW,CAT,PM10,5.894279373803948e-07
2017,July,Siskiyou (NEP),MDV,Elec,PMTW,CAT,PM2_5,1.473569843450987e-07
2017,July,Siskiyou (NEP),MDV,Elec,PMBW,CAT,PM,2.762943456470601e-06
2017,July,Siskiyou (NEP),MDV,Elec,PMBW,CAT,PM10,2.7076845873411883e-06
2017,July,Siskiyou (NEP),MDV,Elec,PMBW,CAT,PM2_5,1.1604362517176523e-06
2017,July,Siskiyou (NEP),SBUS,Gas,RUNEX,CAT,CO,0.001371783826369119
2017,July,Siskiyou (NEP),SBUS,Gas,RUNEX,CAT,NOx,0.00029382053879434863
2017,July,Siskiyou (NEP),SBUS,Gas,RUNEX,CAT,SOx,2.7805996767440814e-06
2017,July,Siskiyou (NEP),SBUS,Gas,RUNEX,CAT,PM,3.239358569082068e-07
2017,July,Siskiyou (NEP),SBUS,Gas,RUNEX,CAT,TOG,8.457058967940144e-05
2017,July,Siskiyou (NEP),SBUS,Gas,RUNEX,CAT,PM10,2.895986560759371e-07
2017,July,Siskiyou (NEP),SBUS,Gas,RUNEX,CAT,PM2_5,2.6627527437854605e-07
2017,July,Siskiyou (NEP),SBUS,Gas,IDLEX,CAT,CO,0.0005030790116544709
2017,July,Siskiyou (NEP),SBUS,Gas,IDLEX,CAT,NOx,5.667716729702302e-06
2017,July,Siskiyou (NEP),SBUS,Gas,IDLEX,CAT,SOx,1.6332448821063826e-07
2017,July,Siskiyou (NEP),SBUS,Gas,IDLEX,CAT,TOG,9.498743831202763e-05
2017,July,Siskiyou (NEP),SBUS,Gas,STREX,CAT,CO,0.00030428285664654283
2017,July,Siskiyou (NEP),SBUS,Gas,STREX,CAT,NOx,1.1190614213129836e-05
2017,July,Siskiyou (NEP),SBUS,Gas,STREX,CAT,SOx,1.3708324306628586e-08
2017,July,Siskiyou (NEP),SBUS,Gas,STREX,CAT,PM,1.1274071307698125e-08
2017,July,Siskiyou (NEP),SBUS,Gas,STREX,CAT,TOG,1.1144533960062637e-05
2017,July,Siskiyou (NEP),SBUS,Gas,STREX,CAT,PM10,1.007901974908213e-08
2017,July,Siskiyou (NEP),SBUS,Gas,STREX,CAT,PM2_5,9.26728661492786e-09
2017,July,Siskiyou (NEP),SBUS,Gas,HOTSOAK,CAT,TOG,2.0625136345049264e-06
2017,July,Siskiyou (NEP),SBUS,Gas,RUNLOSS,CAT,TOG,1.429998012141412e-05
2017,July,Siskiyou (NEP),SBUS,Gas,RESTLOSS,CAT,TOG,1.3346231459493215e-07
2017,July,Siskiyou (NEP),SBUS,Gas,DIURN,CAT,TOG,2.8189450244289745e-07
2017,July,Siskiyou (NEP),SBUS,Gas,PMTW,CAT,PM,2.4647117746859616e-06
2017,July,Siskiyou (NEP),SBUS,Gas,PMTW,CAT,PM10,2.4647117746859616e-06
2017,July,Siskiyou (NEP),SBUS,Gas,PMTW,CAT,PM2_5,6.161779436714904e-07
2017,July,Siskiyou (NEP),SBUS,Gas,PMBW,CAT,PM,0.00023414761551427663
2017,July,Siskiyou (NEP),SBUS,Gas,PMBW,CAT,PM10,0.0002294646632039911
2017,July,Siskiyou (NEP),SBUS,Gas,PMBW,CAT,PM2_5,9.83419985159962e-05
2017,July,Siskiyou (NEP),OBUS,Gas,RUNEX,CAT,CO,0.01700638268229027
2017,July,Siskiyou (NEP),OBUS,Gas,RUNEX,CAT,NOx,0.003915030002980246
2017,July,Siskiyou (NEP),OBUS,Gas,RUNEX,CAT,SOx,4.888969965941703e-05
2017,July,Siskiyou (NEP),OBUS,Gas,RUNEX,CAT,PM,4.18081553455182e-06
2017,July,Siskiyou (NEP),OBUS,Gas,RUNEX,CAT,TOG,0.0010596735319038568
2017,July,Siskiyou (NEP),OBUS,Gas,RUNEX,CAT,PM10,3.7376490878893286e-06
2017,July,Siskiyou (NEP),OBUS,Gas,RUNEX,CAT,PM2_5,3.4366303694015997e-06
2017,July,Siskiyou (NEP),OBUS,Gas,RUNEX,NCAT,CO,0.0014689373898370151
2017,July,Siskiyou (NEP),OBUS,Gas,RUNEX,NCAT,NOx,4.785501612850956e-05
2017,July,Siskiyou (NEP),OBUS,Gas,RUNEX,NCAT,SOx,2.2738273814009414e-07
2017,July,Siskiyou (NEP),OBUS,Gas,RUNEX,NCAT,PM,4.509322999825944e-07
2017,July,Siskiyou (NEP),OBUS,Gas,RUNEX,NCAT,TOG,7.135496876377308e-05
2017,July,Siskiyou (NEP),OBUS,Gas,RUNEX,NCAT,PM10,4.3334594028327327e-07
2017,July,Siskiyou (NEP),OBUS,Gas,RUNEX,NCAT,PM2_5,4.1350491908403916e-07
2017,July,Siskiyou (NEP),OBUS,Gas,IDLEX,CAT,CO,0.00032918868744790004
2017,July,Siskiyou (NEP),OBUS,Gas,IDLEX,CAT,NOx,3.709876248433168e-06
2017,July,Siskiyou (NEP),OBUS,Gas,IDLEX,CAT,SOx,2.248130779930311e-07
2017,July,Siskiyou (NEP),OBUS,Gas,IDLEX,CAT,TOG,6.178812514878492e-05
2017,July,Siskiyou (NEP),OBUS,Gas,IDLEX,NCAT,CO,5.911816521541842e-06
2017,July,Siskiyou (NEP),OBUS,Gas,IDLEX,NCAT,NOx,6.685210064236222e-08
2017,July,Siskiyou (NEP),OBUS,Gas,IDLEX,NCAT,SOx,4.467952463743394e-09
2017,July,Siskiyou (NEP),OBUS,Gas,IDLEX,NCAT,TOG,1.0625998884759876e-06
2017,July,Siskiyou (NEP),OBUS,Gas,STREX,CAT,CO,0.005802775962653162
2017,July,Siskiyou (NEP),OBUS,Gas,STREX,CAT,NOx,0.00037701783609281103
2017,July,Siskiyou (NEP),OBUS,Gas,STREX,CAT,SOx,3.463399249582489e-07
2017,July,Siskiyou (NEP),OBUS,Gas,STREX,CAT,PM,5.801809811546173e-07
2017,July,Siskiyou (NEP),OBUS,Gas,STREX,CAT,TOG,0.000282015019374194
2017,July,Siskiyou (NEP),OBUS,Gas,STREX,CAT,PM10,5.186817971522283e-07
2017,July,Siskiyou (NEP),OBUS,Gas,STREX,CAT,PM2_5,4.76908766509095e-07
2017,July,Siskiyou (NEP),OBUS,Gas,STREX,NCAT,CO,3.0956181292417725e-06
2017,July,Siskiyou (NEP),OBUS,Gas,STREX,NCAT,NOx,1.1886130992970302e-05
2017,July,Siskiyou (NEP),OBUS,Gas,STREX,NCAT,SOx,2.9096990349058935e-08
2017,July,Siskiyou (NEP),OBUS,Gas,STREX,NCAT,PM,3.4905017106707585e-07
2017,July,Siskiyou (NEP),OBUS,Gas,STREX,NCAT,TOG,6.538023862526171e-05
2017,July,Siskiyou (NEP),OBUS,Gas,STREX,NCAT,PM10,3.354372143954599e-07
2017,July,Siskiyou (NEP),OBUS,Gas,STREX,NCAT,PM2_5,3.2007900686850855e-07
2017,July,Siskiyou (NEP),OBUS,Gas,HOTSOAK,CAT,TOG,7.096689981075928e-05
2017,July,Siskiyou (NEP),OBUS,Gas,HOTSOAK,NCAT,TOG,1.2386828324530355e-05
2017,July,Siskiyou (NEP),OBUS,Gas,RUNLOSS,CAT,TOG,0.001053422066106715
2017,July,Siskiyou (NEP),OBUS,Gas,RUNLOSS,NCAT,TOG,7.169369099842378e-05
2017,July,Siskiyou (NEP),OBUS,Gas,RESTLOSS,CAT,TOG,3.309478991735465e-06
2017,July,Siskiyou (NEP),OBUS,Gas,RESTLOSS,NCAT,TOG,4.4320320642536765e-07
2017,July,Siskiyou (NEP),OBUS,Gas,DIURN,CAT,TOG,8.68642388423752e-06
2017,July,Siskiyou (NEP),OBUS,Gas,DIURN,NCAT,TOG,1.1288975392359702e-06
2017,July,Siskiyou (NEP),OBUS,Gas,PMTW,CAT,PM,3.132627118432282e-05
2017,July,Siskiyou (NEP),OBUS,Gas,PMTW,CAT,PM10,3.132627118432282e-05
2017,July,Siskiyou (NEP),OBUS,Gas,PMTW,CAT,PM2_5,7.831567796080705e-06
2017,July,Siskiyou (NEP),OBUS,Gas,PMTW,NCAT,PM,1.2988065578090793e-07
2017,July,Siskiyou (NEP),OBUS,Gas,PMTW,NCAT,PM10,1.2988065578090793e-07
2017,July,Siskiyou (NEP),OBUS,Gas,PMTW,NCAT,PM2_5,3.247016394522698e-08
2017,July,Siskiyou (NEP),OBUS,Gas,PMBW,CAT,PM,0.00034719950562624483
2017,July,Siskiyou (NEP),OBUS,Gas,PMBW,CAT,PM10,0.0003402555155137197
2017,July,Siskiyou (NEP),OBUS,Gas,PMBW,CAT,PM2_5,0.00014582379236302285
2017,July,Siskiyou (NEP),OBUS,Gas,PMBW,NCAT,PM,1.4395106015717296e-06
2017,July,Siskiyou (NEP),OBUS,Gas,PMBW,NCAT,PM10,1.4107203895402948e-06
2017,July,Siskiyou (NEP),OBUS,Gas,PMBW,NCAT,PM2_5,6.045944526601265e-07
2017,July,Siskiyou (NEP),MCY,Gas,RUNEX,CAT,CO,0.14173063188556098
2017,July,Siskiyou (NEP),MCY,Gas,RUNEX,CAT,NOx,0.010393514464771424
2017,July,Siskiyou (NEP),MCY,Gas,RUNEX,CAT,SOx,2.37910264038527e-05
2017,July,Siskiyou (NEP),MCY,Gas,RUNEX,CAT,PM,1.8387941277964842e-05
2017,July,Siskiyou (NEP),MCY,Gas,RUNEX,CAT,TOG,0.02930753736413445
2017,July,Siskiyou (NEP),MCY,Gas,RUNEX,CAT,PM10,1.6974334746146452e-05
2017,July,Siskiyou (NEP),MCY,Gas,RUNEX,CAT,PM2_5,1.5874200389387976e-05
2017,July,Siskiyou (NEP),MCY,Gas,RUNEX,NCAT,CO,0.436820074445356
2017,July,Siskiyou (NEP),MCY,Gas,RUNEX,NCAT,NOx,0.015623712897660956
2017,July,Siskiyou (NEP),MCY,Gas,RUNEX,NCAT,SOx,2.983672976882956e-05
2017,July,Siskiyou (NEP),MCY,Gas,RUNEX,NCAT,PM,4.223729564965839e-05
2017,July,Siskiyou (NEP),MCY,Gas,RUNEX,NCAT,TOG,0.05466251576387227
2017,July,Siskiyou (NEP),MCY,Gas,RUNEX,NCAT,PM10,4.005452587567585e-05
2017,July,Siskiyou (NEP),MCY,Gas,RUNEX,NCAT,PM2_5,3.797228745183587e-05
2017,July,Siskiyou (NEP),MCY,Gas,STREX,CAT,CO,0.011697484394041674
2017,July,Siskiyou (NEP),MCY,Gas,STREX,CAT,NOx,0.0004862801729114993
2017,July,Siskiyou (NEP),MCY,Gas,STREX,CAT,SOx,1.1358125122224898e-06
2017,July,Siskiyou (NEP),MCY,Gas,STREX,CAT,PM,3.914349742880244e-06
2017,July,Siskiyou (NEP),MCY,Gas,STREX,CAT,TOG,0.0031791431964632317
2017,July,Siskiyou (NEP),MCY,Gas,STREX,CAT,PM10,3.6360741923142405e-06
2017,July,Siskiyou (NEP),MCY,Gas,STREX,CAT,PM2_5,3.4113466021853792e-06
2017,July,Siskiyou (NEP),MCY,Gas,STREX,NCAT,CO,0.03957691033110238
2017,July,Siskiyou (NEP),MCY,Gas,STREX,NCAT,NOx,0.0011227186140589458
2017,July,Siskiyou (NEP),MCY,Gas,STREX,NCAT,SOx,2.85335435683186e-06
2017,July,Siskiyou (NEP),MCY,Gas,STREX,NCAT,PM,3.0232090160815423e-05
2017,July,Siskiyou (NEP),MCY,Gas,STREX,NCAT,TOG,0.009568966418339086
2017,July,Siskiyou (NEP),MCY,Gas,STREX,NCAT,PM10,2.891639312236434e-05
2017,July,Siskiyou (NEP),MCY,Gas,STREX,NCAT,PM2_5,2.752907556392994e-05
2017,July,Siskiyou (NEP),MCY,Gas,HOTSOAK,CAT,TOG,0.0008852822989086831
2017,July,Siskiyou (NEP),MCY,Gas,HOTSOAK,NCAT,TOG,0.006065741243956428
2017,July,Siskiyou (NEP),MCY,Gas,RUNLOSS,CAT,TOG,0.0018134044416850599
2017,July,Siskiyou (NEP),MCY,Gas,RUNLOSS,NCAT,TOG,0.01910504647441566
2017,July,Siskiyou (NEP),MCY,Gas,RESTLOSS,CAT,TOG,0.001232068667078174
2017,July,Siskiyou (NEP),MCY,Gas,RESTLOSS,NCAT,TOG,0.0055730478728897555
2017,July,Siskiyou (NEP),MCY,Gas,DIURN,CAT,TOG,0.002243955380235852
2017,July,Siskiyou (NEP),MCY,Gas,DIURN,NCAT,TOG,0.009741135137954401
2017,July,Siskiyou (NEP),MCY,Gas,PMTW,CAT,PM,4.2069253412913354e-05
2017,July,Siskiyou (NEP),MCY,Gas,PMTW,CAT,PM10,4.2069253412913354e-05
2017,July,Siskiyou (NEP),MCY,Gas,PMTW,CAT,PM2_5,1.0517313353228339e-05
2017,July,Siskiyou (NEP),MCY,Gas,PMTW,NCAT,PM,5.18502231901802e-05
2017,July,Siskiyou (NEP),MCY,Gas,PMTW,NCAT,PM10,5.18502231901802e-05
2017,July,Siskiyou (NEP),MCY,Gas,PMTW,NCAT,PM2_5,1.296255579754505e-05
2017,July,Siskiyou (NEP),MCY,Gas,PMBW,CAT,PM,0.0001262077602387401
2017,July,Siskiyou (NEP),MCY,Gas,PMBW,CAT,PM10,0.00012368360503396507
2017,July,Siskiyou (NEP),MCY,Gas,PMBW,CAT,PM2_5,5.3007259300270785e-05
2017,July,Siskiyou (NEP),MCY,Gas,PMBW,NCAT,PM,0.00015555066957054068
2017,July,Siskiyou (NEP),MCY,Gas,PMBW,NCAT,PM10,0.00015243965617912957
2017,July,Siskiyou (NEP),MCY,Gas,PMBW,NCAT,PM2_5,6.53312812196271e-05
2017,July,Siskiyou (NEP),MH,Gas,RUNEX,CAT,CO,0.032180606714368266
2017,July,Siskiyou (NEP),MH,Gas,RUNEX,CAT,NOx,0.00517931210226971
2017,July,Siskiyou (NEP),MH,Gas,RUNEX,CAT,SOx,0.00010000030316314707
2017,July,Siskiyou (NEP),MH,Gas,RUNEX,CAT,PM,1.786862018036147e-05
2017,July,Siskiyou (NEP),MH,Gas,RUNEX,CAT,TOG,0.001607518217139831
2017,July,Siskiyou (NEP),MH,Gas,RUNEX,CAT,PM10,1.597454644124317e-05
2017,July,Siskiyou (NEP),MH,Gas,RUNEX,CAT,PM2_5,1.4688005788257136e-05
2017,July,Siskiyou (NEP),MH,Gas,RUNEX,NCAT,CO,0.004738772304636829
2017,July,Siskiyou (NEP),MH,Gas,RUNEX,NCAT,NOx,0.00013202408771382222
2017,July,Siskiyou (NEP),MH,Gas,RUNEX,NCAT,SOx,7.32704669968568e-07
2017,July,Siskiyou (NEP),MH,Gas,RUNEX,NCAT,PM,1.4536856641068359e-06
2017,July,Siskiyou (NEP),MH,Gas,RUNEX,NCAT,TOG,0.00021754955199497508
2017,July,Siskiyou (NEP),MH,Gas,RUNEX,NCAT,PM10,1.396991923206669e-06
2017,July,Siskiyou (NEP),MH,Gas,RUNEX,NCAT,PM2_5,1.3330297539859688e-06
2017,July,Siskiyou (NEP),MH,Gas,STREX,CAT,CO,0.0002468519019766158
2017,July,Siskiyou (NEP),MH,Gas,STREX,CAT,NOx,1.8406633484853248e-05
2017,July,Siskiyou (NEP),MH,Gas,STREX,CAT,SOx,1.768398287305588e-08
2017,July,Siskiyou (NEP),MH,Gas,STREX,CAT,PM,4.0810593631653195e-08
2017,July,Siskiyou (NEP),MH,Gas,STREX,CAT,TOG,1.213569652120671e-05
2017,July,Siskiyou (NEP),MH,Gas,STREX,CAT,PM10,3.648467070669805e-08
2017,July,Siskiyou (NEP),MH,Gas,STREX,CAT,PM2_5,3.3546307965218895e-08
2017,July,Siskiyou (NEP),MH,Gas,STREX,NCAT,CO,9.32126585663897e-08
2017,July,Siskiyou (NEP),MH,Gas,STREX,NCAT,NOx,3.591135367300125e-07
2017,July,Siskiyou (NEP),MH,Gas,STREX,NCAT,SOx,8.700600565977681e-10
2017,July,Siskiyou (NEP),MH,Gas,STREX,NCAT,PM,1.04370315868957e-08
2017,July,Siskiyou (NEP),MH,Gas,STREX,NCAT,TOG,1.95541018033135e-06
2017,July,Siskiyou (NEP),MH,Gas,STREX,NCAT,PM10,1.0029987355006765e-08
2017,July,Siskiyou (NEP),MH,Gas,STREX,NCAT,PM2_5,9.570757965183355e-09
2017,July,Siskiyou (NEP),MH,Gas,HOTSOAK,CAT,TOG,9.618210863894188e-06
2017,July,Siskiyou (NEP),MH,Gas,HOTSOAK,NCAT,TOG,3.687208467635897e-07
2017,July,Siskiyou (NEP),MH,Gas,RUNLOSS,CAT,TOG,0.00025128889085654414
2017,July,Siskiyou (NEP),MH,Gas,RUNLOSS,NCAT,TOG,2.321650960477445e-06
2017,July,Siskiyou (NEP),MH,Gas,RESTLOSS,CAT,TOG,6.359785025997628e-05
2017,July,Siskiyou (NEP),MH,Gas,RESTLOSS,NCAT,TOG,2.61061643121779e-06
2017,July,Siskiyou (NEP),MH,Gas,DIURN,CAT,TOG,0.00020702681406282146
2017,July,Siskiyou (NEP),MH,Gas,DIURN,NCAT,TOG,6.679867232204414e-06
2017,July,Siskiyou (NEP),MH,Gas,PMTW,CAT,PM,6.443388133668125e-05
2017,July,Siskiyou (NEP),MH,Gas,PMTW,CAT,PM10,6.443388133668125e-05
2017,July,Siskiyou (NEP),MH,Gas,PMTW,CAT,PM2_5,1.610847033417031e-05
2017,July,Siskiyou (NEP),MH,Gas,PMTW,NCAT,PM,4.187006505428601e-07
2017,July,Siskiyou (NEP),MH,Gas,PMTW,NCAT,PM10,4.187006505428601e-07
2017,July,Siskiyou (NEP),MH,Gas,PMTW,NCAT,PM2_5,1.0467516263571503e-07
2017,July,Siskiyou (NEP),MH,Gas,PMBW,CAT,PM,0.0007141421848148832
2017,July,Siskiyou (NEP),MH,Gas,PMBW,CAT,PM10,0.0006998593411185871
2017,July,Siskiyou (NEP),MH,Gas,PMBW,CAT,PM2_5,0.00029993971762225154
2017,July,Siskiyou (NEP),MH,Gas,PMBW,NCAT,PM,4.640598876850034e-06
2017,July,Siskiyou (NEP),MH,Gas,PMBW,NCAT,PM10,4.547786899313034e-06
2017,July,Siskiyou (NEP),MH,Gas,PMBW,NCAT,PM2_5,1.9490515282770145e-06
2017,July,Siskiyou (NEP),MH,Dsl,RUNEX,DSL,CO,0.0010140732765927254
2017,July,Siskiyou (NEP),MH,Dsl,RUNEX,DSL,NOx,0.009851303041838637
2017,July,Siskiyou (NEP),MH,Dsl,RUNEX,DSL,SOx,1.67137646423251e-05
2017,July,Siskiyou (NEP),MH,Dsl,RUNEX,DSL,PM,0.00029977713112094514
2017,July,Siskiyou (NEP),MH,Dsl,RUNEX,DSL,TOG,0.000305956002848673
2017,July,Siskiyou (NEP),MH,Dsl,RUNEX,DSL,PM10,0.0002979784683342193
2017,July,Siskiyou (NEP),MH,Dsl,RUNEX,DSL,PM2_5,0.0002850880516960183
2017,July,Siskiyou (NEP),MH,Dsl,PMTW,DSL,PM,2.6221792392947656e-05
2017,July,Siskiyou (NEP),MH,Dsl,PMTW,DSL,PM10,2.6221792392947656e-05
2017,July,Siskiyou (NEP),MH,Dsl,PMTW,DSL,PM2_5,6.555448098236914e-06
2017,July,Siskiyou (NEP),MH,Dsl,PMBW,DSL,PM,0.0002179686492663773
2017,July,Siskiyou (NEP),MH,Dsl,PMBW,DSL,PM10,0.00021360927628104963
2017,July,Siskiyou (NEP),MH,Dsl,PMBW,DSL,PM2_5,9.154683269187858e-05
2017,July,Siskiyou (NEP),UBUS,Gas,RUNEX,CAT,CO,0.00017215710233763724
2017,July,Siskiyou (NEP),UBUS,Gas,RUNEX,CAT,NOx,0.00012254529082833765
2017,July,Siskiyou (NEP),UBUS,Gas,RUNEX,CAT,SOx,1.0588691132412957e-05
2017,July,Siskiyou (NEP),UBUS,Gas,RUNEX,CAT,PM,4.797656860763628e-07
2017,July,Siskiyou (NEP),UBUS,Gas,RUNEX,CAT,TOG,1.5662999168579556e-05
2017,July,Siskiyou (NEP),UBUS,Gas,RUNEX,CAT,PM10,4.289105233522681e-07
2017,July,Siskiyou (NEP),UBUS,Gas,RUNEX,CAT,PM2_5,3.9436739395477016e-07
2017,July,Siskiyou (NEP),UBUS,Gas,STREX,CAT,CO,0.00015767736646107573
2017,July,Siskiyou (NEP),UBUS,Gas,STREX,CAT,NOx,1.691367428424134e-05
2017,July,Siskiyou (NEP),UBUS,Gas,STREX,CAT,SOx,2.0310828553309417e-08
2017,July,Siskiyou (NEP),UBUS,Gas,STREX,CAT,PM,7.900853316565266e-09
2017,July,Siskiyou (NEP),UBUS,Gas,STREX,CAT,TOG,1.0910112585200013e-05
2017,July,Siskiyou (NEP),UBUS,Gas,STREX,CAT,PM10,7.063362865009342e-09
2017,July,Siskiyou (NEP),UBUS,Gas,STREX,CAT,PM2_5,6.494501426216645e-09
2017,July,Siskiyou (NEP),UBUS,Gas,HOTSOAK,CAT,TOG,9.455590244959199e-07
2017,July,Siskiyou (NEP),UBUS,Gas,RUNLOSS,CAT,TOG,4.7663345528234985e-06
2017,July,Siskiyou (NEP),UBUS,Gas,RESTLOSS,CAT,TOG,7.438165308374998e-08
2017,July,Siskiyou (NEP),UBUS,Gas,DIURN,CAT,TOG,1.1831964856332916e-07
2017,July,Siskiyou (NEP),UBUS,Gas,PMTW,CAT,PM,5.542653413791655e-06
2017,July,Siskiyou (NEP),UBUS,Gas,PMTW,CAT,PM10,5.542653413791655e-06
2017,July,Siskiyou (NEP),UBUS,Gas,PMTW,CAT,PM2_5,1.3856633534479138e-06
2017,July,Siskiyou (NEP),UBUS,Gas,PMBW,CAT,PM,6.143107533619085e-05
2017,July,Siskiyou (NEP),UBUS,Gas,PMBW,CAT,PM10,6.0202453829467e-05
2017,July,Siskiyou (NEP),UBUS,Gas,PMBW,CAT,PM2_5,2.5801051641200162e-05
2017,July,Siskiyou (NEP),UBUS,Dsl,RUNEX,DSL,CO,6.623226754587402e-05
2017,July,Siskiyou (NEP),UBUS,Dsl,RUNEX,DSL,NOx,0.0006376546340277744
2017,July,Siskiyou (NEP),UBUS,Dsl,RUNEX,DSL,SOx,4.010935330691498e-06
2017,July,Siskiyou (NEP),UBUS,Dsl,RUNEX,DSL,PM,1.8534731574442464e-06
2017,July,Siskiyou (NEP),UBUS,Dsl,RUNEX,DSL,TOG,4.199040155716548e-05
2017,July,Siskiyou (NEP),UBUS,Dsl,RUNEX,DSL,PM10,1.842352318499582e-06
2017,July,Siskiyou (NEP),UBUS,Dsl,RUNEX,DSL,PM2_5,1.7626529727294787e-06
2017,July,Siskiyou (NEP),UBUS,Dsl,PMTW,DSL,PM,5.747962930364603e-06
2017,July,Siskiyou (NEP),UBUS,Dsl,PMTW,DSL,PM10,5.747962930364603e-06
2017,July,Siskiyou (NEP),UBUS,Dsl,PMTW,DSL,PM2_5,1.4369907325911507e-06
2017,July,Siskiyou (NEP),UBUS,Dsl,PMBW,DSL,PM,3.875741899936287e-05
2017,July,Siskiyou (NEP),UBUS,Dsl,PMBW,DSL,PM10,3.7982270619375606e-05
2017,July,Siskiyou (NEP),UBUS,Dsl,PMBW,DSL,PM2_5,1.62781159797324e-05
2017,July,Siskiyou (NEP),UBUS,Elec,PMTW,CAT,PM,8.278600458324459e-08
2017,July,Siskiyou (NEP),UBUS,Elec,PMTW,CAT,PM10,8.278600458324459e-08
2017,July,Siskiyou (NEP),UBUS,Elec,PMTW,CAT,PM2_5,2.0696501145811146e-08
2017,July,Siskiyou (NEP),UBUS,Elec,PMBW,CAT,PM,9.175448841309606e-07
2017,July,Siskiyou (NEP),UBUS,Elec,PMBW,CAT,PM10,8.991939864483414e-07
2017,July,Siskiyou (NEP),UBUS,Elec,PMBW,CAT,PM2_5,3.8536885133500347e-07
2017,July,Siskiyou (NEP),UBUS,NG,RUNEX,DSL,CO,0.0074010428166054135
2017,July,Siskiyou (NEP),UBUS,NG,RUNEX,DSL,NOx,0.004501760463236896
2017,July,Siskiyou (NEP),UBUS,NG,RUNEX,DSL,PM,4.765077164154817e-06
2017,July,Siskiyou (NEP),UBUS,NG,RUNEX,DSL,TOG,0.005560884308263424
2017,July,Siskiyou (NEP),UBUS,NG,RUNEX,DSL,PM10,4.736486701169887e-06
2017,July,Siskiyou (NEP),UBUS,NG,RUNEX,DSL,PM2_5,4.531588383111233e-06
2017,July,Siskiyou (NEP),UBUS,NG,PMTW,DSL,PM,1.454330498668913e-05
2017,July,Siskiyou (NEP),UBUS,NG,PMTW,DSL,PM10,1.454330498668913e-05
2017,July,Siskiyou (NEP),UBUS,NG,PMTW,DSL,PM2_5,3.6358262466722825e-06
2017,July,Siskiyou (NEP),UBUS,NG,PMBW,DSL,PM,6.603491345024616e-05
2017,July,Siskiyou (NEP),UBUS,NG,PMBW,DSL,PM10,6.47142151812413e-05
2017,July,Siskiyou (NEP),UBUS,NG,PMBW,DSL,PM2_5,2.7734663649103393e-05
2017,July,Siskiyou (NEP),SBUS,Dsl,RUNEX,DSL,CO,0.001204401020717774
2017,July,Siskiyou (NEP),SBUS,Dsl,RUNEX,DSL,NOx,0.030034987946957668
2017,July,Siskiyou (NEP),SBUS,Dsl,RUNEX,DSL,PM,0.0002403344279395614
2017,July,Siskiyou (NEP),SBUS,Dsl,RUNEX,DSL,PM10,0.00023889242137192391
2017,July,Siskiyou (NEP),SBUS,Dsl,RUNEX,DSL,PM2_5,0.0002285580409705227
2017,July,Siskiyou (NEP),SBUS,Dsl,IDLEX,DSL,CO,0.0004036872667451704
2017,July,Siskiyou (NEP),SBUS,Dsl,IDLEX,DSL,NOx,0.0049436837344376825
2017,July,Siskiyou (NEP),SBUS,Dsl,IDLEX,DSL,PM,1.1334115752536157e-05
2017,July,Siskiyou (NEP),SBUS,Dsl,IDLEX,DSL,PM10,1.1266111058020936e-05
2017,July,Siskiyou (NEP),SBUS,Dsl,IDLEX,DSL,PM2_5,1.0778744080661886e-05
2017,July,Siskiyou (NEP),SBUS,Dsl,STREX,DSL,NOx,0.0004242536001362215
2017,July,Siskiyou (NEP),SBUS,Dsl,PMTW,DSL,PM,3.674371256941457e-05
2017,July,Siskiyou (NEP),SBUS,Dsl,PMTW,DSL,PM10,3.674371256941457e-05
2017,July,Siskiyou (NEP),SBUS,Dsl,PMTW,DSL,PM2_5,9.185928142353642e-06
2017,July,Siskiyou (NEP),SBUS,Dsl,PMBW,DSL,PM,0.002327101796062922
2017,July,Siskiyou (NEP),SBUS,Dsl,PMBW,DSL,PM10,0.0022805597601416646
2017,July,Siskiyou (NEP),SBUS,Dsl,PMBW,DSL,PM2_5,0.0009773827543464266
2017,July,Siskiyou (NEP),SBUS,Dsl,RUNEX,DSL,SOx,3.5072079991606e-05
2017,July,Siskiyou (NEP),SBUS,Dsl,IDLEX,DSL,SOx,3.520847152053767e-06
2017,July,Siskiyou (NEP),SBUS,Dsl,RUNEX,DSL,TOG,0.0005729466680608177
2017,July,Siskiyou (NEP),SBUS,Dsl,IDLEX,DSL,TOG,5.2217203120031975e-05
2017,     ,Siskiyou (NEP),LDA,Dsl,RUNEX,DSL,NH3,6.34763e-05
2017,     ,Siskiyou (NEP),LDA,Gas,RUNEX,CAT,NH3,0.051328793
2017,     ,Siskiyou (NEP),LDT1,Dsl,RUNEX,DSL,NH3,1.25711e-05
2017,     ,Siskiyou (NEP),LDT1,Gas,RUNEX,CAT,NH3,0.009332621
2017,     ,Siskiyou (NEP),LDT2,Dsl,RUNEX,DSL,NH3,7.6573e-06
2017,     ,Siskiyou (NEP),LDT2,Gas,RUNEX,CAT,NH3,0.024130744
2017,     ,Siskiyou (NEP),LHD1,Dsl,RUNEX,DSL,NH3,0.011632833
2017,     ,Siskiyou (NEP),LHD1,Gas,RUNEX,CAT,NH3,0.003896267
2017,     ,Siskiyou (NEP),LHD2,Dsl,RUNEX,DSL,NH3,0.004605013
2017,     ,Siskiyou (NEP),LHD2,Gas,RUNEX,CAT,NH3,0.000342744
2017,     ,Siskiyou (NEP),MCY,Gas,RUNEX,CAT,NH3,0.000362558
2017,     ,Siskiyou (NEP),MDV,Dsl,RUNEX,DSL,NH3,4.06871e-05
2017,     ,Siskiyou (NEP),MDV,Gas,RUNEX,CAT,NH3,0.019471697
2017,     ,Siskiyou (NEP),MH,Dsl,RUNEX,DSL,NH3,4.42701e-05
2017,     ,Siskiyou (NEP),MH,Gas,RUNEX,CAT,NH3,0.000235031
2017,     ,Siskiyou (NEP),OBUS,Gas,RUNEX,CAT,NH3,0.000116649
2017,     ,Siskiyou (NEP),SBUS,Gas,RUNEX,CAT,NH3,1.38706e-05
2017,     ,Siskiyou (NEP),T6TS,Gas,RUNEX,CAT,NH3,0.000212679
2017,     ,Siskiyou (NEP),T7IS,Gas,RUNEX,CAT,NH3,1.96133e-06
2017,     ,Siskiyou (NEP),UBUS,Dsl,RUNEX,DSL,NH3,5.87789e-05
2017,     ,Siskiyou (NEP),UBUS,Gas,RUNEX,CAT,NH3,1.70522e-05
2017,     ,Siskiyou (NEP),UBUS,NG,RUNEX,DSL,NH3,1.74143e-05
