calendar_year,season_month,sub_area,vehicle_class,fuel,process,cat_ncat,pollutant,emission
2017,July,Solano (SF),LDA,Gas,RUNEX,CAT,CO,5.449497211477035
2017,July,Solano (SF),LDA,Gas,RUNEX,CAT,NOx,0.4148128945283621
2017,July,Solano (SF),LDA,Gas,RUNEX,CAT,SOx,0.015357699198595101
2017,July,Solano (SF),LDA,Gas,RUNEX,CAT,PM,0.008147319691735502
2017,July,Solano (SF),LDA,Gas,RUNEX,CAT,TOG,0.17430264731485506
2017,July,Solano (SF),LDA,Gas,RUNEX,CAT,PM10,0.0072847000425955676
2017,July,Solano (SF),LDA,Gas,RUNEX,CAT,PM2_5,0.006698509363136173
2017,July,Solano (SF),LDA,Gas,RUNEX,NCAT,CO,0.1824414822074202
2017,July,Solano (SF),LDA,Gas,RUNEX,NCAT,NOx,0.01457294212222635
2017,July,Solano (SF),LDA,Gas,RUNEX,NCAT,SOx,1.5546316395922994e-05
2017,July,Solano (SF),LDA,Gas,RUNEX,NCAT,PM,0.0001515463062122484
2017,July,Solano (SF),LDA,Gas,RUNEX,NCAT,TOG,0.015273238163902428
2017,July,Solano (SF),LDA,Gas,RUNEX,NCAT,PM10,0.00014463976208594145
2017,July,Solano (SF),LDA,Gas,RUNEX,NCAT,PM2_5,0.00013755538626703825
2017,July,Solano (SF),LDA,Gas,STREX,CAT,CO,1.3344473586325638
2017,July,Solano (SF),LDA,Gas,STREX,CAT,NOx,0.15666585145518844
2017,July,Solano (SF),LDA,Gas,STREX,CAT,SOx,0.0003525340455424604
2017,July,Solano (SF),LDA,Gas,STREX,CAT,PM,0.0013747510252936433
2017,July,Solano (SF),LDA,Gas,STREX,CAT,TOG,0.24437692748926912
2017,July,Solano (SF),LDA,Gas,STREX,CAT,PM10,0.0012293950832716542
2017,July,Solano (SF),LDA,Gas,STREX,CAT,PM2_5,0.0011305666611886582
2017,July,Solano (SF),LDA,Gas,STREX,NCAT,CO,0.021648958834415484
2017,July,Solano (SF),LDA,Gas,STREX,NCAT,NOx,0.0012568771953890456
2017,July,Solano (SF),LDA,Gas,STREX,NCAT,SOx,1.950735168296555e-06
2017,July,Solano (SF),LDA,Gas,STREX,NCAT,PM,5.245899717277267e-05
2017,July,Solano (SF),LDA,Gas,STREX,NCAT,TOG,0.0035781622215235926
2017,July,Solano (SF),LDA,Gas,STREX,NCAT,PM10,5.004542962389816e-05
2017,July,Solano (SF),LDA,Gas,STREX,NCAT,PM2_5,4.758358201014965e-05
2017,July,Solano (SF),LDA,Gas,HOTSOAK,CAT,TOG,0.09593027082825886
2017,July,Solano (SF),LDA,Gas,HOTSOAK,NCAT,TOG,0.003020404873931671
2017,July,Solano (SF),LDA,Gas,RUNLOSS,CAT,TOG,0.159802521575173
2017,July,Solano (SF),LDA,Gas,RUNLOSS,NCAT,TOG,0.012216306227600789
2017,July,Solano (SF),LDA,Gas,RESTLOSS,CAT,TOG,0.0477522788151379
2017,July,Solano (SF),LDA,Gas,RESTLOSS,NCAT,TOG,0.0018599704219433508
2017,July,Solano (SF),LDA,Gas,DIURN,CAT,TOG,0.07501440765037508
2017,July,Solano (SF),LDA,Gas,DIURN,NCAT,TOG,0.0031181169474753944
2017,July,Solano (SF),LDA,Gas,PMTW,CAT,PM,0.0398572101374173
2017,July,Solano (SF),LDA,Gas,PMTW,CAT,PM10,0.0398572101374173
2017,July,Solano (SF),LDA,Gas,PMTW,CAT,PM2_5,0.009964302534354324
2017,July,Solano (SF),LDA,Gas,PMTW,NCAT,PM,1.99431625848123e-05
2017,July,Solano (SF),LDA,Gas,PMTW,NCAT,PM10,1.99431625848123e-05
2017,July,Solano (SF),LDA,Gas,PMTW,NCAT,PM2_5,4.985790646203075e-06
2017,July,Solano (SF),LDA,Gas,PMBW,CAT,PM,0.18683067251914343
2017,July,Solano (SF),LDA,Gas,PMBW,CAT,PM10,0.18309405906876056
2017,July,Solano (SF),LDA,Gas,PMBW,CAT,PM2_5,0.07846888245804028
2017,July,Solano (SF),LDA,Gas,PMBW,NCAT,PM,9.348357461630775e-05
2017,July,Solano (SF),LDA,Gas,PMBW,NCAT,PM10,9.161390312398154e-05
2017,July,Solano (SF),LDA,Gas,PMBW,NCAT,PM2_5,3.926310133884927e-05
2017,July,Solano (SF),LDA,Dsl,RUNEX,DSL,CO,0.011320681993654883
2017,July,Solano (SF),LDA,Dsl,RUNEX,DSL,NOx,0.008946440320963643
2017,July,Solano (SF),LDA,Dsl,RUNEX,DSL,SOx,8.272955823170352e-05
2017,July,Solano (SF),LDA,Dsl,RUNEX,DSL,PM,0.000695526443544405
2017,July,Solano (SF),LDA,Dsl,RUNEX,DSL,TOG,0.001204494765313346
2017,July,Solano (SF),LDA,Dsl,RUNEX,DSL,PM10,0.0006913532848831384
2017,July,Solano (SF),LDA,Dsl,RUNEX,DSL,PM2_5,0.0006614456478107277
2017,July,Solano (SF),LDA,Dsl,PMTW,DSL,PM,0.0002942866139716327
2017,July,Solano (SF),LDA,Dsl,PMTW,DSL,PM10,0.0002942866139716327
2017,July,Solano (SF),LDA,Dsl,PMTW,DSL,PM2_5,7.357165349290817e-05
2017,July,Solano (SF),LDA,Dsl,PMBW,DSL,PM,0.0013794685029920287
2017,July,Solano (SF),LDA,Dsl,PMBW,DSL,PM10,0.0013518791329321875
2017,July,Solano (SF),LDA,Dsl,PMBW,DSL,PM2_5,0.0005793767712566517
2017,July,Solano (SF),LDA,Elec,HOTSOAK,CAT,TOG,1.5952037785919066e-05
2017,July,Solano (SF),LDA,Elec,RESTLOSS,CAT,TOG,5.91489661274225e-06
2017,July,Solano (SF),LDA,Elec,DIURN,CAT,TOG,2.342347510346549e-05
2017,July,Solano (SF),LDA,Elec,PMTW,CAT,PM,0.00019061462308712207
2017,July,Solano (SF),LDA,Elec,PMTW,CAT,PM10,0.00019061462308712207
2017,July,Solano (SF),LDA,Elec,PMTW,CAT,PM2_5,4.765365577178052e-05
2017,July,Solano (SF),LDA,Elec,PMBW,CAT,PM,0.0008935060457208846
2017,July,Solano (SF),LDA,Elec,PMBW,CAT,PM10,0.0008756359248064669
2017,July,Solano (SF),LDA,Elec,PMBW,CAT,PM2_5,0.0003752725392027715
2017,July,Solano (SF),LDT1,Gas,RUNEX,CAT,CO,0.9310132369717725
2017,July,Solano (SF),LDT1,Gas,RUNEX,CAT,NOx,0.08798927455633769
2017,July,Solano (SF),LDT1,Gas,RUNEX,CAT,SOx,0.001594211226522124
2017,July,Solano (SF),LDT1,Gas,RUNEX,CAT,PM,0.0012238672147672745
2017,July,Solano (SF),LDT1,Gas,RUNEX,CAT,TOG,0.03389771180965999
2017,July,Solano (SF),LDT1,Gas,RUNEX,CAT,PM10,0.0010943872465809135
2017,July,Solano (SF),LDT1,Gas,RUNEX,CAT,PM2_5,0.0010063732665835093
2017,July,Solano (SF),LDT1,Gas,RUNEX,NCAT,CO,0.046249716533894696
2017,July,Solano (SF),LDT1,Gas,RUNEX,NCAT,NOx,0.0037010120573178038
2017,July,Solano (SF),LDT1,Gas,RUNEX,NCAT,SOx,3.893174839840242e-06
2017,July,Solano (SF),LDT1,Gas,RUNEX,NCAT,PM,3.850280850100761e-05
2017,July,Solano (SF),LDT1,Gas,RUNEX,NCAT,TOG,0.003943162874558954
2017,July,Solano (SF),LDT1,Gas,RUNEX,NCAT,PM10,3.675124239049629e-05
2017,July,Solano (SF),LDT1,Gas,RUNEX,NCAT,PM2_5,3.49526593506129e-05
2017,July,Solano (SF),LDT1,Gas,STREX,CAT,CO,0.14793832613559824
2017,July,Solano (SF),LDT1,Gas,STREX,CAT,NOx,0.023118168179869475
2017,July,Solano (SF),LDT1,Gas,STREX,CAT,SOx,4.198595429863705e-05
2017,July,Solano (SF),LDT1,Gas,STREX,CAT,PM,0.00022551338363342512
2017,July,Solano (SF),LDT1,Gas,STREX,CAT,TOG,0.03948697082337258
2017,July,Solano (SF),LDT1,Gas,STREX,CAT,PM10,0.00020169556376353073
2017,July,Solano (SF),LDT1,Gas,STREX,CAT,PM2_5,0.00018549479068322185
2017,July,Solano (SF),LDT1,Gas,STREX,NCAT,CO,0.005894512358142515
2017,July,Solano (SF),LDT1,Gas,STREX,NCAT,NOx,0.00032738414193366947
2017,July,Solano (SF),LDT1,Gas,STREX,NCAT,SOx,5.083139342553819e-07
2017,July,Solano (SF),LDT1,Gas,STREX,NCAT,PM,1.3522432914637232e-05
2017,July,Solano (SF),LDT1,Gas,STREX,NCAT,TOG,0.0009519467149995289
2017,July,Solano (SF),LDT1,Gas,STREX,NCAT,PM10,1.2908459235718002e-05
2017,July,Solano (SF),LDT1,Gas,STREX,NCAT,PM2_5,1.227728164617612e-05
2017,July,Solano (SF),LDT1,Gas,HOTSOAK,CAT,TOG,0.01917487287326664
2017,July,Solano (SF),LDT1,Gas,HOTSOAK,NCAT,TOG,0.0007602498978590756
2017,July,Solano (SF),LDT1,Gas,RUNLOSS,CAT,TOG,0.06079836877337868
2017,July,Solano (SF),LDT1,Gas,RUNLOSS,NCAT,TOG,0.0013991216406272922
2017,July,Solano (SF),LDT1,Gas,RESTLOSS,CAT,TOG,0.009942935834410315
2017,July,Solano (SF),LDT1,Gas,RESTLOSS,NCAT,TOG,0.0004607931041654636
2017,July,Solano (SF),LDT1,Gas,DIURN,CAT,TOG,0.017376965499437978
2017,July,Solano (SF),LDT1,Gas,DIURN,NCAT,TOG,0.0007748986510582176
2017,July,Solano (SF),LDT1,Gas,PMTW,CAT,PM,0.003563381073114754
2017,July,Solano (SF),LDT1,Gas,PMTW,CAT,PM10,0.003563381073114754
2017,July,Solano (SF),LDT1,Gas,PMTW,CAT,PM2_5,0.0008908452682786885
2017,July,Solano (SF),LDT1,Gas,PMTW,NCAT,PM,5.065790828433661e-06
2017,July,Solano (SF),LDT1,Gas,PMTW,NCAT,PM10,5.065790828433661e-06
2017,July,Solano (SF),LDT1,Gas,PMTW,NCAT,PM2_5,1.2664477071084154e-06
2017,July,Solano (SF),LDT1,Gas,PMBW,CAT,PM,0.016703348780225412
2017,July,Solano (SF),LDT1,Gas,PMBW,CAT,PM10,0.016369281804620918
2017,July,Solano (SF),LDT1,Gas,PMBW,CAT,PM2_5,0.00701540648769467
2017,July,Solano (SF),LDT1,Gas,PMBW,NCAT,PM,2.3745894508282787e-05
2017,July,Solano (SF),LDT1,Gas,PMBW,NCAT,PM10,2.3270976618117152e-05
2017,July,Solano (SF),LDT1,Gas,PMBW,NCAT,PM2_5,9.973275693478772e-06
2017,July,Solano (SF),LDT2,Gas,RUNEX,CAT,CO,1.9915607246869875
2017,July,Solano (SF),LDT2,Gas,RUNEX,CAT,NOx,0.21879297160511393
2017,July,Solano (SF),LDT2,Gas,RUNEX,CAT,SOx,0.005825639541217847
2017,July,Solano (SF),LDT2,Gas,RUNEX,CAT,PM,0.002326783109719694
2017,July,Solano (SF),LDT2,Gas,RUNEX,CAT,TOG,0.06194645374969715
2017,July,Solano (SF),LDT2,Gas,RUNEX,CAT,PM10,0.0020804811975280468
2017,July,Solano (SF),LDT2,Gas,RUNEX,CAT,PM2_5,0.0019130936901697476
2017,July,Solano (SF),LDT2,Gas,RUNEX,NCAT,CO,0.05720932038562283
2017,July,Solano (SF),LDT2,Gas,RUNEX,NCAT,NOx,0.004569707668014568
2017,July,Solano (SF),LDT2,Gas,RUNEX,NCAT,SOx,4.82839225433043e-06
2017,July,Solano (SF),LDT2,Gas,RUNEX,NCAT,PM,4.767058178856095e-05
2017,July,Solano (SF),LDT2,Gas,RUNEX,NCAT,TOG,0.0048854270359222135
2017,July,Solano (SF),LDT2,Gas,RUNEX,NCAT,PM10,4.5474331660168254e-05
2017,July,Solano (SF),LDT2,Gas,RUNEX,NCAT,PM2_5,4.323594951995085e-05
2017,July,Solano (SF),LDT2,Gas,STREX,CAT,CO,0.5448097353825967
2017,July,Solano (SF),LDT2,Gas,STREX,CAT,NOx,0.08160430933015105
2017,July,Solano (SF),LDT2,Gas,STREX,CAT,SOx,0.00014681832181754465
2017,July,Solano (SF),LDT2,Gas,STREX,CAT,PM,0.0004081963058773619
2017,July,Solano (SF),LDT2,Gas,STREX,CAT,TOG,0.09399653977914006
2017,July,Solano (SF),LDT2,Gas,STREX,CAT,PM10,0.0003650456249589422
2017,July,Solano (SF),LDT2,Gas,STREX,CAT,PM2_5,0.00033570485765410446
2017,July,Solano (SF),LDT2,Gas,STREX,NCAT,CO,0.007432035022569672
2017,July,Solano (SF),LDT2,Gas,STREX,NCAT,NOx,0.00040028021058400844
2017,July,Solano (SF),LDT2,Gas,STREX,NCAT,SOx,6.27811965548253e-07
2017,July,Solano (SF),LDT2,Gas,STREX,NCAT,PM,1.668422155395321e-05
2017,July,Solano (SF),LDT2,Gas,STREX,NCAT,TOG,0.001174608253995657
2017,July,Solano (SF),LDT2,Gas,STREX,NCAT,PM10,1.591540940876825e-05
2017,July,Solano (SF),LDT2,Gas,STREX,NCAT,PM2_5,1.513193694206204e-05
2017,July,Solano (SF),LDT2,Gas,HOTSOAK,CAT,TOG,0.03157819293507617
2017,July,Solano (SF),LDT2,Gas,HOTSOAK,NCAT,TOG,0.0009317943496949853
2017,July,Solano (SF),LDT2,Gas,RUNLOSS,CAT,TOG,0.09058578812314134
2017,July,Solano (SF),LDT2,Gas,RUNLOSS,NCAT,TOG,0.001555630477320239
2017,July,Solano (SF),LDT2,Gas,RESTLOSS,CAT,TOG,0.017335572999557142
2017,July,Solano (SF),LDT2,Gas,RESTLOSS,NCAT,TOG,0.0005994121968373872
2017,July,Solano (SF),LDT2,Gas,DIURN,CAT,TOG,0.025077996000059926
2017,July,Solano (SF),LDT2,Gas,DIURN,NCAT,TOG,0.000981844529331569
2017,July,Solano (SF),LDT2,Gas,PMTW,CAT,PM,0.011637612130018599
2017,July,Solano (SF),LDT2,Gas,PMTW,CAT,PM10,0.011637612130018599
2017,July,Solano (SF),LDT2,Gas,PMTW,CAT,PM2_5,0.0029094030325046497
2017,July,Solano (SF),LDT2,Gas,PMTW,NCAT,PM,6.269452862769384e-06
2017,July,Solano (SF),LDT2,Gas,PMTW,NCAT,PM10,6.269452862769384e-06
2017,July,Solano (SF),LDT2,Gas,PMTW,NCAT,PM2_5,1.567363215692346e-06
2017,July,Solano (SF),LDT2,Gas,PMBW,CAT,PM,0.05455130685946223
2017,July,Solano (SF),LDT2,Gas,PMBW,CAT,PM10,0.05346028072227294
2017,July,Solano (SF),LDT2,Gas,PMBW,CAT,PM2_5,0.02291154888097409
2017,July,Solano (SF),LDT2,Gas,PMBW,NCAT,PM,2.9388060294231475e-05
2017,July,Solano (SF),LDT2,Gas,PMBW,NCAT,PM10,2.8800299088346834e-05
2017,July,Solano (SF),LDT2,Gas,PMBW,NCAT,PM2_5,1.2342985323577219e-05
2017,July,Solano (SF),MDV,Gas,RUNEX,CAT,CO,1.6566355065314866
2017,July,Solano (SF),MDV,Gas,RUNEX,CAT,NOx,0.20055712425117622
2017,July,Solano (SF),MDV,Gas,RUNEX,CAT,SOx,0.00560496977442697
2017,July,Solano (SF),MDV,Gas,RUNEX,CAT,PM,0.00191969058329635
2017,July,Solano (SF),MDV,Gas,RUNEX,CAT,TOG,0.058349743576699385
2017,July,Solano (SF),MDV,Gas,RUNEX,CAT,PM10,0.0017164500304109869
2017,July,Solano (SF),MDV,Gas,RUNEX,CAT,PM2_5,0.0015783353855842962
2017,July,Solano (SF),MDV,Gas,RUNEX,NCAT,CO,0.1571544533388164
2017,July,Solano (SF),MDV,Gas,RUNEX,NCAT,NOx,0.009537293280989723
2017,July,Solano (SF),MDV,Gas,RUNEX,NCAT,SOx,8.98944178211147e-06
2017,July,Solano (SF),MDV,Gas,RUNEX,NCAT,PM,6.843535334822475e-05
2017,July,Solano (SF),MDV,Gas,RUNEX,NCAT,TOG,0.008064382714351805
2017,July,Solano (SF),MDV,Gas,RUNEX,NCAT,PM10,6.55197256235927e-05
2017,July,Solano (SF),MDV,Gas,RUNEX,NCAT,PM2_5,6.240549290562259e-05
2017,July,Solano (SF),MDV,Gas,STREX,CAT,CO,0.5541233290343188
2017,July,Solano (SF),MDV,Gas,STREX,CAT,NOx,0.08352831391729568
2017,July,Solano (SF),MDV,Gas,STREX,CAT,SOx,0.00014861745505166882
2017,July,Solano (SF),MDV,Gas,STREX,CAT,PM,0.0003837787640115575
2017,July,Solano (SF),MDV,Gas,STREX,CAT,TOG,0.1039096341783742
2017,July,Solano (SF),MDV,Gas,STREX,CAT,PM10,0.0003431805960127307
2017,July,Solano (SF),MDV,Gas,STREX,CAT,PM2_5,0.0003155829528788117
2017,July,Solano (SF),MDV,Gas,STREX,NCAT,CO,0.01761520708046251
2017,July,Solano (SF),MDV,Gas,STREX,NCAT,NOx,0.0007900389643911687
2017,July,Solano (SF),MDV,Gas,STREX,NCAT,SOx,1.0968262534328083e-06
2017,July,Solano (SF),MDV,Gas,STREX,NCAT,PM,2.2607626693294395e-05
2017,July,Solano (SF),MDV,Gas,STREX,NCAT,TOG,0.0020097644320421805
2017,July,Solano (SF),MDV,Gas,STREX,NCAT,PM10,2.164354826585748e-05
2017,July,Solano (SF),MDV,Gas,STREX,NCAT,PM2_5,2.061438481643977e-05
2017,July,Solano (SF),MDV,Gas,HOTSOAK,CAT,TOG,0.029014871473394162
2017,July,Solano (SF),MDV,Gas,HOTSOAK,NCAT,TOG,0.000859189207432403
2017,July,Solano (SF),MDV,Gas,RUNLOSS,CAT,TOG,0.08096507082511646
2017,July,Solano (SF),MDV,Gas,RUNLOSS,NCAT,TOG,0.001725999924667787
2017,July,Solano (SF),MDV,Gas,RESTLOSS,CAT,TOG,0.016276124113395848
2017,July,Solano (SF),MDV,Gas,RESTLOSS,NCAT,TOG,0.0008343176654501561
2017,July,Solano (SF),MDV,Gas,DIURN,CAT,TOG,0.02261565094217529
2017,July,Solano (SF),MDV,Gas,DIURN,NCAT,TOG,0.0013329868577048399
2017,July,Solano (SF),MDV,Gas,PMTW,CAT,PM,0.009422453327723568
2017,July,Solano (SF),MDV,Gas,PMTW,CAT,PM10,0.009422453327723568
2017,July,Solano (SF),MDV,Gas,PMTW,CAT,PM2_5,0.002355613331930892
2017,July,Solano (SF),MDV,Gas,PMTW,NCAT,PM,9.037144691687451e-06
2017,July,Solano (SF),MDV,Gas,PMTW,NCAT,PM10,9.037144691687451e-06
2017,July,Solano (SF),MDV,Gas,PMTW,NCAT,PM2_5,2.2592861729218627e-06
2017,July,Solano (SF),MDV,Gas,PMBW,CAT,PM,0.04416774997370422
2017,July,Solano (SF),MDV,Gas,PMBW,CAT,PM10,0.043284394974230166
2017,July,Solano (SF),MDV,Gas,PMBW,CAT,PM2_5,0.018550454988955765
2017,July,Solano (SF),MDV,Gas,PMBW,NCAT,PM,4.236161574228494e-05
2017,July,Solano (SF),MDV,Gas,PMBW,NCAT,PM10,4.151438342743925e-05
2017,July,Solano (SF),MDV,Gas,PMBW,NCAT,PM2_5,1.779187861175969e-05
2017,July,Solano (SF),LHD1,Gas,RUNEX,CAT,CO,0.23573514226109982
2017,July,Solano (SF),LHD1,Gas,RUNEX,CAT,NOx,0.05052211357281253
2017,July,Solano (SF),LHD1,Gas,RUNEX,CAT,SOx,0.0013546063739152676
2017,July,Solano (SF),LHD1,Gas,RUNEX,CAT,PM,0.00040335967513852256
2017,July,Solano (SF),LHD1,Gas,RUNEX,CAT,TOG,0.01864368686673256
2017,July,Solano (SF),LHD1,Gas,RUNEX,CAT,PM10,0.00036060354957383883
2017,July,Solano (SF),LHD1,Gas,RUNEX,CAT,PM2_5,0.0003315616529638658
2017,July,Solano (SF),LHD1,Gas,RUNEX,NCAT,CO,0.06670922604158842
2017,July,Solano (SF),LHD1,Gas,RUNEX,NCAT,NOx,0.0017931573011999789
2017,July,Solano (SF),LHD1,Gas,RUNEX,NCAT,SOx,7.718318020839187e-06
2017,July,Solano (SF),LHD1,Gas,RUNEX,NCAT,PM,3.537195811395195e-05
2017,July,Solano (SF),LHD1,Gas,RUNEX,NCAT,TOG,0.004005663999371343
2017,July,Solano (SF),LHD1,Gas,RUNEX,NCAT,PM10,3.399245174750783e-05
2017,July,Solano (SF),LHD1,Gas,RUNEX,NCAT,PM2_5,3.243608559049397e-05
2017,July,Solano (SF),LHD1,Gas,IDLEX,CAT,CO,0.01352419239242197
2017,July,Solano (SF),LHD1,Gas,IDLEX,CAT,NOx,0.00015144558508331228
2017,July,Solano (SF),LHD1,Gas,IDLEX,CAT,SOx,4.479892964507489e-06
2017,July,Solano (SF),LHD1,Gas,IDLEX,CAT,TOG,0.0025267101576708396
2017,July,Solano (SF),LHD1,Gas,IDLEX,NCAT,CO,0.00014233248060687543
2017,July,Solano (SF),LHD1,Gas,IDLEX,NCAT,NOx,1.609526493851042e-06
2017,July,Solano (SF),LHD1,Gas,IDLEX,NCAT,SOx,5.244545945526736e-08
2017,July,Solano (SF),LHD1,Gas,IDLEX,NCAT,TOG,2.558308050804177e-05
2017,July,Solano (SF),LHD1,Gas,STREX,CAT,CO,0.10982045617764648
2017,July,Solano (SF),LHD1,Gas,STREX,CAT,NOx,0.030545412558082626
2017,July,Solano (SF),LHD1,Gas,STREX,CAT,SOx,1.0479014006055626e-05
2017,July,Solano (SF),LHD1,Gas,STREX,CAT,PM,3.177448380089646e-05
2017,July,Solano (SF),LHD1,Gas,STREX,CAT,TOG,0.00993221721828435
2017,July,Solano (SF),LHD1,Gas,STREX,CAT,PM10,2.8406388518001413e-05
2017,July,Solano (SF),LHD1,Gas,STREX,CAT,PM2_5,2.6118625684336844e-05
2017,July,Solano (SF),LHD1,Gas,STREX,NCAT,CO,5.76401318850123e-05
2017,July,Solano (SF),LHD1,Gas,STREX,NCAT,NOx,0.0002261625898713471
2017,July,Solano (SF),LHD1,Gas,STREX,NCAT,SOx,4.206567903277329e-07
2017,July,Solano (SF),LHD1,Gas,STREX,NCAT,PM,9.708753067385022e-06
2017,July,Solano (SF),LHD1,Gas,STREX,NCAT,TOG,0.0012769481890435633
2017,July,Solano (SF),LHD1,Gas,STREX,NCAT,PM10,9.330111697757005e-06
2017,July,Solano (SF),LHD1,Gas,STREX,NCAT,PM2_5,8.902926562792063e-06
2017,July,Solano (SF),LHD1,Gas,HOTSOAK,CAT,TOG,0.008438156404166074
2017,July,Solano (SF),LHD1,Gas,HOTSOAK,NCAT,TOG,0.0008996659807954934
2017,July,Solano (SF),LHD1,Gas,RUNLOSS,CAT,TOG,0.059531502838869134
2017,July,Solano (SF),LHD1,Gas,RUNLOSS,NCAT,TOG,0.0022377466644718114
2017,July,Solano (SF),LHD1,Gas,RESTLOSS,CAT,TOG,0.00013993495200036613
2017,July,Solano (SF),LHD1,Gas,RESTLOSS,NCAT,TOG,1.0487050046592377e-05
2017,July,Solano (SF),LHD1,Gas,DIURN,CAT,TOG,0.00039588231380431463
2017,July,Solano (SF),LHD1,Gas,DIURN,NCAT,TOG,2.947845101796734e-05
2017,July,Solano (SF),LHD1,Gas,PMTW,CAT,PM,0.0010401353131174618
2017,July,Solano (SF),LHD1,Gas,PMTW,CAT,PM10,0.0010401353131174618
2017,July,Solano (SF),LHD1,Gas,PMTW,CAT,PM2_5,0.00026003382827936546
2017,July,Solano (SF),LHD1,Gas,PMTW,NCAT,PM,4.999064844544595e-06
2017,July,Solano (SF),LHD1,Gas,PMTW,NCAT,PM10,4.999064844544595e-06
2017,July,Solano (SF),LHD1,Gas,PMTW,NCAT,PM2_5,1.2497662111361487e-06
2017,July,Solano (SF),LHD1,Gas,PMBW,CAT,PM,0.010141319302895262
2017,July,Solano (SF),LHD1,Gas,PMBW,CAT,PM10,0.009938492916837354
2017,July,Solano (SF),LHD1,Gas,PMBW,CAT,PM2_5,0.004259354107216004
2017,July,Solano (SF),LHD1,Gas,PMBW,NCAT,PM,4.874088223430979e-05
2017,July,Solano (SF),LHD1,Gas,PMBW,NCAT,PM10,4.77660645896236e-05
2017,July,Solano (SF),LHD1,Gas,PMBW,NCAT,PM2_5,2.047117053841012e-05
2017,July,Solano (SF),LHD2,Gas,RUNEX,CAT,CO,0.020782737355157437
2017,July,Solano (SF),LHD2,Gas,RUNEX,CAT,NOx,0.00584421167713338
2017,July,Solano (SF),LHD2,Gas,RUNEX,CAT,SOx,0.00022045746773359341
2017,July,Solano (SF),LHD2,Gas,RUNEX,CAT,PM,4.389351613310708e-05
2017,July,Solano (SF),LHD2,Gas,RUNEX,CAT,TOG,0.001644073148050763
2017,July,Solano (SF),LHD2,Gas,RUNEX,CAT,PM10,3.9240803422997724e-05
2017,July,Solano (SF),LHD2,Gas,RUNEX,CAT,PM2_5,3.608047026141403e-05
2017,July,Solano (SF),LHD2,Gas,IDLEX,CAT,CO,0.001869482322593443
2017,July,Solano (SF),LHD2,Gas,IDLEX,CAT,NOx,2.0944176526116815e-05
2017,July,Solano (SF),LHD2,Gas,IDLEX,CAT,SOx,7.099679536826441e-07
2017,July,Solano (SF),LHD2,Gas,IDLEX,CAT,TOG,0.0003501035091096482
2017,July,Solano (SF),LHD2,Gas,STREX,CAT,CO,0.013942648323788585
2017,July,Solano (SF),LHD2,Gas,STREX,CAT,NOx,0.004028687549967315
2017,July,Solano (SF),LHD2,Gas,STREX,CAT,SOx,1.6252710939310019e-06
2017,July,Solano (SF),LHD2,Gas,STREX,CAT,PM,3.2023187821505686e-06
2017,July,Solano (SF),LHD2,Gas,STREX,CAT,TOG,0.0012443083170065915
2017,July,Solano (SF),LHD2,Gas,STREX,CAT,PM10,2.8628729912426056e-06
2017,July,Solano (SF),LHD2,Gas,STREX,CAT,PM2_5,2.6323060389277656e-06
2017,July,Solano (SF),LHD2,Gas,HOTSOAK,CAT,TOG,0.0008527355496917051
2017,July,Solano (SF),LHD2,Gas,RUNLOSS,CAT,TOG,0.005059359642931424
2017,July,Solano (SF),LHD2,Gas,RESTLOSS,CAT,TOG,1.4161643318778852e-05
2017,July,Solano (SF),LHD2,Gas,DIURN,CAT,TOG,3.807394784926208e-05
2017,July,Solano (SF),LHD2,Gas,PMTW,CAT,PM,0.0001478643782407436
2017,July,Solano (SF),LHD2,Gas,PMTW,CAT,PM10,0.0001478643782407436
2017,July,Solano (SF),LHD2,Gas,PMTW,CAT,PM2_5,3.69660945601859e-05
2017,July,Solano (SF),LHD2,Gas,PMBW,CAT,PM,0.0016819573024884577
2017,July,Solano (SF),LHD2,Gas,PMBW,CAT,PM10,0.0016483181564386886
2017,July,Solano (SF),LHD2,Gas,PMBW,CAT,PM2_5,0.0007064220670451527
2017,July,Solano (SF),T6TS,Gas,RUNEX,CAT,CO,0.07735988039357221
2017,July,Solano (SF),T6TS,Gas,RUNEX,CAT,NOx,0.017329057984406072
2017,July,Solano (SF),T6TS,Gas,RUNEX,CAT,SOx,0.0002601202482059643
2017,July,Solano (SF),T6TS,Gas,RUNEX,CAT,PM,2.654004941635601e-05
2017,July,Solano (SF),T6TS,Gas,RUNEX,CAT,TOG,0.004819668287216287
2017,July,Solano (SF),T6TS,Gas,RUNEX,CAT,PM10,2.3726804178222328e-05
2017,July,Solano (SF),T6TS,Gas,RUNEX,CAT,PM2_5,2.1815920620244704e-05
2017,July,Solano (SF),T6TS,Gas,RUNEX,NCAT,CO,0.008472541772137139
2017,July,Solano (SF),T6TS,Gas,RUNEX,NCAT,NOx,0.00023096073115644032
2017,July,Solano (SF),T6TS,Gas,RUNEX,NCAT,SOx,1.3119247451538694e-06
2017,July,Solano (SF),T6TS,Gas,RUNEX,NCAT,PM,2.595608779877497e-06
2017,July,Solano (SF),T6TS,Gas,RUNEX,NCAT,TOG,0.00038986081022051683
2017,July,Solano (SF),T6TS,Gas,RUNEX,NCAT,PM10,2.4943800374622743e-06
2017,July,Solano (SF),T6TS,Gas,RUNEX,NCAT,PM2_5,2.3801732511476643e-06
2017,July,Solano (SF),T6TS,Gas,IDLEX,CAT,CO,0.0028779516274390522
2017,July,Solano (SF),T6TS,Gas,IDLEX,CAT,NOx,2.5479227550228966e-05
2017,July,Solano (SF),T6TS,Gas,IDLEX,CAT,SOx,1.6304445550239958e-06
2017,July,Solano (SF),T6TS,Gas,IDLEX,CAT,TOG,0.0003773844738603444
2017,July,Solano (SF),T6TS,Gas,IDLEX,NCAT,CO,5.8237170425068783e-05
2017,July,Solano (SF),T6TS,Gas,IDLEX,NCAT,NOx,5.173612614703717e-07
2017,July,Solano (SF),T6TS,Gas,IDLEX,NCAT,SOx,3.6581252326155664e-08
2017,July,Solano (SF),T6TS,Gas,IDLEX,NCAT,TOG,7.325626790061447e-06
2017,July,Solano (SF),T6TS,Gas,STREX,CAT,CO,0.034760196935286806
2017,July,Solano (SF),T6TS,Gas,STREX,CAT,NOx,0.0022675053045344827
2017,July,Solano (SF),T6TS,Gas,STREX,CAT,SOx,2.37857912614611e-06
2017,July,Solano (SF),T6TS,Gas,STREX,CAT,PM,4.018002136430115e-06
2017,July,Solano (SF),T6TS,Gas,STREX,CAT,TOG,0.0016426345457063716
2017,July,Solano (SF),T6TS,Gas,STREX,CAT,PM10,3.5920939099685255e-06
2017,July,Solano (SF),T6TS,Gas,STREX,CAT,PM2_5,3.3027977561455625e-06
2017,July,Solano (SF),T6TS,Gas,STREX,NCAT,CO,1.714893279185744e-05
2017,July,Solano (SF),T6TS,Gas,STREX,NCAT,NOx,7.215595895065982e-05
2017,July,Solano (SF),T6TS,Gas,STREX,NCAT,SOx,1.715990207026349e-07
2017,July,Solano (SF),T6TS,Gas,STREX,NCAT,PM,1.9125678108694675e-06
2017,July,Solano (SF),T6TS,Gas,STREX,NCAT,TOG,0.0003737684836297221
2017,July,Solano (SF),T6TS,Gas,STREX,NCAT,PM10,1.8379776662455573e-06
2017,July,Solano (SF),T6TS,Gas,STREX,NCAT,PM2_5,1.7538246825673012e-06
2017,July,Solano (SF),T6TS,Gas,HOTSOAK,CAT,TOG,0.0007293048611800421
2017,July,Solano (SF),T6TS,Gas,HOTSOAK,NCAT,TOG,0.00019123110939725602
2017,July,Solano (SF),T6TS,Gas,RUNLOSS,CAT,TOG,0.003997117006242585
2017,July,Solano (SF),T6TS,Gas,RUNLOSS,NCAT,TOG,0.0003166058066062615
2017,July,Solano (SF),T6TS,Gas,RESTLOSS,CAT,TOG,1.1072173194308506e-05
2017,July,Solano (SF),T6TS,Gas,RESTLOSS,NCAT,TOG,1.6885804541873805e-06
2017,July,Solano (SF),T6TS,Gas,DIURN,CAT,TOG,2.997899792456183e-05
2017,July,Solano (SF),T6TS,Gas,DIURN,NCAT,TOG,4.276184373427899e-06
2017,July,Solano (SF),T6TS,Gas,PMTW,CAT,PM,0.00017035398123474462
2017,July,Solano (SF),T6TS,Gas,PMTW,CAT,PM10,0.00017035398123474462
2017,July,Solano (SF),T6TS,Gas,PMTW,CAT,PM2_5,4.2588495308686155e-05
2017,July,Solano (SF),T6TS,Gas,PMTW,NCAT,PM,7.547100521963409e-07
2017,July,Solano (SF),T6TS,Gas,PMTW,NCAT,PM10,7.547100521963409e-07
2017,July,Solano (SF),T6TS,Gas,PMTW,NCAT,PM2_5,1.886775130490852e-07
2017,July,Solano (SF),T6TS,Gas,PMBW,CAT,PM,0.0018880899586850874
2017,July,Solano (SF),T6TS,Gas,PMBW,CAT,PM10,0.0018503281595113846
2017,July,Solano (SF),T6TS,Gas,PMBW,CAT,PM2_5,0.0007929977826477353
2017,July,Solano (SF),T6TS,Gas,PMBW,NCAT,PM,8.364703078509446e-06
2017,July,Solano (SF),T6TS,Gas,PMBW,NCAT,PM10,8.197409016939253e-06
2017,July,Solano (SF),T6TS,Gas,PMBW,NCAT,PM2_5,3.5131752929739653e-06
2017,July,Solano (SF),T7IS,Gas,RUNEX,CAT,CO,0.009607881937261172
2017,July,Solano (SF),T7IS,Gas,RUNEX,CAT,NOx,0.000611025578993936
2017,July,Solano (SF),T7IS,Gas,RUNEX,CAT,SOx,6.001558260898893e-06
2017,July,Solano (SF),T7IS,Gas,RUNEX,CAT,PM,1.579298848050512e-07
2017,July,Solano (SF),T7IS,Gas,RUNEX,CAT,TOG,0.00010421594493858565
2017,July,Solano (SF),T7IS,Gas,RUNEX,CAT,PM10,1.411893170157157e-07
2017,July,Solano (SF),T7IS,Gas,RUNEX,CAT,PM2_5,1.2981836530975207e-07
2017,July,Solano (SF),T7IS,Gas,STREX,CAT,CO,0.0001784854479156962
2017,July,Solano (SF),T7IS,Gas,STREX,CAT,NOx,1.1509446699333045e-07
2017,July,Solano (SF),T7IS,Gas,STREX,CAT,SOx,1.2604537715333387e-08
2017,July,Solano (SF),T7IS,Gas,STREX,CAT,PM,4.961270658535996e-09
2017,July,Solano (SF),T7IS,Gas,STREX,CAT,TOG,2.973216246158386e-08
2017,July,Solano (SF),T7IS,Gas,STREX,CAT,PM10,4.43537596873118e-09
2017,July,Solano (SF),T7IS,Gas,STREX,CAT,PM2_5,4.078164481316588e-09
2017,July,Solano (SF),T7IS,Gas,HOTSOAK,CAT,TOG,2.4142187587831517e-07
2017,July,Solano (SF),T7IS,Gas,RUNLOSS,CAT,TOG,6.631270842306308e-07
2017,July,Solano (SF),T7IS,Gas,RESTLOSS,CAT,TOG,5.193300125519923e-09
2017,July,Solano (SF),T7IS,Gas,DIURN,CAT,TOG,1.3217939731787914e-08
2017,July,Solano (SF),T7IS,Gas,PMTW,CAT,PM,5.315214371307516e-06
2017,July,Solano (SF),T7IS,Gas,PMTW,CAT,PM10,5.315214371307516e-06
2017,July,Solano (SF),T7IS,Gas,PMTW,CAT,PM2_5,1.328803592826879e-06
2017,July,Solano (SF),T7IS,Gas,PMBW,CAT,PM,1.674292526961868e-05
2017,July,Solano (SF),T7IS,Gas,PMBW,CAT,PM10,1.6408066764226305e-05
2017,July,Solano (SF),T7IS,Gas,PMBW,CAT,PM2_5,7.032028613239845e-06
2017,July,Solano (SF),LDT1,Dsl,RUNEX,DSL,CO,0.00042686881022430047
2017,July,Solano (SF),LDT1,Dsl,RUNEX,DSL,NOx,0.00037108952189232434
2017,July,Solano (SF),LDT1,Dsl,RUNEX,DSL,SOx,1.770189560952553e-06
2017,July,Solano (SF),LDT1,Dsl,RUNEX,DSL,PM,3.9632577095210435e-05
2017,July,Solano (SF),LDT1,Dsl,RUNEX,DSL,TOG,6.248315460232594e-05
2017,July,Solano (SF),LDT1,Dsl,RUNEX,DSL,PM10,3.939478163263921e-05
2017,July,Solano (SF),LDT1,Dsl,RUNEX,DSL,PM2_5,3.769058081754516e-05
2017,July,Solano (SF),LDT1,Dsl,PMTW,DSL,PM,3.230647226209807e-06
2017,July,Solano (SF),LDT1,Dsl,PMTW,DSL,PM10,3.230647226209807e-06
2017,July,Solano (SF),LDT1,Dsl,PMTW,DSL,PM2_5,8.076618065524518e-07
2017,July,Solano (SF),LDT1,Dsl,PMBW,DSL,PM,1.514365887285845e-05
2017,July,Solano (SF),LDT1,Dsl,PMBW,DSL,PM10,1.4840785695401298e-05
2017,July,Solano (SF),LDT1,Dsl,PMBW,DSL,PM2_5,6.3603367266005535e-06
2017,July,Solano (SF),LDT2,Dsl,RUNEX,DSL,CO,0.0006468119299400573
2017,July,Solano (SF),LDT2,Dsl,RUNEX,DSL,NOx,0.00045124893639251584
2017,July,Solano (SF),LDT2,Dsl,RUNEX,DSL,SOx,1.4109222081858948e-05
2017,July,Solano (SF),LDT2,Dsl,RUNEX,DSL,PM,6.57890015486834e-05
2017,July,Solano (SF),LDT2,Dsl,RUNEX,DSL,TOG,0.0001223403473579446
2017,July,Solano (SF),LDT2,Dsl,RUNEX,DSL,PM10,6.539426753939139e-05
2017,July,Solano (SF),LDT2,Dsl,RUNEX,DSL,PM2_5,6.256534047279798e-05
2017,July,Solano (SF),LDT2,Dsl,PMTW,DSL,PM,3.676070411661002e-05
2017,July,Solano (SF),LDT2,Dsl,PMTW,DSL,PM10,3.676070411661002e-05
2017,July,Solano (SF),LDT2,Dsl,PMTW,DSL,PM2_5,9.190176029152506e-06
2017,July,Solano (SF),LDT2,Dsl,PMBW,DSL,PM,0.00017231580054660937
2017,July,Solano (SF),LDT2,Dsl,PMBW,DSL,PM10,0.00016886948453567725
2017,July,Solano (SF),LDT2,Dsl,PMBW,DSL,PM2_5,7.237263622957594e-05
2017,July,Solano (SF),MDV,Dsl,RUNEX,DSL,CO,0.0032243893445555814
2017,July,Solano (SF),MDV,Dsl,RUNEX,DSL,NOx,0.002037130258767537
2017,July,Solano (SF),MDV,Dsl,RUNEX,DSL,SOx,6.779068659130317e-05
2017,July,Solano (SF),MDV,Dsl,RUNEX,DSL,PM,0.00012706984158090577
2017,July,Solano (SF),MDV,Dsl,RUNEX,DSL,TOG,0.00024957020372055926
2017,July,Solano (SF),MDV,Dsl,RUNEX,DSL,PM10,0.00012630742253142045
2017,July,Solano (SF),MDV,Dsl,RUNEX,DSL,PM2_5,0.00012084341934344148
2017,July,Solano (SF),MDV,Dsl,PMTW,DSL,PM,0.0001339541589048322
2017,July,Solano (SF),MDV,Dsl,PMTW,DSL,PM10,0.0001339541589048322
2017,July,Solano (SF),MDV,Dsl,PMTW,DSL,PM2_5,3.348853972620805e-05
2017,July,Solano (SF),MDV,Dsl,PMBW,DSL,PM,0.0006279101198664001
2017,July,Solano (SF),MDV,Dsl,PMBW,DSL,PM10,0.0006153519174690724
2017,July,Solano (SF),MDV,Dsl,PMBW,DSL,PM2_5,0.00026372225034388807
2017,July,Solano (SF),LHD1,Dsl,RUNEX,DSL,CO,0.10300859203342028
2017,July,Solano (SF),LHD1,Dsl,RUNEX,DSL,NOx,0.39768586695306923
2017,July,Solano (SF),LHD1,Dsl,RUNEX,DSL,SOx,0.0006033962536794946
2017,July,Solano (SF),LHD1,Dsl,RUNEX,DSL,PM,0.004427771673200674
2017,July,Solano (SF),LHD1,Dsl,RUNEX,DSL,TOG,0.025854277904092823
2017,July,Solano (SF),LHD1,Dsl,RUNEX,DSL,PM10,0.0044012050431614744
2017,July,Solano (SF),LHD1,Dsl,RUNEX,DSL,PM2_5,0.00421081086121385
2017,July,Solano (SF),LHD1,Dsl,IDLEX,DSL,CO,0.002613435995679423
2017,July,Solano (SF),LHD1,Dsl,IDLEX,DSL,NOx,0.007347311262713408
2017,July,Solano (SF),LHD1,Dsl,IDLEX,DSL,SOx,3.854086181279103e-06
2017,July,Solano (SF),LHD1,Dsl,IDLEX,DSL,PM,8.551662200681803e-05
2017,July,Solano (SF),LHD1,Dsl,IDLEX,DSL,TOG,0.00035895727434248663
2017,July,Solano (SF),LHD1,Dsl,IDLEX,DSL,PM10,8.500352227477718e-05
2017,July,Solano (SF),LHD1,Dsl,IDLEX,DSL,PM2_5,8.132630752848392e-05
2017,July,Solano (SF),LHD1,Dsl,PMTW,DSL,PM,0.0012922489508226556
2017,July,Solano (SF),LHD1,Dsl,PMTW,DSL,PM10,0.0012922489508226556
2017,July,Solano (SF),LHD1,Dsl,PMTW,DSL,PM2_5,0.0003230622377056639
2017,July,Solano (SF),LHD1,Dsl,PMBW,DSL,PM,0.008399618180347243
2017,July,Solano (SF),LHD1,Dsl,PMBW,DSL,PM10,0.008231625816740307
2017,July,Solano (SF),LHD1,Dsl,PMBW,DSL,PM2_5,0.0035278396357458514
2017,July,Solano (SF),LHD2,Dsl,RUNEX,DSL,CO,0.03139467164181823
2017,July,Solano (SF),LHD2,Dsl,RUNEX,DSL,NOx,0.10114611855893213
2017,July,Solano (SF),LHD2,Dsl,RUNEX,DSL,SOx,0.00025077191047781944
2017,July,Solano (SF),LHD2,Dsl,RUNEX,DSL,PM,0.0012295516250151557
2017,July,Solano (SF),LHD2,Dsl,RUNEX,DSL,TOG,0.007990172199168989
2017,July,Solano (SF),LHD2,Dsl,RUNEX,DSL,PM10,0.0012221743152650674
2017,July,Solano (SF),LHD2,Dsl,RUNEX,DSL,PM2_5,0.001169303595389414
2017,July,Solano (SF),LHD2,Dsl,IDLEX,DSL,CO,0.0008993674099188501
2017,July,Solano (SF),LHD2,Dsl,IDLEX,DSL,NOx,0.0025233591156115075
2017,July,Solano (SF),LHD2,Dsl,IDLEX,DSL,SOx,2.1241169498071242e-06
2017,July,Solano (SF),LHD2,Dsl,IDLEX,DSL,PM,2.7382857281615975e-05
2017,July,Solano (SF),LHD2,Dsl,IDLEX,DSL,TOG,0.00012352874707115375
2017,July,Solano (SF),LHD2,Dsl,IDLEX,DSL,PM10,2.721856013792629e-05
2017,July,Solano (SF),LHD2,Dsl,IDLEX,DSL,PM2_5,2.6041097274816816e-05
2017,July,Solano (SF),LHD2,Dsl,PMTW,DSL,PM,0.0004798893632298096
2017,July,Solano (SF),LHD2,Dsl,PMTW,DSL,PM10,0.0004798893632298096
2017,July,Solano (SF),LHD2,Dsl,PMTW,DSL,PM2_5,0.0001199723408074524
2017,July,Solano (SF),LHD2,Dsl,PMBW,DSL,PM,0.003639161004492722
2017,July,Solano (SF),LHD2,Dsl,PMBW,DSL,PM10,0.0035663777844028685
2017,July,Solano (SF),LHD2,Dsl,PMBW,DSL,PM2_5,0.0015284476218869437
2017,July,Solano (SF),LDT1,Elec,HOTSOAK,CAT,TOG,2.1594043635679866e-07
2017,July,Solano (SF),LDT1,Elec,RESTLOSS,CAT,TOG,8.308341935374652e-08
2017,July,Solano (SF),LDT1,Elec,DIURN,CAT,TOG,3.290171463945531e-07
2017,July,Solano (SF),LDT1,Elec,PMTW,CAT,PM,2.4225159502712154e-06
2017,July,Solano (SF),LDT1,Elec,PMTW,CAT,PM10,2.4225159502712154e-06
2017,July,Solano (SF),LDT1,Elec,PMTW,CAT,PM2_5,6.056289875678039e-07
2017,July,Solano (SF),LDT1,Elec,PMBW,CAT,PM,1.135554351689633e-05
2017,July,Solano (SF),LDT1,Elec,PMBW,CAT,PM10,1.1128432646558401e-05
2017,July,Solano (SF),LDT1,Elec,PMBW,CAT,PM2_5,4.7693282770964595e-06
2017,July,Solano (SF),LDT2,Elec,HOTSOAK,CAT,TOG,1.1145290634612774e-06
2017,July,Solano (SF),LDT2,Elec,RESTLOSS,CAT,TOG,4.0600980309841935e-07
2017,July,Solano (SF),LDT2,Elec,DIURN,CAT,TOG,1.6078320784426471e-06
2017,July,Solano (SF),LDT2,Elec,PMTW,CAT,PM,1.3092632889113427e-05
2017,July,Solano (SF),LDT2,Elec,PMTW,CAT,PM10,1.3092632889113427e-05
2017,July,Solano (SF),LDT2,Elec,PMTW,CAT,PM2_5,3.2731582222783568e-06
2017,July,Solano (SF),LDT2,Elec,PMBW,CAT,PM,6.137171666771917e-05
2017,July,Solano (SF),LDT2,Elec,PMBW,CAT,PM10,6.0144282334364796e-05
2017,July,Solano (SF),LDT2,Elec,PMBW,CAT,PM2_5,2.5776121000442056e-05
2017,July,Solano (SF),MDV,Elec,HOTSOAK,CAT,TOG,1.1266998153083804e-07
2017,July,Solano (SF),MDV,Elec,RESTLOSS,CAT,TOG,4.083951135334893e-08
2017,July,Solano (SF),MDV,Elec,DIURN,CAT,TOG,1.6172781031575237e-07
2017,July,Solano (SF),MDV,Elec,PMTW,CAT,PM,1.3370771520336378e-06
2017,July,Solano (SF),MDV,Elec,PMTW,CAT,PM10,1.3370771520336378e-06
2017,July,Solano (SF),MDV,Elec,PMTW,CAT,PM2_5,3.3426928800840945e-07
2017,July,Solano (SF),MDV,Elec,PMBW,CAT,PM,6.267549150157678e-06
2017,July,Solano (SF),MDV,Elec,PMBW,CAT,PM10,6.142198167154525e-06
2017,July,Solano (SF),MDV,Elec,PMBW,CAT,PM2_5,2.632370643066225e-06
2017,July,Solano (SF),SBUS,Gas,RUNEX,CAT,CO,0.0035640084709741126
2017,July,Solano (SF),SBUS,Gas,RUNEX,CAT,NOx,0.0009935954680468065
2017,July,Solano (SF),SBUS,Gas,RUNEX,CAT,SOx,4.730521286686686e-06
2017,July,Solano (SF),SBUS,Gas,RUNEX,CAT,PM,2.557355802935926e-06
2017,July,Solano (SF),SBUS,Gas,RUNEX,CAT,TOG,0.0002488107354056898
2017,July,Solano (SF),SBUS,Gas,RUNEX,CAT,PM10,2.2862760878247164e-06
2017,July,Solano (SF),SBUS,Gas,RUNEX,CAT,PM2_5,2.1021464700133314e-06
2017,July,Solano (SF),SBUS,Gas,IDLEX,CAT,CO,0.0007661517105068847
2017,July,Solano (SF),SBUS,Gas,IDLEX,CAT,NOx,8.63137517058876e-06
2017,July,Solano (SF),SBUS,Gas,IDLEX,CAT,SOx,2.579829698949395e-07
2017,July,Solano (SF),SBUS,Gas,IDLEX,CAT,TOG,0.00014247232446061995
2017,July,Solano (SF),SBUS,Gas,STREX,CAT,CO,0.0006461011212838737
2017,July,Solano (SF),SBUS,Gas,STREX,CAT,NOx,1.9482293865360747e-05
2017,July,Solano (SF),SBUS,Gas,STREX,CAT,SOx,2.4487263127695124e-08
2017,July,Solano (SF),SBUS,Gas,STREX,CAT,PM,4.407448302305787e-08
2017,July,Solano (SF),SBUS,Gas,STREX,CAT,TOG,2.422632060926459e-05
2017,July,Solano (SF),SBUS,Gas,STREX,CAT,PM10,3.940258782261374e-08
2017,July,Solano (SF),SBUS,Gas,STREX,CAT,PM2_5,3.6229225044953576e-08
2017,July,Solano (SF),SBUS,Gas,HOTSOAK,CAT,TOG,8.662329849838311e-06
2017,July,Solano (SF),SBUS,Gas,RUNLOSS,CAT,TOG,7.117868130422453e-05
2017,July,Solano (SF),SBUS,Gas,RESTLOSS,CAT,TOG,3.8109301077748465e-07
2017,July,Solano (SF),SBUS,Gas,DIURN,CAT,TOG,1.995990158938352e-06
2017,July,Solano (SF),SBUS,Gas,PMTW,CAT,PM,4.232764016307592e-06
2017,July,Solano (SF),SBUS,Gas,PMTW,CAT,PM10,4.232764016307592e-06
2017,July,Solano (SF),SBUS,Gas,PMTW,CAT,PM2_5,1.058191004076898e-06
2017,July,Solano (SF),SBUS,Gas,PMBW,CAT,PM,0.0004021125762582659
2017,July,Solano (SF),SBUS,Gas,PMBW,CAT,PM10,0.0003940703247331006
2017,July,Solano (SF),SBUS,Gas,PMBW,CAT,PM2_5,0.00016888728202847167
2017,July,Solano (SF),OBUS,Gas,RUNEX,CAT,CO,0.02163949841843404
2017,July,Solano (SF),OBUS,Gas,RUNEX,CAT,NOx,0.005167364181484347
2017,July,Solano (SF),OBUS,Gas,RUNEX,CAT,SOx,0.0001353991175536584
2017,July,Solano (SF),OBUS,Gas,RUNEX,CAT,PM,6.130469431421817e-06
2017,July,Solano (SF),OBUS,Gas,RUNEX,CAT,TOG,0.0013630921440351614
2017,July,Solano (SF),OBUS,Gas,RUNEX,CAT,PM10,5.4806396716910985e-06
2017,July,Solano (SF),OBUS,Gas,RUNEX,CAT,PM2_5,5.039245872628723e-06
2017,July,Solano (SF),OBUS,Gas,IDLEX,CAT,CO,0.0007683628113862283
2017,July,Solano (SF),OBUS,Gas,IDLEX,CAT,NOx,8.657539949146955e-06
2017,July,Solano (SF),OBUS,Gas,IDLEX,CAT,SOx,5.164833609825189e-07
2017,July,Solano (SF),OBUS,Gas,IDLEX,CAT,TOG,0.00014478626861366933
2017,July,Solano (SF),OBUS,Gas,STREX,CAT,CO,0.009381141974532645
2017,July,Solano (SF),OBUS,Gas,STREX,CAT,NOx,0.0008674914965388519
2017,July,Solano (SF),OBUS,Gas,STREX,CAT,SOx,7.288852952423804e-07
2017,July,Solano (SF),OBUS,Gas,STREX,CAT,PM,6.919724794092846e-07
2017,July,Solano (SF),OBUS,Gas,STREX,CAT,TOG,0.0004987693044333925
2017,July,Solano (SF),OBUS,Gas,STREX,CAT,PM10,6.186233965919001e-07
2017,July,Solano (SF),OBUS,Gas,STREX,CAT,PM2_5,5.688013780744316e-07
2017,July,Solano (SF),OBUS,Gas,HOTSOAK,CAT,TOG,7.872400259894126e-05
2017,July,Solano (SF),OBUS,Gas,RUNLOSS,CAT,TOG,0.0007569433340423535
2017,July,Solano (SF),OBUS,Gas,RESTLOSS,CAT,TOG,2.9075243480987762e-06
2017,July,Solano (SF),OBUS,Gas,DIURN,CAT,TOG,1.0448944956841083e-05
2017,July,Solano (SF),OBUS,Gas,PMTW,CAT,PM,8.794697268629846e-05
2017,July,Solano (SF),OBUS,Gas,PMTW,CAT,PM10,8.794697268629846e-05
2017,July,Solano (SF),OBUS,Gas,PMTW,CAT,PM2_5,2.1986743171574616e-05
2017,July,Solano (SF),OBUS,Gas,PMBW,CAT,PM,0.0009747456139398079
2017,July,Solano (SF),OBUS,Gas,PMBW,CAT,PM10,0.0009552507016610121
2017,July,Solano (SF),OBUS,Gas,PMBW,CAT,PM2_5,0.0004093931578547191
2017,July,Solano (SF),MCY,Gas,RUNEX,CAT,CO,0.3390303051346156
2017,July,Solano (SF),MCY,Gas,RUNEX,CAT,NOx,0.025059811653676153
2017,July,Solano (SF),MCY,Gas,RUNEX,CAT,SOx,5.504115945103703e-05
2017,July,Solano (SF),MCY,Gas,RUNEX,CAT,PM,3.560495104839012e-05
2017,July,Solano (SF),MCY,Gas,RUNEX,CAT,TOG,0.056286149894231134
2017,July,Solano (SF),MCY,Gas,RUNEX,CAT,PM10,3.285653629667045e-05
2017,July,Solano (SF),MCY,Gas,RUNEX,CAT,PM2_5,3.072163477138741e-05
2017,July,Solano (SF),MCY,Gas,RUNEX,NCAT,CO,0.9960015029024089
2017,July,Solano (SF),MCY,Gas,RUNEX,NCAT,NOx,0.0358702396444975
2017,July,Solano (SF),MCY,Gas,RUNEX,NCAT,SOx,6.344865406052988e-05
2017,July,Solano (SF),MCY,Gas,RUNEX,NCAT,PM,6.25426240117918e-05
2017,July,Solano (SF),MCY,Gas,RUNEX,NCAT,TOG,0.09974924195468214
2017,July,Solano (SF),MCY,Gas,RUNEX,NCAT,PM10,5.907775161592219e-05
2017,July,Solano (SF),MCY,Gas,RUNEX,NCAT,PM2_5,5.589722120920232e-05
2017,July,Solano (SF),MCY,Gas,STREX,CAT,CO,0.02730572328088296
2017,July,Solano (SF),MCY,Gas,STREX,CAT,NOx,0.0011661713990717584
2017,July,Solano (SF),MCY,Gas,STREX,CAT,SOx,2.6974059505675616e-06
2017,July,Solano (SF),MCY,Gas,STREX,CAT,PM,9.244852181216321e-06
2017,July,Solano (SF),MCY,Gas,STREX,CAT,TOG,0.007534942074256882
2017,July,Solano (SF),MCY,Gas,STREX,CAT,PM10,8.573844085167993e-06
2017,July,Solano (SF),MCY,Gas,STREX,CAT,PM2_5,8.037326587590516e-06
2017,July,Solano (SF),MCY,Gas,STREX,NCAT,CO,0.0807987614464684
2017,July,Solano (SF),MCY,Gas,STREX,NCAT,NOx,0.00227099213433121
2017,July,Solano (SF),MCY,Gas,STREX,NCAT,SOx,5.67025883920911e-06
2017,July,Solano (SF),MCY,Gas,STREX,NCAT,PM,4.072642044709232e-05
2017,July,Solano (SF),MCY,Gas,STREX,NCAT,TOG,0.018706892268147975
2017,July,Solano (SF),MCY,Gas,STREX,NCAT,PM10,3.882914381449502e-05
2017,July,Solano (SF),MCY,Gas,STREX,NCAT,PM2_5,3.690806945535289e-05
2017,July,Solano (SF),MCY,Gas,HOTSOAK,CAT,TOG,0.0017840187055848218
2017,July,Solano (SF),MCY,Gas,HOTSOAK,NCAT,TOG,0.009581433040245339
2017,July,Solano (SF),MCY,Gas,RUNLOSS,CAT,TOG,0.004220083852656031
2017,July,Solano (SF),MCY,Gas,RUNLOSS,NCAT,TOG,0.027451020957962063
2017,July,Solano (SF),MCY,Gas,RESTLOSS,CAT,TOG,0.002337216493582906
2017,July,Solano (SF),MCY,Gas,RESTLOSS,NCAT,TOG,0.008747105705874343
2017,July,Solano (SF),MCY,Gas,DIURN,CAT,TOG,0.005289073720754805
2017,July,Solano (SF),MCY,Gas,DIURN,NCAT,TOG,0.018100649490640615
2017,July,Solano (SF),MCY,Gas,PMTW,CAT,PM,0.0001045539375241123
2017,July,Solano (SF),MCY,Gas,PMTW,CAT,PM10,0.0001045539375241123
2017,July,Solano (SF),MCY,Gas,PMTW,CAT,PM2_5,2.6138484381028075e-05
2017,July,Solano (SF),MCY,Gas,PMTW,NCAT,PM,0.00011755628704498355
2017,July,Solano (SF),MCY,Gas,PMTW,NCAT,PM10,0.00011755628704498355
2017,July,Solano (SF),MCY,Gas,PMTW,NCAT,PM2_5,2.9389071761245888e-05
2017,July,Solano (SF),MCY,Gas,PMBW,CAT,PM,0.00031366181257233696
2017,July,Solano (SF),MCY,Gas,PMBW,CAT,PM10,0.0003073885763208904
2017,July,Solano (SF),MCY,Gas,PMBW,CAT,PM2_5,0.0001317379612803814
2017,July,Solano (SF),MCY,Gas,PMBW,NCAT,PM,0.0003526688611349507
2017,July,Solano (SF),MCY,Gas,PMBW,NCAT,PM10,0.00034561548391225154
2017,July,Solano (SF),MCY,Gas,PMBW,NCAT,PM2_5,0.00014812092167667916
2017,July,Solano (SF),MH,Gas,RUNEX,CAT,CO,0.027394881781820056
2017,July,Solano (SF),MH,Gas,RUNEX,CAT,NOx,0.0055770041107586965
2017,July,Solano (SF),MH,Gas,RUNEX,CAT,SOx,0.0001659971673572339
2017,July,Solano (SF),MH,Gas,RUNEX,CAT,PM,2.0724263320295737e-05
2017,July,Solano (SF),MH,Gas,RUNEX,CAT,TOG,0.0014914235758791228
2017,July,Solano (SF),MH,Gas,RUNEX,CAT,PM10,1.8527491408344386e-05
2017,July,Solano (SF),MH,Gas,RUNEX,CAT,PM2_5,1.7035344449283107e-05
2017,July,Solano (SF),MH,Gas,RUNEX,NCAT,CO,0.003967877165472654
2017,July,Solano (SF),MH,Gas,RUNEX,NCAT,NOx,0.00011813529259989227
2017,July,Solano (SF),MH,Gas,RUNEX,NCAT,SOx,6.266709083791108e-07
2017,July,Solano (SF),MH,Gas,RUNEX,NCAT,PM,1.2422933977513833e-06
2017,July,Solano (SF),MH,Gas,RUNEX,NCAT,TOG,0.00019112011095601795
2017,July,Solano (SF),MH,Gas,RUNEX,NCAT,PM10,1.1938439552390797e-06
2017,July,Solano (SF),MH,Gas,RUNEX,NCAT,PM2_5,1.139183045738019e-06
2017,July,Solano (SF),MH,Gas,STREX,CAT,CO,0.0003409007394963491
2017,July,Solano (SF),MH,Gas,STREX,CAT,NOx,3.120322359094403e-05
2017,July,Solano (SF),MH,Gas,STREX,CAT,SOx,2.730662907777499e-08
2017,July,Solano (SF),MH,Gas,STREX,CAT,PM,4.956667103620748e-08
2017,July,Solano (SF),MH,Gas,STREX,CAT,TOG,1.7306379444378204e-05
2017,July,Solano (SF),MH,Gas,STREX,CAT,PM10,4.431260390636951e-08
2017,July,Solano (SF),MH,Gas,STREX,CAT,PM2_5,4.074380359176257e-08
2017,July,Solano (SF),MH,Gas,STREX,NCAT,CO,8.31138010545384e-08
2017,July,Solano (SF),MH,Gas,STREX,NCAT,NOx,3.2991871188572193e-07
2017,July,Solano (SF),MH,Gas,STREX,NCAT,SOx,7.976113535662344e-10
2017,July,Solano (SF),MH,Gas,STREX,NCAT,PM,9.570908073640306e-09
2017,July,Solano (SF),MH,Gas,STREX,NCAT,TOG,1.7862061591714544e-06
2017,July,Solano (SF),MH,Gas,STREX,NCAT,PM10,9.197642658768333e-09
2017,July,Solano (SF),MH,Gas,STREX,NCAT,PM2_5,8.776522703528158e-09
2017,July,Solano (SF),MH,Gas,HOTSOAK,CAT,TOG,1.0323668639482402e-05
2017,July,Solano (SF),MH,Gas,HOTSOAK,NCAT,TOG,3.2373716224566125e-07
2017,July,Solano (SF),MH,Gas,RUNLOSS,CAT,TOG,0.00024962457053601453
2017,July,Solano (SF),MH,Gas,RUNLOSS,NCAT,TOG,2.1069124006213196e-06
2017,July,Solano (SF),MH,Gas,RESTLOSS,CAT,TOG,5.192147856363958e-05
2017,July,Solano (SF),MH,Gas,RESTLOSS,NCAT,TOG,1.5408007810394697e-06
2017,July,Solano (SF),MH,Gas,DIURN,CAT,TOG,0.0002392389696564498
2017,July,Solano (SF),MH,Gas,DIURN,NCAT,TOG,6.134286522190977e-06
2017,July,Solano (SF),MH,Gas,PMTW,CAT,PM,0.00010828571564055338
2017,July,Solano (SF),MH,Gas,PMTW,CAT,PM10,0.00010828571564055338
2017,July,Solano (SF),MH,Gas,PMTW,CAT,PM2_5,2.7071428910138345e-05
2017,July,Solano (SF),MH,Gas,PMTW,NCAT,PM,3.612144181082507e-07
2017,July,Solano (SF),MH,Gas,PMTW,NCAT,PM10,3.612144181082507e-07
2017,July,Solano (SF),MH,Gas,PMTW,NCAT,PM2_5,9.030360452706267e-08
2017,July,Solano (SF),MH,Gas,PMBW,CAT,PM,0.001200166681682799
2017,July,Solano (SF),MH,Gas,PMBW,CAT,PM10,0.001176163348049144
2017,July,Solano (SF),MH,Gas,PMBW,CAT,PM2_5,0.0005040700063067758
2017,July,Solano (SF),MH,Gas,PMBW,NCAT,PM,4.003459800699778e-06
2017,July,Solano (SF),MH,Gas,PMBW,NCAT,PM10,3.923390604685784e-06
2017,July,Solano (SF),MH,Gas,PMBW,NCAT,PM2_5,1.6814531162939063e-06
2017,July,Solano (SF),MH,Dsl,RUNEX,DSL,CO,0.0014372637204376085
2017,July,Solano (SF),MH,Dsl,RUNEX,DSL,NOx,0.015744110788377532
2017,July,Solano (SF),MH,Dsl,RUNEX,DSL,SOx,2.8943793204959574e-05
2017,July,Solano (SF),MH,Dsl,RUNEX,DSL,PM,0.0004195743215454198
2017,July,Solano (SF),MH,Dsl,RUNEX,DSL,TOG,0.00043176500797682604
2017,July,Solano (SF),MH,Dsl,RUNEX,DSL,PM10,0.0004170568756161472
2017,July,Solano (SF),MH,Dsl,RUNEX,DSL,PM2_5,0.0003990151797896943
2017,July,Solano (SF),MH,Dsl,PMTW,DSL,PM,4.601309445039863e-05
2017,July,Solano (SF),MH,Dsl,PMTW,DSL,PM10,4.601309445039863e-05
2017,July,Solano (SF),MH,Dsl,PMTW,DSL,PM2_5,1.1503273612599657e-05
2017,July,Solano (SF),MH,Dsl,PMBW,DSL,PM,0.0003824838476189381
2017,July,Solano (SF),MH,Dsl,PMBW,DSL,PM10,0.0003748341706665594
2017,July,Solano (SF),MH,Dsl,PMBW,DSL,PM2_5,0.00016064321599995414
2017,July,Solano (SF),UBUS,Gas,RUNEX,CAT,CO,0.0005948364050033735
2017,July,Solano (SF),UBUS,Gas,RUNEX,CAT,NOx,0.00041430401525060373
2017,July,Solano (SF),UBUS,Gas,RUNEX,CAT,SOx,3.596391535640251e-05
2017,July,Solano (SF),UBUS,Gas,RUNEX,CAT,PM,1.292132579410313e-06
2017,July,Solano (SF),UBUS,Gas,RUNEX,CAT,TOG,5.4235201164198605e-05
2017,July,Solano (SF),UBUS,Gas,RUNEX,CAT,PM10,1.1551665259928198e-06
2017,July,Solano (SF),UBUS,Gas,RUNEX,CAT,PM2_5,1.0621329802752766e-06
2017,July,Solano (SF),UBUS,Gas,STREX,CAT,CO,0.0005432269768638879
2017,July,Solano (SF),UBUS,Gas,STREX,CAT,NOx,7.300602780217689e-05
2017,July,Solano (SF),UBUS,Gas,STREX,CAT,SOx,7.26194117611423e-08
2017,July,Solano (SF),UBUS,Gas,STREX,CAT,PM,1.5641757790676885e-08
2017,July,Solano (SF),UBUS,Gas,STREX,CAT,TOG,3.935072375953932e-05
2017,July,Solano (SF),UBUS,Gas,STREX,CAT,PM10,1.3983731464865145e-08
2017,July,Solano (SF),UBUS,Gas,STREX,CAT,PM2_5,1.2857524903936408e-08
2017,July,Solano (SF),UBUS,Gas,HOTSOAK,CAT,TOG,4.166270551021968e-06
2017,July,Solano (SF),UBUS,Gas,RUNLOSS,CAT,TOG,1.8922157803418542e-05
2017,July,Solano (SF),UBUS,Gas,RESTLOSS,CAT,TOG,2.563419164313741e-07
2017,July,Solano (SF),UBUS,Gas,DIURN,CAT,TOG,5.841074203182367e-07
2017,July,Solano (SF),UBUS,Gas,PMTW,CAT,PM,2.0175217222787334e-05
2017,July,Solano (SF),UBUS,Gas,PMTW,CAT,PM10,2.0175217222787334e-05
2017,July,Solano (SF),UBUS,Gas,PMTW,CAT,PM2_5,5.043804305696833e-06
2017,July,Solano (SF),UBUS,Gas,PMBW,CAT,PM,0.00022573596947740574
2017,July,Solano (SF),UBUS,Gas,PMBW,CAT,PM10,0.0002212212500878576
2017,July,Solano (SF),UBUS,Gas,PMBW,CAT,PM2_5,9.480910718051043e-05
2017,July,Solano (SF),UBUS,Dsl,RUNEX,DSL,CO,0.008206602526458481
2017,July,Solano (SF),UBUS,Dsl,RUNEX,DSL,NOx,0.07203599410031933
2017,July,Solano (SF),UBUS,Dsl,RUNEX,DSL,SOx,0.00018739821721564076
2017,July,Solano (SF),UBUS,Dsl,RUNEX,DSL,PM,0.00011205105652307837
2017,July,Solano (SF),UBUS,Dsl,RUNEX,DSL,TOG,0.0011856976994841272
2017,July,Solano (SF),UBUS,Dsl,RUNEX,DSL,PM10,0.00011137875018393982
2017,July,Solano (SF),UBUS,Dsl,RUNEX,DSL,PM2_5,0.0001065605547534475
2017,July,Solano (SF),UBUS,Dsl,PMTW,DSL,PM,0.00037754771299927247
2017,July,Solano (SF),UBUS,Dsl,PMTW,DSL,PM10,0.00037754771299927247
2017,July,Solano (SF),UBUS,Dsl,PMTW,DSL,PM2_5,9.438692824981812e-05
2017,July,Solano (SF),UBUS,Dsl,PMBW,DSL,PM,0.0008819524929635962
2017,July,Solano (SF),UBUS,Dsl,PMBW,DSL,PM10,0.0008643134431043241
2017,July,Solano (SF),UBUS,Dsl,PMBW,DSL,PM2_5,0.00037042004704471057
2017,July,Solano (SF),UBUS,NG,RUNEX,DSL,CO,0.00900674851090036
2017,July,Solano (SF),UBUS,NG,RUNEX,DSL,NOx,0.00010922358916300013
2017,July,Solano (SF),UBUS,NG,RUNEX,DSL,PM,1.2617905491999958e-06
2017,July,Solano (SF),UBUS,NG,RUNEX,DSL,TOG,0.0012328696396703667
2017,July,Solano (SF),UBUS,NG,RUNEX,DSL,PM10,1.2542198059047965e-06
2017,July,Solano (SF),UBUS,NG,RUNEX,DSL,PM2_5,1.1999628122891963e-06
2017,July,Solano (SF),UBUS,NG,PMTW,DSL,PM,6.344265550558558e-06
2017,July,Solano (SF),UBUS,NG,PMTW,DSL,PM10,6.344265550558558e-06
2017,July,Solano (SF),UBUS,NG,PMTW,DSL,PM2_5,1.5860663876396396e-06
2017,July,Solano (SF),UBUS,NG,PMBW,DSL,PM,3.0489489568245985e-05
2017,July,Solano (SF),UBUS,NG,PMBW,DSL,PM10,2.9879699776881057e-05
2017,July,Solano (SF),UBUS,NG,PMBW,DSL,PM2_5,1.28055856186633e-05
2017,July,Solano (SF),SBUS,Dsl,RUNEX,DSL,CO,0.0018825716327872852
2017,July,Solano (SF),SBUS,Dsl,RUNEX,DSL,NOx,0.05179729020998861
2017,July,Solano (SF),SBUS,Dsl,RUNEX,DSL,PM,0.0003365122935880204
2017,July,Solano (SF),SBUS,Dsl,RUNEX,DSL,PM10,0.0003344932198264923
2017,July,Solano (SF),SBUS,Dsl,RUNEX,DSL,PM2_5,0.00032002319120220723
2017,July,Solano (SF),SBUS,Dsl,IDLEX,DSL,CO,0.0008545262286167255
2017,July,Solano (SF),SBUS,Dsl,IDLEX,DSL,NOx,0.011134464204179717
2017,July,Solano (SF),SBUS,Dsl,IDLEX,DSL,PM,1.2344002268312778e-05
2017,July,Solano (SF),SBUS,Dsl,IDLEX,DSL,PM10,1.2269938254702907e-05
2017,July,Solano (SF),SBUS,Dsl,IDLEX,DSL,PM2_5,1.1739146157165454e-05
2017,July,Solano (SF),SBUS,Dsl,STREX,DSL,NOx,0.0012104600032263606
2017,July,Solano (SF),SBUS,Dsl,PMTW,DSL,PM,7.926687104527078e-05
2017,July,Solano (SF),SBUS,Dsl,PMTW,DSL,PM10,7.926687104527078e-05
2017,July,Solano (SF),SBUS,Dsl,PMTW,DSL,PM2_5,1.9816717761317695e-05
2017,July,Solano (SF),SBUS,Dsl,PMBW,DSL,PM,0.005020235166200487
2017,July,Solano (SF),SBUS,Dsl,PMBW,DSL,PM10,0.00491983046287648
2017,July,Solano (SF),SBUS,Dsl,PMBW,DSL,PM2_5,0.002108498769804204
2017,July,Solano (SF),SBUS,Dsl,RUNEX,DSL,SOx,7.318527727028823e-05
2017,July,Solano (SF),SBUS,Dsl,IDLEX,DSL,SOx,7.727493331576796e-06
2017,July,Solano (SF),SBUS,Dsl,RUNEX,DSL,TOG,0.000815864714691189
2017,July,Solano (SF),SBUS,Dsl,IDLEX,DSL,TOG,6.477925871377688e-05
2017,     ,Solano (SF),LDA,Dsl,RUNEX,DSL,NH3,0.000113934
2017,     ,Solano (SF),LDA,Gas,RUNEX,CAT,NH3,0.146449548
2017,     ,Solano (SF),LDT1,Dsl,RUNEX,DSL,NH3,1.34091e-05
2017,     ,Solano (SF),LDT1,Gas,RUNEX,CAT,NH3,0.015877904
2017,     ,Solano (SF),LDT2,Dsl,RUNEX,DSL,NH3,1.4232e-05
2017,     ,Solano (SF),LDT2,Gas,RUNEX,CAT,NH3,0.043597304
2017,     ,Solano (SF),LHD1,Dsl,RUNEX,DSL,NH3,0.010412128
2017,     ,Solano (SF),LHD1,Gas,RUNEX,CAT,NH3,0.005824746
2017,     ,Solano (SF),LHD2,Dsl,RUNEX,DSL,NH3,0.00505954
2017,     ,Solano (SF),LHD2,Gas,RUNEX,CAT,NH3,0.00083051
2017,     ,Solano (SF),MCY,Gas,RUNEX,CAT,NH3,0.000877572
2017,     ,Solano (SF),MDV,Dsl,RUNEX,DSL,NH3,5.18606e-05
2017,     ,Solano (SF),MDV,Gas,RUNEX,CAT,NH3,0.035892592
2017,     ,Solano (SF),MH,Dsl,RUNEX,DSL,NH3,7.76837e-05
2017,     ,Solano (SF),MH,Gas,RUNEX,CAT,NH3,0.000401974
2017,     ,Solano (SF),OBUS,Gas,RUNEX,CAT,NH3,0.000328706
2017,     ,Solano (SF),SBUS,Gas,RUNEX,CAT,NH3,2.38207e-05
2017,     ,Solano (SF),T6TS,Gas,RUNEX,CAT,NH3,0.000634008
2017,     ,Solano (SF),T7IS,Gas,RUNEX,CAT,NH3,1.19485e-05
2017,     ,Solano (SF),UBUS,Dsl,RUNEX,DSL,NH3,0.001127793
2017,     ,Solano (SF),UBUS,Gas,RUNEX,CAT,NH3,8.05416e-05
2017,     ,Solano (SF),UBUS,NG,RUNEX,DSL,NH3,8.22074e-06
