calendar_year,season_month,sub_area,vehicle_class,fuel,process,cat_ncat,pollutant,emission
2017,July,Solano (SV),LDA,Gas,RUNEX,CAT,CO,5.486372119333173
2017,July,Solano (SV),LDA,Gas,RUNEX,CAT,NOx,0.3822399265134479
2017,July,Solano (SV),LDA,Gas,RUNEX,CAT,SOx,0.01593723498407275
2017,July,Solano (SV),LDA,Gas,RUNEX,CAT,PM,0.00780824775547267
2017,July,Solano (SV),LDA,Gas,RUNEX,CAT,TOG,0.16278538250227487
2017,July,Solano (SV),LDA,Gas,RUNEX,CAT,PM10,0.0069812125462920815
2017,July,Solano (SV),LDA,Gas,RUNEX,CAT,PM2_5,0.006419285774781426
2017,July,Solano (SV),LDA,Gas,RUNEX,NCAT,CO,0.13329708795319414
2017,July,Solano (SV),LDA,Gas,RUNEX,NCAT,NOx,0.009861379464690444
2017,July,Solano (SV),LDA,Gas,RUNEX,NCAT,SOx,1.0706782553178247e-05
2017,July,Solano (SV),LDA,Gas,RUNEX,NCAT,PM,0.00010140968366102856
2017,July,Solano (SV),LDA,Gas,RUNEX,NCAT,TOG,0.01049697537821333
2017,July,Solano (SV),LDA,Gas,RUNEX,NCAT,PM10,9.681565309873864e-05
2017,July,Solano (SV),LDA,Gas,RUNEX,NCAT,PM2_5,9.208656013427624e-05
2017,July,Solano (SV),LDA,Gas,STREX,CAT,CO,1.308065817228162
2017,July,Solano (SV),LDA,Gas,STREX,CAT,NOx,0.15111066335425274
2017,July,Solano (SV),LDA,Gas,STREX,CAT,SOx,0.00036062763183631355
2017,July,Solano (SV),LDA,Gas,STREX,CAT,PM,0.0013538326142301896
2017,July,Solano (SV),LDA,Gas,STREX,CAT,TOG,0.22488124830644662
2017,July,Solano (SV),LDA,Gas,STREX,CAT,PM10,0.0012106293797747864
2017,July,Solano (SV),LDA,Gas,STREX,CAT,PM2_5,0.0011132800678828087
2017,July,Solano (SV),LDA,Gas,STREX,NCAT,CO,0.021135950957494553
2017,July,Solano (SV),LDA,Gas,STREX,NCAT,NOx,0.0011793350112738953
2017,July,Solano (SV),LDA,Gas,STREX,NCAT,SOx,1.8567988327942109e-06
2017,July,Solano (SV),LDA,Gas,STREX,NCAT,PM,4.9409573822576695e-05
2017,July,Solano (SV),LDA,Gas,STREX,NCAT,TOG,0.003346871491212904
2017,July,Solano (SV),LDA,Gas,STREX,NCAT,PM10,4.717957779049915e-05
2017,July,Solano (SV),LDA,Gas,STREX,NCAT,PM2_5,4.4878920209709985e-05
2017,July,Solano (SV),LDA,Gas,HOTSOAK,CAT,TOG,0.09930665241347775
2017,July,Solano (SV),LDA,Gas,HOTSOAK,NCAT,TOG,0.003260339215644843
2017,July,Solano (SV),LDA,Gas,RUNLOSS,CAT,TOG,0.16027409497573109
2017,July,Solano (SV),LDA,Gas,RUNLOSS,NCAT,TOG,0.011743112134857512
2017,July,Solano (SV),LDA,Gas,RESTLOSS,CAT,TOG,0.0582808041811697
2017,July,Solano (SV),LDA,Gas,RESTLOSS,NCAT,TOG,0.0024384985818321713
2017,July,Solano (SV),LDA,Gas,DIURN,CAT,TOG,0.09562110105463245
2017,July,Solano (SV),LDA,Gas,DIURN,NCAT,TOG,0.004183744191313677
2017,July,Solano (SV),LDA,Gas,PMTW,CAT,PM,0.04019142528319445
2017,July,Solano (SV),LDA,Gas,PMTW,CAT,PM10,0.04019142528319445
2017,July,Solano (SV),LDA,Gas,PMTW,CAT,PM2_5,0.010047856320798612
2017,July,Solano (SV),LDA,Gas,PMTW,NCAT,PM,1.334655419794134e-05
2017,July,Solano (SV),LDA,Gas,PMTW,NCAT,PM10,1.334655419794134e-05
2017,July,Solano (SV),LDA,Gas,PMTW,NCAT,PM2_5,3.336638549485335e-06
2017,July,Solano (SV),LDA,Gas,PMBW,CAT,PM,0.18839730601497395
2017,July,Solano (SV),LDA,Gas,PMBW,CAT,PM10,0.18462935989467466
2017,July,Solano (SV),LDA,Gas,PMBW,CAT,PM2_5,0.07912686852628907
2017,July,Solano (SV),LDA,Gas,PMBW,NCAT,PM,6.256197280285002e-05
2017,July,Solano (SV),LDA,Gas,PMBW,NCAT,PM10,6.131073334679302e-05
2017,July,Solano (SV),LDA,Gas,PMBW,NCAT,PM2_5,2.6276028577197002e-05
2017,July,Solano (SV),LDA,Dsl,RUNEX,DSL,CO,0.013295535845290266
2017,July,Solano (SV),LDA,Dsl,RUNEX,DSL,NOx,0.010417123770578985
2017,July,Solano (SV),LDA,Dsl,RUNEX,DSL,SOx,0.00011226745126115407
2017,July,Solano (SV),LDA,Dsl,RUNEX,DSL,PM,0.00069369467817846
2017,July,Solano (SV),LDA,Dsl,RUNEX,DSL,TOG,0.0012463887504551043
2017,July,Solano (SV),LDA,Dsl,RUNEX,DSL,PM10,0.0006895325101093894
2017,July,Solano (SV),LDA,Dsl,RUNEX,DSL,PM2_5,0.0006597036389477171
2017,July,Solano (SV),LDA,Dsl,PMTW,DSL,PM,0.0004036209420476309
2017,July,Solano (SV),LDA,Dsl,PMTW,DSL,PM10,0.0004036209420476309
2017,July,Solano (SV),LDA,Dsl,PMTW,DSL,PM2_5,0.00010090523551190773
2017,July,Solano (SV),LDA,Dsl,PMBW,DSL,PM,0.0018919731658482714
2017,July,Solano (SV),LDA,Dsl,PMBW,DSL,PM10,0.0018541337025313046
2017,July,Solano (SV),LDA,Dsl,PMBW,DSL,PM2_5,0.0007946287296562735
2017,July,Solano (SV),LDA,Elec,HOTSOAK,CAT,TOG,2.119255208964504e-05
2017,July,Solano (SV),LDA,Elec,RESTLOSS,CAT,TOG,1.4222104122265767e-05
2017,July,Solano (SV),LDA,Elec,DIURN,CAT,TOG,4.2584581431713876e-05
2017,July,Solano (SV),LDA,Elec,PMTW,CAT,PM,0.00025297516747359365
2017,July,Solano (SV),LDA,Elec,PMTW,CAT,PM10,0.00025297516747359365
2017,July,Solano (SV),LDA,Elec,PMTW,CAT,PM2_5,6.324379186839841e-05
2017,July,Solano (SV),LDA,Elec,PMBW,CAT,PM,0.00118582109753247
2017,July,Solano (SV),LDA,Elec,PMBW,CAT,PM10,0.001162104675581821
2017,July,Solano (SV),LDA,Elec,PMBW,CAT,PM2_5,0.0004980448609636375
2017,July,Solano (SV),LDT1,Gas,RUNEX,CAT,CO,1.057533609259332
2017,July,Solano (SV),LDT1,Gas,RUNEX,CAT,NOx,0.09407155171597974
2017,July,Solano (SV),LDT1,Gas,RUNEX,CAT,SOx,0.001796366504631296
2017,July,Solano (SV),LDT1,Gas,RUNEX,CAT,PM,0.0013522439508600627
2017,July,Solano (SV),LDT1,Gas,RUNEX,CAT,TOG,0.036641659545280085
2017,July,Solano (SV),LDT1,Gas,RUNEX,CAT,PM10,0.0012093016566293927
2017,July,Solano (SV),LDT1,Gas,RUNEX,CAT,PM2_5,0.001112105402730061
2017,July,Solano (SV),LDT1,Gas,RUNEX,NCAT,CO,0.058696186085031625
2017,July,Solano (SV),LDT1,Gas,RUNEX,NCAT,NOx,0.0043726038168772135
2017,July,Solano (SV),LDT1,Gas,RUNEX,NCAT,SOx,4.752527738285386e-06
2017,July,Solano (SV),LDT1,Gas,RUNEX,NCAT,PM,4.613399549747236e-05
2017,July,Solano (SV),LDT1,Gas,RUNEX,NCAT,TOG,0.004708185676179739
2017,July,Solano (SV),LDT1,Gas,RUNEX,NCAT,PM10,4.3939205112575864e-05
2017,July,Solano (SV),LDT1,Gas,RUNEX,NCAT,PM2_5,4.174399874809214e-05
2017,July,Solano (SV),LDT1,Gas,STREX,CAT,CO,0.1622128877613217
2017,July,Solano (SV),LDT1,Gas,STREX,CAT,NOx,0.0252565261995907
2017,July,Solano (SV),LDT1,Gas,STREX,CAT,SOx,4.692590994735878e-05
2017,July,Solano (SV),LDT1,Gas,STREX,CAT,PM,0.00026050250214933375
2017,July,Solano (SV),LDT1,Gas,STREX,CAT,TOG,0.04201032603136794
2017,July,Solano (SV),LDT1,Gas,STREX,CAT,PM10,0.00023302181342659881
2017,July,Solano (SV),LDT1,Gas,STREX,CAT,PM2_5,0.00021432103837845353
2017,July,Solano (SV),LDT1,Gas,STREX,NCAT,CO,0.007110770764447954
2017,July,Solano (SV),LDT1,Gas,STREX,NCAT,NOx,0.0003594031375106766
2017,July,Solano (SV),LDT1,Gas,STREX,NCAT,SOx,5.790404204385016e-07
2017,July,Solano (SV),LDT1,Gas,STREX,NCAT,PM,1.5456297893584765e-05
2017,July,Solano (SV),LDT1,Gas,STREX,NCAT,TOG,0.0010662324465851583
2017,July,Solano (SV),LDT1,Gas,STREX,NCAT,PM10,1.4720925770640367e-05
2017,July,Solano (SV),LDT1,Gas,STREX,NCAT,PM2_5,1.3985443556715938e-05
2017,July,Solano (SV),LDT1,Gas,HOTSOAK,CAT,TOG,0.024524722039793376
2017,July,Solano (SV),LDT1,Gas,HOTSOAK,NCAT,TOG,0.0009690897376917876
2017,July,Solano (SV),LDT1,Gas,RUNLOSS,CAT,TOG,0.07246630981812391
2017,July,Solano (SV),LDT1,Gas,RUNLOSS,NCAT,TOG,0.00149244073276093
2017,July,Solano (SV),LDT1,Gas,RESTLOSS,CAT,TOG,0.014970195396417387
2017,July,Solano (SV),LDT1,Gas,RESTLOSS,NCAT,TOG,0.0007545280618996939
2017,July,Solano (SV),LDT1,Gas,DIURN,CAT,TOG,0.02751635835810266
2017,July,Solano (SV),LDT1,Gas,DIURN,NCAT,TOG,0.0012753064749863742
2017,July,Solano (SV),LDT1,Gas,PMTW,CAT,PM,0.003950527232337116
2017,July,Solano (SV),LDT1,Gas,PMTW,CAT,PM10,0.003950527232337116
2017,July,Solano (SV),LDT1,Gas,PMTW,CAT,PM2_5,0.000987631808084279
2017,July,Solano (SV),LDT1,Gas,PMTW,NCAT,PM,6.069986532035509e-06
2017,July,Solano (SV),LDT1,Gas,PMTW,NCAT,PM10,6.069986532035509e-06
2017,July,Solano (SV),LDT1,Gas,PMTW,NCAT,PM2_5,1.5174966330088772e-06
2017,July,Solano (SV),LDT1,Gas,PMBW,CAT,PM,0.018518096401580225
2017,July,Solano (SV),LDT1,Gas,PMBW,CAT,PM10,0.01814773447354864
2017,July,Solano (SV),LDT1,Gas,PMBW,CAT,PM2_5,0.0077776004886637
2017,July,Solano (SV),LDT1,Gas,PMBW,NCAT,PM,2.8453061868916423e-05
2017,July,Solano (SV),LDT1,Gas,PMBW,NCAT,PM10,2.7884000631538085e-05
2017,July,Solano (SV),LDT1,Gas,PMBW,NCAT,PM2_5,1.1950285984944906e-05
2017,July,Solano (SV),LDT2,Gas,RUNEX,CAT,CO,2.2608626998876846
2017,July,Solano (SV),LDT2,Gas,RUNEX,CAT,NOx,0.22629016078425046
2017,July,Solano (SV),LDT2,Gas,RUNEX,CAT,SOx,0.006716860802383542
2017,July,Solano (SV),LDT2,Gas,RUNEX,CAT,PM,0.0026095441086463984
2017,July,Solano (SV),LDT2,Gas,RUNEX,CAT,TOG,0.06674221774835117
2017,July,Solano (SV),LDT2,Gas,RUNEX,CAT,PM10,0.0023335063754619206
2017,July,Solano (SV),LDT2,Gas,RUNEX,CAT,PM2_5,0.002145859056136353
2017,July,Solano (SV),LDT2,Gas,RUNEX,NCAT,CO,0.09267376040876997
2017,July,Solano (SV),LDT2,Gas,RUNEX,NCAT,NOx,0.006949429602314934
2017,July,Solano (SV),LDT2,Gas,RUNEX,NCAT,SOx,7.4677117192849134e-06
2017,July,Solano (SV),LDT2,Gas,RUNEX,NCAT,PM,7.23210829977498e-05
2017,July,Solano (SV),LDT2,Gas,RUNEX,NCAT,TOG,0.007480257838535825
2017,July,Solano (SV),LDT2,Gas,RUNEX,NCAT,PM10,6.892661842879881e-05
2017,July,Solano (SV),LDT2,Gas,RUNEX,NCAT,PM2_5,6.550463427992645e-05
2017,July,Solano (SV),LDT2,Gas,STREX,CAT,CO,0.6001176852064015
2017,July,Solano (SV),LDT2,Gas,STREX,CAT,NOx,0.08938266601160622
2017,July,Solano (SV),LDT2,Gas,STREX,CAT,SOx,0.00016811434313386022
2017,July,Solano (SV),LDT2,Gas,STREX,CAT,PM,0.0004700990738427082
2017,July,Solano (SV),LDT2,Gas,STREX,CAT,TOG,0.10065253771784241
2017,July,Solano (SV),LDT2,Gas,STREX,CAT,PM10,0.0004204614049464668
2017,July,Solano (SV),LDT2,Gas,STREX,CAT,PM2_5,0.00038669485852636435
2017,July,Solano (SV),LDT2,Gas,STREX,NCAT,CO,0.011447047105748584
2017,July,Solano (SV),LDT2,Gas,STREX,NCAT,NOx,0.0005869099944648164
2017,July,Solano (SV),LDT2,Gas,STREX,NCAT,SOx,9.377786239357803e-07
2017,July,Solano (SV),LDT2,Gas,STREX,NCAT,PM,2.4879703059242748e-05
2017,July,Solano (SV),LDT2,Gas,STREX,NCAT,TOG,0.001737308915894957
2017,July,Solano (SV),LDT2,Gas,STREX,NCAT,PM10,2.3716561708846995e-05
2017,July,Solano (SV),LDT2,Gas,STREX,NCAT,PM2_5,2.254126787766734e-05
2017,July,Solano (SV),LDT2,Gas,HOTSOAK,CAT,TOG,0.03879220368703008
2017,July,Solano (SV),LDT2,Gas,HOTSOAK,NCAT,TOG,0.0015781711969301022
2017,July,Solano (SV),LDT2,Gas,RUNLOSS,CAT,TOG,0.10648988123687558
2017,July,Solano (SV),LDT2,Gas,RUNLOSS,NCAT,TOG,0.002588240030127792
2017,July,Solano (SV),LDT2,Gas,RESTLOSS,CAT,TOG,0.02533511948516369
2017,July,Solano (SV),LDT2,Gas,RESTLOSS,NCAT,TOG,0.001193228006721472
2017,July,Solano (SV),LDT2,Gas,DIURN,CAT,TOG,0.03891402247920294
2017,July,Solano (SV),LDT2,Gas,DIURN,NCAT,TOG,0.0020400928910036162
2017,July,Solano (SV),LDT2,Gas,PMTW,CAT,PM,0.013250412880025144
2017,July,Solano (SV),LDT2,Gas,PMTW,CAT,PM10,0.013250412880025144
2017,July,Solano (SV),LDT2,Gas,PMTW,CAT,PM2_5,0.003312603220006286
2017,July,Solano (SV),LDT2,Gas,PMTW,NCAT,PM,9.513239459766295e-06
2017,July,Solano (SV),LDT2,Gas,PMTW,NCAT,PM10,9.513239459766295e-06
2017,July,Solano (SV),LDT2,Gas,PMTW,NCAT,PM2_5,2.3783098649415736e-06
2017,July,Solano (SV),LDT2,Gas,PMBW,CAT,PM,0.06211131037511785
2017,July,Solano (SV),LDT2,Gas,PMBW,CAT,PM10,0.060869084167615425
2017,July,Solano (SV),LDT2,Gas,PMBW,CAT,PM2_5,0.02608675035754949
2017,July,Solano (SV),LDT2,Gas,PMBW,NCAT,PM,4.459330996765456e-05
2017,July,Solano (SV),LDT2,Gas,PMBW,NCAT,PM10,4.370144376830145e-05
2017,July,Solano (SV),LDT2,Gas,PMBW,NCAT,PM2_5,1.87291901864149e-05
2017,July,Solano (SV),MDV,Gas,RUNEX,CAT,CO,2.0796662068561083
2017,July,Solano (SV),MDV,Gas,RUNEX,CAT,NOx,0.2304008819503084
2017,July,Solano (SV),MDV,Gas,RUNEX,CAT,SOx,0.006899794583470771
2017,July,Solano (SV),MDV,Gas,RUNEX,CAT,PM,0.0022839942000759295
2017,July,Solano (SV),MDV,Gas,RUNEX,CAT,TOG,0.06971750920258865
2017,July,Solano (SV),MDV,Gas,RUNEX,CAT,PM10,0.00204227026946149
2017,July,Solano (SV),MDV,Gas,RUNEX,CAT,PM2_5,0.0018779812650951458
2017,July,Solano (SV),MDV,Gas,RUNEX,NCAT,CO,0.2067212508465489
2017,July,Solano (SV),MDV,Gas,RUNEX,NCAT,NOx,0.011891921830935724
2017,July,Solano (SV),MDV,Gas,RUNEX,NCAT,SOx,1.1621473484705627e-05
2017,July,Solano (SV),MDV,Gas,RUNEX,NCAT,PM,8.749585504612505e-05
2017,July,Solano (SV),MDV,Gas,RUNEX,NCAT,TOG,0.01025933916765004
2017,July,Solano (SV),MDV,Gas,RUNEX,NCAT,PM10,8.370406210571525e-05
2017,July,Solano (SV),MDV,Gas,RUNEX,NCAT,PM2_5,7.969566644456466e-05
2017,July,Solano (SV),MDV,Gas,STREX,CAT,CO,0.6637463670051696
2017,July,Solano (SV),MDV,Gas,STREX,CAT,NOx,0.10045742819516415
2017,July,Solano (SV),MDV,Gas,STREX,CAT,SOx,0.00018518549792827824
2017,July,Solano (SV),MDV,Gas,STREX,CAT,PM,0.00048488579505909143
2017,July,Solano (SV),MDV,Gas,STREX,CAT,TOG,0.12256565908694325
2017,July,Solano (SV),MDV,Gas,STREX,CAT,PM10,0.0004336388556086348
2017,July,Solano (SV),MDV,Gas,STREX,CAT,PM2_5,0.0003987901639632253
2017,July,Solano (SV),MDV,Gas,STREX,NCAT,CO,0.02813785566285798
2017,July,Solano (SV),MDV,Gas,STREX,NCAT,NOx,0.0012156171036113753
2017,July,Solano (SV),MDV,Gas,STREX,NCAT,SOx,1.7642261180110742e-06
2017,July,Solano (SV),MDV,Gas,STREX,NCAT,PM,3.724108646765928e-05
2017,July,Solano (SV),MDV,Gas,STREX,NCAT,TOG,0.0031895404101683843
2017,July,Solano (SV),MDV,Gas,STREX,NCAT,PM10,3.563772926961313e-05
2017,July,Solano (SV),MDV,Gas,STREX,NCAT,PM2_5,3.393603586619129e-05
2017,July,Solano (SV),MDV,Gas,HOTSOAK,CAT,TOG,0.03890417427592125
2017,July,Solano (SV),MDV,Gas,HOTSOAK,NCAT,TOG,0.001684245051278018
2017,July,Solano (SV),MDV,Gas,RUNLOSS,CAT,TOG,0.104486032125929
2017,July,Solano (SV),MDV,Gas,RUNLOSS,NCAT,TOG,0.0029664486799293394
2017,July,Solano (SV),MDV,Gas,RESTLOSS,CAT,TOG,0.02610016072321834
2017,July,Solano (SV),MDV,Gas,RESTLOSS,NCAT,TOG,0.0018917745880358652
2017,July,Solano (SV),MDV,Gas,DIURN,CAT,TOG,0.03883360658078347
2017,July,Solano (SV),MDV,Gas,DIURN,NCAT,TOG,0.0031250588188121834
2017,July,Solano (SV),MDV,Gas,PMTW,CAT,PM,0.011395795520414873
2017,July,Solano (SV),MDV,Gas,PMTW,CAT,PM10,0.011395795520414873
2017,July,Solano (SV),MDV,Gas,PMTW,CAT,PM2_5,0.0028489488801037182
2017,July,Solano (SV),MDV,Gas,PMTW,NCAT,PM,1.1583833229895744e-05
2017,July,Solano (SV),MDV,Gas,PMTW,NCAT,PM10,1.1583833229895744e-05
2017,July,Solano (SV),MDV,Gas,PMTW,NCAT,PM2_5,2.895958307473936e-06
2017,July,Solano (SV),MDV,Gas,PMBW,CAT,PM,0.05341779150194483
2017,July,Solano (SV),MDV,Gas,PMBW,CAT,PM10,0.05234943567190585
2017,July,Solano (SV),MDV,Gas,PMBW,CAT,PM2_5,0.022435472430816804
2017,July,Solano (SV),MDV,Gas,PMBW,NCAT,PM,5.4299218265136165e-05
2017,July,Solano (SV),MDV,Gas,PMBW,NCAT,PM10,5.3213233899833455e-05
2017,July,Solano (SV),MDV,Gas,PMBW,NCAT,PM2_5,2.2805671671357204e-05
2017,July,Solano (SV),LHD1,Gas,RUNEX,CAT,CO,0.3344039987128769
2017,July,Solano (SV),LHD1,Gas,RUNEX,CAT,NOx,0.07109255471574151
2017,July,Solano (SV),LHD1,Gas,RUNEX,CAT,SOx,0.0017627619122390522
2017,July,Solano (SV),LHD1,Gas,RUNEX,CAT,PM,0.000553598259324776
2017,July,Solano (SV),LHD1,Gas,RUNEX,CAT,TOG,0.02599463235864077
2017,July,Solano (SV),LHD1,Gas,RUNEX,CAT,PM10,0.0004949168438363505
2017,July,Solano (SV),LHD1,Gas,RUNEX,CAT,PM2_5,0.0004550577691649661
2017,July,Solano (SV),LHD1,Gas,RUNEX,NCAT,CO,0.06210372048469909
2017,July,Solano (SV),LHD1,Gas,RUNEX,NCAT,NOx,0.0014653821431588876
2017,July,Solano (SV),LHD1,Gas,RUNEX,NCAT,SOx,6.8433828575140875e-06
2017,July,Solano (SV),LHD1,Gas,RUNEX,NCAT,PM,3.107587055104095e-05
2017,July,Solano (SV),LHD1,Gas,RUNEX,NCAT,TOG,0.0034184486798541263
2017,July,Solano (SV),LHD1,Gas,RUNEX,NCAT,PM10,2.986391159955036e-05
2017,July,Solano (SV),LHD1,Gas,RUNEX,NCAT,PM2_5,2.8496573295304563e-05
2017,July,Solano (SV),LHD1,Gas,IDLEX,CAT,CO,0.01813238478445607
2017,July,Solano (SV),LHD1,Gas,IDLEX,CAT,NOx,0.00020320279610945859
2017,July,Solano (SV),LHD1,Gas,IDLEX,CAT,SOx,6.018255240087199e-06
2017,July,Solano (SV),LHD1,Gas,IDLEX,CAT,TOG,0.0033888904125502473
2017,July,Solano (SV),LHD1,Gas,IDLEX,NCAT,CO,0.00012343016743904026
2017,July,Solano (SV),LHD1,Gas,IDLEX,NCAT,NOx,1.395775045769904e-06
2017,July,Solano (SV),LHD1,Gas,IDLEX,NCAT,SOx,4.548049619018833e-08
2017,July,Solano (SV),LHD1,Gas,IDLEX,NCAT,TOG,2.218554680737791e-05
2017,July,Solano (SV),LHD1,Gas,STREX,CAT,CO,0.1503164032270104
2017,July,Solano (SV),LHD1,Gas,STREX,CAT,NOx,0.040701836571208745
2017,July,Solano (SV),LHD1,Gas,STREX,CAT,SOx,1.4086244501081967e-05
2017,July,Solano (SV),LHD1,Gas,STREX,CAT,PM,4.484162585206756e-05
2017,July,Solano (SV),LHD1,Gas,STREX,CAT,TOG,0.013820435252631866
2017,July,Solano (SV),LHD1,Gas,STREX,CAT,PM10,4.0088413511748375e-05
2017,July,Solano (SV),LHD1,Gas,STREX,CAT,PM2_5,3.685981645039959e-05
2017,July,Solano (SV),LHD1,Gas,STREX,NCAT,CO,5.1554451395875974e-05
2017,July,Solano (SV),LHD1,Gas,STREX,NCAT,NOx,0.00019962499840045587
2017,July,Solano (SV),LHD1,Gas,STREX,NCAT,SOx,3.65268605532694e-07
2017,July,Solano (SV),LHD1,Gas,STREX,NCAT,PM,8.419392478948637e-06
2017,July,Solano (SV),LHD1,Gas,STREX,NCAT,TOG,0.0011223497752291527
2017,July,Solano (SV),LHD1,Gas,STREX,NCAT,PM10,8.091036172269643e-06
2017,July,Solano (SV),LHD1,Gas,STREX,NCAT,PM2_5,7.720582903195903e-06
2017,July,Solano (SV),LHD1,Gas,HOTSOAK,CAT,TOG,0.013987141107987535
2017,July,Solano (SV),LHD1,Gas,HOTSOAK,NCAT,TOG,0.0008961290048578585
2017,July,Solano (SV),LHD1,Gas,RUNLOSS,CAT,TOG,0.09226539258398175
2017,July,Solano (SV),LHD1,Gas,RUNLOSS,NCAT,TOG,0.001562701902345055
2017,July,Solano (SV),LHD1,Gas,RESTLOSS,CAT,TOG,0.0002686081007097524
2017,July,Solano (SV),LHD1,Gas,RESTLOSS,NCAT,TOG,1.3729814698277855e-05
2017,July,Solano (SV),LHD1,Gas,DIURN,CAT,TOG,0.0007812365033129356
2017,July,Solano (SV),LHD1,Gas,DIURN,NCAT,TOG,3.737599309519962e-05
2017,July,Solano (SV),LHD1,Gas,PMTW,CAT,PM,0.001354427402005164
2017,July,Solano (SV),LHD1,Gas,PMTW,CAT,PM10,0.001354427402005164
2017,July,Solano (SV),LHD1,Gas,PMTW,CAT,PM2_5,0.000338606850501291
2017,July,Solano (SV),LHD1,Gas,PMTW,NCAT,PM,4.4092332562436495e-06
2017,July,Solano (SV),LHD1,Gas,PMTW,NCAT,PM10,4.4092332562436495e-06
2017,July,Solano (SV),LHD1,Gas,PMTW,NCAT,PM2_5,1.1023083140609124e-06
2017,July,Solano (SV),LHD1,Gas,PMBW,CAT,PM,0.013205667169550362
2017,July,Solano (SV),LHD1,Gas,PMBW,CAT,PM10,0.012941553826159339
2017,July,Solano (SV),LHD1,Gas,PMBW,CAT,PM2_5,0.005546380211211146
2017,July,Solano (SV),LHD1,Gas,PMBW,NCAT,PM,4.299002424837555e-05
2017,July,Solano (SV),LHD1,Gas,PMBW,NCAT,PM10,4.2130223763408056e-05
2017,July,Solano (SV),LHD1,Gas,PMBW,NCAT,PM2_5,1.805581018431774e-05
2017,July,Solano (SV),LHD2,Gas,RUNEX,CAT,CO,0.029931323345208347
2017,July,Solano (SV),LHD2,Gas,RUNEX,CAT,NOx,0.006010733173664605
2017,July,Solano (SV),LHD2,Gas,RUNEX,CAT,SOx,0.00019314229928229425
2017,July,Solano (SV),LHD2,Gas,RUNEX,CAT,PM,4.507054207973194e-05
2017,July,Solano (SV),LHD2,Gas,RUNEX,CAT,TOG,0.002222838218887594
2017,July,Solano (SV),LHD2,Gas,RUNEX,CAT,PM10,4.0293064619280374e-05
2017,July,Solano (SV),LHD2,Gas,RUNEX,CAT,PM2_5,3.704798558953966e-05
2017,July,Solano (SV),LHD2,Gas,RUNEX,NCAT,CO,0.003825263046391339
2017,July,Solano (SV),LHD2,Gas,RUNEX,NCAT,NOx,9.959830443996349e-05
2017,July,Solano (SV),LHD2,Gas,RUNEX,NCAT,SOx,4.7299642982041264e-07
2017,July,Solano (SV),LHD2,Gas,RUNEX,NCAT,PM,1.91151782644928e-06
2017,July,Solano (SV),LHD2,Gas,RUNEX,NCAT,TOG,0.00022222224866849305
2017,July,Solano (SV),LHD2,Gas,RUNEX,NCAT,PM10,1.8369686312177577e-06
2017,July,Solano (SV),LHD2,Gas,RUNEX,NCAT,PM2_5,1.7528618468539897e-06
2017,July,Solano (SV),LHD2,Gas,IDLEX,CAT,CO,0.0016940686308289906
2017,July,Solano (SV),LHD2,Gas,IDLEX,CAT,NOx,1.8984270127154236e-05
2017,July,Solano (SV),LHD2,Gas,IDLEX,CAT,SOx,6.461624550634455e-07
2017,July,Solano (SV),LHD2,Gas,IDLEX,CAT,TOG,0.00031690216952188653
2017,July,Solano (SV),LHD2,Gas,IDLEX,NCAT,CO,7.3726384373341925e-06
2017,July,Solano (SV),LHD2,Gas,IDLEX,NCAT,NOx,8.337139101263379e-08
2017,July,Solano (SV),LHD2,Gas,IDLEX,NCAT,SOx,3.1349692993068083e-09
2017,July,Solano (SV),LHD2,Gas,IDLEX,NCAT,TOG,1.3251704874023877e-06
2017,July,Solano (SV),LHD2,Gas,STREX,CAT,CO,0.013428304527816286
2017,July,Solano (SV),LHD2,Gas,STREX,CAT,NOx,0.003742968670451493
2017,July,Solano (SV),LHD2,Gas,STREX,CAT,SOx,1.4911734716594929e-06
2017,July,Solano (SV),LHD2,Gas,STREX,CAT,PM,3.606154292315914e-06
2017,July,Solano (SV),LHD2,Gas,STREX,CAT,TOG,0.0012028483457598611
2017,July,Solano (SV),LHD2,Gas,STREX,CAT,PM10,3.2239019373304334e-06
2017,July,Solano (SV),LHD2,Gas,STREX,CAT,PM2_5,2.9642588282836826e-06
2017,July,Solano (SV),LHD2,Gas,STREX,NCAT,CO,3.417266167417231e-06
2017,July,Solano (SV),LHD2,Gas,STREX,NCAT,NOx,1.1375248600855053e-05
2017,July,Solano (SV),LHD2,Gas,STREX,NCAT,SOx,2.5065141589454773e-08
2017,July,Solano (SV),LHD2,Gas,STREX,NCAT,PM,5.029008539582176e-07
2017,July,Solano (SV),LHD2,Gas,STREX,NCAT,TOG,6.758758938320868e-05
2017,July,Solano (SV),LHD2,Gas,STREX,NCAT,PM10,4.832877206538471e-07
2017,July,Solano (SV),LHD2,Gas,STREX,NCAT,PM2_5,4.6116008307968554e-07
2017,July,Solano (SV),LHD2,Gas,HOTSOAK,CAT,TOG,0.0011278745060038292
2017,July,Solano (SV),LHD2,Gas,HOTSOAK,NCAT,TOG,5.372733421324404e-05
2017,July,Solano (SV),LHD2,Gas,RUNLOSS,CAT,TOG,0.007824410213529415
2017,July,Solano (SV),LHD2,Gas,RUNLOSS,NCAT,TOG,0.00015583753707329513
2017,July,Solano (SV),LHD2,Gas,RESTLOSS,CAT,TOG,2.159327029385806e-05
2017,July,Solano (SV),LHD2,Gas,RESTLOSS,NCAT,TOG,7.020294785113231e-07
2017,July,Solano (SV),LHD2,Gas,DIURN,CAT,TOG,6.225401844124407e-05
2017,July,Solano (SV),LHD2,Gas,DIURN,NCAT,TOG,2.051649275195337e-06
2017,July,Solano (SV),LHD2,Gas,PMTW,CAT,PM,0.000129619064468972
2017,July,Solano (SV),LHD2,Gas,PMTW,CAT,PM10,0.000129619064468972
2017,July,Solano (SV),LHD2,Gas,PMTW,CAT,PM2_5,3.2404766117243e-05
2017,July,Solano (SV),LHD2,Gas,PMTW,NCAT,PM,2.712177590146518e-07
2017,July,Solano (SV),LHD2,Gas,PMTW,NCAT,PM10,2.712177590146518e-07
2017,July,Solano (SV),LHD2,Gas,PMTW,NCAT,PM2_5,6.780443975366295e-08
2017,July,Solano (SV),LHD2,Gas,PMBW,CAT,PM,0.0014744168583345598
2017,July,Solano (SV),LHD2,Gas,PMBW,CAT,PM10,0.001444928521167867
2017,July,Solano (SV),LHD2,Gas,PMBW,CAT,PM2_5,0.000619255080500514
2017,July,Solano (SV),LHD2,Gas,PMBW,NCAT,PM,3.0851020087916637e-06
2017,July,Solano (SV),LHD2,Gas,PMBW,NCAT,PM10,3.023399968615831e-06
2017,July,Solano (SV),LHD2,Gas,PMBW,NCAT,PM2_5,1.2957428436924988e-06
2017,July,Solano (SV),T6TS,Gas,RUNEX,CAT,CO,0.14775466913460608
2017,July,Solano (SV),T6TS,Gas,RUNEX,CAT,NOx,0.030014322571984733
2017,July,Solano (SV),T6TS,Gas,RUNEX,CAT,SOx,0.00042388506999163953
2017,July,Solano (SV),T6TS,Gas,RUNEX,CAT,PM,5.025375905641414e-05
2017,July,Solano (SV),T6TS,Gas,RUNEX,CAT,TOG,0.009020264638054712
2017,July,Solano (SV),T6TS,Gas,RUNEX,CAT,PM10,4.4926860596434254e-05
2017,July,Solano (SV),T6TS,Gas,RUNEX,CAT,PM2_5,4.130858994437251e-05
2017,July,Solano (SV),T6TS,Gas,RUNEX,NCAT,CO,0.016239900425708994
2017,July,Solano (SV),T6TS,Gas,RUNEX,NCAT,NOx,0.000497693561926726
2017,July,Solano (SV),T6TS,Gas,RUNEX,NCAT,SOx,2.4606350870297848e-06
2017,July,Solano (SV),T6TS,Gas,RUNEX,NCAT,PM,4.867636433389983e-06
2017,July,Solano (SV),T6TS,Gas,RUNEX,NCAT,TOG,0.0007741673810435073
2017,July,Solano (SV),T6TS,Gas,RUNEX,NCAT,PM10,4.677798612487772e-06
2017,July,Solano (SV),T6TS,Gas,RUNEX,NCAT,PM2_5,4.463622609418615e-06
2017,July,Solano (SV),T6TS,Gas,IDLEX,CAT,CO,0.0032722247106727878
2017,July,Solano (SV),T6TS,Gas,IDLEX,CAT,NOx,2.897516812087281e-05
2017,July,Solano (SV),T6TS,Gas,IDLEX,CAT,SOx,1.8522157566302099e-06
2017,July,Solano (SV),T6TS,Gas,IDLEX,CAT,TOG,0.0004287743355677641
2017,July,Solano (SV),T6TS,Gas,IDLEX,NCAT,CO,7.054501354950232e-05
2017,July,Solano (SV),T6TS,Gas,IDLEX,NCAT,NOx,6.26700386265751e-07
2017,July,Solano (SV),T6TS,Gas,IDLEX,NCAT,SOx,4.431233389552796e-08
2017,July,Solano (SV),T6TS,Gas,IDLEX,NCAT,TOG,8.873824696349359e-06
2017,July,Solano (SV),T6TS,Gas,STREX,CAT,CO,0.04154507602632413
2017,July,Solano (SV),T6TS,Gas,STREX,CAT,NOx,0.002473078729749777
2017,July,Solano (SV),T6TS,Gas,STREX,CAT,SOx,2.741562233949409e-06
2017,July,Solano (SV),T6TS,Gas,STREX,CAT,PM,5.5128689447978044e-06
2017,July,Solano (SV),T6TS,Gas,STREX,CAT,TOG,0.0021047371799373547
2017,July,Solano (SV),T6TS,Gas,STREX,CAT,PM10,4.928504836649244e-06
2017,July,Solano (SV),T6TS,Gas,STREX,CAT,PM2_5,4.531578272623796e-06
2017,July,Solano (SV),T6TS,Gas,STREX,NCAT,CO,2.166945882521542e-05
2017,July,Solano (SV),T6TS,Gas,STREX,NCAT,NOx,7.901967070180355e-05
2017,July,Solano (SV),T6TS,Gas,STREX,NCAT,SOx,2.0792630541074552e-07
2017,July,Solano (SV),T6TS,Gas,STREX,NCAT,PM,2.316769876478235e-06
2017,July,Solano (SV),T6TS,Gas,STREX,NCAT,TOG,0.00045433491059609216
2017,July,Solano (SV),T6TS,Gas,STREX,NCAT,PM10,2.226415851295585e-06
2017,July,Solano (SV),T6TS,Gas,STREX,NCAT,PM2_5,2.124477976730542e-06
2017,July,Solano (SV),T6TS,Gas,HOTSOAK,CAT,TOG,0.0009222019000360861
2017,July,Solano (SV),T6TS,Gas,HOTSOAK,NCAT,TOG,0.00026746554507260396
2017,July,Solano (SV),T6TS,Gas,RUNLOSS,CAT,TOG,0.00433016011425448
2017,July,Solano (SV),T6TS,Gas,RUNLOSS,NCAT,TOG,0.0004360533734178114
2017,July,Solano (SV),T6TS,Gas,RESTLOSS,CAT,TOG,1.8162524501895597e-05
2017,July,Solano (SV),T6TS,Gas,RESTLOSS,NCAT,TOG,2.9976509978606872e-06
2017,July,Solano (SV),T6TS,Gas,DIURN,CAT,TOG,5.039177938258031e-05
2017,July,Solano (SV),T6TS,Gas,DIURN,NCAT,TOG,7.89423138247989e-06
2017,July,Solano (SV),T6TS,Gas,PMTW,CAT,PM,0.00027701854934234616
2017,July,Solano (SV),T6TS,Gas,PMTW,CAT,PM10,0.00027701854934234616
2017,July,Solano (SV),T6TS,Gas,PMTW,CAT,PM2_5,6.925463733558654e-05
2017,July,Solano (SV),T6TS,Gas,PMTW,NCAT,PM,1.402010483779708e-06
2017,July,Solano (SV),T6TS,Gas,PMTW,NCAT,PM10,1.402010483779708e-06
2017,July,Solano (SV),T6TS,Gas,PMTW,NCAT,PM2_5,3.50502620944927e-07
2017,July,Solano (SV),T6TS,Gas,PMBW,CAT,PM,0.003070288921877673
2017,July,Solano (SV),T6TS,Gas,PMBW,CAT,PM10,0.0030088831434401195
2017,July,Solano (SV),T6TS,Gas,PMBW,CAT,PM2_5,0.0012895213471886217
2017,July,Solano (SV),T6TS,Gas,PMBW,NCAT,PM,1.553894952855843e-05
2017,July,Solano (SV),T6TS,Gas,PMBW,NCAT,PM10,1.5228170537987258e-05
2017,July,Solano (SV),T6TS,Gas,PMBW,NCAT,PM2_5,6.526358801994541e-06
2017,July,Solano (SV),T7IS,Gas,RUNEX,CAT,CO,0.01620164013619369
2017,July,Solano (SV),T7IS,Gas,RUNEX,CAT,NOx,0.0010299423597661928
2017,July,Solano (SV),T7IS,Gas,RUNEX,CAT,SOx,1.7941147647972997e-06
2017,July,Solano (SV),T7IS,Gas,RUNEX,CAT,PM,7.604267739927018e-07
2017,July,Solano (SV),T7IS,Gas,RUNEX,CAT,TOG,0.0005054857943300119
2017,July,Solano (SV),T7IS,Gas,RUNEX,CAT,PM10,6.798215359494755e-07
2017,July,Solano (SV),T7IS,Gas,RUNEX,CAT,PM2_5,6.250708082220007e-07
2017,July,Solano (SV),T7IS,Gas,RUNEX,NCAT,CO,0.01659963532611426
2017,July,Solano (SV),T7IS,Gas,RUNEX,NCAT,NOx,0.0007599198488100197
2017,July,Solano (SV),T7IS,Gas,RUNEX,NCAT,SOx,1.337890396688099e-06
2017,July,Solano (SV),T7IS,Gas,RUNEX,NCAT,PM,1.7457555603986597e-06
2017,July,Solano (SV),T7IS,Gas,RUNEX,NCAT,TOG,0.0005764499425613023
2017,July,Solano (SV),T7IS,Gas,RUNEX,NCAT,PM10,1.6776710935431117e-06
2017,July,Solano (SV),T7IS,Gas,RUNEX,NCAT,PM2_5,1.600857848885571e-06
2017,July,Solano (SV),T7IS,Gas,STREX,CAT,CO,1.1235138681796956e-05
2017,July,Solano (SV),T7IS,Gas,STREX,CAT,NOx,1.3970620769264029e-07
2017,July,Solano (SV),T7IS,Gas,STREX,CAT,SOx,1.5560945659249202e-08
2017,July,Solano (SV),T7IS,Gas,STREX,CAT,PM,1.1761901400310387e-07
2017,July,Solano (SV),T7IS,Gas,STREX,CAT,TOG,3.609918437338048e-08
2017,July,Solano (SV),T7IS,Gas,STREX,CAT,PM10,1.0515139851877487e-07
2017,July,Solano (SV),T7IS,Gas,STREX,CAT,PM2_5,9.668282951055138e-08
2017,July,Solano (SV),T7IS,Gas,STREX,NCAT,CO,0.0
2017,July,Solano (SV),T7IS,Gas,STREX,NCAT,NOx,0.0
2017,July,Solano (SV),T7IS,Gas,STREX,NCAT,SOx,5.596145681012714e-08
2017,July,Solano (SV),T7IS,Gas,STREX,NCAT,PM,5.252429122971496e-07
2017,July,Solano (SV),T7IS,Gas,STREX,NCAT,TOG,0.0
2017,July,Solano (SV),T7IS,Gas,STREX,NCAT,PM10,5.047584387175608e-07
2017,July,Solano (SV),T7IS,Gas,STREX,NCAT,PM2_5,4.816477505764862e-07
2017,July,Solano (SV),T7IS,Gas,HOTSOAK,CAT,TOG,1.5262120438297326e-05
2017,July,Solano (SV),T7IS,Gas,HOTSOAK,NCAT,TOG,6.063372652345403e-05
2017,July,Solano (SV),T7IS,Gas,RUNLOSS,CAT,TOG,7.129558509005457e-05
2017,July,Solano (SV),T7IS,Gas,RUNLOSS,NCAT,TOG,0.0001792456799840178
2017,July,Solano (SV),T7IS,Gas,RESTLOSS,CAT,TOG,3.541236714792301e-07
2017,July,Solano (SV),T7IS,Gas,RESTLOSS,NCAT,TOG,5.873956705713794e-07
2017,July,Solano (SV),T7IS,Gas,DIURN,CAT,TOG,8.17714155535521e-07
2017,July,Solano (SV),T7IS,Gas,DIURN,NCAT,TOG,1.4805094750153218e-06
2017,July,Solano (SV),T7IS,Gas,PMTW,CAT,PM,1.4421072198349491e-06
2017,July,Solano (SV),T7IS,Gas,PMTW,CAT,PM10,1.4421072198349491e-06
2017,July,Solano (SV),T7IS,Gas,PMTW,CAT,PM2_5,3.605268049587373e-07
2017,July,Solano (SV),T7IS,Gas,PMTW,NCAT,PM,9.588651525723919e-07
2017,July,Solano (SV),T7IS,Gas,PMTW,NCAT,PM10,9.588651525723919e-07
2017,July,Solano (SV),T7IS,Gas,PMTW,NCAT,PM2_5,2.3971628814309797e-07
2017,July,Solano (SV),T7IS,Gas,PMBW,CAT,PM,4.542637742480091e-06
2017,July,Solano (SV),T7IS,Gas,PMBW,CAT,PM10,4.451784987630486e-06
2017,July,Solano (SV),T7IS,Gas,PMBW,CAT,PM2_5,1.907907851841638e-06
2017,July,Solano (SV),T7IS,Gas,PMBW,NCAT,PM,3.0204252306030343e-06
2017,July,Solano (SV),T7IS,Gas,PMBW,NCAT,PM10,2.9600167259909727e-06
2017,July,Solano (SV),T7IS,Gas,PMBW,NCAT,PM2_5,1.268578596853274e-06
2017,July,Solano (SV),LDT1,Dsl,RUNEX,DSL,CO,0.0003350069506009629
2017,July,Solano (SV),LDT1,Dsl,RUNEX,DSL,NOx,0.0003327331285892309
2017,July,Solano (SV),LDT1,Dsl,RUNEX,DSL,SOx,9.277454796146454e-07
2017,July,Solano (SV),LDT1,Dsl,RUNEX,DSL,PM,2.5545044305325613e-05
2017,July,Solano (SV),LDT1,Dsl,RUNEX,DSL,TOG,3.804164723921776e-05
2017,July,Solano (SV),LDT1,Dsl,RUNEX,DSL,PM10,2.539177403949367e-05
2017,July,Solano (SV),LDT1,Dsl,RUNEX,DSL,PM2_5,2.4293337134364655e-05
2017,July,Solano (SV),LDT1,Dsl,PMTW,DSL,PM,1.654881150364041e-06
2017,July,Solano (SV),LDT1,Dsl,PMTW,DSL,PM10,1.654881150364041e-06
2017,July,Solano (SV),LDT1,Dsl,PMTW,DSL,PM2_5,4.1372028759101026e-07
2017,July,Solano (SV),LDT1,Dsl,PMBW,DSL,PM,7.757255392331446e-06
2017,July,Solano (SV),LDT1,Dsl,PMBW,DSL,PM10,7.6021102844848155e-06
2017,July,Solano (SV),LDT1,Dsl,PMBW,DSL,PM2_5,3.258047264779206e-06
2017,July,Solano (SV),LDT2,Dsl,RUNEX,DSL,CO,0.0006146327312469704
2017,July,Solano (SV),LDT2,Dsl,RUNEX,DSL,NOx,0.0004124895063246309
2017,July,Solano (SV),LDT2,Dsl,RUNEX,DSL,SOx,1.6823194193970513e-05
2017,July,Solano (SV),LDT2,Dsl,RUNEX,DSL,PM,4.4579374721503956e-05
2017,July,Solano (SV),LDT2,Dsl,RUNEX,DSL,TOG,9.703169875286124e-05
2017,July,Solano (SV),LDT2,Dsl,RUNEX,DSL,PM10,4.431189847317491e-05
2017,July,Solano (SV),LDT2,Dsl,RUNEX,DSL,PM2_5,4.239498536015023e-05
2017,July,Solano (SV),LDT2,Dsl,PMTW,DSL,PM,4.4726162501745795e-05
2017,July,Solano (SV),LDT2,Dsl,PMTW,DSL,PM10,4.4726162501745795e-05
2017,July,Solano (SV),LDT2,Dsl,PMTW,DSL,PM2_5,1.1181540625436449e-05
2017,July,Solano (SV),LDT2,Dsl,PMBW,DSL,PM,0.00020965388672693352
2017,July,Solano (SV),LDT2,Dsl,PMBW,DSL,PM10,0.00020546080899239475
2017,July,Solano (SV),LDT2,Dsl,PMBW,DSL,PM2_5,8.805463242531204e-05
2017,July,Solano (SV),MDV,Dsl,RUNEX,DSL,CO,0.005188715669061442
2017,July,Solano (SV),MDV,Dsl,RUNEX,DSL,NOx,0.0031743760159899936
2017,July,Solano (SV),MDV,Dsl,RUNEX,DSL,SOx,0.0001115790246678791
2017,July,Solano (SV),MDV,Dsl,RUNEX,DSL,PM,0.0002094272954171135
2017,July,Solano (SV),MDV,Dsl,RUNEX,DSL,TOG,0.00040992220072938625
2017,July,Solano (SV),MDV,Dsl,RUNEX,DSL,PM10,0.00020817073164461111
2017,July,Solano (SV),MDV,Dsl,RUNEX,DSL,PM2_5,0.00019916535794167495
2017,July,Solano (SV),MDV,Dsl,PMTW,DSL,PM,0.0002199390607094063
2017,July,Solano (SV),MDV,Dsl,PMTW,DSL,PM10,0.0002199390607094063
2017,July,Solano (SV),MDV,Dsl,PMTW,DSL,PM2_5,5.4984765177351576e-05
2017,July,Solano (SV),MDV,Dsl,PMBW,DSL,PM,0.0010309643470753417
2017,July,Solano (SV),MDV,Dsl,PMBW,DSL,PM10,0.0010103450601338351
2017,July,Solano (SV),MDV,Dsl,PMBW,DSL,PM2_5,0.0004330050257716436
2017,July,Solano (SV),LHD1,Dsl,RUNEX,DSL,CO,0.2022859473470645
2017,July,Solano (SV),LHD1,Dsl,RUNEX,DSL,NOx,0.79898501076697
2017,July,Solano (SV),LHD1,Dsl,RUNEX,DSL,SOx,0.0011934805759213451
2017,July,Solano (SV),LHD1,Dsl,RUNEX,DSL,PM,0.008353261323795583
2017,July,Solano (SV),LHD1,Dsl,RUNEX,DSL,TOG,0.05080578264081078
2017,July,Solano (SV),LHD1,Dsl,RUNEX,DSL,PM10,0.008303141755852814
2017,July,Solano (SV),LHD1,Dsl,RUNEX,DSL,PM2_5,0.007943951518929604
2017,July,Solano (SV),LHD1,Dsl,IDLEX,DSL,CO,0.005162126963949382
2017,July,Solano (SV),LHD1,Dsl,IDLEX,DSL,NOx,0.01452980923651936
2017,July,Solano (SV),LHD1,Dsl,IDLEX,DSL,SOx,7.613126118895188e-06
2017,July,Solano (SV),LHD1,Dsl,IDLEX,DSL,PM,0.00016032256754859678
2017,July,Solano (SV),LHD1,Dsl,IDLEX,DSL,TOG,0.0007090217735779663
2017,July,Solano (SV),LHD1,Dsl,IDLEX,DSL,PM10,0.00015936063214330528
2017,July,Solano (SV),LHD1,Dsl,IDLEX,DSL,PM2_5,0.00015246676173871534
2017,July,Solano (SV),LHD1,Dsl,PMTW,DSL,PM,0.0025652859135582413
2017,July,Solano (SV),LHD1,Dsl,PMTW,DSL,PM10,0.0025652859135582413
2017,July,Solano (SV),LHD1,Dsl,PMTW,DSL,PM2_5,0.0006413214783895603
2017,July,Solano (SV),LHD1,Dsl,PMBW,DSL,PM,0.016674358438128558
2017,July,Solano (SV),LHD1,Dsl,PMBW,DSL,PM10,0.016340871269366005
2017,July,Solano (SV),LHD1,Dsl,PMBW,DSL,PM2_5,0.007003230544014
2017,July,Solano (SV),LHD2,Dsl,RUNEX,DSL,CO,0.05260762530877955
2017,July,Solano (SV),LHD2,Dsl,RUNEX,DSL,NOx,0.18079399006153307
2017,July,Solano (SV),LHD2,Dsl,RUNEX,DSL,SOx,0.0004048961364670611
2017,July,Solano (SV),LHD2,Dsl,RUNEX,DSL,PM,0.0021092153788720507
2017,July,Solano (SV),LHD2,Dsl,RUNEX,DSL,TOG,0.013328037378646188
2017,July,Solano (SV),LHD2,Dsl,RUNEX,DSL,PM10,0.002096560086598819
2017,July,Solano (SV),LHD2,Dsl,RUNEX,DSL,PM2_5,0.0020058638253073204
2017,July,Solano (SV),LHD2,Dsl,IDLEX,DSL,CO,0.001488558182478903
2017,July,Solano (SV),LHD2,Dsl,IDLEX,DSL,NOx,0.004190906507728254
2017,July,Solano (SV),LHD2,Dsl,IDLEX,DSL,SOx,3.5166599038907547e-06
2017,July,Solano (SV),LHD2,Dsl,IDLEX,DSL,PM,4.570398188424003e-05
2017,July,Solano (SV),LHD2,Dsl,IDLEX,DSL,TOG,0.00020445451458011392
2017,July,Solano (SV),LHD2,Dsl,IDLEX,DSL,PM10,4.542975799293462e-05
2017,July,Solano (SV),LHD2,Dsl,IDLEX,DSL,PM2_5,4.346448677191231e-05
2017,July,Solano (SV),LHD2,Dsl,PMTW,DSL,PM,0.000776619020845365
2017,July,Solano (SV),LHD2,Dsl,PMTW,DSL,PM10,0.000776619020845365
2017,July,Solano (SV),LHD2,Dsl,PMTW,DSL,PM2_5,0.00019415475521134126
2017,July,Solano (SV),LHD2,Dsl,PMBW,DSL,PM,0.0058893609080773535
2017,July,Solano (SV),LHD2,Dsl,PMBW,DSL,PM10,0.005771573689915808
2017,July,Solano (SV),LHD2,Dsl,PMBW,DSL,PM2_5,0.0024735315813924877
2017,July,Solano (SV),LDT1,Elec,HOTSOAK,CAT,TOG,8.280713280394097e-07
2017,July,Solano (SV),LDT1,Elec,RESTLOSS,CAT,TOG,6.517418763815077e-07
2017,July,Solano (SV),LDT1,Elec,DIURN,CAT,TOG,1.951480228848494e-06
2017,July,Solano (SV),LDT1,Elec,PMTW,CAT,PM,6.944197242785004e-06
2017,July,Solano (SV),LDT1,Elec,PMTW,CAT,PM10,6.944197242785004e-06
2017,July,Solano (SV),LDT1,Elec,PMTW,CAT,PM2_5,1.736049310696251e-06
2017,July,Solano (SV),LDT1,Elec,PMBW,CAT,PM,3.255092457555471e-05
2017,July,Solano (SV),LDT1,Elec,PMBW,CAT,PM10,3.1899906084043624e-05
2017,July,Solano (SV),LDT1,Elec,PMBW,CAT,PM2_5,1.367138832173299e-05
2017,July,Solano (SV),LDT2,Elec,HOTSOAK,CAT,TOG,1.5400754354627544e-06
2017,July,Solano (SV),LDT2,Elec,RESTLOSS,CAT,TOG,1.0211790694846552e-06
2017,July,Solano (SV),LDT2,Elec,DIURN,CAT,TOG,3.0576687434561626e-06
2017,July,Solano (SV),LDT2,Elec,PMTW,CAT,PM,1.7905603677123788e-05
2017,July,Solano (SV),LDT2,Elec,PMTW,CAT,PM10,1.7905603677123788e-05
2017,July,Solano (SV),LDT2,Elec,PMTW,CAT,PM2_5,4.476400919280947e-06
2017,July,Solano (SV),LDT2,Elec,PMBW,CAT,PM,8.393251723651777e-05
2017,July,Solano (SV),LDT2,Elec,PMBW,CAT,PM10,8.225386689178741e-05
2017,July,Solano (SV),LDT2,Elec,PMBW,CAT,PM2_5,3.525165723933747e-05
2017,July,Solano (SV),MDV,Elec,HOTSOAK,CAT,TOG,6.531858844903857e-07
2017,July,Solano (SV),MDV,Elec,RESTLOSS,CAT,TOG,4.993803409589231e-07
2017,July,Solano (SV),MDV,Elec,DIURN,CAT,TOG,1.4952712068581285e-06
2017,July,Solano (SV),MDV,Elec,PMTW,CAT,PM,5.6490651295566335e-06
2017,July,Solano (SV),MDV,Elec,PMTW,CAT,PM10,5.6490651295566335e-06
2017,July,Solano (SV),MDV,Elec,PMTW,CAT,PM2_5,1.4122662823891584e-06
2017,July,Solano (SV),MDV,Elec,PMBW,CAT,PM,2.647999279479671e-05
2017,July,Solano (SV),MDV,Elec,PMBW,CAT,PM10,2.595039293890077e-05
2017,July,Solano (SV),MDV,Elec,PMBW,CAT,PM2_5,1.1121596973814612e-05
2017,July,Solano (SV),SBUS,Gas,RUNEX,CAT,CO,0.002587783278744365
2017,July,Solano (SV),SBUS,Gas,RUNEX,CAT,NOx,0.0005109996410015097
2017,July,Solano (SV),SBUS,Gas,RUNEX,CAT,SOx,6.608791851234404e-06
2017,July,Solano (SV),SBUS,Gas,RUNEX,CAT,PM,1.6031192522276963e-06
2017,July,Solano (SV),SBUS,Gas,RUNEX,CAT,TOG,0.00016548989834651269
2017,July,Solano (SV),SBUS,Gas,RUNEX,CAT,PM10,1.43318861149156e-06
2017,July,Solano (SV),SBUS,Gas,RUNEX,CAT,PM2_5,1.3177640253311665e-06
2017,July,Solano (SV),SBUS,Gas,IDLEX,CAT,CO,0.0010998642944035084
2017,July,Solano (SV),SBUS,Gas,IDLEX,CAT,NOx,1.2392963650341289e-05
2017,July,Solano (SV),SBUS,Gas,IDLEX,CAT,SOx,3.567531938958588e-07
2017,July,Solano (SV),SBUS,Gas,IDLEX,CAT,TOG,0.0002069539367753563
2017,July,Solano (SV),SBUS,Gas,STREX,CAT,CO,0.0005106936688503865
2017,July,Solano (SV),SBUS,Gas,STREX,CAT,NOx,2.8410435729209364e-05
2017,July,Solano (SV),SBUS,Gas,STREX,CAT,SOx,2.7469654826772362e-08
2017,July,Solano (SV),SBUS,Gas,STREX,CAT,PM,3.87770511960891e-08
2017,July,Solano (SV),SBUS,Gas,STREX,CAT,TOG,2.2404578056194333e-05
2017,July,Solano (SV),SBUS,Gas,STREX,CAT,PM10,3.466668376930367e-08
2017,July,Solano (SV),SBUS,Gas,STREX,CAT,PM2_5,3.187473608318525e-08
2017,July,Solano (SV),SBUS,Gas,HOTSOAK,CAT,TOG,6.231509998033557e-06
2017,July,Solano (SV),SBUS,Gas,RUNLOSS,CAT,TOG,5.3566360314954714e-05
2017,July,Solano (SV),SBUS,Gas,RESTLOSS,CAT,TOG,3.8186126261772623e-07
2017,July,Solano (SV),SBUS,Gas,DIURN,CAT,TOG,1.6478523424082377e-06
2017,July,Solano (SV),SBUS,Gas,PMTW,CAT,PM,5.9801969103063235e-06
2017,July,Solano (SV),SBUS,Gas,PMTW,CAT,PM10,5.9801969103063235e-06
2017,July,Solano (SV),SBUS,Gas,PMTW,CAT,PM2_5,1.4950492275765809e-06
2017,July,Solano (SV),SBUS,Gas,PMBW,CAT,PM,0.0005681186990038543
2017,July,Solano (SV),SBUS,Gas,PMBW,CAT,PM10,0.0005567563250237768
2017,July,Solano (SV),SBUS,Gas,PMBW,CAT,PM2_5,0.00023860985358161861
2017,July,Solano (SV),OBUS,Gas,RUNEX,CAT,CO,0.022004827024354127
2017,July,Solano (SV),OBUS,Gas,RUNEX,CAT,NOx,0.006122850243398209
2017,July,Solano (SV),OBUS,Gas,RUNEX,CAT,SOx,0.000251249564137619
2017,July,Solano (SV),OBUS,Gas,RUNEX,CAT,PM,9.708818455345487e-06
2017,July,Solano (SV),OBUS,Gas,RUNEX,CAT,TOG,0.001428722731036814
2017,July,Solano (SV),OBUS,Gas,RUNEX,CAT,PM10,8.679683699078854e-06
2017,July,Solano (SV),OBUS,Gas,RUNEX,CAT,PM2_5,7.980648770293979e-06
2017,July,Solano (SV),OBUS,Gas,IDLEX,CAT,CO,0.0007944637575219441
2017,July,Solano (SV),OBUS,Gas,IDLEX,CAT,NOx,8.950473832810035e-06
2017,July,Solano (SV),OBUS,Gas,IDLEX,CAT,SOx,5.275894163443566e-07
2017,July,Solano (SV),OBUS,Gas,IDLEX,CAT,TOG,0.00015000442358066048
2017,July,Solano (SV),OBUS,Gas,STREX,CAT,CO,0.00819440600838984
2017,July,Solano (SV),OBUS,Gas,STREX,CAT,NOx,0.0008635440245419507
2017,July,Solano (SV),OBUS,Gas,STREX,CAT,SOx,7.207912607203789e-07
2017,July,Solano (SV),OBUS,Gas,STREX,CAT,PM,4.3401878687864253e-07
2017,July,Solano (SV),OBUS,Gas,STREX,CAT,TOG,0.00045185537689874315
2017,July,Solano (SV),OBUS,Gas,STREX,CAT,PM10,3.880127954695065e-07
2017,July,Solano (SV),OBUS,Gas,STREX,CAT,PM2_5,3.567634428142443e-07
2017,July,Solano (SV),OBUS,Gas,HOTSOAK,CAT,TOG,5.2802541152380035e-05
2017,July,Solano (SV),OBUS,Gas,RUNLOSS,CAT,TOG,0.00042127850341504183
2017,July,Solano (SV),OBUS,Gas,RESTLOSS,CAT,TOG,2.342744084681922e-06
2017,July,Solano (SV),OBUS,Gas,DIURN,CAT,TOG,7.302081220864708e-06
2017,July,Solano (SV),OBUS,Gas,PMTW,CAT,PM,0.00016350532327088512
2017,July,Solano (SV),OBUS,Gas,PMTW,CAT,PM10,0.00016350532327088512
2017,July,Solano (SV),OBUS,Gas,PMTW,CAT,PM2_5,4.087633081772128e-05
2017,July,Solano (SV),OBUS,Gas,PMBW,CAT,PM,0.0018121839995856436
2017,July,Solano (SV),OBUS,Gas,PMBW,CAT,PM10,0.0017759403195939294
2017,July,Solano (SV),OBUS,Gas,PMBW,CAT,PM2_5,0.00076111727982597
2017,July,Solano (SV),MCY,Gas,RUNEX,CAT,CO,0.8140872309443102
2017,July,Solano (SV),MCY,Gas,RUNEX,CAT,NOx,0.05856497047397561
2017,July,Solano (SV),MCY,Gas,RUNEX,CAT,SOx,0.00012968254450318359
2017,July,Solano (SV),MCY,Gas,RUNEX,CAT,PM,8.353528595462666e-05
2017,July,Solano (SV),MCY,Gas,RUNEX,CAT,TOG,0.13245211517358008
2017,July,Solano (SV),MCY,Gas,RUNEX,CAT,PM10,7.707725817681717e-05
2017,July,Solano (SV),MCY,Gas,RUNEX,CAT,PM2_5,7.206432879606406e-05
2017,July,Solano (SV),MCY,Gas,RUNEX,NCAT,CO,2.3426922382451414
2017,July,Solano (SV),MCY,Gas,RUNEX,NCAT,NOx,0.08085556298473062
2017,July,Solano (SV),MCY,Gas,RUNEX,NCAT,SOx,0.0001446606445863529
2017,July,Solano (SV),MCY,Gas,RUNEX,NCAT,PM,0.00014787464203653544
2017,July,Solano (SV),MCY,Gas,RUNEX,NCAT,TOG,0.2267507823264888
2017,July,Solano (SV),MCY,Gas,RUNEX,NCAT,PM10,0.0001397108184637294
2017,July,Solano (SV),MCY,Gas,RUNEX,NCAT,PM2_5,0.00013220272300614198
2017,July,Solano (SV),MCY,Gas,STREX,CAT,CO,0.0393146217055843
2017,July,Solano (SV),MCY,Gas,STREX,CAT,NOx,0.0016697026886777688
2017,July,Solano (SV),MCY,Gas,STREX,CAT,SOx,3.8889315093079016e-06
2017,July,Solano (SV),MCY,Gas,STREX,CAT,PM,1.3481979619925708e-05
2017,July,Solano (SV),MCY,Gas,STREX,CAT,TOG,0.010739565990227021
2017,July,Solano (SV),MCY,Gas,STREX,CAT,PM10,1.2499468828931396e-05
2017,July,Solano (SV),MCY,Gas,STREX,CAT,PM2_5,1.171539634650718e-05
2017,July,Solano (SV),MCY,Gas,STREX,NCAT,CO,0.1153846447346049
2017,July,Solano (SV),MCY,Gas,STREX,NCAT,NOx,0.0031353456296127928
2017,July,Solano (SV),MCY,Gas,STREX,NCAT,SOx,7.9140306323782e-06
2017,July,Solano (SV),MCY,Gas,STREX,NCAT,PM,6.166350819803957e-05
2017,July,Solano (SV),MCY,Gas,STREX,NCAT,TOG,0.025879442044524643
2017,July,Solano (SV),MCY,Gas,STREX,NCAT,PM10,5.881205232959807e-05
2017,July,Solano (SV),MCY,Gas,STREX,NCAT,PM2_5,5.5912227918673913e-05
2017,July,Solano (SV),MCY,Gas,HOTSOAK,CAT,TOG,0.003352235826860089
2017,July,Solano (SV),MCY,Gas,HOTSOAK,NCAT,TOG,0.016470393554126928
2017,July,Solano (SV),MCY,Gas,RUNLOSS,CAT,TOG,0.006474980969169757
2017,July,Solano (SV),MCY,Gas,RUNLOSS,NCAT,TOG,0.040433598435903495
2017,July,Solano (SV),MCY,Gas,RESTLOSS,CAT,TOG,0.005178462738003932
2017,July,Solano (SV),MCY,Gas,RESTLOSS,NCAT,TOG,0.017607992737910826
2017,July,Solano (SV),MCY,Gas,DIURN,CAT,TOG,0.010877646725450283
2017,July,Solano (SV),MCY,Gas,DIURN,NCAT,TOG,0.03599137415487364
2017,July,Solano (SV),MCY,Gas,PMTW,CAT,PM,0.0002451534480841781
2017,July,Solano (SV),MCY,Gas,PMTW,CAT,PM10,0.0002451534480841781
2017,July,Solano (SV),MCY,Gas,PMTW,CAT,PM2_5,6.128836202104453e-05
2017,July,Solano (SV),MCY,Gas,PMTW,NCAT,PM,0.00026601061862111577
2017,July,Solano (SV),MCY,Gas,PMTW,NCAT,PM10,0.00026601061862111577
2017,July,Solano (SV),MCY,Gas,PMTW,NCAT,PM2_5,6.650265465527894e-05
2017,July,Solano (SV),MCY,Gas,PMBW,CAT,PM,0.0007354603442525342
2017,July,Solano (SV),MCY,Gas,PMBW,CAT,PM10,0.0007207511373674837
2017,July,Solano (SV),MCY,Gas,PMBW,CAT,PM2_5,0.0003088933445860645
2017,July,Solano (SV),MCY,Gas,PMBW,NCAT,PM,0.0007980318558633478
2017,July,Solano (SV),MCY,Gas,PMBW,NCAT,PM10,0.0007820712187460809
2017,July,Solano (SV),MCY,Gas,PMBW,NCAT,PM2_5,0.00033517337946260573
2017,July,Solano (SV),MH,Gas,RUNEX,CAT,CO,0.03595006212049809
2017,July,Solano (SV),MH,Gas,RUNEX,CAT,NOx,0.00718005339270563
2017,July,Solano (SV),MH,Gas,RUNEX,CAT,SOx,0.0002482856180444455
2017,July,Solano (SV),MH,Gas,RUNEX,CAT,PM,2.7713167288397524e-05
2017,July,Solano (SV),MH,Gas,RUNEX,CAT,TOG,0.0019645720471642846
2017,July,Solano (SV),MH,Gas,RUNEX,CAT,PM10,2.4775571555827412e-05
2017,July,Solano (SV),MH,Gas,RUNEX,CAT,PM2_5,2.2780223511062796e-05
2017,July,Solano (SV),MH,Gas,RUNEX,NCAT,CO,0.006959582918894122
2017,July,Solano (SV),MH,Gas,RUNEX,NCAT,NOx,0.0001959422578674377
2017,July,Solano (SV),MH,Gas,RUNEX,NCAT,SOx,1.0496151909204854e-06
2017,July,Solano (SV),MH,Gas,RUNEX,NCAT,PM,2.075746221719979e-06
2017,July,Solano (SV),MH,Gas,RUNEX,NCAT,TOG,0.0003223081107347421
2017,July,Solano (SV),MH,Gas,RUNEX,NCAT,PM10,1.9947921190729006e-06
2017,July,Solano (SV),MH,Gas,RUNEX,NCAT,PM2_5,1.9034592853172205e-06
2017,July,Solano (SV),MH,Gas,STREX,CAT,CO,0.0004589090757957918
2017,July,Solano (SV),MH,Gas,STREX,CAT,NOx,4.418096812242808e-05
2017,July,Solano (SV),MH,Gas,STREX,CAT,SOx,3.90397268098654e-08
2017,July,Solano (SV),MH,Gas,STREX,CAT,PM,6.480743760171691e-08
2017,July,Solano (SV),MH,Gas,STREX,CAT,TOG,2.3347748825813977e-05
2017,July,Solano (SV),MH,Gas,STREX,CAT,PM10,5.7937849215934844e-08
2017,July,Solano (SV),MH,Gas,STREX,CAT,PM2_5,5.327171370861128e-08
2017,July,Solano (SV),MH,Gas,STREX,NCAT,CO,1.4685347785647743e-07
2017,July,Solano (SV),MH,Gas,STREX,NCAT,NOx,5.380758675590001e-07
2017,July,Solano (SV),MH,Gas,STREX,NCAT,SOx,1.3292881191900958e-09
2017,July,Solano (SV),MH,Gas,STREX,NCAT,PM,1.5923183274144796e-08
2017,July,Solano (SV),MH,Gas,STREX,NCAT,TOG,3.043397870422132e-06
2017,July,Solano (SV),MH,Gas,STREX,NCAT,PM10,1.5302179126453143e-08
2017,July,Solano (SV),MH,Gas,STREX,NCAT,PM2_5,1.4601559062390775e-08
2017,July,Solano (SV),MH,Gas,HOTSOAK,CAT,TOG,1.5134814108452636e-05
2017,July,Solano (SV),MH,Gas,HOTSOAK,NCAT,TOG,6.153431558447701e-07
2017,July,Solano (SV),MH,Gas,RUNLOSS,CAT,TOG,0.0003137283457964032
2017,July,Solano (SV),MH,Gas,RUNLOSS,NCAT,TOG,3.598258154160692e-06
2017,July,Solano (SV),MH,Gas,RESTLOSS,CAT,TOG,9.433708819178867e-05
2017,July,Solano (SV),MH,Gas,RESTLOSS,NCAT,TOG,3.5984225473256684e-06
2017,July,Solano (SV),MH,Gas,DIURN,CAT,TOG,0.00042306908554327985
2017,July,Solano (SV),MH,Gas,DIURN,NCAT,TOG,1.4209369876803912e-05
2017,July,Solano (SV),MH,Gas,PMTW,CAT,PM,0.0001608515750593567
2017,July,Solano (SV),MH,Gas,PMTW,CAT,PM10,0.0001608515750593567
2017,July,Solano (SV),MH,Gas,PMTW,CAT,PM2_5,4.021289376483918e-05
2017,July,Solano (SV),MH,Gas,PMTW,NCAT,PM,5.9787085669641e-07
2017,July,Solano (SV),MH,Gas,PMTW,NCAT,PM10,5.9787085669641e-07
2017,July,Solano (SV),MH,Gas,PMTW,NCAT,PM2_5,1.494677141741025e-07
2017,July,Solano (SV),MH,Gas,PMBW,CAT,PM,0.001782771623574541
2017,July,Solano (SV),MH,Gas,PMBW,CAT,PM10,0.0017471161911030454
2017,July,Solano (SV),MH,Gas,PMBW,CAT,PM2_5,0.0007487640819013069
2017,July,Solano (SV),MH,Gas,PMBW,NCAT,PM,6.62640199505188e-06
2017,July,Solano (SV),MH,Gas,PMBW,NCAT,PM10,6.493873955150841e-06
2017,July,Solano (SV),MH,Gas,PMBW,NCAT,PM2_5,2.7830888379217893e-06
2017,July,Solano (SV),MH,Dsl,RUNEX,DSL,CO,0.002428907338595385
2017,July,Solano (SV),MH,Dsl,RUNEX,DSL,NOx,0.02580557115948147
2017,July,Solano (SV),MH,Dsl,RUNEX,DSL,SOx,4.5326776887335556e-05
2017,July,Solano (SV),MH,Dsl,RUNEX,DSL,PM,0.0007032560751139727
2017,July,Solano (SV),MH,Dsl,RUNEX,DSL,TOG,0.0007319390936905874
2017,July,Solano (SV),MH,Dsl,RUNEX,DSL,PM10,0.0006990365386632887
2017,July,Solano (SV),MH,Dsl,RUNEX,DSL,PM2_5,0.0006687965274333883
2017,July,Solano (SV),MH,Dsl,PMTW,DSL,PM,7.132689962918103e-05
2017,July,Solano (SV),MH,Dsl,PMTW,DSL,PM10,7.132689962918103e-05
2017,July,Solano (SV),MH,Dsl,PMTW,DSL,PM2_5,1.783172490729526e-05
2017,July,Solano (SV),MH,Dsl,PMBW,DSL,PM,0.0005929048531675672
2017,July,Solano (SV),MH,Dsl,PMBW,DSL,PM10,0.000581046756104216
2017,July,Solano (SV),MH,Dsl,PMBW,DSL,PM2_5,0.00024902003833037834
2017,July,Solano (SV),UBUS,Gas,RUNEX,CAT,CO,0.00037996577152587494
2017,July,Solano (SV),UBUS,Gas,RUNEX,CAT,NOx,0.00026851245102228413
2017,July,Solano (SV),UBUS,Gas,RUNEX,CAT,SOx,2.2346610000317964e-05
2017,July,Solano (SV),UBUS,Gas,RUNEX,CAT,PM,7.462523959811524e-07
2017,July,Solano (SV),UBUS,Gas,RUNEX,CAT,TOG,3.302947437838951e-05
2017,July,Solano (SV),UBUS,Gas,RUNEX,CAT,PM10,6.671496420071499e-07
2017,July,Solano (SV),UBUS,Gas,RUNEX,CAT,PM2_5,6.134194694965072e-07
2017,July,Solano (SV),UBUS,Gas,STREX,CAT,CO,0.0003157351109824921
2017,July,Solano (SV),UBUS,Gas,STREX,CAT,NOx,3.628899549975954e-05
2017,July,Solano (SV),UBUS,Gas,STREX,CAT,SOx,4.2147918483526893e-08
2017,July,Solano (SV),UBUS,Gas,STREX,CAT,PM,1.1739076412537937e-08
2017,July,Solano (SV),UBUS,Gas,STREX,CAT,TOG,2.3219849817787466e-05
2017,July,Solano (SV),UBUS,Gas,STREX,CAT,PM10,1.0494734312808917e-08
2017,July,Solano (SV),UBUS,Gas,STREX,CAT,PM2_5,9.649520811106188e-09
2017,July,Solano (SV),UBUS,Gas,HOTSOAK,CAT,TOG,2.285504628064861e-06
2017,July,Solano (SV),UBUS,Gas,RUNLOSS,CAT,TOG,1.1270257290139332e-05
2017,July,Solano (SV),UBUS,Gas,RESTLOSS,CAT,TOG,1.6348056688638082e-07
2017,July,Solano (SV),UBUS,Gas,DIURN,CAT,TOG,3.814203780259728e-07
2017,July,Solano (SV),UBUS,Gas,PMTW,CAT,PM,1.1637390634870788e-05
2017,July,Solano (SV),UBUS,Gas,PMTW,CAT,PM10,1.1637390634870788e-05
2017,July,Solano (SV),UBUS,Gas,PMTW,CAT,PM2_5,2.909347658717697e-06
2017,July,Solano (SV),UBUS,Gas,PMBW,CAT,PM,0.00012898107953648457
2017,July,Solano (SV),UBUS,Gas,PMBW,CAT,PM10,0.0001264014579457549
2017,July,Solano (SV),UBUS,Gas,PMBW,CAT,PM2_5,5.417205340532349e-05
2017,July,Solano (SV),UBUS,Dsl,RUNEX,DSL,CO,8.503108537393755e-05
2017,July,Solano (SV),UBUS,Dsl,RUNEX,DSL,NOx,0.0011245995675568158
2017,July,Solano (SV),UBUS,Dsl,RUNEX,DSL,SOx,4.899217844120483e-06
2017,July,Solano (SV),UBUS,Dsl,RUNEX,DSL,PM,2.7222386794026936e-06
2017,July,Solano (SV),UBUS,Dsl,RUNEX,DSL,TOG,5.8680041911474285e-05
2017,July,Solano (SV),UBUS,Dsl,RUNEX,DSL,PM10,2.7059052473262795e-06
2017,July,Solano (SV),UBUS,Dsl,RUNEX,DSL,PM2_5,2.5888489841119624e-06
2017,July,Solano (SV),UBUS,Dsl,PMTW,DSL,PM,4.861341910727478e-06
2017,July,Solano (SV),UBUS,Dsl,PMTW,DSL,PM10,4.861341910727478e-06
2017,July,Solano (SV),UBUS,Dsl,PMTW,DSL,PM2_5,1.2153354776818694e-06
2017,July,Solano (SV),UBUS,Dsl,PMBW,DSL,PM,5.3879872843896244e-05
2017,July,Solano (SV),UBUS,Dsl,PMBW,DSL,PM10,5.2802275387018345e-05
2017,July,Solano (SV),UBUS,Dsl,PMBW,DSL,PM2_5,2.2629546594436426e-05
2017,July,Solano (SV),UBUS,Elec,PMTW,CAT,PM,4.967160274994674e-08
2017,July,Solano (SV),UBUS,Elec,PMTW,CAT,PM10,4.967160274994674e-08
2017,July,Solano (SV),UBUS,Elec,PMTW,CAT,PM2_5,1.2417900687486685e-08
2017,July,Solano (SV),UBUS,Elec,PMBW,CAT,PM,5.505269304785765e-07
2017,July,Solano (SV),UBUS,Elec,PMBW,CAT,PM10,5.395163918690047e-07
2017,July,Solano (SV),UBUS,Elec,PMBW,CAT,PM2_5,2.312213108010021e-07
2017,July,Solano (SV),UBUS,NG,RUNEX,DSL,CO,0.018531323677571317
2017,July,Solano (SV),UBUS,NG,RUNEX,DSL,NOx,0.00024870343149414686
2017,July,Solano (SV),UBUS,NG,RUNEX,DSL,PM,1.791742595375772e-06
2017,July,Solano (SV),UBUS,NG,RUNEX,DSL,TOG,0.0027176154219328143
2017,July,Solano (SV),UBUS,NG,RUNEX,DSL,PM10,1.7809921398035187e-06
2017,July,Solano (SV),UBUS,NG,RUNEX,DSL,PM2_5,1.7039472082023594e-06
2017,July,Solano (SV),UBUS,NG,PMTW,DSL,PM,1.0042100570855175e-05
2017,July,Solano (SV),UBUS,NG,PMTW,DSL,PM10,1.0042100570855175e-05
2017,July,Solano (SV),UBUS,NG,PMTW,DSL,PM2_5,2.5105251427137937e-06
2017,July,Solano (SV),UBUS,NG,PMBW,DSL,PM,0.00011129994799364488
2017,July,Solano (SV),UBUS,NG,PMBW,DSL,PM10,0.00010907394903377194
2017,July,Solano (SV),UBUS,NG,PMBW,DSL,PM2_5,4.674597815733081e-05
2017,July,Solano (SV),SBUS,Dsl,RUNEX,DSL,CO,0.0007532617242392109
2017,July,Solano (SV),SBUS,Dsl,RUNEX,DSL,NOx,0.018939893851856515
2017,July,Solano (SV),SBUS,Dsl,RUNEX,DSL,PM,0.00011991366829548002
2017,July,Solano (SV),SBUS,Dsl,RUNEX,DSL,PM10,0.00011919418628570709
2017,July,Solano (SV),SBUS,Dsl,RUNEX,DSL,PM2_5,0.00011403789854900153
2017,July,Solano (SV),SBUS,Dsl,IDLEX,DSL,CO,0.0006176027075483892
2017,July,Solano (SV),SBUS,Dsl,IDLEX,DSL,NOx,0.0036979855169645675
2017,July,Solano (SV),SBUS,Dsl,IDLEX,DSL,PM,4.422850524957497e-06
2017,July,Solano (SV),SBUS,Dsl,IDLEX,DSL,PM10,4.396313421807752e-06
2017,July,Solano (SV),SBUS,Dsl,IDLEX,DSL,PM2_5,4.2061308492345805e-06
2017,July,Solano (SV),SBUS,Dsl,STREX,DSL,NOx,0.0010977555995717585
2017,July,Solano (SV),SBUS,Dsl,PMTW,DSL,PM,3.730288048121558e-05
2017,July,Solano (SV),SBUS,Dsl,PMTW,DSL,PM10,3.730288048121558e-05
2017,July,Solano (SV),SBUS,Dsl,PMTW,DSL,PM2_5,9.325720120303896e-06
2017,July,Solano (SV),SBUS,Dsl,PMBW,DSL,PM,0.0023625157638103205
2017,July,Solano (SV),SBUS,Dsl,PMBW,DSL,PM10,0.002315265448534109
2017,July,Solano (SV),SBUS,Dsl,PMBW,DSL,PM2_5,0.0009922566208003336
2017,July,Solano (SV),SBUS,Dsl,RUNEX,DSL,SOx,3.429098114915607e-05
2017,July,Solano (SV),SBUS,Dsl,IDLEX,DSL,SOx,3.4051102867985353e-06
2017,July,Solano (SV),SBUS,Dsl,RUNEX,DSL,TOG,0.00031623826903013903
2017,July,Solano (SV),SBUS,Dsl,IDLEX,DSL,TOG,3.3615950022605196e-05
2017,     ,Solano (SV),LDA,Dsl,RUNEX,DSL,NH3,0.000156263
2017,     ,Solano (SV),LDA,Gas,RUNEX,CAT,NH3,0.145706408
2017,     ,Solano (SV),LDT1,Dsl,RUNEX,DSL,NH3,6.40691e-07
2017,     ,Solano (SV),LDT1,Gas,RUNEX,CAT,NH3,0.017213463
2017,     ,Solano (SV),LDT2,Dsl,RUNEX,DSL,NH3,1.73158e-05
2017,     ,Solano (SV),LDT2,Gas,RUNEX,CAT,NH3,0.048869567
2017,     ,Solano (SV),LHD1,Dsl,RUNEX,DSL,NH3,0.02108111
2017,     ,Solano (SV),LHD1,Gas,RUNEX,CAT,NH3,0.007589867
2017,     ,Solano (SV),LHD2,Dsl,RUNEX,DSL,NH3,0.007903579
2017,     ,Solano (SV),LHD2,Gas,RUNEX,CAT,NH3,0.000728622
2017,     ,Solano (SV),MCY,Gas,RUNEX,CAT,NH3,0.002033508
2017,     ,Solano (SV),MDV,Dsl,RUNEX,DSL,NH3,8.51499e-05
2017,     ,Solano (SV),MDV,Gas,RUNEX,CAT,NH3,0.042917935
2017,     ,Solano (SV),MH,Dsl,RUNEX,DSL,NH3,0.000120421
2017,     ,Solano (SV),MH,Gas,RUNEX,CAT,NH3,0.000597127
2017,     ,Solano (SV),OBUS,Gas,RUNEX,CAT,NH3,0.000613438
2017,     ,Solano (SV),SBUS,Gas,RUNEX,CAT,NH3,3.36547e-05
2017,     ,Solano (SV),T6TS,Gas,RUNEX,CAT,NH3,0.001034998
2017,     ,Solano (SV),T7IS,Gas,RUNEX,CAT,NH3,3.48133e-06
2017,     ,Solano (SV),UBUS,Dsl,RUNEX,DSL,NH3,4.15966e-05
2017,     ,Solano (SV),UBUS,Gas,RUNEX,CAT,NH3,4.36481e-05
2017,     ,Solano (SV),UBUS,NG,RUNEX,DSL,NH3,2.25744e-05
