calendar_year,season_month,sub_area,vehicle_class,fuel,process,cat_ncat,pollutant,emission
2017,July,Sonoma (SF),LDA,Gas,RUNEX,CAT,CO,5.95241230685699
2017,July,Sonoma (SF),LDA,Gas,RUNEX,CAT,NOx,0.4260298341940438
2017,July,Sonoma (SF),LDA,Gas,RUNEX,CAT,SOx,0.013531926991307652
2017,July,Sonoma (SF),LDA,Gas,RUNEX,CAT,PM,0.008150083191867094
2017,July,Sonoma (SF),LDA,Gas,RUNEX,CAT,TOG,0.18167005461187805
2017,July,Sonoma (SF),LDA,Gas,RUNEX,CAT,PM10,0.007286827357632768
2017,July,Sonoma (SF),LDA,Gas,RUNEX,CAT,PM2_5,0.006700294256697451
2017,July,Sonoma (SF),LDA,Gas,RUNEX,NCAT,CO,0.0927952594062848
2017,July,Sonoma (SF),LDA,Gas,RUNEX,NCAT,NOx,0.008313962730615604
2017,July,Sonoma (SF),LDA,Gas,RUNEX,NCAT,SOx,8.998015803454863e-06
2017,July,Sonoma (SF),LDA,Gas,RUNEX,NCAT,PM,9.058106441038584e-05
2017,July,Sonoma (SF),LDA,Gas,RUNEX,NCAT,TOG,0.009190293329252893
2017,July,Sonoma (SF),LDA,Gas,RUNEX,NCAT,PM10,8.639541879479408e-05
2017,July,Sonoma (SF),LDA,Gas,RUNEX,NCAT,PM2_5,8.21369630816262e-05
2017,July,Sonoma (SF),LDA,Gas,STREX,CAT,CO,1.4351698064169232
2017,July,Sonoma (SF),LDA,Gas,STREX,CAT,NOx,0.16672937766591608
2017,July,Sonoma (SF),LDA,Gas,STREX,CAT,SOx,0.00035475759132817683
2017,July,Sonoma (SF),LDA,Gas,STREX,CAT,PM,0.0014214285438476375
2017,July,Sonoma (SF),LDA,Gas,STREX,CAT,TOG,0.26876543645924417
2017,July,Sonoma (SF),LDA,Gas,STREX,CAT,PM10,0.0012711052425087347
2017,July,Sonoma (SF),LDA,Gas,STREX,CAT,PM2_5,0.0011689078721375328
2017,July,Sonoma (SF),LDA,Gas,STREX,NCAT,CO,0.02328989004070124
2017,July,Sonoma (SF),LDA,Gas,STREX,NCAT,NOx,0.0013764876965798815
2017,July,Sonoma (SF),LDA,Gas,STREX,NCAT,SOx,2.098759562589297e-06
2017,July,Sonoma (SF),LDA,Gas,STREX,NCAT,PM,5.594007092091306e-05
2017,July,Sonoma (SF),LDA,Gas,STREX,NCAT,TOG,0.004041282799635133
2017,July,Sonoma (SF),LDA,Gas,STREX,NCAT,PM10,5.341028384605046e-05
2017,July,Sonoma (SF),LDA,Gas,STREX,NCAT,PM2_5,5.080343593970169e-05
2017,July,Sonoma (SF),LDA,Gas,HOTSOAK,CAT,TOG,0.09875215197491351
2017,July,Sonoma (SF),LDA,Gas,HOTSOAK,NCAT,TOG,0.0030476848048421362
2017,July,Sonoma (SF),LDA,Gas,RUNLOSS,CAT,TOG,0.1648646864143758
2017,July,Sonoma (SF),LDA,Gas,RUNLOSS,NCAT,TOG,0.013162604876352936
2017,July,Sonoma (SF),LDA,Gas,RESTLOSS,CAT,TOG,0.04296267717711137
2017,July,Sonoma (SF),LDA,Gas,RESTLOSS,NCAT,TOG,0.001581246897339543
2017,July,Sonoma (SF),LDA,Gas,DIURN,CAT,TOG,0.058716330827886465
2017,July,Sonoma (SF),LDA,Gas,DIURN,NCAT,TOG,0.0024105067550870287
2017,July,Sonoma (SF),LDA,Gas,PMTW,CAT,PM,0.03616685546357751
2017,July,Sonoma (SF),LDA,Gas,PMTW,CAT,PM10,0.03616685546357751
2017,July,Sonoma (SF),LDA,Gas,PMTW,CAT,PM2_5,0.009041713865894377
2017,July,Sonoma (SF),LDA,Gas,PMTW,NCAT,PM,1.2176941407828433e-05
2017,July,Sonoma (SF),LDA,Gas,PMTW,NCAT,PM10,1.2176941407828433e-05
2017,July,Sonoma (SF),LDA,Gas,PMTW,NCAT,PM2_5,3.0442353519571083e-06
2017,July,Sonoma (SF),LDA,Gas,PMBW,CAT,PM,0.16953213498551933
2017,July,Sonoma (SF),LDA,Gas,PMBW,CAT,PM10,0.16614149228580918
2017,July,Sonoma (SF),LDA,Gas,PMBW,CAT,PM2_5,0.07120349669391816
2017,July,Sonoma (SF),LDA,Gas,PMBW,NCAT,PM,5.707941284919577e-05
2017,July,Sonoma (SF),LDA,Gas,PMBW,NCAT,PM10,5.5937824592211885e-05
2017,July,Sonoma (SF),LDA,Gas,PMBW,NCAT,PM2_5,2.3973353396662237e-05
2017,July,Sonoma (SF),LDA,Dsl,RUNEX,DSL,CO,0.02138832050744601
2017,July,Sonoma (SF),LDA,Dsl,RUNEX,DSL,NOx,0.018717683484191148
2017,July,Sonoma (SF),LDA,Dsl,RUNEX,DSL,SOx,0.00013299413610960977
2017,July,Sonoma (SF),LDA,Dsl,RUNEX,DSL,PM,0.0012970534231239378
2017,July,Sonoma (SF),LDA,Dsl,RUNEX,DSL,TOG,0.002335822493954215
2017,July,Sonoma (SF),LDA,Dsl,RUNEX,DSL,PM10,0.0012892711025851938
2017,July,Sonoma (SF),LDA,Dsl,RUNEX,DSL,PM2_5,0.0012334978053908647
2017,July,Sonoma (SF),LDA,Dsl,PMTW,DSL,PM,0.0004768570904360577
2017,July,Sonoma (SF),LDA,Dsl,PMTW,DSL,PM10,0.0004768570904360577
2017,July,Sonoma (SF),LDA,Dsl,PMTW,DSL,PM2_5,0.00011921427260901442
2017,July,Sonoma (SF),LDA,Dsl,PMBW,DSL,PM,0.002235267611419019
2017,July,Sonoma (SF),LDA,Dsl,PMBW,DSL,PM10,0.0021905622591906386
2017,July,Sonoma (SF),LDA,Dsl,PMBW,DSL,PM2_5,0.0009388123967959882
2017,July,Sonoma (SF),LDA,Elec,HOTSOAK,CAT,TOG,3.597981827930061e-05
2017,July,Sonoma (SF),LDA,Elec,RESTLOSS,CAT,TOG,9.918685927090493e-06
2017,July,Sonoma (SF),LDA,Elec,DIURN,CAT,TOG,3.800931529878131e-05
2017,July,Sonoma (SF),LDA,Elec,PMTW,CAT,PM,0.00043353747486898496
2017,July,Sonoma (SF),LDA,Elec,PMTW,CAT,PM10,0.00043353747486898496
2017,July,Sonoma (SF),LDA,Elec,PMTW,CAT,PM2_5,0.00010838436871724624
2017,July,Sonoma (SF),LDA,Elec,PMBW,CAT,PM,0.0020322069134483664
2017,July,Sonoma (SF),LDA,Elec,PMBW,CAT,PM10,0.0019915627751793995
2017,July,Sonoma (SF),LDA,Elec,PMBW,CAT,PM2_5,0.0008535269036483141
2017,July,Sonoma (SF),LDT1,Gas,RUNEX,CAT,CO,1.4680345920005824
2017,July,Sonoma (SF),LDT1,Gas,RUNEX,CAT,NOx,0.12979335662527003
2017,July,Sonoma (SF),LDT1,Gas,RUNEX,CAT,SOx,0.0019415126547710337
2017,July,Sonoma (SF),LDT1,Gas,RUNEX,CAT,PM,0.0018363750118795283
2017,July,Sonoma (SF),LDT1,Gas,RUNEX,CAT,TOG,0.052222310369637585
2017,July,Sonoma (SF),LDT1,Gas,RUNEX,CAT,PM10,0.00164241289034253
2017,July,Sonoma (SF),LDT1,Gas,RUNEX,CAT,PM2_5,0.0015104837645949993
2017,July,Sonoma (SF),LDT1,Gas,RUNEX,NCAT,CO,0.08374823825462144
2017,July,Sonoma (SF),LDT1,Gas,RUNEX,NCAT,NOx,0.007405727553570851
2017,July,Sonoma (SF),LDT1,Gas,RUNEX,NCAT,SOx,7.991443255642723e-06
2017,July,Sonoma (SF),LDT1,Gas,RUNEX,NCAT,PM,8.125579637738914e-05
2017,July,Sonoma (SF),LDT1,Gas,RUNEX,NCAT,TOG,0.008265104690033593
2017,July,Sonoma (SF),LDT1,Gas,RUNEX,NCAT,PM10,7.739319059644003e-05
2017,July,Sonoma (SF),LDT1,Gas,RUNEX,NCAT,PM2_5,7.3528060448037e-05
2017,July,Sonoma (SF),LDT1,Gas,STREX,CAT,CO,0.22226992011075705
2017,July,Sonoma (SF),LDT1,Gas,STREX,CAT,NOx,0.03350306878619786
2017,July,Sonoma (SF),LDT1,Gas,STREX,CAT,SOx,5.720290576609485e-05
2017,July,Sonoma (SF),LDT1,Gas,STREX,CAT,PM,0.00032294283311693774
2017,July,Sonoma (SF),LDT1,Gas,STREX,CAT,TOG,0.059504705759257974
2017,July,Sonoma (SF),LDT1,Gas,STREX,CAT,PM10,0.0002888796869412313
2017,July,Sonoma (SF),LDT1,Gas,STREX,CAT,PM2_5,0.0002656983437892186
2017,July,Sonoma (SF),LDT1,Gas,STREX,NCAT,CO,0.008723207028368056
2017,July,Sonoma (SF),LDT1,Gas,STREX,NCAT,NOx,0.00045526745494950806
2017,July,Sonoma (SF),LDT1,Gas,STREX,NCAT,SOx,7.142638107220175e-07
2017,July,Sonoma (SF),LDT1,Gas,STREX,NCAT,PM,1.90386717439836e-05
2017,July,Sonoma (SF),LDT1,Gas,STREX,NCAT,TOG,0.0013989306625169068
2017,July,Sonoma (SF),LDT1,Gas,STREX,NCAT,PM10,1.812736941127973e-05
2017,July,Sonoma (SF),LDT1,Gas,STREX,NCAT,PM2_5,1.721912702213733e-05
2017,July,Sonoma (SF),LDT1,Gas,HOTSOAK,CAT,TOG,0.026800871057006823
2017,July,Sonoma (SF),LDT1,Gas,HOTSOAK,NCAT,TOG,0.000979303542898007
2017,July,Sonoma (SF),LDT1,Gas,RUNLOSS,CAT,TOG,0.08887180762281349
2017,July,Sonoma (SF),LDT1,Gas,RUNLOSS,NCAT,TOG,0.0019069051491828113
2017,July,Sonoma (SF),LDT1,Gas,RESTLOSS,CAT,TOG,0.012414381847620845
2017,July,Sonoma (SF),LDT1,Gas,RESTLOSS,NCAT,TOG,0.0005175687299724039
2017,July,Sonoma (SF),LDT1,Gas,DIURN,CAT,TOG,0.018951464326778623
2017,July,Sonoma (SF),LDT1,Gas,DIURN,NCAT,TOG,0.0007860575540919356
2017,July,Sonoma (SF),LDT1,Gas,PMTW,CAT,PM,0.004461729549322084
2017,July,Sonoma (SF),LDT1,Gas,PMTW,CAT,PM10,0.004461729549322084
2017,July,Sonoma (SF),LDT1,Gas,PMTW,CAT,PM2_5,0.001115432387330521
2017,July,Sonoma (SF),LDT1,Gas,PMTW,NCAT,PM,1.092050253355773e-05
2017,July,Sonoma (SF),LDT1,Gas,PMTW,NCAT,PM10,1.092050253355773e-05
2017,July,Sonoma (SF),LDT1,Gas,PMTW,NCAT,PM2_5,2.7301256333894323e-06
2017,July,Sonoma (SF),LDT1,Gas,PMBW,CAT,PM,0.020914357262447274
2017,July,Sonoma (SF),LDT1,Gas,PMBW,CAT,PM10,0.02049607011719831
2017,July,Sonoma (SF),LDT1,Gas,PMBW,CAT,PM2_5,0.008784030050227848
2017,July,Sonoma (SF),LDT1,Gas,PMBW,NCAT,PM,5.118985562605185e-05
2017,July,Sonoma (SF),LDT1,Gas,PMBW,NCAT,PM10,5.0166058513530806e-05
2017,July,Sonoma (SF),LDT1,Gas,PMBW,NCAT,PM2_5,2.1499739362941783e-05
2017,July,Sonoma (SF),LDT2,Gas,RUNEX,CAT,CO,2.821125080522681
2017,July,Sonoma (SF),LDT2,Gas,RUNEX,CAT,NOx,0.29012658485620607
2017,July,Sonoma (SF),LDT2,Gas,RUNEX,CAT,SOx,0.006749667194229504
2017,July,Sonoma (SF),LDT2,Gas,RUNEX,CAT,PM,0.003207875433180949
2017,July,Sonoma (SF),LDT2,Gas,RUNEX,CAT,TOG,0.08670245888891182
2017,July,Sonoma (SF),LDT2,Gas,RUNEX,CAT,PM10,0.0028687792495495916
2017,July,Sonoma (SF),LDT2,Gas,RUNEX,CAT,PM2_5,0.0026382044742412087
2017,July,Sonoma (SF),LDT2,Gas,RUNEX,NCAT,CO,0.11026362334616277
2017,July,Sonoma (SF),LDT2,Gas,RUNEX,NCAT,NOx,0.009927907777209559
2017,July,Sonoma (SF),LDT2,Gas,RUNEX,NCAT,SOx,1.0593611285873086e-05
2017,July,Sonoma (SF),LDT2,Gas,RUNEX,NCAT,PM,0.00010765696671046806
2017,July,Sonoma (SF),LDT2,Gas,RUNEX,NCAT,TOG,0.011165359187208903
2017,July,Sonoma (SF),LDT2,Gas,RUNEX,NCAT,PM10,0.00010251973272293688
2017,July,Sonoma (SF),LDT2,Gas,RUNEX,NCAT,PM2_5,9.739057030703387e-05
2017,July,Sonoma (SF),LDT2,Gas,STREX,CAT,CO,0.7450374457827926
2017,July,Sonoma (SF),LDT2,Gas,STREX,CAT,NOx,0.11011483833695263
2017,July,Sonoma (SF),LDT2,Gas,STREX,CAT,SOx,0.00018964891424107575
2017,July,Sonoma (SF),LDT2,Gas,STREX,CAT,PM,0.000554581587794945
2017,July,Sonoma (SF),LDT2,Gas,STREX,CAT,TOG,0.13240932359534008
2017,July,Sonoma (SF),LDT2,Gas,STREX,CAT,PM10,0.0004960243166455361
2017,July,Sonoma (SF),LDT2,Gas,STREX,CAT,PM2_5,0.0004561898835241782
2017,July,Sonoma (SF),LDT2,Gas,STREX,NCAT,CO,0.011680031783112879
2017,July,Sonoma (SF),LDT2,Gas,STREX,NCAT,NOx,0.0006053689612950218
2017,July,Sonoma (SF),LDT2,Gas,STREX,NCAT,SOx,9.4847296339308e-07
2017,July,Sonoma (SF),LDT2,Gas,STREX,NCAT,PM,2.522423137244646e-05
2017,July,Sonoma (SF),LDT2,Gas,STREX,NCAT,TOG,0.0018941928161441142
2017,July,Sonoma (SF),LDT2,Gas,STREX,NCAT,PM10,2.4012109192066565e-05
2017,July,Sonoma (SF),LDT2,Gas,STREX,NCAT,PM2_5,2.2806801811799456e-05
2017,July,Sonoma (SF),LDT2,Gas,HOTSOAK,CAT,TOG,0.042151666989606
2017,July,Sonoma (SF),LDT2,Gas,HOTSOAK,NCAT,TOG,0.0012959182202048447
2017,July,Sonoma (SF),LDT2,Gas,RUNLOSS,CAT,TOG,0.12692595274954724
2017,July,Sonoma (SF),LDT2,Gas,RUNLOSS,NCAT,TOG,0.0023397355875600105
2017,July,Sonoma (SF),LDT2,Gas,RESTLOSS,CAT,TOG,0.020246312460490662
2017,July,Sonoma (SF),LDT2,Gas,RESTLOSS,NCAT,TOG,0.0007162766389331267
2017,July,Sonoma (SF),LDT2,Gas,DIURN,CAT,TOG,0.02630814455454657
2017,July,Sonoma (SF),LDT2,Gas,DIURN,NCAT,TOG,0.001063520219042114
2017,July,Sonoma (SF),LDT2,Gas,PMTW,CAT,PM,0.01399450994770862
2017,July,Sonoma (SF),LDT2,Gas,PMTW,CAT,PM10,0.01399450994770862
2017,July,Sonoma (SF),LDT2,Gas,PMTW,CAT,PM2_5,0.003498627486927155
2017,July,Sonoma (SF),LDT2,Gas,PMTW,NCAT,PM,1.4465970341109261e-05
2017,July,Sonoma (SF),LDT2,Gas,PMTW,NCAT,PM10,1.4465970341109261e-05
2017,July,Sonoma (SF),LDT2,Gas,PMTW,NCAT,PM2_5,3.6164925852773153e-06
2017,July,Sonoma (SF),LDT2,Gas,PMBW,CAT,PM,0.06559926537988411
2017,July,Sonoma (SF),LDT2,Gas,PMBW,CAT,PM10,0.06428728007228657
2017,July,Sonoma (SF),LDT2,Gas,PMBW,CAT,PM2_5,0.02755169145955134
2017,July,Sonoma (SF),LDT2,Gas,PMBW,NCAT,PM,6.780923597394966e-05
2017,July,Sonoma (SF),LDT2,Gas,PMBW,NCAT,PM10,6.645305125447073e-05
2017,July,Sonoma (SF),LDT2,Gas,PMBW,NCAT,PM2_5,2.8479879109058847e-05
2017,July,Sonoma (SF),MDV,Gas,RUNEX,CAT,CO,2.2396109743028996
2017,July,Sonoma (SF),MDV,Gas,RUNEX,CAT,NOx,0.25247669585544585
2017,July,Sonoma (SF),MDV,Gas,RUNEX,CAT,SOx,0.0060427956992931695
2017,July,Sonoma (SF),MDV,Gas,RUNEX,CAT,PM,0.002439567551442636
2017,July,Sonoma (SF),MDV,Gas,RUNEX,CAT,TOG,0.07702678941747604
2017,July,Sonoma (SF),MDV,Gas,RUNEX,CAT,PM10,0.002181517244455793
2017,July,Sonoma (SF),MDV,Gas,RUNEX,CAT,PM2_5,0.0020060956627974504
2017,July,Sonoma (SF),MDV,Gas,RUNEX,NCAT,CO,0.23666403566100896
2017,July,Sonoma (SF),MDV,Gas,RUNEX,NCAT,NOx,0.015875908127258767
2017,July,Sonoma (SF),MDV,Gas,RUNEX,NCAT,SOx,1.5038317442117064e-05
2017,July,Sonoma (SF),MDV,Gas,RUNEX,NCAT,PM,0.00011806155459093557
2017,July,Sonoma (SF),MDV,Gas,RUNEX,NCAT,TOG,0.014063308747396808
2017,July,Sonoma (SF),MDV,Gas,RUNEX,NCAT,PM10,0.00011291330049581354
2017,July,Sonoma (SF),MDV,Gas,RUNEX,NCAT,PM2_5,0.00010749131004828826
2017,July,Sonoma (SF),MDV,Gas,STREX,CAT,CO,0.6991419659827004
2017,July,Sonoma (SF),MDV,Gas,STREX,CAT,NOx,0.10188348859207119
2017,July,Sonoma (SF),MDV,Gas,STREX,CAT,SOx,0.00017401769045220195
2017,July,Sonoma (SF),MDV,Gas,STREX,CAT,PM,0.00048253200295749176
2017,July,Sonoma (SF),MDV,Gas,STREX,CAT,TOG,0.13179190948715996
2017,July,Sonoma (SF),MDV,Gas,STREX,CAT,PM10,0.000431558358847586
2017,July,Sonoma (SF),MDV,Gas,STREX,CAT,PM2_5,0.00039688908373465423
2017,July,Sonoma (SF),MDV,Gas,STREX,NCAT,CO,0.0297414635725538
2017,July,Sonoma (SF),MDV,Gas,STREX,NCAT,NOx,0.0013194852335444843
2017,July,Sonoma (SF),MDV,Gas,STREX,NCAT,SOx,1.8171525685066865e-06
2017,July,Sonoma (SF),MDV,Gas,STREX,NCAT,PM,3.7050280477635366e-05
2017,July,Sonoma (SF),MDV,Gas,STREX,NCAT,TOG,0.003460707442627214
2017,July,Sonoma (SF),MDV,Gas,STREX,NCAT,PM10,3.543057133541905e-05
2017,July,Sonoma (SF),MDV,Gas,STREX,NCAT,PM2_5,3.372732989439591e-05
2017,July,Sonoma (SF),MDV,Gas,HOTSOAK,CAT,TOG,0.034780987114621444
2017,July,Sonoma (SF),MDV,Gas,HOTSOAK,NCAT,TOG,0.001299558291178582
2017,July,Sonoma (SF),MDV,Gas,RUNLOSS,CAT,TOG,0.10112768837247575
2017,July,Sonoma (SF),MDV,Gas,RUNLOSS,NCAT,TOG,0.002751591975235853
2017,July,Sonoma (SF),MDV,Gas,RESTLOSS,CAT,TOG,0.01716003149907408
2017,July,Sonoma (SF),MDV,Gas,RESTLOSS,NCAT,TOG,0.0011039783528760242
2017,July,Sonoma (SF),MDV,Gas,DIURN,CAT,TOG,0.02143140211743225
2017,July,Sonoma (SF),MDV,Gas,DIURN,NCAT,TOG,0.001585614726265608
2017,July,Sonoma (SF),MDV,Gas,PMTW,CAT,PM,0.010461182393758274
2017,July,Sonoma (SF),MDV,Gas,PMTW,CAT,PM10,0.010461182393758274
2017,July,Sonoma (SF),MDV,Gas,PMTW,CAT,PM2_5,0.0026152955984395684
2017,July,Sonoma (SF),MDV,Gas,PMTW,NCAT,PM,1.5924580566608414e-05
2017,July,Sonoma (SF),MDV,Gas,PMTW,NCAT,PM10,1.5924580566608414e-05
2017,July,Sonoma (SF),MDV,Gas,PMTW,NCAT,PM2_5,3.981145141652104e-06
2017,July,Sonoma (SF),MDV,Gas,PMBW,CAT,PM,0.04903679247074189
2017,July,Sonoma (SF),MDV,Gas,PMBW,CAT,PM10,0.048056056621327115
2017,July,Sonoma (SF),MDV,Gas,PMBW,CAT,PM2_5,0.02059545283771163
2017,July,Sonoma (SF),MDV,Gas,PMBW,NCAT,PM,7.464647140597692e-05
2017,July,Sonoma (SF),MDV,Gas,PMBW,NCAT,PM10,7.315354197785736e-05
2017,July,Sonoma (SF),MDV,Gas,PMBW,NCAT,PM2_5,3.1351517990510306e-05
2017,July,Sonoma (SF),LHD1,Gas,RUNEX,CAT,CO,0.42015429117886527
2017,July,Sonoma (SF),LHD1,Gas,RUNEX,CAT,NOx,0.08754753571724377
2017,July,Sonoma (SF),LHD1,Gas,RUNEX,CAT,SOx,0.002133020821747006
2017,July,Sonoma (SF),LHD1,Gas,RUNEX,CAT,PM,0.000702036293794256
2017,July,Sonoma (SF),LHD1,Gas,RUNEX,CAT,TOG,0.03307279402516587
2017,July,Sonoma (SF),LHD1,Gas,RUNEX,CAT,PM10,0.0006276204466520637
2017,July,Sonoma (SF),LHD1,Gas,RUNEX,CAT,PM2_5,0.0005770738334988776
2017,July,Sonoma (SF),LHD1,Gas,RUNEX,NCAT,CO,0.12333432117433306
2017,July,Sonoma (SF),LHD1,Gas,RUNEX,NCAT,NOx,0.0033789749639636414
2017,July,Sonoma (SF),LHD1,Gas,RUNEX,NCAT,SOx,1.414206396932435e-05
2017,July,Sonoma (SF),LHD1,Gas,RUNEX,NCAT,PM,6.470119823865031e-05
2017,July,Sonoma (SF),LHD1,Gas,RUNEX,NCAT,TOG,0.007441977707164667
2017,July,Sonoma (SF),LHD1,Gas,RUNEX,NCAT,PM10,6.217785150734292e-05
2017,July,Sonoma (SF),LHD1,Gas,RUNEX,NCAT,PM2_5,5.9330998784842324e-05
2017,July,Sonoma (SF),LHD1,Gas,IDLEX,CAT,CO,0.021519961204493017
2017,July,Sonoma (SF),LHD1,Gas,IDLEX,CAT,NOx,0.0002410713208556004
2017,July,Sonoma (SF),LHD1,Gas,IDLEX,CAT,SOx,7.141235642661624e-06
2017,July,Sonoma (SF),LHD1,Gas,IDLEX,CAT,TOG,0.004020043966345796
2017,July,Sonoma (SF),LHD1,Gas,IDLEX,NCAT,CO,0.00025482574109382034
2017,July,Sonoma (SF),LHD1,Gas,IDLEX,NCAT,NOx,2.8816246288755945e-06
2017,July,Sonoma (SF),LHD1,Gas,IDLEX,NCAT,SOx,9.389601737924634e-08
2017,July,Sonoma (SF),LHD1,Gas,IDLEX,NCAT,TOG,4.580280918401769e-05
2017,July,Sonoma (SF),LHD1,Gas,STREX,CAT,CO,0.18142967975494603
2017,July,Sonoma (SF),LHD1,Gas,STREX,CAT,NOx,0.048734258205429946
2017,July,Sonoma (SF),LHD1,Gas,STREX,CAT,SOx,1.6727941227726826e-05
2017,July,Sonoma (SF),LHD1,Gas,STREX,CAT,PM,5.688038082591785e-05
2017,July,Sonoma (SF),LHD1,Gas,STREX,CAT,TOG,0.016969708435899296
2017,July,Sonoma (SF),LHD1,Gas,STREX,CAT,PM10,5.085106045837053e-05
2017,July,Sonoma (SF),LHD1,Gas,STREX,CAT,PM2_5,4.675567303890444e-05
2017,July,Sonoma (SF),LHD1,Gas,STREX,NCAT,CO,0.0001035007531845211
2017,July,Sonoma (SF),LHD1,Gas,STREX,NCAT,NOx,0.00041091177817219874
2017,July,Sonoma (SF),LHD1,Gas,STREX,NCAT,SOx,7.540272611858061e-07
2017,July,Sonoma (SF),LHD1,Gas,STREX,NCAT,PM,1.7382119562200497e-05
2017,July,Sonoma (SF),LHD1,Gas,STREX,NCAT,TOG,0.0023159340596178887
2017,July,Sonoma (SF),LHD1,Gas,STREX,NCAT,PM10,1.6704216899274672e-05
2017,July,Sonoma (SF),LHD1,Gas,STREX,NCAT,PM2_5,1.5939403638537844e-05
2017,July,Sonoma (SF),LHD1,Gas,HOTSOAK,CAT,TOG,0.01433728925258448
2017,July,Sonoma (SF),LHD1,Gas,HOTSOAK,NCAT,TOG,0.0015288679300139965
2017,July,Sonoma (SF),LHD1,Gas,RUNLOSS,CAT,TOG,0.10787618331154741
2017,July,Sonoma (SF),LHD1,Gas,RUNLOSS,NCAT,TOG,0.0039563631966026335
2017,July,Sonoma (SF),LHD1,Gas,RESTLOSS,CAT,TOG,0.00022746749644546088
2017,July,Sonoma (SF),LHD1,Gas,RESTLOSS,NCAT,TOG,1.721825760463565e-05
2017,July,Sonoma (SF),LHD1,Gas,DIURN,CAT,TOG,0.000528179746624466
2017,July,Sonoma (SF),LHD1,Gas,DIURN,NCAT,TOG,3.9560990965106185e-05
2017,July,Sonoma (SF),LHD1,Gas,PMTW,CAT,PM,0.0016361085320293694
2017,July,Sonoma (SF),LHD1,Gas,PMTW,CAT,PM10,0.0016361085320293694
2017,July,Sonoma (SF),LHD1,Gas,PMTW,CAT,PM2_5,0.00040902713300734235
2017,July,Sonoma (SF),LHD1,Gas,PMTW,NCAT,PM,9.14412157994637e-06
2017,July,Sonoma (SF),LHD1,Gas,PMTW,NCAT,PM10,9.14412157994637e-06
2017,July,Sonoma (SF),LHD1,Gas,PMTW,NCAT,PM2_5,2.2860303949865924e-06
2017,July,Sonoma (SF),LHD1,Gas,PMBW,CAT,PM,0.015952058187286365
2017,July,Sonoma (SF),LHD1,Gas,PMBW,CAT,PM10,0.015633017023540644
2017,July,Sonoma (SF),LHD1,Gas,PMBW,CAT,PM2_5,0.00669986443866028
2017,July,Sonoma (SF),LHD1,Gas,PMBW,NCAT,PM,8.915518540447711e-05
2017,July,Sonoma (SF),LHD1,Gas,PMBW,NCAT,PM10,8.737208169638756e-05
2017,July,Sonoma (SF),LHD1,Gas,PMBW,NCAT,PM2_5,3.744517786988038e-05
2017,July,Sonoma (SF),LHD2,Gas,RUNEX,CAT,CO,0.039699196445475524
2017,July,Sonoma (SF),LHD2,Gas,RUNEX,CAT,NOx,0.010518917292152137
2017,July,Sonoma (SF),LHD2,Gas,RUNEX,CAT,SOx,0.000374081367812701
2017,July,Sonoma (SF),LHD2,Gas,RUNEX,CAT,PM,7.920503522582541e-05
2017,July,Sonoma (SF),LHD2,Gas,RUNEX,CAT,TOG,0.003105535547024845
2017,July,Sonoma (SF),LHD2,Gas,RUNEX,CAT,PM10,7.080930149188783e-05
2017,July,Sonoma (SF),LHD2,Gas,RUNEX,CAT,PM2_5,6.510653895562839e-05
2017,July,Sonoma (SF),LHD2,Gas,RUNEX,NCAT,CO,0.0011601038514751248
2017,July,Sonoma (SF),LHD2,Gas,RUNEX,NCAT,NOx,2.1583601766827442e-05
2017,July,Sonoma (SF),LHD2,Gas,RUNEX,NCAT,SOx,1.4560506238070788e-07
2017,July,Sonoma (SF),LHD2,Gas,RUNEX,NCAT,PM,5.921249115985241e-07
2017,July,Sonoma (SF),LHD2,Gas,RUNEX,NCAT,TOG,5.894340201020759e-05
2017,July,Sonoma (SF),LHD2,Gas,RUNEX,NCAT,PM10,5.690320400461814e-07
2017,July,Sonoma (SF),LHD2,Gas,RUNEX,NCAT,PM2_5,5.429785439358464e-07
2017,July,Sonoma (SF),LHD2,Gas,IDLEX,CAT,CO,0.003137171273018585
2017,July,Sonoma (SF),LHD2,Gas,IDLEX,CAT,NOx,3.522106713445712e-05
2017,July,Sonoma (SF),LHD2,Gas,IDLEX,CAT,SOx,1.1934587686983666e-06
2017,July,Sonoma (SF),LHD2,Gas,IDLEX,CAT,TOG,0.0005885081507763438
2017,July,Sonoma (SF),LHD2,Gas,IDLEX,NCAT,CO,2.095430907597164e-06
2017,July,Sonoma (SF),LHD2,Gas,IDLEX,NCAT,NOx,2.3695586189685607e-08
2017,July,Sonoma (SF),LHD2,Gas,IDLEX,NCAT,SOx,8.910123044784737e-10
2017,July,Sonoma (SF),LHD2,Gas,IDLEX,NCAT,TOG,3.7663629116506645e-07
2017,July,Sonoma (SF),LHD2,Gas,STREX,CAT,CO,0.024002215908377915
2017,July,Sonoma (SF),LHD2,Gas,STREX,CAT,NOx,0.006988714297628666
2017,July,Sonoma (SF),LHD2,Gas,STREX,CAT,SOx,2.7419189961847813e-06
2017,July,Sonoma (SF),LHD2,Gas,STREX,CAT,PM,5.8623772506616965e-06
2017,July,Sonoma (SF),LHD2,Gas,STREX,CAT,TOG,0.0021380470788925367
2017,July,Sonoma (SF),LHD2,Gas,STREX,CAT,PM10,5.240965262091558e-06
2017,July,Sonoma (SF),LHD2,Gas,STREX,CAT,PM2_5,4.818874100043914e-06
2017,July,Sonoma (SF),LHD2,Gas,STREX,NCAT,CO,8.684022420885998e-07
2017,July,Sonoma (SF),LHD2,Gas,STREX,NCAT,NOx,3.892702230652927e-06
2017,July,Sonoma (SF),LHD2,Gas,STREX,NCAT,SOx,7.12566886055602e-09
2017,July,Sonoma (SF),LHD2,Gas,STREX,NCAT,PM,1.42933089937622e-07
2017,July,Sonoma (SF),LHD2,Gas,STREX,NCAT,TOG,1.932016495179416e-05
2017,July,Sonoma (SF),LHD2,Gas,STREX,NCAT,PM10,1.3735869943005475e-07
2017,July,Sonoma (SF),LHD2,Gas,STREX,NCAT,PM2_5,1.3106964347279942e-07
2017,July,Sonoma (SF),LHD2,Gas,HOTSOAK,CAT,TOG,0.001484700148589126
2017,July,Sonoma (SF),LHD2,Gas,HOTSOAK,NCAT,TOG,1.252229199703225e-05
2017,July,Sonoma (SF),LHD2,Gas,RUNLOSS,CAT,TOG,0.010176985594443822
2017,July,Sonoma (SF),LHD2,Gas,RUNLOSS,NCAT,TOG,1.5567462372731064e-05
2017,July,Sonoma (SF),LHD2,Gas,RESTLOSS,CAT,TOG,2.3632351272458302e-05
2017,July,Sonoma (SF),LHD2,Gas,RESTLOSS,NCAT,TOG,1.6274982948537898e-07
2017,July,Sonoma (SF),LHD2,Gas,DIURN,CAT,TOG,5.2555668243634365e-05
2017,July,Sonoma (SF),LHD2,Gas,DIURN,NCAT,TOG,3.479887529257767e-07
2017,July,Sonoma (SF),LHD2,Gas,PMTW,CAT,PM,0.0002505483783617178
2017,July,Sonoma (SF),LHD2,Gas,PMTW,CAT,PM10,0.0002505483783617178
2017,July,Sonoma (SF),LHD2,Gas,PMTW,CAT,PM2_5,6.263709459042945e-05
2017,July,Sonoma (SF),LHD2,Gas,PMTW,NCAT,PM,8.368410987074245e-08
2017,July,Sonoma (SF),LHD2,Gas,PMTW,NCAT,PM10,8.368410987074245e-08
2017,July,Sonoma (SF),LHD2,Gas,PMTW,NCAT,PM2_5,2.0921027467685613e-08
2017,July,Sonoma (SF),LHD2,Gas,PMBW,CAT,PM,0.002849987803864543
2017,July,Sonoma (SF),LHD2,Gas,PMBW,CAT,PM10,0.0027929880477872517
2017,July,Sonoma (SF),LHD2,Gas,PMBW,CAT,PM2_5,0.0011969948776231103
2017,July,Sonoma (SF),LHD2,Gas,PMBW,NCAT,PM,9.519067497796954e-07
2017,July,Sonoma (SF),LHD2,Gas,PMBW,NCAT,PM10,9.328686147841012e-07
2017,July,Sonoma (SF),LHD2,Gas,PMBW,NCAT,PM2_5,3.9980083490747206e-07
2017,July,Sonoma (SF),T6TS,Gas,RUNEX,CAT,CO,0.10901230701134251
2017,July,Sonoma (SF),T6TS,Gas,RUNEX,CAT,NOx,0.024316687134910135
2017,July,Sonoma (SF),T6TS,Gas,RUNEX,CAT,SOx,0.00032940743113212836
2017,July,Sonoma (SF),T6TS,Gas,RUNEX,CAT,PM,3.8826972703187674e-05
2017,July,Sonoma (SF),T6TS,Gas,RUNEX,CAT,TOG,0.006765095196486775
2017,July,Sonoma (SF),T6TS,Gas,RUNEX,CAT,PM10,3.471131359664977e-05
2017,July,Sonoma (SF),T6TS,Gas,RUNEX,CAT,PM2_5,3.19157715620203e-05
2017,July,Sonoma (SF),T6TS,Gas,RUNEX,NCAT,CO,0.017685683842101417
2017,July,Sonoma (SF),T6TS,Gas,RUNEX,NCAT,NOx,0.0005500440285264033
2017,July,Sonoma (SF),T6TS,Gas,RUNEX,NCAT,SOx,2.72976966024874e-06
2017,July,Sonoma (SF),T6TS,Gas,RUNEX,NCAT,PM,5.395605706188904e-06
2017,July,Sonoma (SF),T6TS,Gas,RUNEX,NCAT,TOG,0.0008599235510431686
2017,July,Sonoma (SF),T6TS,Gas,RUNEX,NCAT,PM10,5.185177083647539e-06
2017,July,Sonoma (SF),T6TS,Gas,RUNEX,NCAT,PM2_5,4.947770432575227e-06
2017,July,Sonoma (SF),T6TS,Gas,IDLEX,CAT,CO,0.004136521850274107
2017,July,Sonoma (SF),T6TS,Gas,IDLEX,CAT,NOx,3.662705905296668e-05
2017,July,Sonoma (SF),T6TS,Gas,IDLEX,CAT,SOx,2.350580473905299e-06
2017,July,Sonoma (SF),T6TS,Gas,IDLEX,CAT,TOG,0.000541611469601705
2017,July,Sonoma (SF),T6TS,Gas,IDLEX,NCAT,CO,0.0001333984766728081
2017,July,Sonoma (SF),T6TS,Gas,IDLEX,NCAT,NOx,1.1850713842367873e-06
2017,July,Sonoma (SF),T6TS,Gas,IDLEX,NCAT,SOx,8.379327669038305e-08
2017,July,Sonoma (SF),T6TS,Gas,IDLEX,NCAT,TOG,1.6780132814403564e-05
2017,July,Sonoma (SF),T6TS,Gas,STREX,CAT,CO,0.0536361730689789
2017,July,Sonoma (SF),T6TS,Gas,STREX,CAT,NOx,0.003364232591371248
2017,July,Sonoma (SF),T6TS,Gas,STREX,CAT,SOx,3.489716348459488e-06
2017,July,Sonoma (SF),T6TS,Gas,STREX,CAT,PM,7.0311300847291876e-06
2017,July,Sonoma (SF),T6TS,Gas,STREX,CAT,TOG,0.002532917881399566
2017,July,Sonoma (SF),T6TS,Gas,STREX,CAT,PM10,6.285830295747887e-06
2017,July,Sonoma (SF),T6TS,Gas,STREX,CAT,PM2_5,5.779588929647384e-06
2017,July,Sonoma (SF),T6TS,Gas,STREX,NCAT,CO,3.872405131780782e-05
2017,July,Sonoma (SF),T6TS,Gas,STREX,NCAT,NOx,0.00015830289586460364
2017,July,Sonoma (SF),T6TS,Gas,STREX,NCAT,SOx,3.9313652213361036e-07
2017,July,Sonoma (SF),T6TS,Gas,STREX,NCAT,PM,4.380941426948333e-06
2017,July,Sonoma (SF),T6TS,Gas,STREX,NCAT,TOG,0.0008587863023978082
2017,July,Sonoma (SF),T6TS,Gas,STREX,NCAT,PM10,4.210084711297347e-06
2017,July,Sonoma (SF),T6TS,Gas,STREX,NCAT,PM2_5,4.017323288511622e-06
2017,July,Sonoma (SF),T6TS,Gas,HOTSOAK,CAT,TOG,0.001086925998123733
2017,July,Sonoma (SF),T6TS,Gas,HOTSOAK,NCAT,TOG,0.0004137533278505063
2017,July,Sonoma (SF),T6TS,Gas,RUNLOSS,CAT,TOG,0.0061983348361753015
2017,July,Sonoma (SF),T6TS,Gas,RUNLOSS,NCAT,TOG,0.0007722760299371708
2017,July,Sonoma (SF),T6TS,Gas,RESTLOSS,CAT,TOG,1.658506183189248e-05
2017,July,Sonoma (SF),T6TS,Gas,RESTLOSS,NCAT,TOG,3.6933793898079137e-06
2017,July,Sonoma (SF),T6TS,Gas,DIURN,CAT,TOG,3.814698396114778e-05
2017,July,Sonoma (SF),T6TS,Gas,DIURN,NCAT,TOG,7.784986480637712e-06
2017,July,Sonoma (SF),T6TS,Gas,PMTW,CAT,PM,0.00021633644720366594
2017,July,Sonoma (SF),T6TS,Gas,PMTW,CAT,PM10,0.00021633644720366594
2017,July,Sonoma (SF),T6TS,Gas,PMTW,CAT,PM2_5,5.4084111800916485e-05
2017,July,Sonoma (SF),T6TS,Gas,PMTW,NCAT,PM,1.5688488556973112e-06
2017,July,Sonoma (SF),T6TS,Gas,PMTW,NCAT,PM10,1.5688488556973112e-06
2017,July,Sonoma (SF),T6TS,Gas,PMTW,NCAT,PM2_5,3.922122139243278e-07
2017,July,Sonoma (SF),T6TS,Gas,PMBW,CAT,PM,0.0023977289565072987
2017,July,Sonoma (SF),T6TS,Gas,PMBW,CAT,PM10,0.00234977437737715
2017,July,Sonoma (SF),T6TS,Gas,PMBW,CAT,PM2_5,0.0010070461617330648
2017,July,Sonoma (SF),T6TS,Gas,PMBW,NCAT,PM,1.738807481731186e-05
2017,July,Sonoma (SF),T6TS,Gas,PMBW,NCAT,PM10,1.704031332096562e-05
2017,July,Sonoma (SF),T6TS,Gas,PMBW,NCAT,PM2_5,7.302991423270984e-06
2017,July,Sonoma (SF),T7IS,Gas,RUNEX,CAT,CO,0.022826147845568696
2017,July,Sonoma (SF),T7IS,Gas,RUNEX,CAT,NOx,0.0020955413038953262
2017,July,Sonoma (SF),T7IS,Gas,RUNEX,CAT,SOx,8.901966843730882e-06
2017,July,Sonoma (SF),T7IS,Gas,RUNEX,CAT,PM,8.199066035457064e-07
2017,July,Sonoma (SF),T7IS,Gas,RUNEX,CAT,TOG,0.000563634589787302
2017,July,Sonoma (SF),T7IS,Gas,RUNEX,CAT,PM10,7.329965035698618e-07
2017,July,Sonoma (SF),T7IS,Gas,RUNEX,CAT,PM2_5,6.739632281145706e-07
2017,July,Sonoma (SF),T7IS,Gas,STREX,CAT,CO,0.0003538531969756909
2017,July,Sonoma (SF),T7IS,Gas,STREX,CAT,NOx,0.00011587604635328896
2017,July,Sonoma (SF),T7IS,Gas,STREX,CAT,SOx,4.2612718689838444e-08
2017,July,Sonoma (SF),T7IS,Gas,STREX,CAT,PM,1.5106896599566462e-07
2017,July,Sonoma (SF),T7IS,Gas,STREX,CAT,TOG,3.4112867889273636e-08
2017,July,Sonoma (SF),T7IS,Gas,STREX,CAT,PM10,1.3505565560012404e-07
2017,July,Sonoma (SF),T7IS,Gas,STREX,CAT,PM2_5,1.2417869004843629e-07
2017,July,Sonoma (SF),T7IS,Gas,HOTSOAK,CAT,TOG,1.9922878478554708e-05
2017,July,Sonoma (SF),T7IS,Gas,RUNLOSS,CAT,TOG,0.00010003932915966024
2017,July,Sonoma (SF),T7IS,Gas,RESTLOSS,CAT,TOG,3.2236148758875855e-07
2017,July,Sonoma (SF),T7IS,Gas,DIURN,CAT,TOG,6.013208492953357e-07
2017,July,Sonoma (SF),T7IS,Gas,PMTW,CAT,PM,8.616288677093287e-06
2017,July,Sonoma (SF),T7IS,Gas,PMTW,CAT,PM10,8.616288677093287e-06
2017,July,Sonoma (SF),T7IS,Gas,PMTW,CAT,PM2_5,2.154072169273322e-06
2017,July,Sonoma (SF),T7IS,Gas,PMBW,CAT,PM,2.7141309332843838e-05
2017,July,Sonoma (SF),T7IS,Gas,PMBW,CAT,PM10,2.6598483146186966e-05
2017,July,Sonoma (SF),T7IS,Gas,PMBW,CAT,PM2_5,1.1399349919794421e-05
2017,July,Sonoma (SF),LDT1,Dsl,RUNEX,DSL,CO,0.000884405150812857
2017,July,Sonoma (SF),LDT1,Dsl,RUNEX,DSL,NOx,0.0007921006425666832
2017,July,Sonoma (SF),LDT1,Dsl,RUNEX,DSL,SOx,2.3943989759792443e-06
2017,July,Sonoma (SF),LDT1,Dsl,RUNEX,DSL,PM,0.00012885557243873643
2017,July,Sonoma (SF),LDT1,Dsl,RUNEX,DSL,TOG,0.00018288104949512165
2017,July,Sonoma (SF),LDT1,Dsl,RUNEX,DSL,PM10,0.00012808243900410386
2017,July,Sonoma (SF),LDT1,Dsl,RUNEX,DSL,PM2_5,0.00012254164938923828
2017,July,Sonoma (SF),LDT1,Dsl,PMTW,DSL,PM,4.743443784383954e-06
2017,July,Sonoma (SF),LDT1,Dsl,PMTW,DSL,PM10,4.743443784383954e-06
2017,July,Sonoma (SF),LDT1,Dsl,PMTW,DSL,PM2_5,1.1858609460959885e-06
2017,July,Sonoma (SF),LDT1,Dsl,PMBW,DSL,PM,2.2234892739299773e-05
2017,July,Sonoma (SF),LDT1,Dsl,PMBW,DSL,PM10,2.1790194884513796e-05
2017,July,Sonoma (SF),LDT1,Dsl,PMBW,DSL,PM2_5,9.338654950505916e-06
2017,July,Sonoma (SF),LDT2,Dsl,RUNEX,DSL,CO,0.0015146873239397455
2017,July,Sonoma (SF),LDT2,Dsl,RUNEX,DSL,NOx,0.0013240695837655795
2017,July,Sonoma (SF),LDT2,Dsl,RUNEX,DSL,SOx,2.2387841266454493e-05
2017,July,Sonoma (SF),LDT2,Dsl,RUNEX,DSL,PM,0.00013246888483342895
2017,July,Sonoma (SF),LDT2,Dsl,RUNEX,DSL,TOG,0.00025327007637592543
2017,July,Sonoma (SF),LDT2,Dsl,RUNEX,DSL,PM10,0.0001316740715244284
2017,July,Sonoma (SF),LDT2,Dsl,RUNEX,DSL,PM2_5,0.00012597790947659092
2017,July,Sonoma (SF),LDT2,Dsl,PMTW,DSL,PM,5.8907645216223837e-05
2017,July,Sonoma (SF),LDT2,Dsl,PMTW,DSL,PM10,5.8907645216223837e-05
2017,July,Sonoma (SF),LDT2,Dsl,PMTW,DSL,PM2_5,1.4726911304055959e-05
2017,July,Sonoma (SF),LDT2,Dsl,PMBW,DSL,PM,0.00027612958695104914
2017,July,Sonoma (SF),LDT2,Dsl,PMBW,DSL,PM10,0.0002706069952120283
2017,July,Sonoma (SF),LDT2,Dsl,PMBW,DSL,PM2_5,0.00011597442651944074
2017,July,Sonoma (SF),MDV,Dsl,RUNEX,DSL,CO,0.006163112872450782
2017,July,Sonoma (SF),MDV,Dsl,RUNEX,DSL,NOx,0.0030656494808090143
2017,July,Sonoma (SF),MDV,Dsl,RUNEX,DSL,SOx,0.00011508745653419252
2017,July,Sonoma (SF),MDV,Dsl,RUNEX,DSL,PM,0.00022641313865653744
2017,July,Sonoma (SF),MDV,Dsl,RUNEX,DSL,TOG,0.0004907106386382164
2017,July,Sonoma (SF),MDV,Dsl,RUNEX,DSL,PM10,0.00022505465982459826
2017,July,Sonoma (SF),MDV,Dsl,RUNEX,DSL,PM2_5,0.00021531889486236725
2017,July,Sonoma (SF),MDV,Dsl,PMTW,DSL,PM,0.0002338712993323592
2017,July,Sonoma (SF),MDV,Dsl,PMTW,DSL,PM10,0.0002338712993323592
2017,July,Sonoma (SF),MDV,Dsl,PMTW,DSL,PM2_5,5.84678248330898e-05
2017,July,Sonoma (SF),MDV,Dsl,PMBW,DSL,PM,0.001096271715620434
2017,July,Sonoma (SF),MDV,Dsl,PMBW,DSL,PM10,0.0010743462813080245
2017,July,Sonoma (SF),MDV,Dsl,PMBW,DSL,PM2_5,0.00046043412056058193
2017,July,Sonoma (SF),LHD1,Dsl,RUNEX,DSL,CO,0.23132947506938142
2017,July,Sonoma (SF),LHD1,Dsl,RUNEX,DSL,NOx,0.9077279035365776
2017,July,Sonoma (SF),LHD1,Dsl,RUNEX,DSL,SOx,0.0013579732549600606
2017,July,Sonoma (SF),LHD1,Dsl,RUNEX,DSL,PM,0.009912398730635865
2017,July,Sonoma (SF),LHD1,Dsl,RUNEX,DSL,TOG,0.058849912954950075
2017,July,Sonoma (SF),LHD1,Dsl,RUNEX,DSL,PM10,0.009852924338252037
2017,July,Sonoma (SF),LHD1,Dsl,RUNEX,DSL,PM2_5,0.009426691192834704
2017,July,Sonoma (SF),LHD1,Dsl,IDLEX,DSL,CO,0.005798740363440771
2017,July,Sonoma (SF),LHD1,Dsl,IDLEX,DSL,NOx,0.016336949805896304
2017,July,Sonoma (SF),LHD1,Dsl,IDLEX,DSL,SOx,8.553698582475158e-06
2017,July,Sonoma (SF),LHD1,Dsl,IDLEX,DSL,PM,0.00018983122096873266
2017,July,Sonoma (SF),LHD1,Dsl,IDLEX,DSL,TOG,0.0007964610722901308
2017,July,Sonoma (SF),LHD1,Dsl,IDLEX,DSL,PM10,0.0001886922336429203
2017,July,Sonoma (SF),LHD1,Dsl,IDLEX,DSL,PM2_5,0.0001805294911412649
2017,July,Sonoma (SF),LHD1,Dsl,PMTW,DSL,PM,0.0029058797898313797
2017,July,Sonoma (SF),LHD1,Dsl,PMTW,DSL,PM10,0.0029058797898313797
2017,July,Sonoma (SF),LHD1,Dsl,PMTW,DSL,PM2_5,0.0007264699474578449
2017,July,Sonoma (SF),LHD1,Dsl,PMBW,DSL,PM,0.018888218633903962
2017,July,Sonoma (SF),LHD1,Dsl,PMBW,DSL,PM10,0.018510454261225884
2017,July,Sonoma (SF),LHD1,Dsl,PMBW,DSL,PM2_5,0.00793305182623967
2017,July,Sonoma (SF),LHD2,Dsl,RUNEX,DSL,CO,0.057718658877979015
2017,July,Sonoma (SF),LHD2,Dsl,RUNEX,DSL,NOx,0.1903817811006257
2017,July,Sonoma (SF),LHD2,Dsl,RUNEX,DSL,SOx,0.0004609875449085054
2017,July,Sonoma (SF),LHD2,Dsl,RUNEX,DSL,PM,0.0023046010435843127
2017,July,Sonoma (SF),LHD2,Dsl,RUNEX,DSL,TOG,0.014945056012798946
2017,July,Sonoma (SF),LHD2,Dsl,RUNEX,DSL,PM10,0.0022907734373228124
2017,July,Sonoma (SF),LHD2,Dsl,RUNEX,DSL,PM2_5,0.0021916755924486836
2017,July,Sonoma (SF),LHD2,Dsl,IDLEX,DSL,CO,0.0016322535669398746
2017,July,Sonoma (SF),LHD2,Dsl,IDLEX,DSL,NOx,0.004589997651647946
2017,July,Sonoma (SF),LHD2,Dsl,IDLEX,DSL,SOx,3.842175771073874e-06
2017,July,Sonoma (SF),LHD2,Dsl,IDLEX,DSL,PM,5.100001160697206e-05
2017,July,Sonoma (SF),LHD2,Dsl,IDLEX,DSL,TOG,0.0002241911768236046
2017,July,Sonoma (SF),LHD2,Dsl,IDLEX,DSL,PM10,5.0694011537330254e-05
2017,July,Sonoma (SF),LHD2,Dsl,IDLEX,DSL,PM2_5,4.850101103823047e-05
2017,July,Sonoma (SF),LHD2,Dsl,PMTW,DSL,PM,0.0008820715005803977
2017,July,Sonoma (SF),LHD2,Dsl,PMTW,DSL,PM10,0.0008820715005803977
2017,July,Sonoma (SF),LHD2,Dsl,PMTW,DSL,PM2_5,0.00022051787514509942
2017,July,Sonoma (SF),LHD2,Dsl,PMBW,DSL,PM,0.006689042212734696
2017,July,Sonoma (SF),LHD2,Dsl,PMBW,DSL,PM10,0.006555261368479992
2017,July,Sonoma (SF),LHD2,Dsl,PMBW,DSL,PM2_5,0.0028093977293485685
2017,July,Sonoma (SF),LDT1,Elec,HOTSOAK,CAT,TOG,4.942126711683682e-07
2017,July,Sonoma (SF),LDT1,Elec,RESTLOSS,CAT,TOG,1.4113662175185212e-07
2017,July,Sonoma (SF),LDT1,Elec,DIURN,CAT,TOG,5.408484950329086e-07
2017,July,Sonoma (SF),LDT1,Elec,PMTW,CAT,PM,5.543104084867218e-06
2017,July,Sonoma (SF),LDT1,Elec,PMTW,CAT,PM10,5.543104084867218e-06
2017,July,Sonoma (SF),LDT1,Elec,PMTW,CAT,PM2_5,1.3857760212168045e-06
2017,July,Sonoma (SF),LDT1,Elec,PMBW,CAT,PM,2.5983300397815077e-05
2017,July,Sonoma (SF),LDT1,Elec,PMBW,CAT,PM10,2.5463634389858777e-05
2017,July,Sonoma (SF),LDT1,Elec,PMBW,CAT,PM2_5,1.0912986167082331e-05
2017,July,Sonoma (SF),LDT2,Elec,HOTSOAK,CAT,TOG,1.84375030623268e-06
2017,July,Sonoma (SF),LDT2,Elec,RESTLOSS,CAT,TOG,5.000633899743631e-07
2017,July,Sonoma (SF),LDT2,Elec,DIURN,CAT,TOG,1.9162888308621403e-06
2017,July,Sonoma (SF),LDT2,Elec,PMTW,CAT,PM,2.1829046510028085e-05
2017,July,Sonoma (SF),LDT2,Elec,PMTW,CAT,PM10,2.1829046510028085e-05
2017,July,Sonoma (SF),LDT2,Elec,PMTW,CAT,PM2_5,5.457261627507021e-06
2017,July,Sonoma (SF),LDT2,Elec,PMBW,CAT,PM,0.00010232365551575664
2017,July,Sonoma (SF),LDT2,Elec,PMBW,CAT,PM10,0.00010027718240544149
2017,July,Sonoma (SF),LDT2,Elec,PMBW,CAT,PM2_5,4.29759353166178e-05
2017,July,Sonoma (SF),MDV,Elec,HOTSOAK,CAT,TOG,1.8477101706729456e-07
2017,July,Sonoma (SF),MDV,Elec,RESTLOSS,CAT,TOG,5.26681068543429e-08
2017,July,Sonoma (SF),MDV,Elec,DIURN,CAT,TOG,2.018290219422087e-07
2017,July,Sonoma (SF),MDV,Elec,PMTW,CAT,PM,2.0043808332442e-06
2017,July,Sonoma (SF),MDV,Elec,PMTW,CAT,PM10,2.0043808332442e-06
2017,July,Sonoma (SF),MDV,Elec,PMTW,CAT,PM2_5,5.0109520831105e-07
2017,July,Sonoma (SF),MDV,Elec,PMBW,CAT,PM,9.39553515583219e-06
2017,July,Sonoma (SF),MDV,Elec,PMBW,CAT,PM10,9.207624452715546e-06
2017,July,Sonoma (SF),MDV,Elec,PMBW,CAT,PM2_5,3.946124765449519e-06
2017,July,Sonoma (SF),SBUS,Gas,RUNEX,CAT,CO,0.0020212767131352768
2017,July,Sonoma (SF),SBUS,Gas,RUNEX,CAT,NOx,0.0005509981502102442
2017,July,Sonoma (SF),SBUS,Gas,RUNEX,CAT,SOx,1.90082321631978e-05
2017,July,Sonoma (SF),SBUS,Gas,RUNEX,CAT,PM,2.8414786493794794e-06
2017,July,Sonoma (SF),SBUS,Gas,RUNEX,CAT,TOG,0.00013981328162899568
2017,July,Sonoma (SF),SBUS,Gas,RUNEX,CAT,PM10,2.540281912545255e-06
2017,July,Sonoma (SF),SBUS,Gas,RUNEX,CAT,PM2_5,2.3356954497899317e-06
2017,July,Sonoma (SF),SBUS,Gas,IDLEX,CAT,CO,0.0036937741152406134
2017,July,Sonoma (SF),SBUS,Gas,IDLEX,CAT,NOx,4.161426905853404e-05
2017,July,Sonoma (SF),SBUS,Gas,IDLEX,CAT,SOx,1.1608456447096539e-06
2017,July,Sonoma (SF),SBUS,Gas,IDLEX,CAT,TOG,0.0006974294947350422
2017,July,Sonoma (SF),SBUS,Gas,STREX,CAT,CO,0.0016287170616464755
2017,July,Sonoma (SF),SBUS,Gas,STREX,CAT,NOx,8.800814862024107e-05
2017,July,Sonoma (SF),SBUS,Gas,STREX,CAT,SOx,8.841885949017757e-08
2017,July,Sonoma (SF),SBUS,Gas,STREX,CAT,PM,1.0395165591078531e-07
2017,July,Sonoma (SF),SBUS,Gas,STREX,CAT,TOG,6.282092515508242e-05
2017,July,Sonoma (SF),SBUS,Gas,STREX,CAT,PM10,9.293278038424207e-08
2017,July,Sonoma (SF),SBUS,Gas,STREX,CAT,PM2_5,8.544826115866552e-08
2017,July,Sonoma (SF),SBUS,Gas,HOTSOAK,CAT,TOG,3.598697438662028e-06
2017,July,Sonoma (SF),SBUS,Gas,RUNLOSS,CAT,TOG,2.1320998101115093e-05
2017,July,Sonoma (SF),SBUS,Gas,RESTLOSS,CAT,TOG,2.5984313352015257e-07
2017,July,Sonoma (SF),SBUS,Gas,DIURN,CAT,TOG,6.193001288343486e-07
2017,July,Sonoma (SF),SBUS,Gas,PMTW,CAT,PM,1.7556185324725576e-05
2017,July,Sonoma (SF),SBUS,Gas,PMTW,CAT,PM10,1.7556185324725576e-05
2017,July,Sonoma (SF),SBUS,Gas,PMTW,CAT,PM2_5,4.389046331181394e-06
2017,July,Sonoma (SF),SBUS,Gas,PMBW,CAT,PM,0.0016678375839036977
2017,July,Sonoma (SF),SBUS,Gas,PMBW,CAT,PM10,0.0016344808322256233
2017,July,Sonoma (SF),SBUS,Gas,PMBW,CAT,PM2_5,0.0007004917852395529
2017,July,Sonoma (SF),OBUS,Gas,RUNEX,CAT,CO,0.026937645714125106
2017,July,Sonoma (SF),OBUS,Gas,RUNEX,CAT,NOx,0.007270509608304763
2017,July,Sonoma (SF),OBUS,Gas,RUNEX,CAT,SOx,0.0001689516819122305
2017,July,Sonoma (SF),OBUS,Gas,RUNEX,CAT,PM,1.059163933900747e-05
2017,July,Sonoma (SF),OBUS,Gas,RUNEX,CAT,TOG,0.0016816061440262746
2017,July,Sonoma (SF),OBUS,Gas,RUNEX,CAT,PM10,9.468925569072682e-06
2017,July,Sonoma (SF),OBUS,Gas,RUNEX,CAT,PM2_5,8.70632753666415e-06
2017,July,Sonoma (SF),OBUS,Gas,IDLEX,CAT,CO,0.0009883627930818424
2017,July,Sonoma (SF),OBUS,Gas,IDLEX,CAT,NOx,1.1135844628797425e-05
2017,July,Sonoma (SF),OBUS,Gas,IDLEX,CAT,SOx,6.604015941843687e-07
2017,July,Sonoma (SF),OBUS,Gas,IDLEX,CAT,TOG,0.0001861681748507867
2017,July,Sonoma (SF),OBUS,Gas,STREX,CAT,CO,0.013543694147882415
2017,July,Sonoma (SF),OBUS,Gas,STREX,CAT,NOx,0.0011279579003503639
2017,July,Sonoma (SF),OBUS,Gas,STREX,CAT,SOx,9.574991486825741e-07
2017,July,Sonoma (SF),OBUS,Gas,STREX,CAT,PM,1.0310851807936013e-06
2017,July,Sonoma (SF),OBUS,Gas,STREX,CAT,TOG,0.000682573044456485
2017,July,Sonoma (SF),OBUS,Gas,STREX,CAT,PM10,9.217901516294789e-07
2017,July,Sonoma (SF),OBUS,Gas,STREX,CAT,PM2_5,8.475520186123391e-07
2017,July,Sonoma (SF),OBUS,Gas,HOTSOAK,CAT,TOG,9.430494282128084e-05
2017,July,Sonoma (SF),OBUS,Gas,RUNLOSS,CAT,TOG,0.0010637354785972527
2017,July,Sonoma (SF),OBUS,Gas,RESTLOSS,CAT,TOG,3.6967278109720745e-06
2017,July,Sonoma (SF),OBUS,Gas,DIURN,CAT,TOG,9.206207878652817e-06
2017,July,Sonoma (SF),OBUS,Gas,PMTW,CAT,PM,0.00011090975275971795
2017,July,Sonoma (SF),OBUS,Gas,PMTW,CAT,PM10,0.00011090975275971795
2017,July,Sonoma (SF),OBUS,Gas,PMTW,CAT,PM2_5,2.772743818992949e-05
2017,July,Sonoma (SF),OBUS,Gas,PMBW,CAT,PM,0.0012292497597535415
2017,July,Sonoma (SF),OBUS,Gas,PMBW,CAT,PM10,0.0012046647645584706
2017,July,Sonoma (SF),OBUS,Gas,PMBW,CAT,PM2_5,0.0005162848990964876
2017,July,Sonoma (SF),MCY,Gas,RUNEX,CAT,CO,0.360784544661897
2017,July,Sonoma (SF),MCY,Gas,RUNEX,CAT,NOx,0.02802708265011298
2017,July,Sonoma (SF),MCY,Gas,RUNEX,CAT,SOx,5.9637288125709176e-05
2017,July,Sonoma (SF),MCY,Gas,RUNEX,CAT,PM,4.041334213580903e-05
2017,July,Sonoma (SF),MCY,Gas,RUNEX,CAT,TOG,0.06480428503101375
2017,July,Sonoma (SF),MCY,Gas,RUNEX,CAT,PM10,3.732951551844532e-05
2017,July,Sonoma (SF),MCY,Gas,RUNEX,CAT,PM2_5,3.492124226038193e-05
2017,July,Sonoma (SF),MCY,Gas,RUNEX,NCAT,CO,1.0848691107656359
2017,July,Sonoma (SF),MCY,Gas,RUNEX,NCAT,NOx,0.04192368839578046
2017,July,Sonoma (SF),MCY,Gas,RUNEX,NCAT,SOx,7.307581054515828e-05
2017,July,Sonoma (SF),MCY,Gas,RUNEX,NCAT,PM,8.7047260212656e-05
2017,July,Sonoma (SF),MCY,Gas,RUNEX,NCAT,TOG,0.12174591481683877
2017,July,Sonoma (SF),MCY,Gas,RUNEX,NCAT,PM10,8.245242941533019e-05
2017,July,Sonoma (SF),MCY,Gas,RUNEX,NCAT,PM2_5,7.812086259025856e-05
2017,July,Sonoma (SF),MCY,Gas,STREX,CAT,CO,0.03606333254200268
2017,July,Sonoma (SF),MCY,Gas,STREX,CAT,NOx,0.0014900394213862914
2017,July,Sonoma (SF),MCY,Gas,STREX,CAT,SOx,3.4371327261035612e-06
2017,July,Sonoma (SF),MCY,Gas,STREX,CAT,PM,1.178689015311671e-05
2017,July,Sonoma (SF),MCY,Gas,STREX,CAT,TOG,0.009934310708098705
2017,July,Sonoma (SF),MCY,Gas,STREX,CAT,PM10,1.0950012821357749e-05
2017,July,Sonoma (SF),MCY,Gas,STREX,CAT,PM2_5,1.027375859130646e-05
2017,July,Sonoma (SF),MCY,Gas,STREX,NCAT,CO,0.11453601756208906
2017,July,Sonoma (SF),MCY,Gas,STREX,NCAT,NOx,0.003225130181045849
2017,July,Sonoma (SF),MCY,Gas,STREX,NCAT,SOx,8.091237978011955e-06
2017,July,Sonoma (SF),MCY,Gas,STREX,NCAT,PM,7.320676752322282e-05
2017,July,Sonoma (SF),MCY,Gas,STREX,NCAT,TOG,0.02793036263552125
2017,July,Sonoma (SF),MCY,Gas,STREX,NCAT,PM10,6.993917056534562e-05
2017,July,Sonoma (SF),MCY,Gas,STREX,NCAT,PM2_5,6.654567093335078e-05
2017,July,Sonoma (SF),MCY,Gas,HOTSOAK,CAT,TOG,0.0021804985375495386
2017,July,Sonoma (SF),MCY,Gas,HOTSOAK,NCAT,TOG,0.01394495618435725
2017,July,Sonoma (SF),MCY,Gas,RUNLOSS,CAT,TOG,0.005308323292009724
2017,July,Sonoma (SF),MCY,Gas,RUNLOSS,NCAT,TOG,0.046624752011237496
2017,July,Sonoma (SF),MCY,Gas,RESTLOSS,CAT,TOG,0.002409735997777402
2017,July,Sonoma (SF),MCY,Gas,RESTLOSS,NCAT,TOG,0.01063456375004489
2017,July,Sonoma (SF),MCY,Gas,DIURN,CAT,TOG,0.004894334537366047
2017,July,Sonoma (SF),MCY,Gas,DIURN,NCAT,TOG,0.019579566049082706
2017,July,Sonoma (SF),MCY,Gas,PMTW,CAT,PM,0.00011646540643776005
2017,July,Sonoma (SF),MCY,Gas,PMTW,CAT,PM10,0.00011646540643776005
2017,July,Sonoma (SF),MCY,Gas,PMTW,CAT,PM2_5,2.9116351609440013e-05
2017,July,Sonoma (SF),MCY,Gas,PMTW,NCAT,PM,0.00014030753261335373
2017,July,Sonoma (SF),MCY,Gas,PMTW,NCAT,PM10,0.00014030753261335373
2017,July,Sonoma (SF),MCY,Gas,PMTW,NCAT,PM2_5,3.507688315333843e-05
2017,July,Sonoma (SF),MCY,Gas,PMBW,CAT,PM,0.00034939621931328024
2017,July,Sonoma (SF),MCY,Gas,PMBW,CAT,PM10,0.0003424082949270147
2017,July,Sonoma (SF),MCY,Gas,PMBW,CAT,PM2_5,0.00014674641211157765
2017,July,Sonoma (SF),MCY,Gas,PMBW,NCAT,PM,0.00042092259784006153
2017,July,Sonoma (SF),MCY,Gas,PMBW,NCAT,PM10,0.0004125041458832599
2017,July,Sonoma (SF),MCY,Gas,PMBW,NCAT,PM2_5,0.00017678749109282567
2017,July,Sonoma (SF),MH,Gas,RUNEX,CAT,CO,0.03830650082593724
2017,July,Sonoma (SF),MH,Gas,RUNEX,CAT,NOx,0.00710561498958666
2017,July,Sonoma (SF),MH,Gas,RUNEX,CAT,SOx,0.00018213758474957913
2017,July,Sonoma (SF),MH,Gas,RUNEX,CAT,PM,2.5720505898367205e-05
2017,July,Sonoma (SF),MH,Gas,RUNEX,CAT,TOG,0.00198886909326098
2017,July,Sonoma (SF),MH,Gas,RUNEX,CAT,PM10,2.2994132273140283e-05
2017,July,Sonoma (SF),MH,Gas,RUNEX,CAT,PM2_5,2.1142255848457907e-05
2017,July,Sonoma (SF),MH,Gas,RUNEX,NCAT,CO,0.005672432946157864
2017,July,Sonoma (SF),MH,Gas,RUNEX,NCAT,NOx,0.00016907608570242044
2017,July,Sonoma (SF),MH,Gas,RUNEX,NCAT,SOx,8.777098538179676e-07
2017,July,Sonoma (SF),MH,Gas,RUNEX,NCAT,PM,1.7355572395857728e-06
2017,July,Sonoma (SF),MH,Gas,RUNEX,NCAT,TOG,0.0002734036686105795
2017,July,Sonoma (SF),MH,Gas,RUNEX,NCAT,PM10,1.6678705072419287e-06
2017,July,Sonoma (SF),MH,Gas,RUNEX,NCAT,PM2_5,1.591505988700155e-06
2017,July,Sonoma (SF),MH,Gas,STREX,CAT,CO,0.00040907926195838296
2017,July,Sonoma (SF),MH,Gas,STREX,CAT,NOx,3.474663050048564e-05
2017,July,Sonoma (SF),MH,Gas,STREX,CAT,SOx,3.131558110023554e-08
2017,July,Sonoma (SF),MH,Gas,STREX,CAT,PM,6.111222906717611e-08
2017,July,Sonoma (SF),MH,Gas,STREX,CAT,TOG,2.040025775210402e-05
2017,July,Sonoma (SF),MH,Gas,STREX,CAT,PM10,5.4634332786055507e-08
2017,July,Sonoma (SF),MH,Gas,STREX,CAT,PM2_5,5.023425229321877e-08
2017,July,Sonoma (SF),MH,Gas,STREX,NCAT,CO,1.1448516191087644e-07
2017,July,Sonoma (SF),MH,Gas,STREX,NCAT,NOx,4.589506098851842e-07
2017,July,Sonoma (SF),MH,Gas,STREX,NCAT,SOx,1.0976949306501104e-09
2017,July,Sonoma (SF),MH,Gas,STREX,NCAT,PM,1.3152494325281086e-08
2017,July,Sonoma (SF),MH,Gas,STREX,NCAT,TOG,2.5076853350568935e-06
2017,July,Sonoma (SF),MH,Gas,STREX,NCAT,PM10,1.2639547046595126e-08
2017,July,Sonoma (SF),MH,Gas,STREX,NCAT,PM2_5,1.2060837296282759e-08
2017,July,Sonoma (SF),MH,Gas,HOTSOAK,CAT,TOG,1.20799975685851e-05
2017,July,Sonoma (SF),MH,Gas,HOTSOAK,NCAT,TOG,4.17782484024716e-07
2017,July,Sonoma (SF),MH,Gas,RUNLOSS,CAT,TOG,0.0003068199918147604
2017,July,Sonoma (SF),MH,Gas,RUNLOSS,NCAT,TOG,2.914974236026368e-06
2017,July,Sonoma (SF),MH,Gas,RESTLOSS,CAT,TOG,7.009616405400626e-05
2017,July,Sonoma (SF),MH,Gas,RESTLOSS,NCAT,TOG,2.2767116861663102e-06
2017,July,Sonoma (SF),MH,Gas,DIURN,CAT,TOG,0.00022373597296936726
2017,July,Sonoma (SF),MH,Gas,DIURN,NCAT,TOG,6.259891765116722e-06
2017,July,Sonoma (SF),MH,Gas,PMTW,CAT,PM,0.00011840072519882347
2017,July,Sonoma (SF),MH,Gas,PMTW,CAT,PM10,0.00011840072519882347
2017,July,Sonoma (SF),MH,Gas,PMTW,CAT,PM2_5,2.9600181299705867e-05
2017,July,Sonoma (SF),MH,Gas,PMTW,NCAT,PM,5.046378734083866e-07
2017,July,Sonoma (SF),MH,Gas,PMTW,NCAT,PM10,5.046378734083866e-07
2017,July,Sonoma (SF),MH,Gas,PMTW,NCAT,PM2_5,1.2615946835209666e-07
2017,July,Sonoma (SF),MH,Gas,PMBW,CAT,PM,0.0013122747042869584
2017,July,Sonoma (SF),MH,Gas,PMBW,CAT,PM10,0.0012860292102012216
2017,July,Sonoma (SF),MH,Gas,PMBW,CAT,PM2_5,0.0005511553758005231
2017,July,Sonoma (SF),MH,Gas,PMBW,NCAT,PM,5.59306976360962e-06
2017,July,Sonoma (SF),MH,Gas,PMBW,NCAT,PM10,5.481208368337425e-06
2017,July,Sonoma (SF),MH,Gas,PMBW,NCAT,PM2_5,2.3490893007160395e-06
2017,July,Sonoma (SF),MH,Dsl,RUNEX,DSL,CO,0.0021291948875835948
2017,July,Sonoma (SF),MH,Dsl,RUNEX,DSL,NOx,0.022038769685665236
2017,July,Sonoma (SF),MH,Dsl,RUNEX,DSL,SOx,3.9328313390788316e-05
2017,July,Sonoma (SF),MH,Dsl,RUNEX,DSL,PM,0.0006350247715313662
2017,July,Sonoma (SF),MH,Dsl,RUNEX,DSL,TOG,0.0006402036111093467
2017,July,Sonoma (SF),MH,Dsl,RUNEX,DSL,PM10,0.0006312146229021768
2017,July,Sonoma (SF),MH,Dsl,RUNEX,DSL,PM2_5,0.0006039085577263291
2017,July,Sonoma (SF),MH,Dsl,PMTW,DSL,PM,6.230971993239422e-05
2017,July,Sonoma (SF),MH,Dsl,PMTW,DSL,PM10,6.230971993239422e-05
2017,July,Sonoma (SF),MH,Dsl,PMTW,DSL,PM2_5,1.5577429983098555e-05
2017,July,Sonoma (SF),MH,Dsl,PMBW,DSL,PM,0.0005179495469380266
2017,July,Sonoma (SF),MH,Dsl,PMBW,DSL,PM10,0.0005075905559992664
2017,July,Sonoma (SF),MH,Dsl,PMBW,DSL,PM2_5,0.0002175388097139712
2017,July,Sonoma (SF),UBUS,Gas,RUNEX,CAT,CO,0.00031768733405048127
2017,July,Sonoma (SF),UBUS,Gas,RUNEX,CAT,NOx,0.00023617841800634137
2017,July,Sonoma (SF),UBUS,Gas,RUNEX,CAT,SOx,1.8446876611971688e-05
2017,July,Sonoma (SF),UBUS,Gas,RUNEX,CAT,PM,4.419343666106269e-07
2017,July,Sonoma (SF),UBUS,Gas,RUNEX,CAT,TOG,2.669687810438391e-05
2017,July,Sonoma (SF),UBUS,Gas,RUNEX,CAT,PM10,3.950893237499003e-07
2017,July,Sonoma (SF),UBUS,Gas,RUNEX,CAT,PM2_5,3.6327004935393485e-07
2017,July,Sonoma (SF),UBUS,Gas,STREX,CAT,CO,0.00032863362516404385
2017,July,Sonoma (SF),UBUS,Gas,STREX,CAT,NOx,3.557814920764745e-05
2017,July,Sonoma (SF),UBUS,Gas,STREX,CAT,SOx,4.101898741058883e-08
2017,July,Sonoma (SF),UBUS,Gas,STREX,CAT,PM,1.0170991932309358e-08
2017,July,Sonoma (SF),UBUS,Gas,STREX,CAT,TOG,2.336143183619627e-05
2017,July,Sonoma (SF),UBUS,Gas,STREX,CAT,PM10,9.092866787484562e-09
2017,July,Sonoma (SF),UBUS,Gas,STREX,CAT,PM2_5,8.360555368358284e-09
2017,July,Sonoma (SF),UBUS,Gas,HOTSOAK,CAT,TOG,1.7251472500076477e-06
2017,July,Sonoma (SF),UBUS,Gas,RUNLOSS,CAT,TOG,8.784357277794029e-06
2017,July,Sonoma (SF),UBUS,Gas,RESTLOSS,CAT,TOG,1.0915134580761467e-07
2017,July,Sonoma (SF),UBUS,Gas,DIURN,CAT,TOG,1.7945730131862155e-07
2017,July,Sonoma (SF),UBUS,Gas,PMTW,CAT,PM,9.505483668570762e-06
2017,July,Sonoma (SF),UBUS,Gas,PMTW,CAT,PM10,9.505483668570762e-06
2017,July,Sonoma (SF),UBUS,Gas,PMTW,CAT,PM2_5,2.3763709171426904e-06
2017,July,Sonoma (SF),UBUS,Gas,PMBW,CAT,PM,0.00010535244399332597
2017,July,Sonoma (SF),UBUS,Gas,PMBW,CAT,PM10,0.00010324539511345937
2017,July,Sonoma (SF),UBUS,Gas,PMBW,CAT,PM2_5,4.424802647719689e-05
2017,July,Sonoma (SF),UBUS,Dsl,RUNEX,DSL,CO,0.0006719744690408003
2017,July,Sonoma (SF),UBUS,Dsl,RUNEX,DSL,NOx,0.005274484004925505
2017,July,Sonoma (SF),UBUS,Dsl,RUNEX,DSL,SOx,6.612732120407487e-05
2017,July,Sonoma (SF),UBUS,Dsl,RUNEX,DSL,PM,2.8653620112059932e-05
2017,July,Sonoma (SF),UBUS,Dsl,RUNEX,DSL,TOG,0.0004192002774189796
2017,July,Sonoma (SF),UBUS,Dsl,RUNEX,DSL,PM10,2.8481698391387582e-05
2017,July,Sonoma (SF),UBUS,Dsl,RUNEX,DSL,PM2_5,2.724959272656899e-05
2017,July,Sonoma (SF),UBUS,Dsl,PMTW,DSL,PM,0.00013974570546187805
2017,July,Sonoma (SF),UBUS,Dsl,PMTW,DSL,PM10,0.00013974570546187805
2017,July,Sonoma (SF),UBUS,Dsl,PMTW,DSL,PM2_5,3.493642636546951e-05
2017,July,Sonoma (SF),UBUS,Dsl,PMBW,DSL,PM,0.000402021083541835
2017,July,Sonoma (SF),UBUS,Dsl,PMBW,DSL,PM10,0.0003939806618709983
2017,July,Sonoma (SF),UBUS,Dsl,PMBW,DSL,PM2_5,0.00016884885508757064
2017,July,Sonoma (SF),UBUS,NG,RUNEX,DSL,CO,0.27649782476082413
2017,July,Sonoma (SF),UBUS,NG,RUNEX,DSL,NOx,0.012922828766506104
2017,July,Sonoma (SF),UBUS,NG,RUNEX,DSL,PM,2.7733865671944125e-05
2017,July,Sonoma (SF),UBUS,NG,RUNEX,DSL,TOG,0.047850113624356864
2017,July,Sonoma (SF),UBUS,NG,RUNEX,DSL,PM10,2.756746247791245e-05
2017,July,Sonoma (SF),UBUS,NG,RUNEX,DSL,PM2_5,2.6374906254018866e-05
2017,July,Sonoma (SF),UBUS,NG,PMTW,DSL,PM,0.0002142799172500408
2017,July,Sonoma (SF),UBUS,NG,PMTW,DSL,PM10,0.0002142799172500408
2017,July,Sonoma (SF),UBUS,NG,PMTW,DSL,PM2_5,5.35699793125102e-05
2017,July,Sonoma (SF),UBUS,NG,PMBW,DSL,PM,0.0003968080448584328
2017,July,Sonoma (SF),UBUS,NG,PMBW,DSL,PM10,0.00038887188396126437
2017,July,Sonoma (SF),UBUS,NG,PMBW,DSL,PM2_5,0.0001666593788405418
2017,July,Sonoma (SF),SBUS,Dsl,RUNEX,DSL,CO,0.0031053896690466307
2017,July,Sonoma (SF),SBUS,Dsl,RUNEX,DSL,NOx,0.0720642970226873
2017,July,Sonoma (SF),SBUS,Dsl,RUNEX,DSL,PM,0.0004503284586922643
2017,July,Sonoma (SF),SBUS,Dsl,RUNEX,DSL,PM10,0.0004476264879401105
2017,July,Sonoma (SF),SBUS,Dsl,RUNEX,DSL,PM2_5,0.00042826236421634334
2017,July,Sonoma (SF),SBUS,Dsl,IDLEX,DSL,CO,0.0023681216764415225
2017,July,Sonoma (SF),SBUS,Dsl,IDLEX,DSL,NOx,0.018002209753718967
2017,July,Sonoma (SF),SBUS,Dsl,IDLEX,DSL,PM,1.4986324195822233e-05
2017,July,Sonoma (SF),SBUS,Dsl,IDLEX,DSL,PM10,1.4896406250647308e-05
2017,July,Sonoma (SF),SBUS,Dsl,IDLEX,DSL,PM2_5,1.425199431022693e-05
2017,July,Sonoma (SF),SBUS,Dsl,STREX,DSL,NOx,0.004091455326432814
2017,July,Sonoma (SF),SBUS,Dsl,PMTW,DSL,PM,0.00016362121945545833
2017,July,Sonoma (SF),SBUS,Dsl,PMTW,DSL,PM10,0.00016362121945545833
2017,July,Sonoma (SF),SBUS,Dsl,PMTW,DSL,PM2_5,4.090530486386458e-05
2017,July,Sonoma (SF),SBUS,Dsl,PMBW,DSL,PM,0.010362677232179016
2017,July,Sonoma (SF),SBUS,Dsl,PMBW,DSL,PM10,0.010155423687535444
2017,July,Sonoma (SF),SBUS,Dsl,PMBW,DSL,PM2_5,0.0043523244375151884
2017,July,Sonoma (SF),SBUS,Dsl,RUNEX,DSL,SOx,0.00014876180370249623
2017,July,Sonoma (SF),SBUS,Dsl,IDLEX,DSL,SOx,1.539987497854972e-05
2017,July,Sonoma (SF),SBUS,Dsl,RUNEX,DSL,TOG,0.001239414160480123
2017,July,Sonoma (SF),SBUS,Dsl,IDLEX,DSL,TOG,0.00013408783895686778
2017,     ,Sonoma (SF),LDA,Dsl,RUNEX,DSL,NH3,0.000184616
2017,     ,Sonoma (SF),LDA,Gas,RUNEX,CAT,NH3,0.136341721
2017,     ,Sonoma (SF),LDT1,Dsl,RUNEX,DSL,NH3,1.83643e-06
2017,     ,Sonoma (SF),LDT1,Gas,RUNEX,CAT,NH3,0.020358382
2017,     ,Sonoma (SF),LDT2,Dsl,RUNEX,DSL,NH3,2.28062e-05
2017,     ,Sonoma (SF),LDT2,Gas,RUNEX,CAT,NH3,0.052759751
2017,     ,Sonoma (SF),LHD1,Dsl,RUNEX,DSL,NH3,0.023868385
2017,     ,Sonoma (SF),LHD1,Gas,RUNEX,CAT,NH3,0.009155645
2017,     ,Sonoma (SF),LHD2,Dsl,RUNEX,DSL,NH3,0.009557889
2017,     ,Sonoma (SF),LHD2,Gas,RUNEX,CAT,NH3,0.001407437
2017,     ,Sonoma (SF),MCY,Gas,RUNEX,CAT,NH3,0.000997208
2017,     ,Sonoma (SF),MDV,Dsl,RUNEX,DSL,NH3,9.05438e-05
2017,     ,Sonoma (SF),MDV,Gas,RUNEX,CAT,NH3,0.04066127
2017,     ,Sonoma (SF),MH,Dsl,RUNEX,DSL,NH3,0.000105197
2017,     ,Sonoma (SF),MH,Gas,RUNEX,CAT,NH3,0.000436402
2017,     ,Sonoma (SF),OBUS,Gas,RUNEX,CAT,NH3,0.00041552
2017,     ,Sonoma (SF),SBUS,Gas,RUNEX,CAT,NH3,9.88008e-05
2017,     ,Sonoma (SF),T6TS,Gas,RUNEX,CAT,NH3,0.000805233
2017,     ,Sonoma (SF),T7IS,Gas,RUNEX,CAT,NH3,1.88218e-05
2017,     ,Sonoma (SF),UBUS,Dsl,RUNEX,DSL,NH3,0.000970857
2017,     ,Sonoma (SF),UBUS,Gas,RUNEX,CAT,NH3,3.56564e-05
2017,     ,Sonoma (SF),UBUS,NG,RUNEX,DSL,NH3,0.000164069
