calendar_year,season_month,sub_area,vehicle_class,fuel,process,cat_ncat,pollutant,emission
2017,July,Sonoma (NC),LDA,Gas,RUNEX,CAT,CO,1.6844216658106683
2017,July,Sonoma (NC),LDA,Gas,RUNEX,CAT,NOx,0.1311503477153764
2017,July,Sonoma (NC),LDA,Gas,RUNEX,CAT,SOx,0.0029613921824710376
2017,July,Sonoma (NC),LDA,Gas,RUNEX,CAT,PM,0.0022396908470330664
2017,July,Sonoma (NC),LDA,Gas,RUNEX,CAT,TOG,0.05843180857607304
2017,July,Sonoma (NC),LDA,Gas,RUNEX,CAT,PM10,0.0020030059627414686
2017,July,Sonoma (NC),LDA,Gas,RUNEX,CAT,PM2_5,0.0018420500974838845
2017,July,Sonoma (NC),LDA,Gas,RUNEX,NCAT,CO,0.054696778093020926
2017,July,Sonoma (NC),LDA,Gas,RUNEX,NCAT,NOx,0.004955782193947209
2017,July,Sonoma (NC),LDA,Gas,RUNEX,NCAT,SOx,5.534199774189773e-06
2017,July,Sonoma (NC),LDA,Gas,RUNEX,NCAT,PM,5.575498594063702e-05
2017,July,Sonoma (NC),LDA,Gas,RUNEX,NCAT,TOG,0.005262980458079077
2017,July,Sonoma (NC),LDA,Gas,RUNEX,NCAT,PM10,5.285819599504498e-05
2017,July,Sonoma (NC),LDA,Gas,RUNEX,NCAT,PM2_5,5.0103100884859905e-05
2017,July,Sonoma (NC),LDA,Gas,STREX,CAT,CO,0.32127286666292026
2017,July,Sonoma (NC),LDA,Gas,STREX,CAT,NOx,0.038799479896112474
2017,July,Sonoma (NC),LDA,Gas,STREX,CAT,SOx,7.582509451311691e-05
2017,July,Sonoma (NC),LDA,Gas,STREX,CAT,PM,0.00036249661268864577
2017,July,Sonoma (NC),LDA,Gas,STREX,CAT,TOG,0.06777610360248887
2017,July,Sonoma (NC),LDA,Gas,STREX,CAT,PM10,0.00032425141142960605
2017,July,Sonoma (NC),LDA,Gas,STREX,CAT,PM2_5,0.00029822664503552756
2017,July,Sonoma (NC),LDA,Gas,STREX,NCAT,CO,0.005896657074268176
2017,July,Sonoma (NC),LDA,Gas,STREX,NCAT,NOx,0.00031505777779133453
2017,July,Sonoma (NC),LDA,Gas,STREX,NCAT,SOx,4.999024027459366e-07
2017,July,Sonoma (NC),LDA,Gas,STREX,NCAT,PM,1.3755204202833938e-05
2017,July,Sonoma (NC),LDA,Gas,STREX,NCAT,TOG,0.0009837820509289406
2017,July,Sonoma (NC),LDA,Gas,STREX,NCAT,PM10,1.3039311552966912e-05
2017,July,Sonoma (NC),LDA,Gas,STREX,NCAT,PM2_5,1.2359092848538021e-05
2017,July,Sonoma (NC),LDA,Gas,HOTSOAK,CAT,TOG,0.029657295847744583
2017,July,Sonoma (NC),LDA,Gas,HOTSOAK,NCAT,TOG,0.000746430212071954
2017,July,Sonoma (NC),LDA,Gas,RUNLOSS,CAT,TOG,0.049272938890341456
2017,July,Sonoma (NC),LDA,Gas,RUNLOSS,NCAT,TOG,0.0037359185350347482
2017,July,Sonoma (NC),LDA,Gas,RESTLOSS,CAT,TOG,0.010551690661506652
2017,July,Sonoma (NC),LDA,Gas,RESTLOSS,NCAT,TOG,0.00029354834132845994
2017,July,Sonoma (NC),LDA,Gas,DIURN,CAT,TOG,0.020209409390282703
2017,July,Sonoma (NC),LDA,Gas,DIURN,NCAT,TOG,0.0006510582251136034
2017,July,Sonoma (NC),LDA,Gas,PMTW,CAT,PM,0.007845444875299661
2017,July,Sonoma (NC),LDA,Gas,PMTW,CAT,PM10,0.007845444875299661
2017,July,Sonoma (NC),LDA,Gas,PMTW,CAT,PM2_5,0.0019613612188249152
2017,July,Sonoma (NC),LDA,Gas,PMTW,NCAT,PM,7.497572501728276e-06
2017,July,Sonoma (NC),LDA,Gas,PMTW,NCAT,PM10,7.497572501728276e-06
2017,July,Sonoma (NC),LDA,Gas,PMTW,NCAT,PM2_5,1.874393125432069e-06
2017,July,Sonoma (NC),LDA,Gas,PMBW,CAT,PM,0.03677552285296712
2017,July,Sonoma (NC),LDA,Gas,PMBW,CAT,PM10,0.03604001239590776
2017,July,Sonoma (NC),LDA,Gas,PMBW,CAT,PM2_5,0.015445719598246197
2017,July,Sonoma (NC),LDA,Gas,PMBW,NCAT,PM,3.5144871101851264e-05
2017,July,Sonoma (NC),LDA,Gas,PMBW,NCAT,PM10,3.444197367981425e-05
2017,July,Sonoma (NC),LDA,Gas,PMBW,NCAT,PM2_5,1.4760845862777535e-05
2017,July,Sonoma (NC),LDA,Dsl,RUNEX,DSL,CO,0.008305661957604767
2017,July,Sonoma (NC),LDA,Dsl,RUNEX,DSL,NOx,0.00800126466671418
2017,July,Sonoma (NC),LDA,Dsl,RUNEX,DSL,SOx,4.4261454671663446e-05
2017,July,Sonoma (NC),LDA,Dsl,RUNEX,DSL,PM,0.0005970886023918766
2017,July,Sonoma (NC),LDA,Dsl,RUNEX,DSL,TOG,0.0010122167587253454
2017,July,Sonoma (NC),LDA,Dsl,RUNEX,DSL,PM10,0.0005935060707775269
2017,July,Sonoma (NC),LDA,Dsl,RUNEX,DSL,PM2_5,0.000567831260874676
2017,July,Sonoma (NC),LDA,Dsl,PMTW,DSL,PM,0.00015409058232517418
2017,July,Sonoma (NC),LDA,Dsl,PMTW,DSL,PM10,0.00015409058232517418
2017,July,Sonoma (NC),LDA,Dsl,PMTW,DSL,PM2_5,3.8522645581293544e-05
2017,July,Sonoma (NC),LDA,Dsl,PMBW,DSL,PM,0.0007222996046492544
2017,July,Sonoma (NC),LDA,Dsl,PMBW,DSL,PM10,0.0007078536125562692
2017,July,Sonoma (NC),LDA,Dsl,PMBW,DSL,PM2_5,0.0003033658339526869
2017,July,Sonoma (NC),LDA,Elec,HOTSOAK,CAT,TOG,7.3431131122580776e-06
2017,July,Sonoma (NC),LDA,Elec,RESTLOSS,CAT,TOG,1.3474905338973519e-06
2017,July,Sonoma (NC),LDA,Elec,DIURN,CAT,TOG,8.612508714423744e-06
2017,July,Sonoma (NC),LDA,Elec,PMTW,CAT,PM,8.987173912349871e-05
2017,July,Sonoma (NC),LDA,Elec,PMTW,CAT,PM10,8.987173912349871e-05
2017,July,Sonoma (NC),LDA,Elec,PMTW,CAT,PM2_5,2.246793478087468e-05
2017,July,Sonoma (NC),LDA,Elec,PMBW,CAT,PM,0.0004212737771414001
2017,July,Sonoma (NC),LDA,Elec,PMBW,CAT,PM10,0.0004128483015985722
2017,July,Sonoma (NC),LDA,Elec,PMBW,CAT,PM2_5,0.00017693498639938818
2017,July,Sonoma (NC),LDT1,Gas,RUNEX,CAT,CO,0.6192775654227994
2017,July,Sonoma (NC),LDT1,Gas,RUNEX,CAT,NOx,0.059122519302512916
2017,July,Sonoma (NC),LDT1,Gas,RUNEX,CAT,SOx,0.0005649410571469417
2017,July,Sonoma (NC),LDT1,Gas,RUNEX,CAT,PM,0.0007492093190667958
2017,July,Sonoma (NC),LDT1,Gas,RUNEX,CAT,TOG,0.022965803300660868
2017,July,Sonoma (NC),LDT1,Gas,RUNEX,CAT,PM10,0.0006701794050992032
2017,July,Sonoma (NC),LDT1,Gas,RUNEX,CAT,PM2_5,0.0006163977620054643
2017,July,Sonoma (NC),LDT1,Gas,RUNEX,NCAT,CO,0.03159984561152324
2017,July,Sonoma (NC),LDT1,Gas,RUNEX,NCAT,NOx,0.0027289852638951676
2017,July,Sonoma (NC),LDT1,Gas,RUNEX,NCAT,SOx,3.0497968886880454e-06
2017,July,Sonoma (NC),LDT1,Gas,RUNEX,NCAT,PM,3.099905177507465e-05
2017,July,Sonoma (NC),LDT1,Gas,RUNEX,NCAT,TOG,0.0029576603099227975
2017,July,Sonoma (NC),LDT1,Gas,RUNEX,NCAT,PM10,2.940381490235935e-05
2017,July,Sonoma (NC),LDT1,Gas,RUNEX,NCAT,PM2_5,2.7878428745186736e-05
2017,July,Sonoma (NC),LDT1,Gas,STREX,CAT,CO,0.07395200342110528
2017,July,Sonoma (NC),LDT1,Gas,STREX,CAT,NOx,0.012088567724740158
2017,July,Sonoma (NC),LDT1,Gas,STREX,CAT,SOx,1.656512029817049e-05
2017,July,Sonoma (NC),LDT1,Gas,STREX,CAT,PM,0.00012866122272435832
2017,July,Sonoma (NC),LDT1,Gas,STREX,CAT,TOG,0.022604302890364365
2017,July,Sonoma (NC),LDT1,Gas,STREX,CAT,PM10,0.00011513853464655993
2017,July,Sonoma (NC),LDT1,Gas,STREX,CAT,PM2_5,0.00010592315411589162
2017,July,Sonoma (NC),LDT1,Gas,STREX,NCAT,CO,0.0045719033441619875
2017,July,Sonoma (NC),LDT1,Gas,STREX,NCAT,NOx,0.00022030265089809111
2017,July,Sonoma (NC),LDT1,Gas,STREX,NCAT,SOx,3.554408086114476e-07
2017,July,Sonoma (NC),LDT1,Gas,STREX,NCAT,PM,9.57247925637735e-06
2017,July,Sonoma (NC),LDT1,Gas,STREX,NCAT,TOG,0.0006882008478313856
2017,July,Sonoma (NC),LDT1,Gas,STREX,NCAT,PM10,9.083751034395001e-06
2017,July,Sonoma (NC),LDT1,Gas,STREX,NCAT,PM2_5,8.614334441628699e-06
2017,July,Sonoma (NC),LDT1,Gas,HOTSOAK,CAT,TOG,0.012407854417239945
2017,July,Sonoma (NC),LDT1,Gas,HOTSOAK,NCAT,TOG,0.000495519689241628
2017,July,Sonoma (NC),LDT1,Gas,RUNLOSS,CAT,TOG,0.04668696103468674
2017,July,Sonoma (NC),LDT1,Gas,RUNLOSS,NCAT,TOG,0.001197433140859177
2017,July,Sonoma (NC),LDT1,Gas,RESTLOSS,CAT,TOG,0.004728228711264817
2017,July,Sonoma (NC),LDT1,Gas,RESTLOSS,NCAT,TOG,0.00019473150716975746
2017,July,Sonoma (NC),LDT1,Gas,DIURN,CAT,TOG,0.009883529460781075
2017,July,Sonoma (NC),LDT1,Gas,DIURN,NCAT,TOG,0.0004285381160676468
2017,July,Sonoma (NC),LDT1,Gas,PMTW,CAT,PM,0.0012664906515762833
2017,July,Sonoma (NC),LDT1,Gas,PMTW,CAT,PM10,0.0012664906515762833
2017,July,Sonoma (NC),LDT1,Gas,PMTW,CAT,PM2_5,0.0003166226628940708
2017,July,Sonoma (NC),LDT1,Gas,PMTW,NCAT,PM,4.1677212035427074e-06
2017,July,Sonoma (NC),LDT1,Gas,PMTW,NCAT,PM10,4.1677212035427074e-06
2017,July,Sonoma (NC),LDT1,Gas,PMTW,NCAT,PM2_5,1.0419303008856769e-06
2017,July,Sonoma (NC),LDT1,Gas,PMBW,CAT,PM,0.005936674929263827
2017,July,Sonoma (NC),LDT1,Gas,PMBW,CAT,PM10,0.005817941430678553
2017,July,Sonoma (NC),LDT1,Gas,PMBW,CAT,PM2_5,0.0024934034702908045
2017,July,Sonoma (NC),LDT1,Gas,PMBW,NCAT,PM,1.9536193141606462e-05
2017,July,Sonoma (NC),LDT1,Gas,PMBW,NCAT,PM10,1.9145469278774332e-05
2017,July,Sonoma (NC),LDT1,Gas,PMBW,NCAT,PM2_5,8.205201119474712e-06
2017,July,Sonoma (NC),LDT2,Gas,RUNEX,CAT,CO,0.8615001958511022
2017,July,Sonoma (NC),LDT2,Gas,RUNEX,CAT,NOx,0.09669241621291197
2017,July,Sonoma (NC),LDT2,Gas,RUNEX,CAT,SOx,0.001630551511654938
2017,July,Sonoma (NC),LDT2,Gas,RUNEX,CAT,PM,0.0009351876417712524
2017,July,Sonoma (NC),LDT2,Gas,RUNEX,CAT,TOG,0.028938092591336034
2017,July,Sonoma (NC),LDT2,Gas,RUNEX,CAT,PM10,0.0008364419911275082
2017,July,Sonoma (NC),LDT2,Gas,RUNEX,CAT,PM2_5,0.000769269058572997
2017,July,Sonoma (NC),LDT2,Gas,RUNEX,NCAT,CO,0.02914624223867259
2017,July,Sonoma (NC),LDT2,Gas,RUNEX,NCAT,NOx,0.0025468465521709914
2017,July,Sonoma (NC),LDT2,Gas,RUNEX,NCAT,SOx,2.834260874050984e-06
2017,July,Sonoma (NC),LDT2,Gas,RUNEX,NCAT,PM,2.8684833932335413e-05
2017,July,Sonoma (NC),LDT2,Gas,RUNEX,NCAT,TOG,0.002766981819569732
2017,July,Sonoma (NC),LDT2,Gas,RUNEX,NCAT,PM10,2.7181886024965764e-05
2017,July,Sonoma (NC),LDT2,Gas,RUNEX,NCAT,PM2_5,2.575917567892452e-05
2017,July,Sonoma (NC),LDT2,Gas,STREX,CAT,CO,0.17821750200701414
2017,July,Sonoma (NC),LDT2,Gas,STREX,CAT,NOx,0.02836924089779039
2017,July,Sonoma (NC),LDT2,Gas,STREX,CAT,SOx,4.297372790507612e-05
2017,July,Sonoma (NC),LDT2,Gas,STREX,CAT,PM,0.0001539699992125871
2017,July,Sonoma (NC),LDT2,Gas,STREX,CAT,TOG,0.03609334393514933
2017,July,Sonoma (NC),LDT2,Gas,STREX,CAT,PM10,0.0001377643566471384
2017,July,Sonoma (NC),LDT2,Gas,STREX,CAT,PM2_5,0.00012672665052219624
2017,July,Sonoma (NC),LDT2,Gas,STREX,NCAT,CO,0.0042755300212779625
2017,July,Sonoma (NC),LDT2,Gas,STREX,NCAT,NOx,0.00019667839256835807
2017,July,Sonoma (NC),LDT2,Gas,STREX,NCAT,SOx,3.2158109882257446e-07
2017,July,Sonoma (NC),LDT2,Gas,STREX,NCAT,PM,8.637019546069314e-06
2017,July,Sonoma (NC),LDT2,Gas,STREX,NCAT,TOG,0.0006311525692058131
2017,July,Sonoma (NC),LDT2,Gas,STREX,NCAT,PM10,8.184998432687042e-06
2017,July,Sonoma (NC),LDT2,Gas,STREX,NCAT,PM2_5,7.756835754295873e-06
2017,July,Sonoma (NC),LDT2,Gas,HOTSOAK,CAT,TOG,0.013761922944423147
2017,July,Sonoma (NC),LDT2,Gas,HOTSOAK,NCAT,TOG,0.00044562007077008617
2017,July,Sonoma (NC),LDT2,Gas,RUNLOSS,CAT,TOG,0.049276795569794016
2017,July,Sonoma (NC),LDT2,Gas,RUNLOSS,NCAT,TOG,0.0010395922884209184
2017,July,Sonoma (NC),LDT2,Gas,RESTLOSS,CAT,TOG,0.00525590538530715
2017,July,Sonoma (NC),LDT2,Gas,RESTLOSS,NCAT,TOG,0.00018840823433104596
2017,July,Sonoma (NC),LDT2,Gas,DIURN,CAT,TOG,0.009735382525116933
2017,July,Sonoma (NC),LDT2,Gas,DIURN,NCAT,TOG,0.00039890123414288293
2017,July,Sonoma (NC),LDT2,Gas,PMTW,CAT,PM,0.0033257932354199982
2017,July,Sonoma (NC),LDT2,Gas,PMTW,CAT,PM10,0.0033257932354199982
2017,July,Sonoma (NC),LDT2,Gas,PMTW,CAT,PM2_5,0.0008314483088549996
2017,July,Sonoma (NC),LDT2,Gas,PMTW,NCAT,PM,3.855389874859154e-06
2017,July,Sonoma (NC),LDT2,Gas,PMTW,NCAT,PM10,3.855389874859154e-06
2017,July,Sonoma (NC),LDT2,Gas,PMTW,NCAT,PM2_5,9.638474687147885e-07
2017,July,Sonoma (NC),LDT2,Gas,PMBW,CAT,PM,0.015589655791031236
2017,July,Sonoma (NC),LDT2,Gas,PMBW,CAT,PM10,0.015277862675210615
2017,July,Sonoma (NC),LDT2,Gas,PMBW,CAT,PM2_5,0.0065476554322331185
2017,July,Sonoma (NC),LDT2,Gas,PMBW,NCAT,PM,1.807214003840226e-05
2017,July,Sonoma (NC),LDT2,Gas,PMBW,NCAT,PM10,1.7710697237634227e-05
2017,July,Sonoma (NC),LDT2,Gas,PMBW,NCAT,PM2_5,7.590298816128952e-06
2017,July,Sonoma (NC),MDV,Gas,RUNEX,CAT,CO,0.7143565664831282
2017,July,Sonoma (NC),MDV,Gas,RUNEX,CAT,NOx,0.08382538942395298
2017,July,Sonoma (NC),MDV,Gas,RUNEX,CAT,SOx,0.0015361732327656716
2017,July,Sonoma (NC),MDV,Gas,RUNEX,CAT,PM,0.0007471209652202634
2017,July,Sonoma (NC),MDV,Gas,RUNEX,CAT,TOG,0.026452947896124002
2017,July,Sonoma (NC),MDV,Gas,RUNEX,CAT,PM10,0.0006683507366118504
2017,July,Sonoma (NC),MDV,Gas,RUNEX,CAT,PM2_5,0.0006147354692613365
2017,July,Sonoma (NC),MDV,Gas,RUNEX,NCAT,CO,0.16782417308896305
2017,July,Sonoma (NC),MDV,Gas,RUNEX,NCAT,NOx,0.010691170408003292
2017,July,Sonoma (NC),MDV,Gas,RUNEX,NCAT,SOx,9.843208955684865e-06
2017,July,Sonoma (NC),MDV,Gas,RUNEX,NCAT,PM,7.116093926563019e-05
2017,July,Sonoma (NC),MDV,Gas,RUNEX,NCAT,TOG,0.00880749872951373
2017,July,Sonoma (NC),MDV,Gas,RUNEX,NCAT,PM10,6.796106892933627e-05
2017,July,Sonoma (NC),MDV,Gas,RUNEX,NCAT,PM2_5,6.465254545630288e-05
2017,July,Sonoma (NC),MDV,Gas,STREX,CAT,CO,0.18937569763977535
2017,July,Sonoma (NC),MDV,Gas,STREX,CAT,NOx,0.02774899336849156
2017,July,Sonoma (NC),MDV,Gas,STREX,CAT,SOx,4.3096503843980394e-05
2017,July,Sonoma (NC),MDV,Gas,STREX,CAT,PM,0.00014769028041192536
2017,July,Sonoma (NC),MDV,Gas,STREX,CAT,TOG,0.03787171941833211
2017,July,Sonoma (NC),MDV,Gas,STREX,CAT,PM10,0.00013215453366385667
2017,July,Sonoma (NC),MDV,Gas,STREX,CAT,PM2_5,0.00012157074158340222
2017,July,Sonoma (NC),MDV,Gas,STREX,NCAT,CO,0.01757398216002292
2017,July,Sonoma (NC),MDV,Gas,STREX,NCAT,NOx,0.0007275289096981216
2017,July,Sonoma (NC),MDV,Gas,STREX,NCAT,SOx,9.705224860824183e-07
2017,July,Sonoma (NC),MDV,Gas,STREX,NCAT,PM,1.8141379156490548e-05
2017,July,Sonoma (NC),MDV,Gas,STREX,NCAT,TOG,0.001819724005069316
2017,July,Sonoma (NC),MDV,Gas,STREX,NCAT,PM10,1.731444239379183e-05
2017,July,Sonoma (NC),MDV,Gas,STREX,NCAT,PM2_5,1.6466313601702144e-05
2017,July,Sonoma (NC),MDV,Gas,HOTSOAK,CAT,TOG,0.012197036397037841
2017,July,Sonoma (NC),MDV,Gas,HOTSOAK,NCAT,TOG,0.0007960809321723961
2017,July,Sonoma (NC),MDV,Gas,RUNLOSS,CAT,TOG,0.04250409514781107
2017,July,Sonoma (NC),MDV,Gas,RUNLOSS,NCAT,TOG,0.0016941416170483765
2017,July,Sonoma (NC),MDV,Gas,RESTLOSS,CAT,TOG,0.004741112078409743
2017,July,Sonoma (NC),MDV,Gas,RESTLOSS,NCAT,TOG,0.00043007648454035906
2017,July,Sonoma (NC),MDV,Gas,DIURN,CAT,TOG,0.008403881588610995
2017,July,Sonoma (NC),MDV,Gas,DIURN,NCAT,TOG,0.0008712224752131815
2017,July,Sonoma (NC),MDV,Gas,PMTW,CAT,PM,0.0026388134596776022
2017,July,Sonoma (NC),MDV,Gas,PMTW,CAT,PM10,0.0026388134596776022
2017,July,Sonoma (NC),MDV,Gas,PMTW,CAT,PM2_5,0.0006597033649194006
2017,July,Sonoma (NC),MDV,Gas,PMTW,NCAT,PM,9.635905535460826e-06
2017,July,Sonoma (NC),MDV,Gas,PMTW,NCAT,PM10,9.635905535460826e-06
2017,July,Sonoma (NC),MDV,Gas,PMTW,NCAT,PM2_5,2.4089763838652066e-06
2017,July,Sonoma (NC),MDV,Gas,PMBW,CAT,PM,0.012369438092238763
2017,July,Sonoma (NC),MDV,Gas,PMBW,CAT,PM10,0.012122049330393986
2017,July,Sonoma (NC),MDV,Gas,PMBW,CAT,PM2_5,0.005195163998740277
2017,July,Sonoma (NC),MDV,Gas,PMBW,NCAT,PM,4.516830719747262e-05
2017,July,Sonoma (NC),MDV,Gas,PMBW,NCAT,PM10,4.426494105352314e-05
2017,July,Sonoma (NC),MDV,Gas,PMBW,NCAT,PM2_5,1.897068902293852e-05
2017,July,Sonoma (NC),LHD1,Gas,RUNEX,CAT,CO,0.232237308146382
2017,July,Sonoma (NC),LHD1,Gas,RUNEX,CAT,NOx,0.03519002114014929
2017,July,Sonoma (NC),LHD1,Gas,RUNEX,CAT,SOx,0.0005630466613316832
2017,July,Sonoma (NC),LHD1,Gas,RUNEX,CAT,PM,0.00025802464667548625
2017,July,Sonoma (NC),LHD1,Gas,RUNEX,CAT,TOG,0.01814151185906806
2017,July,Sonoma (NC),LHD1,Gas,RUNEX,CAT,PM10,0.00023067403412788454
2017,July,Sonoma (NC),LHD1,Gas,RUNEX,CAT,PM2_5,0.00021209625956724958
2017,July,Sonoma (NC),LHD1,Gas,RUNEX,NCAT,CO,0.06147692136012012
2017,July,Sonoma (NC),LHD1,Gas,RUNEX,NCAT,NOx,0.0016407863664239788
2017,July,Sonoma (NC),LHD1,Gas,RUNEX,NCAT,SOx,7.034244844566293e-06
2017,July,Sonoma (NC),LHD1,Gas,RUNEX,NCAT,PM,3.212218514547395e-05
2017,July,Sonoma (NC),LHD1,Gas,RUNEX,NCAT,TOG,0.0036377505653703793
2017,July,Sonoma (NC),LHD1,Gas,RUNEX,NCAT,PM10,3.0869419924800436e-05
2017,July,Sonoma (NC),LHD1,Gas,RUNEX,NCAT,PM2_5,2.9456043778399597e-05
2017,July,Sonoma (NC),LHD1,Gas,IDLEX,CAT,CO,0.006048798552302238
2017,July,Sonoma (NC),LHD1,Gas,IDLEX,CAT,NOx,6.793774862932545e-05
2017,July,Sonoma (NC),LHD1,Gas,IDLEX,CAT,SOx,2.03436833726332e-06
2017,July,Sonoma (NC),LHD1,Gas,IDLEX,CAT,TOG,0.0011284288767662866
2017,July,Sonoma (NC),LHD1,Gas,IDLEX,NCAT,CO,0.00012295328600295878
2017,July,Sonoma (NC),LHD1,Gas,IDLEX,NCAT,NOx,1.390382367285512e-06
2017,July,Sonoma (NC),LHD1,Gas,IDLEX,NCAT,SOx,4.530477898274318e-08
2017,July,Sonoma (NC),LHD1,Gas,IDLEX,NCAT,TOG,2.2099831332455776e-05
2017,July,Sonoma (NC),LHD1,Gas,STREX,CAT,CO,0.06051979564027658
2017,July,Sonoma (NC),LHD1,Gas,STREX,CAT,NOx,0.012842453042121674
2017,July,Sonoma (NC),LHD1,Gas,STREX,CAT,SOx,4.863907668249184e-06
2017,July,Sonoma (NC),LHD1,Gas,STREX,CAT,PM,2.2620425648443074e-05
2017,July,Sonoma (NC),LHD1,Gas,STREX,CAT,TOG,0.005236363357796874
2017,July,Sonoma (NC),LHD1,Gas,STREX,CAT,PM10,2.022266052970812e-05
2017,July,Sonoma (NC),LHD1,Gas,STREX,CAT,PM2_5,1.8593989883020177e-05
2017,July,Sonoma (NC),LHD1,Gas,STREX,NCAT,CO,4.7422374708513466e-05
2017,July,Sonoma (NC),LHD1,Gas,STREX,NCAT,NOx,0.00020308220920299165
2017,July,Sonoma (NC),LHD1,Gas,STREX,NCAT,SOx,3.638098756809059e-07
2017,July,Sonoma (NC),LHD1,Gas,STREX,NCAT,PM,8.386863543279178e-06
2017,July,Sonoma (NC),LHD1,Gas,STREX,NCAT,TOG,0.0011184842539054692
2017,July,Sonoma (NC),LHD1,Gas,STREX,NCAT,PM10,8.059775865091294e-06
2017,July,Sonoma (NC),LHD1,Gas,STREX,NCAT,PM2_5,7.690753869187008e-06
2017,July,Sonoma (NC),LHD1,Gas,HOTSOAK,CAT,TOG,0.006705926455019131
2017,July,Sonoma (NC),LHD1,Gas,HOTSOAK,NCAT,TOG,0.0007132882876367296
2017,July,Sonoma (NC),LHD1,Gas,RUNLOSS,CAT,TOG,0.061257042734844405
2017,July,Sonoma (NC),LHD1,Gas,RUNLOSS,NCAT,TOG,0.002100583756817559
2017,July,Sonoma (NC),LHD1,Gas,RESTLOSS,CAT,TOG,7.766061372594033e-05
2017,July,Sonoma (NC),LHD1,Gas,RESTLOSS,NCAT,TOG,6.66559961758085e-06
2017,July,Sonoma (NC),LHD1,Gas,DIURN,CAT,TOG,0.0002698422990601547
2017,July,Sonoma (NC),LHD1,Gas,DIURN,NCAT,TOG,2.2210444515759866e-05
2017,July,Sonoma (NC),LHD1,Gas,PMTW,CAT,PM,0.0004297624681838774
2017,July,Sonoma (NC),LHD1,Gas,PMTW,CAT,PM10,0.0004297624681838774
2017,July,Sonoma (NC),LHD1,Gas,PMTW,CAT,PM2_5,0.00010744061704596935
2017,July,Sonoma (NC),LHD1,Gas,PMTW,NCAT,PM,4.557690725799958e-06
2017,July,Sonoma (NC),LHD1,Gas,PMTW,NCAT,PM10,4.557690725799958e-06
2017,July,Sonoma (NC),LHD1,Gas,PMTW,NCAT,PM2_5,1.1394226814499895e-06
2017,July,Sonoma (NC),LHD1,Gas,PMBW,CAT,PM,0.0041901840647928035
2017,July,Sonoma (NC),LHD1,Gas,PMBW,CAT,PM10,0.0041063803834969406
2017,July,Sonoma (NC),LHD1,Gas,PMBW,CAT,PM2_5,0.0017598773072129764
2017,July,Sonoma (NC),LHD1,Gas,PMBW,NCAT,PM,4.443748457654961e-05
2017,July,Sonoma (NC),LHD1,Gas,PMBW,NCAT,PM10,4.3548734885018606e-05
2017,July,Sonoma (NC),LHD1,Gas,PMBW,NCAT,PM2_5,1.8663743522150824e-05
2017,July,Sonoma (NC),LHD2,Gas,RUNEX,CAT,CO,0.018283001447559684
2017,July,Sonoma (NC),LHD2,Gas,RUNEX,CAT,NOx,0.0031148558076742284
2017,July,Sonoma (NC),LHD2,Gas,RUNEX,CAT,SOx,8.03481967407566e-05
2017,July,Sonoma (NC),LHD2,Gas,RUNEX,CAT,PM,2.2063134655355614e-05
2017,July,Sonoma (NC),LHD2,Gas,RUNEX,CAT,TOG,0.001364496054612107
2017,July,Sonoma (NC),LHD2,Gas,RUNEX,CAT,PM10,1.9724442381887927e-05
2017,July,Sonoma (NC),LHD2,Gas,RUNEX,CAT,PM2_5,1.813589668670235e-05
2017,July,Sonoma (NC),LHD2,Gas,IDLEX,CAT,CO,0.0006972385356679534
2017,July,Sonoma (NC),LHD2,Gas,IDLEX,CAT,NOx,7.835301036983158e-06
2017,July,Sonoma (NC),LHD2,Gas,IDLEX,CAT,SOx,2.6712388141725036e-07
2017,July,Sonoma (NC),LHD2,Gas,IDLEX,CAT,TOG,0.0001306484248006693
2017,July,Sonoma (NC),LHD2,Gas,STREX,CAT,CO,0.0062255492067013075
2017,July,Sonoma (NC),LHD2,Gas,STREX,CAT,NOx,0.0015015571508162997
2017,July,Sonoma (NC),LHD2,Gas,STREX,CAT,SOx,6.233374378797908e-07
2017,July,Sonoma (NC),LHD2,Gas,STREX,CAT,PM,1.7795101657204498e-06
2017,July,Sonoma (NC),LHD2,Gas,STREX,CAT,TOG,0.0005541126658894166
2017,July,Sonoma (NC),LHD2,Gas,STREX,CAT,PM10,1.5908820881540811e-06
2017,July,Sonoma (NC),LHD2,Gas,STREX,CAT,PM2_5,1.4627573562222105e-06
2017,July,Sonoma (NC),LHD2,Gas,HOTSOAK,CAT,TOG,0.0005330140378718617
2017,July,Sonoma (NC),LHD2,Gas,RUNLOSS,CAT,TOG,0.004934588606699377
2017,July,Sonoma (NC),LHD2,Gas,RESTLOSS,CAT,TOG,6.092404831413858e-06
2017,July,Sonoma (NC),LHD2,Gas,DIURN,CAT,TOG,2.0570236253090477e-05
2017,July,Sonoma (NC),LHD2,Gas,PMTW,CAT,PM,5.37438398303351e-05
2017,July,Sonoma (NC),LHD2,Gas,PMTW,CAT,PM10,5.37438398303351e-05
2017,July,Sonoma (NC),LHD2,Gas,PMTW,CAT,PM2_5,1.3435959957583775e-05
2017,July,Sonoma (NC),LHD2,Gas,PMBW,CAT,PM,0.000611336178070062
2017,July,Sonoma (NC),LHD2,Gas,PMBW,CAT,PM10,0.0005991094545086604
2017,July,Sonoma (NC),LHD2,Gas,PMBW,CAT,PM2_5,0.0002567611947894259
2017,July,Sonoma (NC),T6TS,Gas,RUNEX,CAT,CO,0.06088540464061382
2017,July,Sonoma (NC),T6TS,Gas,RUNEX,CAT,NOx,0.011424331742521276
2017,July,Sonoma (NC),T6TS,Gas,RUNEX,CAT,SOx,7.911262063716038e-05
2017,July,Sonoma (NC),T6TS,Gas,RUNEX,CAT,PM,1.9828073543323934e-05
2017,July,Sonoma (NC),T6TS,Gas,RUNEX,CAT,TOG,0.0038629405342060358
2017,July,Sonoma (NC),T6TS,Gas,RUNEX,CAT,PM10,1.7726297747731584e-05
2017,July,Sonoma (NC),T6TS,Gas,RUNEX,CAT,PM2_5,1.629867645261229e-05
2017,July,Sonoma (NC),T6TS,Gas,RUNEX,NCAT,CO,0.027196082213077503
2017,July,Sonoma (NC),T6TS,Gas,RUNEX,NCAT,NOx,0.0008138405626061535
2017,July,Sonoma (NC),T6TS,Gas,RUNEX,NCAT,SOx,4.116669520997317e-06
2017,July,Sonoma (NC),T6TS,Gas,RUNEX,NCAT,PM,8.142001878044249e-06
2017,July,Sonoma (NC),T6TS,Gas,RUNEX,NCAT,TOG,0.0013054953497729815
2017,July,Sonoma (NC),T6TS,Gas,RUNEX,NCAT,PM10,7.82446380480052e-06
2017,July,Sonoma (NC),T6TS,Gas,RUNEX,NCAT,PM2_5,7.466215722166578e-06
2017,July,Sonoma (NC),T6TS,Gas,IDLEX,CAT,CO,0.001191290261460831
2017,July,Sonoma (NC),T6TS,Gas,IDLEX,CAT,NOx,1.0556544809366746e-05
2017,July,Sonoma (NC),T6TS,Gas,IDLEX,CAT,SOx,7.078218994940515e-07
2017,July,Sonoma (NC),T6TS,Gas,IDLEX,CAT,TOG,0.00015421651727345184
2017,July,Sonoma (NC),T6TS,Gas,IDLEX,NCAT,CO,0.00015757477626416916
2017,July,Sonoma (NC),T6TS,Gas,IDLEX,NCAT,NOx,1.3998462567619817e-06
2017,July,Sonoma (NC),T6TS,Gas,IDLEX,NCAT,SOx,9.89794423163767e-08
2017,July,Sonoma (NC),T6TS,Gas,IDLEX,NCAT,TOG,1.982125838211812e-05
2017,July,Sonoma (NC),T6TS,Gas,STREX,CAT,CO,0.018645645639403224
2017,July,Sonoma (NC),T6TS,Gas,STREX,CAT,NOx,0.000979065915444395
2017,July,Sonoma (NC),T6TS,Gas,STREX,CAT,SOx,1.0930497886572801e-06
2017,July,Sonoma (NC),T6TS,Gas,STREX,CAT,PM,3.785148167990077e-06
2017,July,Sonoma (NC),T6TS,Gas,STREX,CAT,TOG,0.0008226746863999043
2017,July,Sonoma (NC),T6TS,Gas,STREX,CAT,PM10,3.383922462183131e-06
2017,July,Sonoma (NC),T6TS,Gas,STREX,CAT,PM2_5,3.111391794087846e-06
2017,July,Sonoma (NC),T6TS,Gas,STREX,NCAT,CO,4.642434231942984e-05
2017,July,Sonoma (NC),T6TS,Gas,STREX,NCAT,NOx,0.00018939587433090488
2017,July,Sonoma (NC),T6TS,Gas,STREX,NCAT,SOx,4.6480592669036233e-07
2017,July,Sonoma (NC),T6TS,Gas,STREX,NCAT,PM,5.174915654179504e-06
2017,July,Sonoma (NC),T6TS,Gas,STREX,NCAT,TOG,0.0010279885988768226
2017,July,Sonoma (NC),T6TS,Gas,STREX,NCAT,PM10,4.973093943666503e-06
2017,July,Sonoma (NC),T6TS,Gas,STREX,NCAT,PM2_5,4.745397654882606e-06
2017,July,Sonoma (NC),T6TS,Gas,HOTSOAK,CAT,TOG,0.0007699553296370056
2017,July,Sonoma (NC),T6TS,Gas,HOTSOAK,NCAT,TOG,0.0004724216676045589
2017,July,Sonoma (NC),T6TS,Gas,RUNLOSS,CAT,TOG,0.00538775306740168
2017,July,Sonoma (NC),T6TS,Gas,RUNLOSS,NCAT,TOG,0.0013234102553162156
2017,July,Sonoma (NC),T6TS,Gas,RESTLOSS,CAT,TOG,8.806587142243873e-06
2017,July,Sonoma (NC),T6TS,Gas,RESTLOSS,NCAT,TOG,3.2718642943139094e-06
2017,July,Sonoma (NC),T6TS,Gas,DIURN,CAT,TOG,2.9582997558475127e-05
2017,July,Sonoma (NC),T6TS,Gas,DIURN,NCAT,TOG,1.0563685530790307e-05
2017,July,Sonoma (NC),T6TS,Gas,PMTW,CAT,PM,5.056777734825816e-05
2017,July,Sonoma (NC),T6TS,Gas,PMTW,CAT,PM10,5.056777734825816e-05
2017,July,Sonoma (NC),T6TS,Gas,PMTW,CAT,PM2_5,1.264194433706454e-05
2017,July,Sonoma (NC),T6TS,Gas,PMTW,NCAT,PM,2.345115981478962e-06
2017,July,Sonoma (NC),T6TS,Gas,PMTW,NCAT,PM10,2.345115981478962e-06
2017,July,Sonoma (NC),T6TS,Gas,PMTW,NCAT,PM2_5,5.862789953697405e-07
2017,July,Sonoma (NC),T6TS,Gas,PMBW,CAT,PM,0.0005604595322765277
2017,July,Sonoma (NC),T6TS,Gas,PMBW,CAT,PM10,0.0005492503416309971
2017,July,Sonoma (NC),T6TS,Gas,PMBW,CAT,PM2_5,0.00023539300355614163
2017,July,Sonoma (NC),T6TS,Gas,PMBW,NCAT,PM,2.5991702128058496e-05
2017,July,Sonoma (NC),T6TS,Gas,PMBW,NCAT,PM10,2.547186808549733e-05
2017,July,Sonoma (NC),T6TS,Gas,PMBW,NCAT,PM2_5,1.0916514893784571e-05
2017,July,Sonoma (NC),T7IS,Gas,RUNEX,CAT,CO,0.010307893904472126
2017,July,Sonoma (NC),T7IS,Gas,RUNEX,CAT,NOx,0.0017227793383290323
2017,July,Sonoma (NC),T7IS,Gas,RUNEX,CAT,SOx,1.2170982393800855e-06
2017,July,Sonoma (NC),T7IS,Gas,RUNEX,CAT,PM,6.427693827409623e-07
2017,July,Sonoma (NC),T7IS,Gas,RUNEX,CAT,TOG,0.0003423639110860043
2017,July,Sonoma (NC),T7IS,Gas,RUNEX,CAT,PM10,5.746358281704202e-07
2017,July,Sonoma (NC),T7IS,Gas,RUNEX,CAT,PM2_5,5.28356432613071e-07
2017,July,Sonoma (NC),T7IS,Gas,STREX,CAT,CO,0.0002610855708951447
2017,July,Sonoma (NC),T7IS,Gas,STREX,CAT,NOx,1.897246702333203e-05
2017,July,Sonoma (NC),T7IS,Gas,STREX,CAT,SOx,2.4604992041380175e-08
2017,July,Sonoma (NC),T7IS,Gas,STREX,CAT,PM,1.5914852018421442e-07
2017,July,Sonoma (NC),T7IS,Gas,STREX,CAT,TOG,6.610223575915823e-09
2017,July,Sonoma (NC),T7IS,Gas,STREX,CAT,PM10,1.4227877704468762e-07
2017,July,Sonoma (NC),T7IS,Gas,STREX,CAT,PM2_5,1.3082008359142422e-07
2017,July,Sonoma (NC),T7IS,Gas,HOTSOAK,CAT,TOG,2.8215778143832718e-05
2017,July,Sonoma (NC),T7IS,Gas,RUNLOSS,CAT,TOG,0.00023007531102663898
2017,July,Sonoma (NC),T7IS,Gas,RESTLOSS,CAT,TOG,3.0799684826654036e-07
2017,July,Sonoma (NC),T7IS,Gas,DIURN,CAT,TOG,9.686962938199994e-07
2017,July,Sonoma (NC),T7IS,Gas,PMTW,CAT,PM,9.536569248702849e-07
2017,July,Sonoma (NC),T7IS,Gas,PMTW,CAT,PM10,9.536569248702849e-07
2017,July,Sonoma (NC),T7IS,Gas,PMTW,CAT,PM2_5,2.3841423121757124e-07
2017,July,Sonoma (NC),T7IS,Gas,PMBW,CAT,PM,3.0040193133413962e-06
2017,July,Sonoma (NC),T7IS,Gas,PMBW,CAT,PM10,2.9439389270745687e-06
2017,July,Sonoma (NC),T7IS,Gas,PMBW,CAT,PM2_5,1.2616881116033868e-06
2017,July,Sonoma (NC),LDT1,Dsl,RUNEX,DSL,CO,0.00028805587367179995
2017,July,Sonoma (NC),LDT1,Dsl,RUNEX,DSL,NOx,0.00027684715298726
2017,July,Sonoma (NC),LDT1,Dsl,RUNEX,DSL,SOx,6.959615569076521e-07
2017,July,Sonoma (NC),LDT1,Dsl,RUNEX,DSL,PM,4.733490748701553e-05
2017,July,Sonoma (NC),LDT1,Dsl,RUNEX,DSL,TOG,6.506540604689476e-05
2017,July,Sonoma (NC),LDT1,Dsl,RUNEX,DSL,PM10,4.705089804209345e-05
2017,July,Sonoma (NC),LDT1,Dsl,RUNEX,DSL,PM2_5,4.501549702015178e-05
2017,July,Sonoma (NC),LDT1,Dsl,PMTW,DSL,PM,1.3962029982119557e-06
2017,July,Sonoma (NC),LDT1,Dsl,PMTW,DSL,PM10,1.3962029982119557e-06
2017,July,Sonoma (NC),LDT1,Dsl,PMTW,DSL,PM2_5,3.4905074955298894e-07
2017,July,Sonoma (NC),LDT1,Dsl,PMBW,DSL,PM,6.544701554118541e-06
2017,July,Sonoma (NC),LDT1,Dsl,PMBW,DSL,PM10,6.41380752303617e-06
2017,July,Sonoma (NC),LDT1,Dsl,PMBW,DSL,PM2_5,2.7487746527297894e-06
2017,July,Sonoma (NC),LDT2,Dsl,RUNEX,DSL,CO,0.0004908816749889927
2017,July,Sonoma (NC),LDT2,Dsl,RUNEX,DSL,NOx,0.0002933004031206663
2017,July,Sonoma (NC),LDT2,Dsl,RUNEX,DSL,SOx,9.147108419377516e-06
2017,July,Sonoma (NC),LDT2,Dsl,RUNEX,DSL,PM,4.109858721978044e-05
2017,July,Sonoma (NC),LDT2,Dsl,RUNEX,DSL,TOG,8.543248958262748e-05
2017,July,Sonoma (NC),LDT2,Dsl,RUNEX,DSL,PM10,4.0851995696461715e-05
2017,July,Sonoma (NC),LDT2,Dsl,RUNEX,DSL,PM2_5,3.908475644601117e-05
2017,July,Sonoma (NC),LDT2,Dsl,PMTW,DSL,PM,2.4132485238489653e-05
2017,July,Sonoma (NC),LDT2,Dsl,PMTW,DSL,PM10,2.4132485238489653e-05
2017,July,Sonoma (NC),LDT2,Dsl,PMTW,DSL,PM2_5,6.033121309622413e-06
2017,July,Sonoma (NC),LDT2,Dsl,PMBW,DSL,PM,0.00011312102455542028
2017,July,Sonoma (NC),LDT2,Dsl,PMBW,DSL,PM10,0.00011085860406431184
2017,July,Sonoma (NC),LDT2,Dsl,PMBW,DSL,PM2_5,4.7510830313276506e-05
2017,July,Sonoma (NC),MDV,Dsl,RUNEX,DSL,CO,0.0017064821870664253
2017,July,Sonoma (NC),MDV,Dsl,RUNEX,DSL,NOx,0.0008671466218961462
2017,July,Sonoma (NC),MDV,Dsl,RUNEX,DSL,SOx,3.023468602908753e-05
2017,July,Sonoma (NC),MDV,Dsl,RUNEX,DSL,PM,7.108944085277944e-05
2017,July,Sonoma (NC),MDV,Dsl,RUNEX,DSL,TOG,0.00014557732086014643
2017,July,Sonoma (NC),MDV,Dsl,RUNEX,DSL,PM10,7.066290420766285e-05
2017,July,Sonoma (NC),MDV,Dsl,RUNEX,DSL,PM2_5,6.760605825099318e-05
2017,July,Sonoma (NC),MDV,Dsl,PMTW,DSL,PM,6.079547240754593e-05
2017,July,Sonoma (NC),MDV,Dsl,PMTW,DSL,PM10,6.079547240754593e-05
2017,July,Sonoma (NC),MDV,Dsl,PMTW,DSL,PM2_5,1.5198868101886483e-05
2017,July,Sonoma (NC),MDV,Dsl,PMBW,DSL,PM,0.00028497877691037167
2017,July,Sonoma (NC),MDV,Dsl,PMBW,DSL,PM10,0.0002792792013721643
2017,July,Sonoma (NC),MDV,Dsl,PMBW,DSL,PM2_5,0.00011969108630235608
2017,July,Sonoma (NC),LHD1,Dsl,RUNEX,DSL,CO,0.07781006326981012
2017,July,Sonoma (NC),LHD1,Dsl,RUNEX,DSL,NOx,0.3150596625362873
2017,July,Sonoma (NC),LHD1,Dsl,RUNEX,DSL,SOx,0.0004458031916435576
2017,July,Sonoma (NC),LHD1,Dsl,RUNEX,DSL,PM,0.0033471330592043623
2017,July,Sonoma (NC),LHD1,Dsl,RUNEX,DSL,TOG,0.019667107201855615
2017,July,Sonoma (NC),LHD1,Dsl,RUNEX,DSL,PM10,0.0033270502608491433
2017,July,Sonoma (NC),LHD1,Dsl,RUNEX,DSL,PM2_5,0.0031831235393033506
2017,July,Sonoma (NC),LHD1,Dsl,IDLEX,DSL,CO,0.0019131346920564203
2017,July,Sonoma (NC),LHD1,Dsl,IDLEX,DSL,NOx,0.005402090935849641
2017,July,Sonoma (NC),LHD1,Dsl,IDLEX,DSL,SOx,2.8253431489629584e-06
2017,July,Sonoma (NC),LHD1,Dsl,IDLEX,DSL,PM,6.254639642331709e-05
2017,July,Sonoma (NC),LHD1,Dsl,IDLEX,DSL,TOG,0.000262770397149938
2017,July,Sonoma (NC),LHD1,Dsl,IDLEX,DSL,PM10,6.217111804477708e-05
2017,July,Sonoma (NC),LHD1,Dsl,IDLEX,DSL,PM2_5,5.948162299857449e-05
2017,July,Sonoma (NC),LHD1,Dsl,PMTW,DSL,PM,0.0009561180823345404
2017,July,Sonoma (NC),LHD1,Dsl,PMTW,DSL,PM10,0.0009561180823345404
2017,July,Sonoma (NC),LHD1,Dsl,PMTW,DSL,PM2_5,0.0002390295205836351
2017,July,Sonoma (NC),LHD1,Dsl,PMBW,DSL,PM,0.006214767535174511
2017,July,Sonoma (NC),LHD1,Dsl,PMBW,DSL,PM10,0.006090472184471027
2017,July,Sonoma (NC),LHD1,Dsl,PMBW,DSL,PM2_5,0.002610202364773299
2017,July,Sonoma (NC),LHD2,Dsl,RUNEX,DSL,CO,0.01830879781402304
2017,July,Sonoma (NC),LHD2,Dsl,RUNEX,DSL,NOx,0.06557618706744694
2017,July,Sonoma (NC),LHD2,Dsl,RUNEX,DSL,SOx,0.0001343371676651513
2017,July,Sonoma (NC),LHD2,Dsl,RUNEX,DSL,PM,0.0007451267323865429
2017,July,Sonoma (NC),LHD2,Dsl,RUNEX,DSL,TOG,0.004607503467419248
2017,July,Sonoma (NC),LHD2,Dsl,RUNEX,DSL,PM10,0.0007406559719922236
2017,July,Sonoma (NC),LHD2,Dsl,RUNEX,DSL,PM2_5,0.0007086155224996027
2017,July,Sonoma (NC),LHD2,Dsl,IDLEX,DSL,CO,0.00048817082527206494
2017,July,Sonoma (NC),LHD2,Dsl,IDLEX,DSL,NOx,0.001378479653680378
2017,July,Sonoma (NC),LHD2,Dsl,IDLEX,DSL,SOx,1.1537772032622817e-06
2017,July,Sonoma (NC),LHD2,Dsl,IDLEX,DSL,PM,1.5022925311583263e-05
2017,July,Sonoma (NC),LHD2,Dsl,IDLEX,DSL,TOG,6.70506066124749e-05
2017,July,Sonoma (NC),LHD2,Dsl,IDLEX,DSL,PM10,1.4932787759713755e-05
2017,July,Sonoma (NC),LHD2,Dsl,IDLEX,DSL,PM2_5,1.4286801971315674e-05
2017,July,Sonoma (NC),LHD2,Dsl,PMTW,DSL,PM,0.00025714852532991527
2017,July,Sonoma (NC),LHD2,Dsl,PMTW,DSL,PM10,0.00025714852532991527
2017,July,Sonoma (NC),LHD2,Dsl,PMTW,DSL,PM2_5,6.428713133247882e-05
2017,July,Sonoma (NC),LHD2,Dsl,PMBW,DSL,PM,0.0019500429837518572
2017,July,Sonoma (NC),LHD2,Dsl,PMBW,DSL,PM10,0.0019110421240768193
2017,July,Sonoma (NC),LHD2,Dsl,PMBW,DSL,PM2_5,0.0008190180531757809
2017,July,Sonoma (NC),LDT1,Elec,HOTSOAK,CAT,TOG,1.1086843619608544e-07
2017,July,Sonoma (NC),LDT1,Elec,RESTLOSS,CAT,TOG,2.180567073062233e-08
2017,July,Sonoma (NC),LDT1,Elec,DIURN,CAT,TOG,1.393713161369383e-07
2017,July,Sonoma (NC),LDT1,Elec,PMTW,CAT,PM,1.1842185782178417e-06
2017,July,Sonoma (NC),LDT1,Elec,PMTW,CAT,PM10,1.1842185782178417e-06
2017,July,Sonoma (NC),LDT1,Elec,PMTW,CAT,PM2_5,2.9605464455446043e-07
2017,July,Sonoma (NC),LDT1,Elec,PMBW,CAT,PM,5.551024585396131e-06
2017,July,Sonoma (NC),LDT1,Elec,PMBW,CAT,PM10,5.440004093688208e-06
2017,July,Sonoma (NC),LDT1,Elec,PMBW,CAT,PM2_5,2.331430325866375e-06
2017,July,Sonoma (NC),LDT2,Elec,HOTSOAK,CAT,TOG,4.4368867209209125e-07
2017,July,Sonoma (NC),LDT2,Elec,RESTLOSS,CAT,TOG,7.979030198531994e-08
2017,July,Sonoma (NC),LDT2,Elec,DIURN,CAT,TOG,5.099810751081823e-07
2017,July,Sonoma (NC),LDT2,Elec,PMTW,CAT,PM,5.365295761778974e-06
2017,July,Sonoma (NC),LDT2,Elec,PMTW,CAT,PM10,5.365295761778974e-06
2017,July,Sonoma (NC),LDT2,Elec,PMTW,CAT,PM2_5,1.3413239404447435e-06
2017,July,Sonoma (NC),LDT2,Elec,PMBW,CAT,PM,2.5149823883338935e-05
2017,July,Sonoma (NC),LDT2,Elec,PMBW,CAT,PM10,2.464682740567215e-05
2017,July,Sonoma (NC),LDT2,Elec,PMBW,CAT,PM2_5,1.0562926031002358e-05
2017,July,Sonoma (NC),MDV,Elec,HOTSOAK,CAT,TOG,2.464616369734769e-08
2017,July,Sonoma (NC),MDV,Elec,RESTLOSS,CAT,TOG,4.39615972434034e-09
2017,July,Sonoma (NC),MDV,Elec,DIURN,CAT,TOG,2.809812980754052e-08
2017,July,Sonoma (NC),MDV,Elec,PMTW,CAT,PM,3.0323397812774673e-07
2017,July,Sonoma (NC),MDV,Elec,PMTW,CAT,PM10,3.0323397812774673e-07
2017,July,Sonoma (NC),MDV,Elec,PMTW,CAT,PM2_5,7.580849453193668e-08
2017,July,Sonoma (NC),MDV,Elec,PMBW,CAT,PM,1.4214092724738127e-06
2017,July,Sonoma (NC),MDV,Elec,PMBW,CAT,PM10,1.392981087024337e-06
2017,July,Sonoma (NC),MDV,Elec,PMBW,CAT,PM2_5,5.969918944390014e-07
2017,July,Sonoma (NC),SBUS,Gas,RUNEX,CAT,CO,0.0003485606443968765
2017,July,Sonoma (NC),SBUS,Gas,RUNEX,CAT,NOx,7.160649362397952e-05
2017,July,Sonoma (NC),SBUS,Gas,RUNEX,CAT,SOx,8.974173401232386e-07
2017,July,Sonoma (NC),SBUS,Gas,RUNEX,CAT,PM,2.178764899850442e-07
2017,July,Sonoma (NC),SBUS,Gas,RUNEX,CAT,TOG,2.2294010004691994e-05
2017,July,Sonoma (NC),SBUS,Gas,RUNEX,CAT,PM10,1.9478158204662953e-07
2017,July,Sonoma (NC),SBUS,Gas,RUNEX,CAT,PM2_5,1.7909447476770625e-07
2017,July,Sonoma (NC),SBUS,Gas,IDLEX,CAT,CO,0.00015422419284048
2017,July,Sonoma (NC),SBUS,Gas,IDLEX,CAT,NOx,1.7377393612889135e-06
2017,July,Sonoma (NC),SBUS,Gas,IDLEX,CAT,SOx,4.9803580247952946e-08
2017,July,Sonoma (NC),SBUS,Gas,IDLEX,CAT,TOG,2.9025460233315536e-05
2017,July,Sonoma (NC),SBUS,Gas,STREX,CAT,CO,8.722010384524422e-05
2017,July,Sonoma (NC),SBUS,Gas,STREX,CAT,NOx,4.106189824127154e-06
2017,July,Sonoma (NC),SBUS,Gas,STREX,CAT,SOx,4.0944232813603595e-09
2017,July,Sonoma (NC),SBUS,Gas,STREX,CAT,PM,5.458226988954953e-09
2017,July,Sonoma (NC),SBUS,Gas,STREX,CAT,TOG,3.4773672635461354e-06
2017,July,Sonoma (NC),SBUS,Gas,STREX,CAT,PM10,4.879654928125725e-09
2017,July,Sonoma (NC),SBUS,Gas,STREX,CAT,PM2_5,4.486662584920974e-09
2017,July,Sonoma (NC),SBUS,Gas,HOTSOAK,CAT,TOG,8.063815757634223e-07
2017,July,Sonoma (NC),SBUS,Gas,RUNLOSS,CAT,TOG,8.624293598613802e-06
2017,July,Sonoma (NC),SBUS,Gas,RESTLOSS,CAT,TOG,2.9015483370270044e-08
2017,July,Sonoma (NC),SBUS,Gas,DIURN,CAT,TOG,1.4414308690438406e-07
2017,July,Sonoma (NC),SBUS,Gas,PMTW,CAT,PM,8.118437724995026e-07
2017,July,Sonoma (NC),SBUS,Gas,PMTW,CAT,PM10,8.118437724995026e-07
2017,July,Sonoma (NC),SBUS,Gas,PMTW,CAT,PM2_5,2.0296094312487565e-07
2017,July,Sonoma (NC),SBUS,Gas,PMBW,CAT,PM,7.712515737264807e-05
2017,July,Sonoma (NC),SBUS,Gas,PMBW,CAT,PM10,7.558265422519519e-05
2017,July,Sonoma (NC),SBUS,Gas,PMBW,CAT,PM2_5,3.239256609651223e-05
2017,July,Sonoma (NC),OBUS,Gas,RUNEX,CAT,CO,0.005781336019162263
2017,July,Sonoma (NC),OBUS,Gas,RUNEX,CAT,NOx,0.0019402991976021106
2017,July,Sonoma (NC),OBUS,Gas,RUNEX,CAT,SOx,1.9790996000278304e-05
2017,July,Sonoma (NC),OBUS,Gas,RUNEX,CAT,PM,1.8146177215196373e-06
2017,July,Sonoma (NC),OBUS,Gas,RUNEX,CAT,TOG,0.0003631203381557097
2017,July,Sonoma (NC),OBUS,Gas,RUNEX,CAT,PM10,1.6222682430385544e-06
2017,July,Sonoma (NC),OBUS,Gas,RUNEX,CAT,PM2_5,1.491615767089142e-06
2017,July,Sonoma (NC),OBUS,Gas,RUNEX,NCAT,CO,0.0016236594723012445
2017,July,Sonoma (NC),OBUS,Gas,RUNEX,NCAT,NOx,5.141243290600125e-05
2017,July,Sonoma (NC),OBUS,Gas,RUNEX,NCAT,SOx,2.46420619448275e-07
2017,July,Sonoma (NC),OBUS,Gas,RUNEX,NCAT,PM,4.873495478460825e-07
2017,July,Sonoma (NC),OBUS,Gas,RUNEX,NCAT,TOG,8.078620135976519e-05
2017,July,Sonoma (NC),OBUS,Gas,RUNEX,NCAT,PM10,4.6834291548008526e-07
2017,July,Sonoma (NC),OBUS,Gas,RUNEX,NCAT,PM2_5,4.468995353748576e-07
2017,July,Sonoma (NC),OBUS,Gas,IDLEX,CAT,CO,0.00011377482506744576
2017,July,Sonoma (NC),OBUS,Gas,IDLEX,CAT,NOx,1.2826126568992281e-06
2017,July,Sonoma (NC),OBUS,Gas,IDLEX,CAT,SOx,7.752055192512816e-08
2017,July,Sonoma (NC),OBUS,Gas,IDLEX,CAT,TOG,2.1340995943904488e-05
2017,July,Sonoma (NC),OBUS,Gas,IDLEX,NCAT,CO,5.185626810853591e-06
2017,July,Sonoma (NC),OBUS,Gas,IDLEX,NCAT,NOx,5.8640190234202706e-08
2017,July,Sonoma (NC),OBUS,Gas,IDLEX,NCAT,SOx,3.9191226590307704e-09
2017,July,Sonoma (NC),OBUS,Gas,IDLEX,NCAT,TOG,9.32073323116937e-07
2017,July,Sonoma (NC),OBUS,Gas,STREX,CAT,CO,0.0017368369751210868
2017,July,Sonoma (NC),OBUS,Gas,STREX,CAT,NOx,0.0002011155206306594
2017,July,Sonoma (NC),OBUS,Gas,STREX,CAT,SOx,1.1514169487366143e-07
2017,July,Sonoma (NC),OBUS,Gas,STREX,CAT,PM,2.472408226691488e-07
2017,July,Sonoma (NC),OBUS,Gas,STREX,CAT,TOG,9.276962532269203e-05
2017,July,Sonoma (NC),OBUS,Gas,STREX,CAT,PM10,2.2103329546621917e-07
2017,July,Sonoma (NC),OBUS,Gas,STREX,CAT,PM2_5,2.0323195623404047e-07
2017,July,Sonoma (NC),OBUS,Gas,STREX,NCAT,CO,2.802231658223229e-06
2017,July,Sonoma (NC),OBUS,Gas,STREX,NCAT,NOx,1.0541208891718863e-05
2017,July,Sonoma (NC),OBUS,Gas,STREX,NCAT,SOx,2.5588310597476706e-08
2017,July,Sonoma (NC),OBUS,Gas,STREX,NCAT,PM,3.0617390083452535e-07
2017,July,Sonoma (NC),OBUS,Gas,STREX,NCAT,TOG,5.947535620224427e-05
2017,July,Sonoma (NC),OBUS,Gas,STREX,NCAT,PM10,2.942331187019788e-07
2017,July,Sonoma (NC),OBUS,Gas,STREX,NCAT,PM2_5,2.8076146706525977e-07
2017,July,Sonoma (NC),OBUS,Gas,HOTSOAK,CAT,TOG,2.2857049374370662e-05
2017,July,Sonoma (NC),OBUS,Gas,HOTSOAK,NCAT,TOG,9.523267838743927e-06
2017,July,Sonoma (NC),OBUS,Gas,RUNLOSS,CAT,TOG,0.0003671681744105024
2017,July,Sonoma (NC),OBUS,Gas,RUNLOSS,NCAT,TOG,6.537621824563046e-05
2017,July,Sonoma (NC),OBUS,Gas,RESTLOSS,CAT,TOG,6.848287144774231e-07
2017,July,Sonoma (NC),OBUS,Gas,RESTLOSS,NCAT,TOG,1.84049446398314e-07
2017,July,Sonoma (NC),OBUS,Gas,DIURN,CAT,TOG,3.1096553449612615e-06
2017,July,Sonoma (NC),OBUS,Gas,DIURN,NCAT,TOG,8.461149991346807e-07
2017,July,Sonoma (NC),OBUS,Gas,PMTW,CAT,PM,1.2781949446363577e-05
2017,July,Sonoma (NC),OBUS,Gas,PMTW,CAT,PM10,1.2781949446363577e-05
2017,July,Sonoma (NC),OBUS,Gas,PMTW,CAT,PM2_5,3.1954873615908944e-06
2017,July,Sonoma (NC),OBUS,Gas,PMTW,NCAT,PM,1.403698046671198e-07
2017,July,Sonoma (NC),OBUS,Gas,PMTW,NCAT,PM10,1.403698046671198e-07
2017,July,Sonoma (NC),OBUS,Gas,PMTW,NCAT,PM2_5,3.509245116677995e-08
2017,July,Sonoma (NC),OBUS,Gas,PMBW,CAT,PM,0.000141666606363863
2017,July,Sonoma (NC),OBUS,Gas,PMBW,CAT,PM10,0.00013883327423658593
2017,July,Sonoma (NC),OBUS,Gas,PMBW,CAT,PM2_5,5.949997467282251e-05
2017,July,Sonoma (NC),OBUS,Gas,PMBW,NCAT,PM,1.5557653350605782e-06
2017,July,Sonoma (NC),OBUS,Gas,PMBW,NCAT,PM10,1.5246500283593662e-06
2017,July,Sonoma (NC),OBUS,Gas,PMBW,NCAT,PM2_5,6.534214407254426e-07
2017,July,Sonoma (NC),MCY,Gas,RUNEX,CAT,CO,0.08838199109452992
2017,July,Sonoma (NC),MCY,Gas,RUNEX,CAT,NOx,0.006792714193094619
2017,July,Sonoma (NC),MCY,Gas,RUNEX,CAT,SOx,1.4329176978268376e-05
2017,July,Sonoma (NC),MCY,Gas,RUNEX,CAT,PM,9.837727730706499e-06
2017,July,Sonoma (NC),MCY,Gas,RUNEX,CAT,TOG,0.015659896619581715
2017,July,Sonoma (NC),MCY,Gas,RUNEX,CAT,PM10,9.095267175013564e-06
2017,July,Sonoma (NC),MCY,Gas,RUNEX,CAT,PM2_5,8.512465410422616e-06
2017,July,Sonoma (NC),MCY,Gas,RUNEX,NCAT,CO,0.27621775581219643
2017,July,Sonoma (NC),MCY,Gas,RUNEX,NCAT,NOx,0.010605235101438222
2017,July,Sonoma (NC),MCY,Gas,RUNEX,NCAT,SOx,1.8437810045074918e-05
2017,July,Sonoma (NC),MCY,Gas,RUNEX,NCAT,PM,2.503777804573201e-05
2017,July,Sonoma (NC),MCY,Gas,RUNEX,NCAT,TOG,0.03086683305145791
2017,July,Sonoma (NC),MCY,Gas,RUNEX,NCAT,PM10,2.3760966118186536e-05
2017,July,Sonoma (NC),MCY,Gas,RUNEX,NCAT,PM2_5,2.2533789252154425e-05
2017,July,Sonoma (NC),MCY,Gas,STREX,CAT,CO,0.00719342259859612
2017,July,Sonoma (NC),MCY,Gas,STREX,CAT,NOx,0.0002941217614428097
2017,July,Sonoma (NC),MCY,Gas,STREX,CAT,SOx,6.777865765236531e-07
2017,July,Sonoma (NC),MCY,Gas,STREX,CAT,PM,2.374192773398773e-06
2017,July,Sonoma (NC),MCY,Gas,STREX,CAT,TOG,0.0019791412892474253
2017,July,Sonoma (NC),MCY,Gas,STREX,CAT,PM10,2.207799887441372e-06
2017,July,Sonoma (NC),MCY,Gas,STREX,CAT,PM2_5,2.072493878572188e-06
2017,July,Sonoma (NC),MCY,Gas,STREX,NCAT,CO,0.024210589714772274
2017,July,Sonoma (NC),MCY,Gas,STREX,NCAT,NOx,0.0006871115790126604
2017,July,Sonoma (NC),MCY,Gas,STREX,NCAT,SOx,1.7280431481377596e-06
2017,July,Sonoma (NC),MCY,Gas,STREX,NCAT,PM,1.8357683555914122e-05
2017,July,Sonoma (NC),MCY,Gas,STREX,NCAT,TOG,0.006090956822611906
2017,July,Sonoma (NC),MCY,Gas,STREX,NCAT,PM10,1.7556462349210518e-05
2017,July,Sonoma (NC),MCY,Gas,STREX,NCAT,PM2_5,1.6713088401934828e-05
2017,July,Sonoma (NC),MCY,Gas,HOTSOAK,CAT,TOG,0.00042780881120975216
2017,July,Sonoma (NC),MCY,Gas,HOTSOAK,NCAT,TOG,0.003169576623896717
2017,July,Sonoma (NC),MCY,Gas,RUNLOSS,CAT,TOG,0.0010449646106626788
2017,July,Sonoma (NC),MCY,Gas,RUNLOSS,NCAT,TOG,0.011679943059844112
2017,July,Sonoma (NC),MCY,Gas,RESTLOSS,CAT,TOG,0.00036473299354983126
2017,July,Sonoma (NC),MCY,Gas,RESTLOSS,NCAT,TOG,0.001869047421978051
2017,July,Sonoma (NC),MCY,Gas,DIURN,CAT,TOG,0.0010702556809170528
2017,July,Sonoma (NC),MCY,Gas,DIURN,NCAT,TOG,0.004824031321211601
2017,July,Sonoma (NC),MCY,Gas,PMTW,CAT,PM,2.8025130375864114e-05
2017,July,Sonoma (NC),MCY,Gas,PMTW,CAT,PM10,2.8025130375864114e-05
2017,July,Sonoma (NC),MCY,Gas,PMTW,CAT,PM2_5,7.006282593966028e-06
2017,July,Sonoma (NC),MCY,Gas,PMTW,NCAT,PM,3.531091278161314e-05
2017,July,Sonoma (NC),MCY,Gas,PMTW,NCAT,PM10,3.531091278161314e-05
2017,July,Sonoma (NC),MCY,Gas,PMTW,NCAT,PM2_5,8.827728195403284e-06
2017,July,Sonoma (NC),MCY,Gas,PMBW,CAT,PM,8.407539112759232e-05
2017,July,Sonoma (NC),MCY,Gas,PMBW,CAT,PM10,8.239388330504046e-05
2017,July,Sonoma (NC),MCY,Gas,PMBW,CAT,PM2_5,3.531166427358879e-05
2017,July,Sonoma (NC),MCY,Gas,PMBW,NCAT,PM,0.00010593273834483936
2017,July,Sonoma (NC),MCY,Gas,PMBW,NCAT,PM10,0.00010381408357794256
2017,July,Sonoma (NC),MCY,Gas,PMBW,NCAT,PM2_5,4.449175010483252e-05
2017,July,Sonoma (NC),MH,Gas,RUNEX,CAT,CO,0.020789204462815285
2017,July,Sonoma (NC),MH,Gas,RUNEX,CAT,NOx,0.0029937505499650326
2017,July,Sonoma (NC),MH,Gas,RUNEX,CAT,SOx,4.8579378632499774e-05
2017,July,Sonoma (NC),MH,Gas,RUNEX,CAT,PM,1.0180351060665946e-05
2017,July,Sonoma (NC),MH,Gas,RUNEX,CAT,TOG,0.0010047696870834834
2017,July,Sonoma (NC),MH,Gas,RUNEX,CAT,PM10,9.101233848235362e-06
2017,July,Sonoma (NC),MH,Gas,RUNEX,CAT,PM2_5,8.368248571867412e-06
2017,July,Sonoma (NC),MH,Gas,RUNEX,NCAT,CO,0.003082224112829566
2017,July,Sonoma (NC),MH,Gas,RUNEX,NCAT,NOx,8.733703269986129e-05
2017,July,Sonoma (NC),MH,Gas,RUNEX,NCAT,SOx,4.690802205066277e-07
2017,July,Sonoma (NC),MH,Gas,RUNEX,NCAT,PM,9.285310476389854e-07
2017,July,Sonoma (NC),MH,Gas,RUNEX,NCAT,TOG,0.00014579690096103634
2017,July,Sonoma (NC),MH,Gas,RUNEX,NCAT,PM10,8.923183367810647e-07
2017,July,Sonoma (NC),MH,Gas,RUNEX,NCAT,PM2_5,8.514629706849494e-07
2017,July,Sonoma (NC),MH,Gas,STREX,CAT,CO,0.00013858795021174636
2017,July,Sonoma (NC),MH,Gas,STREX,CAT,NOx,9.30932068780416e-06
2017,July,Sonoma (NC),MH,Gas,STREX,CAT,SOx,9.301643989188015e-09
2017,July,Sonoma (NC),MH,Gas,STREX,CAT,PM,2.4195553007255522e-08
2017,July,Sonoma (NC),MH,Gas,STREX,CAT,TOG,6.559741893553403e-06
2017,July,Sonoma (NC),MH,Gas,STREX,CAT,PM10,2.1630824388486447e-08
2017,July,Sonoma (NC),MH,Gas,STREX,CAT,PM2_5,1.988874457196399e-08
2017,July,Sonoma (NC),MH,Gas,STREX,NCAT,CO,5.8829844202652614e-08
2017,July,Sonoma (NC),MH,Gas,STREX,NCAT,NOx,2.421048465061609e-07
2017,July,Sonoma (NC),MH,Gas,STREX,NCAT,SOx,5.726216487815863e-10
2017,July,Sonoma (NC),MH,Gas,STREX,NCAT,PM,6.857656618144302e-09
2017,July,Sonoma (NC),MH,Gas,STREX,NCAT,TOG,1.3174921047556949e-06
2017,July,Sonoma (NC),MH,Gas,STREX,NCAT,PM10,6.590208010036674e-09
2017,July,Sonoma (NC),MH,Gas,STREX,NCAT,PM2_5,6.288471118838326e-09
2017,July,Sonoma (NC),MH,Gas,HOTSOAK,CAT,TOG,4.952198936966478e-06
2017,July,Sonoma (NC),MH,Gas,HOTSOAK,NCAT,TOG,2.1431810975173525e-07
2017,July,Sonoma (NC),MH,Gas,RUNLOSS,CAT,TOG,0.00014593201593582933
2017,July,Sonoma (NC),MH,Gas,RUNLOSS,NCAT,TOG,1.5495947121649046e-06
2017,July,Sonoma (NC),MH,Gas,RESTLOSS,CAT,TOG,1.9992833040933683e-05
2017,July,Sonoma (NC),MH,Gas,RESTLOSS,NCAT,TOG,7.405040662953214e-07
2017,July,Sonoma (NC),MH,Gas,DIURN,CAT,TOG,0.00010691504539690942
2017,July,Sonoma (NC),MH,Gas,DIURN,NCAT,TOG,3.573491765405133e-06
2017,July,Sonoma (NC),MH,Gas,PMTW,CAT,PM,3.116833459677164e-05
2017,July,Sonoma (NC),MH,Gas,PMTW,CAT,PM10,3.116833459677164e-05
2017,July,Sonoma (NC),MH,Gas,PMTW,CAT,PM2_5,7.79208364919291e-06
2017,July,Sonoma (NC),MH,Gas,PMTW,NCAT,PM,2.6744196718861937e-07
2017,July,Sonoma (NC),MH,Gas,PMTW,NCAT,PM10,2.6744196718861937e-07
2017,July,Sonoma (NC),MH,Gas,PMTW,NCAT,PM2_5,6.686049179715484e-08
2017,July,Sonoma (NC),MH,Gas,PMBW,CAT,PM,0.00034544904178088545
2017,July,Sonoma (NC),MH,Gas,PMBW,CAT,PM10,0.00033854006094526806
2017,July,Sonoma (NC),MH,Gas,PMBW,CAT,PM2_5,0.00014508859754797194
2017,July,Sonoma (NC),MH,Gas,PMBW,NCAT,PM,2.9641484696738648e-06
2017,July,Sonoma (NC),MH,Gas,PMBW,NCAT,PM10,2.9048655002803875e-06
2017,July,Sonoma (NC),MH,Gas,PMBW,NCAT,PM2_5,1.2449423572630234e-06
2017,July,Sonoma (NC),MH,Dsl,RUNEX,DSL,CO,0.0005567607279138117
2017,July,Sonoma (NC),MH,Dsl,RUNEX,DSL,NOx,0.005760316194828421
2017,July,Sonoma (NC),MH,Dsl,RUNEX,DSL,SOx,9.889560715924119e-06
2017,July,Sonoma (NC),MH,Dsl,RUNEX,DSL,PM,0.0001653751930165426
2017,July,Sonoma (NC),MH,Dsl,RUNEX,DSL,TOG,0.00016733712472125414
2017,July,Sonoma (NC),MH,Dsl,RUNEX,DSL,PM10,0.00016438294185844342
2017,July,Sonoma (NC),MH,Dsl,RUNEX,DSL,PM2_5,0.00015727180855873196
2017,July,Sonoma (NC),MH,Dsl,PMTW,DSL,PM,1.5518770630701653e-05
2017,July,Sonoma (NC),MH,Dsl,PMTW,DSL,PM10,1.5518770630701653e-05
2017,July,Sonoma (NC),MH,Dsl,PMTW,DSL,PM2_5,3.879692657675413e-06
2017,July,Sonoma (NC),MH,Dsl,PMBW,DSL,PM,0.00012899978086770733
2017,July,Sonoma (NC),MH,Dsl,PMBW,DSL,PM10,0.00012641978525035333
2017,July,Sonoma (NC),MH,Dsl,PMBW,DSL,PM2_5,5.417990796443708e-05
2017,July,Sonoma (NC),SBUS,Dsl,RUNEX,DSL,CO,0.00021301067799551034
2017,July,Sonoma (NC),SBUS,Dsl,RUNEX,DSL,NOx,0.005162286377556535
2017,July,Sonoma (NC),SBUS,Dsl,RUNEX,DSL,PM,3.9730893154034524e-05
2017,July,Sonoma (NC),SBUS,Dsl,RUNEX,DSL,PM10,3.949250779511029e-05
2017,July,Sonoma (NC),SBUS,Dsl,RUNEX,DSL,PM2_5,3.7784079389486815e-05
2017,July,Sonoma (NC),SBUS,Dsl,IDLEX,DSL,CO,0.00016723787637384842
2017,July,Sonoma (NC),SBUS,Dsl,IDLEX,DSL,NOx,0.0009899157771712619
2017,July,Sonoma (NC),SBUS,Dsl,IDLEX,DSL,PM,1.4993099083383746e-06
2017,July,Sonoma (NC),SBUS,Dsl,IDLEX,DSL,PM10,1.4903140488883432e-06
2017,July,Sonoma (NC),SBUS,Dsl,IDLEX,DSL,PM2_5,1.425843722829793e-06
2017,July,Sonoma (NC),SBUS,Dsl,STREX,DSL,NOx,0.00029004842123581186
2017,July,Sonoma (NC),SBUS,Dsl,PMTW,DSL,PM,1.0244659608678116e-05
2017,July,Sonoma (NC),SBUS,Dsl,PMTW,DSL,PM10,1.0244659608678116e-05
2017,July,Sonoma (NC),SBUS,Dsl,PMTW,DSL,PM2_5,2.561164902169529e-06
2017,July,Sonoma (NC),SBUS,Dsl,PMBW,DSL,PM,0.0006488284418829474
2017,July,Sonoma (NC),SBUS,Dsl,PMBW,DSL,PM10,0.0006358518730452888
2017,July,Sonoma (NC),SBUS,Dsl,PMBW,DSL,PM2_5,0.00027250794559083796
2017,July,Sonoma (NC),SBUS,Dsl,RUNEX,DSL,SOx,9.30251110897216e-06
2017,July,Sonoma (NC),SBUS,Dsl,IDLEX,DSL,SOx,9.114358324420942e-07
2017,July,Sonoma (NC),SBUS,Dsl,RUNEX,DSL,TOG,8.981345858892451e-05
2017,July,Sonoma (NC),SBUS,Dsl,IDLEX,DSL,TOG,1.0269592536688929e-05
2017,     ,Sonoma (NC),LDA,Dsl,RUNEX,DSL,NH3,5.96565e-05
2017,     ,Sonoma (NC),LDA,Gas,RUNEX,CAT,NH3,0.031142864
2017,     ,Sonoma (NC),LDT1,Dsl,RUNEX,DSL,NH3,5.40543e-07
2017,     ,Sonoma (NC),LDT1,Gas,RUNEX,CAT,NH3,0.006504118
2017,     ,Sonoma (NC),LDT2,Dsl,RUNEX,DSL,NH3,9.34294e-06
2017,     ,Sonoma (NC),LDT2,Gas,RUNEX,CAT,NH3,0.013196501
2017,     ,Sonoma (NC),LHD1,Dsl,RUNEX,DSL,NH3,0.007444848
2017,     ,Sonoma (NC),LHD1,Gas,RUNEX,CAT,NH3,0.002374089
2017,     ,Sonoma (NC),LHD2,Dsl,RUNEX,DSL,NH3,0.002479562
2017,     ,Sonoma (NC),LHD2,Gas,RUNEX,CAT,NH3,0.000300571
2017,     ,Sonoma (NC),MCY,Gas,RUNEX,CAT,NH3,0.000242878
2017,     ,Sonoma (NC),MDV,Dsl,RUNEX,DSL,NH3,2.35371e-05
2017,     ,Sonoma (NC),MDV,Gas,RUNEX,CAT,NH3,0.010751452
2017,     ,Sonoma (NC),MH,Dsl,RUNEX,DSL,NH3,2.62003e-05
2017,     ,Sonoma (NC),MH,Gas,RUNEX,CAT,NH3,0.000111423
2017,     ,Sonoma (NC),OBUS,Gas,RUNEX,CAT,NH3,4.76865e-05
2017,     ,Sonoma (NC),SBUS,Gas,RUNEX,CAT,NH3,4.56881e-06
2017,     ,Sonoma (NC),T6TS,Gas,RUNEX,CAT,NH3,0.000182434
2017,     ,Sonoma (NC),T7IS,Gas,RUNEX,CAT,NH3,1.74966e-06
