calendar_year,season_month,sub_area,vehicle_class,fuel,process,cat_ncat,pollutant,emission
2017,July,Tehama (SV),LDA,Gas,RUNEX,CAT,CO,2.879113193804962
2017,July,Tehama (SV),LDA,Gas,RUNEX,CAT,NOx,0.18070304717918234
2017,July,Tehama (SV),LDA,Gas,RUNEX,CAT,SOx,0.006319401804990112
2017,July,Tehama (SV),LDA,Gas,RUNEX,CAT,PM,0.003587498131926156
2017,July,Tehama (SV),LDA,Gas,RUNEX,CAT,TOG,0.08842270912315622
2017,July,Tehama (SV),LDA,Gas,RUNEX,CAT,PM10,0.0032075695013853212
2017,July,Tehama (SV),LDA,Gas,RUNEX,CAT,PM2_5,0.0029494143045495215
2017,July,Tehama (SV),LDA,Gas,RUNEX,NCAT,CO,0.06539141480315018
2017,July,Tehama (SV),LDA,Gas,RUNEX,NCAT,NOx,0.0047160253633289455
2017,July,Tehama (SV),LDA,Gas,RUNEX,NCAT,SOx,5.463645786007165e-06
2017,July,Tehama (SV),LDA,Gas,RUNEX,NCAT,PM,5.152249383963819e-05
2017,July,Tehama (SV),LDA,Gas,RUNEX,NCAT,TOG,0.005465947334138366
2017,July,Tehama (SV),LDA,Gas,RUNEX,NCAT,PM10,4.916694513655728e-05
2017,July,Tehama (SV),LDA,Gas,RUNEX,NCAT,PM2_5,4.6755286744726984e-05
2017,July,Tehama (SV),LDA,Gas,STREX,CAT,CO,0.4812391982242271
2017,July,Tehama (SV),LDA,Gas,STREX,CAT,NOx,0.06059667590232363
2017,July,Tehama (SV),LDA,Gas,STREX,CAT,SOx,0.00013156429076396122
2017,July,Tehama (SV),LDA,Gas,STREX,CAT,PM,0.0005354916871636583
2017,July,Tehama (SV),LDA,Gas,STREX,CAT,TOG,0.08783356653664996
2017,July,Tehama (SV),LDA,Gas,STREX,CAT,PM10,0.00047887828266443935
2017,July,Tehama (SV),LDA,Gas,STREX,CAT,PM2_5,0.0004403850304651281
2017,July,Tehama (SV),LDA,Gas,STREX,NCAT,CO,0.010113415520941152
2017,July,Tehama (SV),LDA,Gas,STREX,NCAT,NOx,0.0005192224609924593
2017,July,Tehama (SV),LDA,Gas,STREX,NCAT,SOx,8.384636864797778e-07
2017,July,Tehama (SV),LDA,Gas,STREX,NCAT,PM,2.2111424433541714e-05
2017,July,Tehama (SV),LDA,Gas,STREX,NCAT,TOG,0.001492942840152553
2017,July,Tehama (SV),LDA,Gas,STREX,NCAT,PM10,2.1100364540504074e-05
2017,July,Tehama (SV),LDA,Gas,STREX,NCAT,PM2_5,2.0065312588956223e-05
2017,July,Tehama (SV),LDA,Gas,HOTSOAK,CAT,TOG,0.04991191080030823
2017,July,Tehama (SV),LDA,Gas,HOTSOAK,NCAT,TOG,0.0017073228707244947
2017,July,Tehama (SV),LDA,Gas,RUNLOSS,CAT,TOG,0.06770136458893466
2017,July,Tehama (SV),LDA,Gas,RUNLOSS,NCAT,TOG,0.005647567471408601
2017,July,Tehama (SV),LDA,Gas,RESTLOSS,CAT,TOG,0.037546651897820464
2017,July,Tehama (SV),LDA,Gas,RESTLOSS,NCAT,TOG,0.0016779015903694496
2017,July,Tehama (SV),LDA,Gas,DIURN,CAT,TOG,0.06297023977525334
2017,July,Tehama (SV),LDA,Gas,DIURN,NCAT,TOG,0.002904963580482593
2017,July,Tehama (SV),LDA,Gas,PMTW,CAT,PM,0.014912167851529823
2017,July,Tehama (SV),LDA,Gas,PMTW,CAT,PM10,0.014912167851529823
2017,July,Tehama (SV),LDA,Gas,PMTW,CAT,PM2_5,0.0037280419628824557
2017,July,Tehama (SV),LDA,Gas,PMTW,NCAT,PM,6.617828479608537e-06
2017,July,Tehama (SV),LDA,Gas,PMTW,NCAT,PM10,6.617828479608537e-06
2017,July,Tehama (SV),LDA,Gas,PMTW,NCAT,PM2_5,1.6544571199021343e-06
2017,July,Tehama (SV),LDA,Gas,PMBW,CAT,PM,0.06990078680404602
2017,July,Tehama (SV),LDA,Gas,PMBW,CAT,PM10,0.06850277106796519
2017,July,Tehama (SV),LDA,Gas,PMBW,CAT,PM2_5,0.029358330457699335
2017,July,Tehama (SV),LDA,Gas,PMBW,NCAT,PM,3.102107099816501e-05
2017,July,Tehama (SV),LDA,Gas,PMBW,NCAT,PM10,3.0400649578201707e-05
2017,July,Tehama (SV),LDA,Gas,PMBW,NCAT,PM2_5,1.3028849819229301e-05
2017,July,Tehama (SV),LDA,Dsl,RUNEX,DSL,CO,0.007350320091588932
2017,July,Tehama (SV),LDA,Dsl,RUNEX,DSL,NOx,0.005451950397335686
2017,July,Tehama (SV),LDA,Dsl,RUNEX,DSL,SOx,4.1748512390715585e-05
2017,July,Tehama (SV),LDA,Dsl,RUNEX,DSL,PM,0.00040505919675914987
2017,July,Tehama (SV),LDA,Dsl,RUNEX,DSL,TOG,0.0007797677380476219
2017,July,Tehama (SV),LDA,Dsl,RUNEX,DSL,PM10,0.0004026288415785949
2017,July,Tehama (SV),LDA,Dsl,RUNEX,DSL,PM2_5,0.0003852112961179514
2017,July,Tehama (SV),LDA,Dsl,PMTW,DSL,PM,0.00014821048890685718
2017,July,Tehama (SV),LDA,Dsl,PMTW,DSL,PM10,0.00014821048890685718
2017,July,Tehama (SV),LDA,Dsl,PMTW,DSL,PM2_5,3.7052622226714296e-05
2017,July,Tehama (SV),LDA,Dsl,PMBW,DSL,PM,0.0006947366667508933
2017,July,Tehama (SV),LDA,Dsl,PMBW,DSL,PM10,0.0006808419334158751
2017,July,Tehama (SV),LDA,Dsl,PMBW,DSL,PM2_5,0.00029178940003537514
2017,July,Tehama (SV),LDA,Elec,HOTSOAK,CAT,TOG,6.954311901165056e-06
2017,July,Tehama (SV),LDA,Elec,RESTLOSS,CAT,TOG,9.655835681450006e-06
2017,July,Tehama (SV),LDA,Elec,DIURN,CAT,TOG,2.022753502857392e-05
2017,July,Tehama (SV),LDA,Elec,PMTW,CAT,PM,8.624923224616806e-05
2017,July,Tehama (SV),LDA,Elec,PMTW,CAT,PM10,8.624923224616806e-05
2017,July,Tehama (SV),LDA,Elec,PMTW,CAT,PM2_5,2.1562308061542016e-05
2017,July,Tehama (SV),LDA,Elec,PMBW,CAT,PM,0.00040429327615391274
2017,July,Tehama (SV),LDA,Elec,PMBW,CAT,PM10,0.0003962074106308344
2017,July,Tehama (SV),LDA,Elec,PMBW,CAT,PM2_5,0.0001698031759846434
2017,July,Tehama (SV),LDT1,Gas,RUNEX,CAT,CO,0.5591511879972406
2017,July,Tehama (SV),LDT1,Gas,RUNEX,CAT,NOx,0.04362906638682198
2017,July,Tehama (SV),LDT1,Gas,RUNEX,CAT,SOx,0.0007487465036465775
2017,July,Tehama (SV),LDT1,Gas,RUNEX,CAT,PM,0.0006557270744244484
2017,July,Tehama (SV),LDT1,Gas,RUNEX,CAT,TOG,0.01966306734812156
2017,July,Tehama (SV),LDT1,Gas,RUNEX,CAT,PM10,0.0005865081072711515
2017,July,Tehama (SV),LDT1,Gas,RUNEX,CAT,PM2_5,0.0005394161590558668
2017,July,Tehama (SV),LDT1,Gas,RUNEX,NCAT,CO,0.052674016074152105
2017,July,Tehama (SV),LDT1,Gas,RUNEX,NCAT,NOx,0.003908566602037703
2017,July,Tehama (SV),LDT1,Gas,RUNEX,NCAT,SOx,4.461568652246781e-06
2017,July,Tehama (SV),LDT1,Gas,RUNEX,NCAT,PM,4.368473985668373e-05
2017,July,Tehama (SV),LDT1,Gas,RUNEX,NCAT,TOG,0.004632522079637894
2017,July,Tehama (SV),LDT1,Gas,RUNEX,NCAT,PM10,4.1692932266578076e-05
2017,July,Tehama (SV),LDT1,Gas,RUNEX,NCAT,PM2_5,3.9650402569608476e-05
2017,July,Tehama (SV),LDT1,Gas,STREX,CAT,CO,0.06010985504335828
2017,July,Tehama (SV),LDT1,Gas,STREX,CAT,NOx,0.009548643953445998
2017,July,Tehama (SV),LDT1,Gas,STREX,CAT,SOx,1.7108218863898345e-05
2017,July,Tehama (SV),LDT1,Gas,STREX,CAT,PM,9.855048111242232e-05
2017,July,Tehama (SV),LDT1,Gas,STREX,CAT,TOG,0.014952955557051124
2017,July,Tehama (SV),LDT1,Gas,STREX,CAT,PM10,8.817861729095499e-05
2017,July,Tehama (SV),LDT1,Gas,STREX,CAT,PM2_5,8.111411162012304e-05
2017,July,Tehama (SV),LDT1,Gas,STREX,NCAT,CO,0.005489937784599453
2017,July,Tehama (SV),LDT1,Gas,STREX,NCAT,NOx,0.0002700432539875517
2017,July,Tehama (SV),LDT1,Gas,STREX,NCAT,SOx,4.382253367462132e-07
2017,July,Tehama (SV),LDT1,Gas,STREX,NCAT,PM,1.1469265469727557e-05
2017,July,Tehama (SV),LDT1,Gas,STREX,NCAT,TOG,0.0007911992501785487
2017,July,Tehama (SV),LDT1,Gas,STREX,NCAT,PM10,1.0947476939958861e-05
2017,July,Tehama (SV),LDT1,Gas,STREX,NCAT,PM2_5,1.0411700290028446e-05
2017,July,Tehama (SV),LDT1,Gas,HOTSOAK,CAT,TOG,0.011314662584899587
2017,July,Tehama (SV),LDT1,Gas,HOTSOAK,NCAT,TOG,0.0008741116413702861
2017,July,Tehama (SV),LDT1,Gas,RUNLOSS,CAT,TOG,0.029507548024690074
2017,July,Tehama (SV),LDT1,Gas,RUNLOSS,NCAT,TOG,0.001259350672322497
2017,July,Tehama (SV),LDT1,Gas,RESTLOSS,CAT,TOG,0.008773657231428655
2017,July,Tehama (SV),LDT1,Gas,RESTLOSS,NCAT,TOG,0.0008655816895392146
2017,July,Tehama (SV),LDT1,Gas,DIURN,CAT,TOG,0.01594941669682703
2017,July,Tehama (SV),LDT1,Gas,DIURN,NCAT,TOG,0.0014788794778280063
2017,July,Tehama (SV),LDT1,Gas,PMTW,CAT,PM,0.0015416215011221082
2017,July,Tehama (SV),LDT1,Gas,PMTW,CAT,PM10,0.0015416215011221082
2017,July,Tehama (SV),LDT1,Gas,PMTW,CAT,PM2_5,0.00038540537528052705
2017,July,Tehama (SV),LDT1,Gas,PMTW,NCAT,PM,5.610282586239427e-06
2017,July,Tehama (SV),LDT1,Gas,PMTW,NCAT,PM10,5.610282586239427e-06
2017,July,Tehama (SV),LDT1,Gas,PMTW,NCAT,PM2_5,1.4025706465598568e-06
2017,July,Tehama (SV),LDT1,Gas,PMBW,CAT,PM,0.007226350786509882
2017,July,Tehama (SV),LDT1,Gas,PMBW,CAT,PM10,0.007081823770779677
2017,July,Tehama (SV),LDT1,Gas,PMBW,CAT,PM2_5,0.0030350673303341466
2017,July,Tehama (SV),LDT1,Gas,PMBW,NCAT,PM,2.6298199622997285e-05
2017,July,Tehama (SV),LDT1,Gas,PMBW,NCAT,PM10,2.577223563053736e-05
2017,July,Tehama (SV),LDT1,Gas,PMBW,NCAT,PM2_5,1.1045243841658872e-05
2017,July,Tehama (SV),LDT2,Gas,RUNEX,CAT,CO,1.9444189420164864
2017,July,Tehama (SV),LDT2,Gas,RUNEX,CAT,NOx,0.19613026246884802
2017,July,Tehama (SV),LDT2,Gas,RUNEX,CAT,SOx,0.003260849301492678
2017,July,Tehama (SV),LDT2,Gas,RUNEX,CAT,PM,0.0018445681995281841
2017,July,Tehama (SV),LDT2,Gas,RUNEX,CAT,TOG,0.06736309831654734
2017,July,Tehama (SV),LDT2,Gas,RUNEX,CAT,PM10,0.0016496969009227205
2017,July,Tehama (SV),LDT2,Gas,RUNEX,CAT,PM2_5,0.001517160857052911
2017,July,Tehama (SV),LDT2,Gas,RUNEX,NCAT,CO,0.07215513026372827
2017,July,Tehama (SV),LDT2,Gas,RUNEX,NCAT,NOx,0.005384033858073173
2017,July,Tehama (SV),LDT2,Gas,RUNEX,NCAT,SOx,6.235440361371721e-06
2017,July,Tehama (SV),LDT2,Gas,RUNEX,NCAT,PM,6.092891285974431e-05
2017,July,Tehama (SV),LDT2,Gas,RUNEX,NCAT,TOG,0.006394949103116647
2017,July,Tehama (SV),LDT2,Gas,RUNEX,NCAT,PM10,5.789975471369118e-05
2017,July,Tehama (SV),LDT2,Gas,RUNEX,NCAT,PM2_5,5.4946016051643866e-05
2017,July,Tehama (SV),LDT2,Gas,STREX,CAT,CO,0.2766198089519729
2017,July,Tehama (SV),LDT2,Gas,STREX,CAT,NOx,0.052445952930828404
2017,July,Tehama (SV),LDT2,Gas,STREX,CAT,SOx,7.59236844111624e-05
2017,July,Tehama (SV),LDT2,Gas,STREX,CAT,PM,0.0002850114941693762
2017,July,Tehama (SV),LDT2,Gas,STREX,CAT,TOG,0.059930633958728795
2017,July,Tehama (SV),LDT2,Gas,STREX,CAT,PM10,0.0002549767286530158
2017,July,Tehama (SV),LDT2,Gas,STREX,CAT,PM2_5,0.00023452964256888968
2017,July,Tehama (SV),LDT2,Gas,STREX,NCAT,CO,0.00790831929295381
2017,July,Tehama (SV),LDT2,Gas,STREX,NCAT,NOx,0.0003561832737250503
2017,July,Tehama (SV),LDT2,Gas,STREX,NCAT,SOx,5.961710945304425e-07
2017,July,Tehama (SV),LDT2,Gas,STREX,NCAT,PM,1.5873122346057654e-05
2017,July,Tehama (SV),LDT2,Gas,STREX,NCAT,TOG,0.001098544713113565
2017,July,Tehama (SV),LDT2,Gas,STREX,NCAT,PM10,1.5077617708968055e-05
2017,July,Tehama (SV),LDT2,Gas,STREX,NCAT,PM2_5,1.4305458829672638e-05
2017,July,Tehama (SV),LDT2,Gas,HOTSOAK,CAT,TOG,0.0331425984992708
2017,July,Tehama (SV),LDT2,Gas,HOTSOAK,NCAT,TOG,0.0011415419343996118
2017,July,Tehama (SV),LDT2,Gas,RUNLOSS,CAT,TOG,0.08581387470768448
2017,July,Tehama (SV),LDT2,Gas,RUNLOSS,NCAT,TOG,0.0015236444514303553
2017,July,Tehama (SV),LDT2,Gas,RESTLOSS,CAT,TOG,0.026489811707761175
2017,July,Tehama (SV),LDT2,Gas,RESTLOSS,NCAT,TOG,0.0012106759571172082
2017,July,Tehama (SV),LDT2,Gas,DIURN,CAT,TOG,0.045348704679734265
2017,July,Tehama (SV),LDT2,Gas,DIURN,NCAT,TOG,0.0020421493159091604
2017,July,Tehama (SV),LDT2,Gas,PMTW,CAT,PM,0.005911638016502625
2017,July,Tehama (SV),LDT2,Gas,PMTW,CAT,PM10,0.005911638016502625
2017,July,Tehama (SV),LDT2,Gas,PMTW,CAT,PM2_5,0.0014779095041256563
2017,July,Tehama (SV),LDT2,Gas,PMTW,NCAT,PM,7.824668669169683e-06
2017,July,Tehama (SV),LDT2,Gas,PMTW,NCAT,PM10,7.824668669169683e-06
2017,July,Tehama (SV),LDT2,Gas,PMTW,NCAT,PM2_5,1.9561671672924208e-06
2017,July,Tehama (SV),LDT2,Gas,PMBW,CAT,PM,0.02771080320235608
2017,July,Tehama (SV),LDT2,Gas,PMBW,CAT,PM10,0.02715658713830894
2017,July,Tehama (SV),LDT2,Gas,PMBW,CAT,PM2_5,0.011638537344989541
2017,July,Tehama (SV),LDT2,Gas,PMBW,NCAT,PM,3.667813438673287e-05
2017,July,Tehama (SV),LDT2,Gas,PMBW,NCAT,PM10,3.594457169899819e-05
2017,July,Tehama (SV),LDT2,Gas,PMBW,NCAT,PM2_5,1.540481644242779e-05
2017,July,Tehama (SV),MDV,Gas,RUNEX,CAT,CO,1.4229462667246717
2017,July,Tehama (SV),MDV,Gas,RUNEX,CAT,NOx,0.14344046275554714
2017,July,Tehama (SV),MDV,Gas,RUNEX,CAT,SOx,0.0033379008215108524
2017,July,Tehama (SV),MDV,Gas,RUNEX,CAT,PM,0.0013457854062422752
2017,July,Tehama (SV),MDV,Gas,RUNEX,CAT,TOG,0.050583186371784
2017,July,Tehama (SV),MDV,Gas,RUNEX,CAT,PM10,0.0012034991573651036
2017,July,Tehama (SV),MDV,Gas,RUNEX,CAT,PM2_5,0.0011067559829987393
2017,July,Tehama (SV),MDV,Gas,RUNEX,NCAT,CO,0.2000078941392531
2017,July,Tehama (SV),MDV,Gas,RUNEX,NCAT,NOx,0.011035259255423905
2017,July,Tehama (SV),MDV,Gas,RUNEX,NCAT,SOx,1.1189507790924234e-05
2017,July,Tehama (SV),MDV,Gas,RUNEX,NCAT,PM,8.169091811433055e-05
2017,July,Tehama (SV),MDV,Gas,RUNEX,NCAT,TOG,0.010013378382359765
2017,July,Tehama (SV),MDV,Gas,RUNEX,NCAT,PM10,7.81379681233613e-05
2017,July,Tehama (SV),MDV,Gas,RUNEX,NCAT,PM2_5,7.439019284325185e-05
2017,July,Tehama (SV),MDV,Gas,STREX,CAT,CO,0.3043713298413654
2017,July,Tehama (SV),MDV,Gas,STREX,CAT,NOx,0.04953475767077261
2017,July,Tehama (SV),MDV,Gas,STREX,CAT,SOx,8.197458545763987e-05
2017,July,Tehama (SV),MDV,Gas,STREX,CAT,PM,0.000249821535220481
2017,July,Tehama (SV),MDV,Gas,STREX,CAT,TOG,0.05872070635566573
2017,July,Tehama (SV),MDV,Gas,STREX,CAT,PM10,0.00022346279186066779
2017,July,Tehama (SV),MDV,Gas,STREX,CAT,PM2_5,0.00020552676822717546
2017,July,Tehama (SV),MDV,Gas,STREX,NCAT,CO,0.02490971314710424
2017,July,Tehama (SV),MDV,Gas,STREX,NCAT,NOx,0.0009491049579507958
2017,July,Tehama (SV),MDV,Gas,STREX,NCAT,SOx,1.3772823817175143e-06
2017,July,Tehama (SV),MDV,Gas,STREX,NCAT,PM,2.6794435724430537e-05
2017,July,Tehama (SV),MDV,Gas,STREX,NCAT,TOG,0.002385933555073564
2017,July,Tehama (SV),MDV,Gas,STREX,NCAT,PM10,2.5627113357619668e-05
2017,July,Tehama (SV),MDV,Gas,STREX,NCAT,PM2_5,2.439703128336223e-05
2017,July,Tehama (SV),MDV,Gas,HOTSOAK,CAT,TOG,0.024171669045200354
2017,July,Tehama (SV),MDV,Gas,HOTSOAK,NCAT,TOG,0.0013160729247470163
2017,July,Tehama (SV),MDV,Gas,RUNLOSS,CAT,TOG,0.06134653125192097
2017,July,Tehama (SV),MDV,Gas,RUNLOSS,NCAT,TOG,0.002132009241378236
2017,July,Tehama (SV),MDV,Gas,RESTLOSS,CAT,TOG,0.020511277157315523
2017,July,Tehama (SV),MDV,Gas,RESTLOSS,NCAT,TOG,0.002096805364920742
2017,July,Tehama (SV),MDV,Gas,DIURN,CAT,TOG,0.03266453319655353
2017,July,Tehama (SV),MDV,Gas,DIURN,NCAT,TOG,0.003484254738119916
2017,July,Tehama (SV),MDV,Gas,PMTW,CAT,PM,0.005185758058802078
2017,July,Tehama (SV),MDV,Gas,PMTW,CAT,PM10,0.005185758058802078
2017,July,Tehama (SV),MDV,Gas,PMTW,CAT,PM2_5,0.0012964395147005195
2017,July,Tehama (SV),MDV,Gas,PMTW,NCAT,PM,1.0531831263899494e-05
2017,July,Tehama (SV),MDV,Gas,PMTW,NCAT,PM10,1.0531831263899494e-05
2017,July,Tehama (SV),MDV,Gas,PMTW,NCAT,PM2_5,2.6329578159748735e-06
2017,July,Tehama (SV),MDV,Gas,PMBW,CAT,PM,0.024308240900634763
2017,July,Tehama (SV),MDV,Gas,PMBW,CAT,PM10,0.023822076082622063
2017,July,Tehama (SV),MDV,Gas,PMBW,CAT,PM2_5,0.0102094611782666
2017,July,Tehama (SV),MDV,Gas,PMBW,NCAT,PM,4.936795904952894e-05
2017,July,Tehama (SV),MDV,Gas,PMBW,NCAT,PM10,4.8380599868538314e-05
2017,July,Tehama (SV),MDV,Gas,PMBW,NCAT,PM2_5,2.0734542800802117e-05
2017,July,Tehama (SV),LHD1,Gas,RUNEX,CAT,CO,0.2431831996152263
2017,July,Tehama (SV),LHD1,Gas,RUNEX,CAT,NOx,0.04566991115945623
2017,July,Tehama (SV),LHD1,Gas,RUNEX,CAT,SOx,0.000852733764241882
2017,July,Tehama (SV),LHD1,Gas,RUNEX,CAT,PM,0.0003357966825015979
2017,July,Tehama (SV),LHD1,Gas,RUNEX,CAT,TOG,0.018810534295301887
2017,July,Tehama (SV),LHD1,Gas,RUNEX,CAT,PM10,0.00030020223415642847
2017,July,Tehama (SV),LHD1,Gas,RUNEX,CAT,PM2_5,0.00027602487301631325
2017,July,Tehama (SV),LHD1,Gas,RUNEX,NCAT,CO,0.08071925263759919
2017,July,Tehama (SV),LHD1,Gas,RUNEX,NCAT,NOx,0.002000092335243682
2017,July,Tehama (SV),LHD1,Gas,RUNEX,NCAT,SOx,8.448768844729238e-06
2017,July,Tehama (SV),LHD1,Gas,RUNEX,NCAT,PM,3.799310931061858e-05
2017,July,Tehama (SV),LHD1,Gas,RUNEX,NCAT,TOG,0.004414398490370642
2017,July,Tehama (SV),LHD1,Gas,RUNEX,NCAT,PM10,3.651137804750445e-05
2017,July,Tehama (SV),LHD1,Gas,RUNEX,NCAT,PM2_5,3.483968123783723e-05
2017,July,Tehama (SV),LHD1,Gas,IDLEX,CAT,CO,0.008762641792186969
2017,July,Tehama (SV),LHD1,Gas,IDLEX,CAT,NOx,9.830354262499398e-05
2017,July,Tehama (SV),LHD1,Gas,IDLEX,CAT,SOx,2.9308368140849175e-06
2017,July,Tehama (SV),LHD1,Gas,IDLEX,CAT,TOG,0.0016356511845544161
2017,July,Tehama (SV),LHD1,Gas,IDLEX,NCAT,CO,0.00014801242597431338
2017,July,Tehama (SV),LHD1,Gas,IDLEX,NCAT,NOx,1.67375654530197e-06
2017,July,Tehama (SV),LHD1,Gas,IDLEX,NCAT,SOx,5.4538357318116226e-08
2017,July,Tehama (SV),LHD1,Gas,IDLEX,NCAT,TOG,2.6604003483576744e-05
2017,July,Tehama (SV),LHD1,Gas,STREX,CAT,CO,0.08168348924843412
2017,July,Tehama (SV),LHD1,Gas,STREX,CAT,NOx,0.018586823259538268
2017,July,Tehama (SV),LHD1,Gas,STREX,CAT,SOx,6.9385098658506034e-06
2017,July,Tehama (SV),LHD1,Gas,STREX,CAT,PM,2.691582212068993e-05
2017,July,Tehama (SV),LHD1,Gas,STREX,CAT,TOG,0.007153623701185746
2017,July,Tehama (SV),LHD1,Gas,STREX,CAT,PM10,2.4062744975896775e-05
2017,July,Tehama (SV),LHD1,Gas,STREX,CAT,PM2_5,2.2124805783207174e-05
2017,July,Tehama (SV),LHD1,Gas,STREX,NCAT,CO,6.815366408762603e-05
2017,July,Tehama (SV),LHD1,Gas,STREX,NCAT,NOx,0.0002263938235554997
2017,July,Tehama (SV),LHD1,Gas,STREX,NCAT,SOx,4.3945613741559005e-07
2017,July,Tehama (SV),LHD1,Gas,STREX,NCAT,PM,1.0096192299621865e-05
2017,July,Tehama (SV),LHD1,Gas,STREX,NCAT,TOG,0.0013903469078346694
2017,July,Tehama (SV),LHD1,Gas,STREX,NCAT,PM10,9.70244079993662e-06
2017,July,Tehama (SV),LHD1,Gas,STREX,NCAT,PM2_5,9.258208338753254e-06
2017,July,Tehama (SV),LHD1,Gas,HOTSOAK,CAT,TOG,0.010114796795281808
2017,July,Tehama (SV),LHD1,Gas,HOTSOAK,NCAT,TOG,0.0012699409480908218
2017,July,Tehama (SV),LHD1,Gas,RUNLOSS,CAT,TOG,0.05988986499088829
2017,July,Tehama (SV),LHD1,Gas,RUNLOSS,NCAT,TOG,0.002374238260478496
2017,July,Tehama (SV),LHD1,Gas,RESTLOSS,CAT,TOG,0.00025259283965527364
2017,July,Tehama (SV),LHD1,Gas,RESTLOSS,NCAT,TOG,2.4685087472181582e-05
2017,July,Tehama (SV),LHD1,Gas,DIURN,CAT,TOG,0.0007142537836211298
2017,July,Tehama (SV),LHD1,Gas,DIURN,NCAT,TOG,6.67599043804795e-05
2017,July,Tehama (SV),LHD1,Gas,PMTW,CAT,PM,0.0006534666980467778
2017,July,Tehama (SV),LHD1,Gas,PMTW,CAT,PM10,0.0006534666980467778
2017,July,Tehama (SV),LHD1,Gas,PMTW,CAT,PM2_5,0.00016336667451169446
2017,July,Tehama (SV),LHD1,Gas,PMTW,NCAT,PM,5.390693102020376e-06
2017,July,Tehama (SV),LHD1,Gas,PMTW,NCAT,PM10,5.390693102020376e-06
2017,July,Tehama (SV),LHD1,Gas,PMTW,NCAT,PM2_5,1.347673275505094e-06
2017,July,Tehama (SV),LHD1,Gas,PMBW,CAT,PM,0.006371300305956077
2017,July,Tehama (SV),LHD1,Gas,PMBW,CAT,PM10,0.0062438742998369556
2017,July,Tehama (SV),LHD1,Gas,PMBW,CAT,PM2_5,0.002675946128501556
2017,July,Tehama (SV),LHD1,Gas,PMBW,NCAT,PM,5.255925774469866e-05
2017,July,Tehama (SV),LHD1,Gas,PMBW,NCAT,PM10,5.150807258980466e-05
2017,July,Tehama (SV),LHD1,Gas,PMBW,NCAT,PM2_5,2.2074888252773434e-05
2017,July,Tehama (SV),LHD2,Gas,RUNEX,CAT,CO,0.013577832993660128
2017,July,Tehama (SV),LHD2,Gas,RUNEX,CAT,NOx,0.003025958045149525
2017,July,Tehama (SV),LHD2,Gas,RUNEX,CAT,SOx,8.451110605309963e-05
2017,July,Tehama (SV),LHD2,Gas,RUNEX,CAT,PM,2.260088623510044e-05
2017,July,Tehama (SV),LHD2,Gas,RUNEX,CAT,TOG,0.0010458856237819053
2017,July,Tehama (SV),LHD2,Gas,RUNEX,CAT,PM10,2.0205192294179763e-05
2017,July,Tehama (SV),LHD2,Gas,RUNEX,CAT,PM2_5,1.85779284852525e-05
2017,July,Tehama (SV),LHD2,Gas,RUNEX,NCAT,CO,0.0019932850784962286
2017,July,Tehama (SV),LHD2,Gas,RUNEX,NCAT,NOx,3.27092000591662e-05
2017,July,Tehama (SV),LHD2,Gas,RUNEX,NCAT,SOx,2.2747092296809714e-07
2017,July,Tehama (SV),LHD2,Gas,RUNEX,NCAT,PM,9.101947683184841e-07
2017,July,Tehama (SV),LHD2,Gas,RUNEX,NCAT,TOG,9.064796870003386e-05
2017,July,Tehama (SV),LHD2,Gas,RUNEX,NCAT,PM10,8.746971723540631e-07
2017,July,Tehama (SV),LHD2,Gas,RUNEX,NCAT,PM2_5,8.346486025480499e-07
2017,July,Tehama (SV),LHD2,Gas,IDLEX,CAT,CO,0.0007410541716018915
2017,July,Tehama (SV),LHD2,Gas,IDLEX,CAT,NOx,8.322977042853764e-06
2017,July,Tehama (SV),LHD2,Gas,IDLEX,CAT,SOx,2.836696532841746e-07
2017,July,Tehama (SV),LHD2,Gas,IDLEX,CAT,TOG,0.0001388413125176663
2017,July,Tehama (SV),LHD2,Gas,IDLEX,NCAT,CO,3.177867891174986e-06
2017,July,Tehama (SV),LHD2,Gas,IDLEX,NCAT,NOx,3.593601785759649e-08
2017,July,Tehama (SV),LHD2,Gas,IDLEX,NCAT,SOx,1.3512826325020096e-09
2017,July,Tehama (SV),LHD2,Gas,IDLEX,NCAT,TOG,5.711953431655666e-07
2017,July,Tehama (SV),LHD2,Gas,STREX,CAT,CO,0.005892383982841605
2017,July,Tehama (SV),LHD2,Gas,STREX,CAT,NOx,0.0015974110434834436
2017,July,Tehama (SV),LHD2,Gas,STREX,CAT,SOx,6.482202919248244e-07
2017,July,Tehama (SV),LHD2,Gas,STREX,CAT,PM,1.791392170622134e-06
2017,July,Tehama (SV),LHD2,Gas,STREX,CAT,TOG,0.0005499524439294839
2017,July,Tehama (SV),LHD2,Gas,STREX,CAT,PM10,1.6015046005361884e-06
2017,July,Tehama (SV),LHD2,Gas,STREX,CAT,PM2_5,1.4725243642513943e-06
2017,July,Tehama (SV),LHD2,Gas,STREX,NCAT,CO,1.52557234531046e-06
2017,July,Tehama (SV),LHD2,Gas,STREX,NCAT,NOx,5.667454475486771e-06
2017,July,Tehama (SV),LHD2,Gas,STREX,NCAT,SOx,1.084102511433578e-08
2017,July,Tehama (SV),LHD2,Gas,STREX,NCAT,PM,2.1676805255299655e-07
2017,July,Tehama (SV),LHD2,Gas,STREX,NCAT,TOG,3.0333828402819214e-05
2017,July,Tehama (SV),LHD2,Gas,STREX,NCAT,PM10,2.0831409850342962e-07
2017,July,Tehama (SV),LHD2,Gas,STREX,NCAT,PM2_5,1.9877630419109783e-07
2017,July,Tehama (SV),LHD2,Gas,HOTSOAK,CAT,TOG,0.0006571462940612619
2017,July,Tehama (SV),LHD2,Gas,HOTSOAK,NCAT,TOG,2.720336122593797e-05
2017,July,Tehama (SV),LHD2,Gas,RUNLOSS,CAT,TOG,0.003907607735860355
2017,July,Tehama (SV),LHD2,Gas,RUNLOSS,NCAT,TOG,2.5072574028559888e-05
2017,July,Tehama (SV),LHD2,Gas,RESTLOSS,CAT,TOG,1.598176685141563e-05
2017,July,Tehama (SV),LHD2,Gas,RESTLOSS,NCAT,TOG,5.696178192595459e-07
2017,July,Tehama (SV),LHD2,Gas,DIURN,CAT,TOG,4.414922121411964e-05
2017,July,Tehama (SV),LHD2,Gas,DIURN,NCAT,TOG,1.489371183046369e-06
2017,July,Tehama (SV),LHD2,Gas,PMTW,CAT,PM,5.657870257529427e-05
2017,July,Tehama (SV),LHD2,Gas,PMTW,CAT,PM10,5.657870257529427e-05
2017,July,Tehama (SV),LHD2,Gas,PMTW,CAT,PM2_5,1.4144675643823567e-05
2017,July,Tehama (SV),LHD2,Gas,PMTW,NCAT,PM,1.291439618420007e-07
2017,July,Tehama (SV),LHD2,Gas,PMTW,NCAT,PM10,1.291439618420007e-07
2017,July,Tehama (SV),LHD2,Gas,PMTW,NCAT,PM2_5,3.2285990460500174e-08
2017,July,Tehama (SV),LHD2,Gas,PMBW,CAT,PM,0.0006435827417939718
2017,July,Tehama (SV),LHD2,Gas,PMBW,CAT,PM10,0.0006307110869580928
2017,July,Tehama (SV),LHD2,Gas,PMBW,CAT,PM2_5,0.000270304751553468
2017,July,Tehama (SV),LHD2,Gas,PMBW,NCAT,PM,1.4690125659527575e-06
2017,July,Tehama (SV),LHD2,Gas,PMBW,NCAT,PM10,1.4396323146337023e-06
2017,July,Tehama (SV),LHD2,Gas,PMBW,NCAT,PM2_5,6.169852777001583e-07
2017,July,Tehama (SV),T6TS,Gas,RUNEX,CAT,CO,0.03611556813755707
2017,July,Tehama (SV),T6TS,Gas,RUNEX,CAT,NOx,0.007547880738214454
2017,July,Tehama (SV),T6TS,Gas,RUNEX,CAT,SOx,8.189328996485657e-05
2017,July,Tehama (SV),T6TS,Gas,RUNEX,CAT,PM,1.203665188212894e-05
2017,July,Tehama (SV),T6TS,Gas,RUNEX,CAT,TOG,0.0022670253730234648
2017,July,Tehama (SV),T6TS,Gas,RUNEX,CAT,PM10,1.0760766782623272e-05
2017,July,Tehama (SV),T6TS,Gas,RUNEX,CAT,PM2_5,9.89412784710999e-06
2017,July,Tehama (SV),T6TS,Gas,RUNEX,NCAT,CO,0.012826316356636084
2017,July,Tehama (SV),T6TS,Gas,RUNEX,NCAT,NOx,0.00033851825015068955
2017,July,Tehama (SV),T6TS,Gas,RUNEX,NCAT,SOx,1.7905425560307999e-06
2017,July,Tehama (SV),T6TS,Gas,RUNEX,NCAT,PM,3.507526986722661e-06
2017,July,Tehama (SV),T6TS,Gas,RUNEX,NCAT,TOG,0.0005518355296293473
2017,July,Tehama (SV),T6TS,Gas,RUNEX,NCAT,PM10,3.370733434240477e-06
2017,July,Tehama (SV),T6TS,Gas,RUNEX,NCAT,PM2_5,3.216402246824681e-06
2017,July,Tehama (SV),T6TS,Gas,IDLEX,CAT,CO,0.0010322698982558455
2017,July,Tehama (SV),T6TS,Gas,IDLEX,CAT,NOx,9.14181204017249e-06
2017,July,Tehama (SV),T6TS,Gas,IDLEX,CAT,SOx,5.91936874912397e-07
2017,July,Tehama (SV),T6TS,Gas,IDLEX,CAT,TOG,0.00013479418176084304
2017,July,Tehama (SV),T6TS,Gas,IDLEX,NCAT,CO,8.240028130667169e-05
2017,July,Tehama (SV),T6TS,Gas,IDLEX,NCAT,NOx,7.320189695202341e-07
2017,July,Tehama (SV),T6TS,Gas,IDLEX,NCAT,SOx,5.175913356065153e-08
2017,July,Tehama (SV),T6TS,Gas,IDLEX,NCAT,TOG,1.0365093356062377e-05
2017,July,Tehama (SV),T6TS,Gas,STREX,CAT,CO,0.014136603419171922
2017,July,Tehama (SV),T6TS,Gas,STREX,CAT,NOx,0.0008214460410063691
2017,July,Tehama (SV),T6TS,Gas,STREX,CAT,SOx,8.894061100372576e-07
2017,July,Tehama (SV),T6TS,Gas,STREX,CAT,PM,2.138015852967076e-06
2017,July,Tehama (SV),T6TS,Gas,STREX,CAT,TOG,0.000654634005919418
2017,July,Tehama (SV),T6TS,Gas,STREX,CAT,PM10,1.911386172552565e-06
2017,July,Tehama (SV),T6TS,Gas,STREX,CAT,PM2_5,1.7574490311389352e-06
2017,July,Tehama (SV),T6TS,Gas,STREX,NCAT,CO,2.827547598264901e-05
2017,July,Tehama (SV),T6TS,Gas,STREX,NCAT,NOx,9.530280955872247e-05
2017,July,Tehama (SV),T6TS,Gas,STREX,NCAT,SOx,2.4373667265190306e-07
2017,July,Tehama (SV),T6TS,Gas,STREX,NCAT,PM,2.7061089074803397e-06
2017,July,Tehama (SV),T6TS,Gas,STREX,NCAT,TOG,0.0005579121260272581
2017,July,Tehama (SV),T6TS,Gas,STREX,NCAT,PM10,2.6005706600886056e-06
2017,July,Tehama (SV),T6TS,Gas,STREX,NCAT,PM2_5,2.4815018681594725e-06
2017,July,Tehama (SV),T6TS,Gas,HOTSOAK,CAT,TOG,0.0004570140596592293
2017,July,Tehama (SV),T6TS,Gas,HOTSOAK,NCAT,TOG,0.0003711989655646283
2017,July,Tehama (SV),T6TS,Gas,RUNLOSS,CAT,TOG,0.002072790461197739
2017,July,Tehama (SV),T6TS,Gas,RUNLOSS,NCAT,TOG,0.0005086450916526005
2017,July,Tehama (SV),T6TS,Gas,RESTLOSS,CAT,TOG,1.2525670754992977e-05
2017,July,Tehama (SV),T6TS,Gas,RESTLOSS,NCAT,TOG,5.230189271129196e-06
2017,July,Tehama (SV),T6TS,Gas,DIURN,CAT,TOG,3.3035635422058345e-05
2017,July,Tehama (SV),T6TS,Gas,DIURN,NCAT,TOG,1.3372013067441018e-05
2017,July,Tehama (SV),T6TS,Gas,PMTW,CAT,PM,5.3437204731324847e-05
2017,July,Tehama (SV),T6TS,Gas,PMTW,CAT,PM10,5.3437204731324847e-05
2017,July,Tehama (SV),T6TS,Gas,PMTW,CAT,PM2_5,1.3359301182831212e-05
2017,July,Tehama (SV),T6TS,Gas,PMTW,NCAT,PM,1.010262305943387e-06
2017,July,Tehama (SV),T6TS,Gas,PMTW,NCAT,PM10,1.010262305943387e-06
2017,July,Tehama (SV),T6TS,Gas,PMTW,NCAT,PM2_5,2.5256557648584675e-07
2017,July,Tehama (SV),T6TS,Gas,PMBW,CAT,PM,0.0005922623524388506
2017,July,Tehama (SV),T6TS,Gas,PMBW,CAT,PM10,0.0005804171053900738
2017,July,Tehama (SV),T6TS,Gas,PMBW,CAT,PM2_5,0.0002487501880243172
2017,July,Tehama (SV),T6TS,Gas,PMBW,NCAT,PM,1.1197073890872543e-05
2017,July,Tehama (SV),T6TS,Gas,PMBW,NCAT,PM10,1.0973132413055092e-05
2017,July,Tehama (SV),T6TS,Gas,PMBW,NCAT,PM2_5,4.702771034166468e-06
2017,July,Tehama (SV),T7IS,Gas,RUNEX,CAT,CO,8.812931150082308e-05
2017,July,Tehama (SV),T7IS,Gas,RUNEX,CAT,NOx,9.744816689168062e-06
2017,July,Tehama (SV),T7IS,Gas,RUNEX,CAT,SOx,9.119760545724943e-08
2017,July,Tehama (SV),T7IS,Gas,RUNEX,CAT,PM,5.8335384829477706e-09
2017,July,Tehama (SV),T7IS,Gas,RUNEX,CAT,TOG,1.2800877075929553e-06
2017,July,Tehama (SV),T7IS,Gas,RUNEX,CAT,PM10,5.215183403755305e-09
2017,July,Tehama (SV),T7IS,Gas,RUNEX,CAT,PM2_5,4.795168632983068e-09
2017,July,Tehama (SV),T7IS,Gas,RUNEX,NCAT,CO,0.004743015842146129
2017,July,Tehama (SV),T7IS,Gas,RUNEX,NCAT,NOx,0.00020346487086593377
2017,July,Tehama (SV),T7IS,Gas,RUNEX,NCAT,SOx,3.591395900081872e-07
2017,July,Tehama (SV),T7IS,Gas,RUNEX,NCAT,PM,4.6124889383647456e-07
2017,July,Tehama (SV),T7IS,Gas,RUNEX,NCAT,TOG,0.00015401482212828085
2017,July,Tehama (SV),T7IS,Gas,RUNEX,NCAT,PM10,4.4326018697685197e-07
2017,July,Tehama (SV),T7IS,Gas,RUNEX,NCAT,PM2_5,4.229652356480471e-07
2017,July,Tehama (SV),T7IS,Gas,STREX,CAT,CO,3.951555280838619e-06
2017,July,Tehama (SV),T7IS,Gas,STREX,CAT,NOx,4.9371586673444676e-08
2017,July,Tehama (SV),T7IS,Gas,STREX,CAT,SOx,1.7366771255363165e-10
2017,July,Tehama (SV),T7IS,Gas,STREX,CAT,PM,1.472486180114588e-10
2017,July,Tehama (SV),T7IS,Gas,STREX,CAT,TOG,1.27091181725197e-08
2017,July,Tehama (SV),T7IS,Gas,STREX,CAT,PM10,1.3164026450224416e-10
2017,July,Tehama (SV),T7IS,Gas,STREX,CAT,PM2_5,1.210383640054191e-10
2017,July,Tehama (SV),T7IS,Gas,STREX,NCAT,CO,0.0
2017,July,Tehama (SV),T7IS,Gas,STREX,NCAT,NOx,0.0
2017,July,Tehama (SV),T7IS,Gas,STREX,NCAT,SOx,2.8562151419071824e-08
2017,July,Tehama (SV),T7IS,Gas,STREX,NCAT,PM,2.6807857493285593e-07
2017,July,Tehama (SV),T7IS,Gas,STREX,NCAT,TOG,0.0
2017,July,Tehama (SV),T7IS,Gas,STREX,NCAT,PM10,2.576235105104746e-07
2017,July,Tehama (SV),T7IS,Gas,STREX,NCAT,PM2_5,2.458280532134289e-07
2017,July,Tehama (SV),T7IS,Gas,HOTSOAK,CAT,TOG,3.5435528973616e-09
2017,July,Tehama (SV),T7IS,Gas,HOTSOAK,NCAT,TOG,3.6775013388926896e-05
2017,July,Tehama (SV),T7IS,Gas,RUNLOSS,CAT,TOG,2.341102674627929e-09
2017,July,Tehama (SV),T7IS,Gas,RUNLOSS,NCAT,TOG,9.608863959337881e-05
2017,July,Tehama (SV),T7IS,Gas,RESTLOSS,CAT,TOG,1.1136399028438195e-10
2017,July,Tehama (SV),T7IS,Gas,RESTLOSS,NCAT,TOG,4.6569244834962436e-07
2017,July,Tehama (SV),T7IS,Gas,DIURN,CAT,TOG,2.510953882639706e-10
2017,July,Tehama (SV),T7IS,Gas,DIURN,NCAT,TOG,1.1358480695259913e-06
2017,July,Tehama (SV),T7IS,Gas,PMTW,CAT,PM,9.602793338164583e-08
2017,July,Tehama (SV),T7IS,Gas,PMTW,CAT,PM10,9.602793338164583e-08
2017,July,Tehama (SV),T7IS,Gas,PMTW,CAT,PM2_5,2.400698334541146e-08
2017,July,Tehama (SV),T7IS,Gas,PMTW,NCAT,PM,2.533433093582951e-07
2017,July,Tehama (SV),T7IS,Gas,PMTW,NCAT,PM10,2.533433093582951e-07
2017,July,Tehama (SV),T7IS,Gas,PMTW,NCAT,PM2_5,6.333582733957377e-08
2017,July,Tehama (SV),T7IS,Gas,PMBW,CAT,PM,3.024879901521844e-07
2017,July,Tehama (SV),T7IS,Gas,PMBW,CAT,PM10,2.964382303491407e-07
2017,July,Tehama (SV),T7IS,Gas,PMBW,CAT,PM2_5,1.2704495586391744e-07
2017,July,Tehama (SV),T7IS,Gas,PMBW,NCAT,PM,7.980314244786296e-07
2017,July,Tehama (SV),T7IS,Gas,PMBW,NCAT,PM10,7.82070795989057e-07
2017,July,Tehama (SV),T7IS,Gas,PMBW,NCAT,PM2_5,3.3517319828102447e-07
2017,July,Tehama (SV),LDT1,Dsl,RUNEX,DSL,CO,0.0003987718648438533
2017,July,Tehama (SV),LDT1,Dsl,RUNEX,DSL,NOx,0.0003055732457619367
2017,July,Tehama (SV),LDT1,Dsl,RUNEX,DSL,SOx,1.0214253274345865e-06
2017,July,Tehama (SV),LDT1,Dsl,RUNEX,DSL,PM,5.124187622454476e-05
2017,July,Tehama (SV),LDT1,Dsl,RUNEX,DSL,TOG,7.634640502602676e-05
2017,July,Tehama (SV),LDT1,Dsl,RUNEX,DSL,PM10,5.093442496719747e-05
2017,July,Tehama (SV),LDT1,Dsl,RUNEX,DSL,PM2_5,4.873102428954207e-05
2017,July,Tehama (SV),LDT1,Dsl,PMTW,DSL,PM,2.052346119574e-06
2017,July,Tehama (SV),LDT1,Dsl,PMTW,DSL,PM10,2.052346119574e-06
2017,July,Tehama (SV),LDT1,Dsl,PMTW,DSL,PM2_5,5.130865298935e-07
2017,July,Tehama (SV),LDT1,Dsl,PMBW,DSL,PM,9.620372435503118e-06
2017,July,Tehama (SV),LDT1,Dsl,PMBW,DSL,PM10,9.427964986793063e-06
2017,July,Tehama (SV),LDT1,Dsl,PMBW,DSL,PM2_5,4.0405564229113105e-06
2017,July,Tehama (SV),LDT2,Dsl,RUNEX,DSL,CO,0.0006080894082680055
2017,July,Tehama (SV),LDT2,Dsl,RUNEX,DSL,NOx,0.0004749213936315931
2017,July,Tehama (SV),LDT2,Dsl,RUNEX,DSL,SOx,6.535125990754558e-06
2017,July,Tehama (SV),LDT2,Dsl,RUNEX,DSL,PM,6.8859026236083e-05
2017,July,Tehama (SV),LDT2,Dsl,RUNEX,DSL,TOG,0.00012505494266321538
2017,July,Tehama (SV),LDT2,Dsl,RUNEX,DSL,PM10,6.844587207866652e-05
2017,July,Tehama (SV),LDT2,Dsl,RUNEX,DSL,PM2_5,6.548493395051488e-05
2017,July,Tehama (SV),LDT2,Dsl,PMTW,DSL,PM,1.6727315081781647e-05
2017,July,Tehama (SV),LDT2,Dsl,PMTW,DSL,PM10,1.6727315081781647e-05
2017,July,Tehama (SV),LDT2,Dsl,PMTW,DSL,PM2_5,4.181828770445412e-06
2017,July,Tehama (SV),LDT2,Dsl,PMBW,DSL,PM,7.840928944585146e-05
2017,July,Tehama (SV),LDT2,Dsl,PMBW,DSL,PM10,7.684110365693443e-05
2017,July,Tehama (SV),LDT2,Dsl,PMBW,DSL,PM2_5,3.2931901567257624e-05
2017,July,Tehama (SV),MDV,Dsl,RUNEX,DSL,CO,0.005297981821922092
2017,July,Tehama (SV),MDV,Dsl,RUNEX,DSL,NOx,0.002825491826532732
2017,July,Tehama (SV),MDV,Dsl,RUNEX,DSL,SOx,6.894741054600289e-05
2017,July,Tehama (SV),MDV,Dsl,RUNEX,DSL,PM,0.00019145795032535193
2017,July,Tehama (SV),MDV,Dsl,RUNEX,DSL,TOG,0.00043837979869659885
2017,July,Tehama (SV),MDV,Dsl,RUNEX,DSL,PM10,0.00019030920262339953
2017,July,Tehama (SV),MDV,Dsl,RUNEX,DSL,PM2_5,0.00018207651075940933
2017,July,Tehama (SV),MDV,Dsl,PMTW,DSL,PM,0.00013634795448271296
2017,July,Tehama (SV),MDV,Dsl,PMTW,DSL,PM10,0.00013634795448271296
2017,July,Tehama (SV),MDV,Dsl,PMTW,DSL,PM2_5,3.408698862067824e-05
2017,July,Tehama (SV),MDV,Dsl,PMBW,DSL,PM,0.0006391310366377174
2017,July,Tehama (SV),MDV,Dsl,PMBW,DSL,PM10,0.0006263484159049631
2017,July,Tehama (SV),MDV,Dsl,PMBW,DSL,PM2_5,0.00026843503538784145
2017,July,Tehama (SV),LHD1,Dsl,RUNEX,DSL,CO,0.17679860240627435
2017,July,Tehama (SV),LHD1,Dsl,RUNEX,DSL,NOx,0.7488428797434015
2017,July,Tehama (SV),LHD1,Dsl,RUNEX,DSL,SOx,0.0009744221770079833
2017,July,Tehama (SV),LHD1,Dsl,RUNEX,DSL,PM,0.0076117346709694556
2017,July,Tehama (SV),LHD1,Dsl,RUNEX,DSL,TOG,0.04512897489452729
2017,July,Tehama (SV),LHD1,Dsl,RUNEX,DSL,PM10,0.007566064262943636
2017,July,Tehama (SV),LHD1,Dsl,RUNEX,DSL,PM2_5,0.007238759672091955
2017,July,Tehama (SV),LHD1,Dsl,IDLEX,DSL,CO,0.004285873635249091
2017,July,Tehama (SV),LHD1,Dsl,IDLEX,DSL,NOx,0.012121625844441488
2017,July,Tehama (SV),LHD1,Dsl,IDLEX,DSL,SOx,6.334916721017214e-06
2017,July,Tehama (SV),LHD1,Dsl,IDLEX,DSL,PM,0.00014022126455910203
2017,July,Tehama (SV),LHD1,Dsl,IDLEX,DSL,TOG,0.000588667761838715
2017,July,Tehama (SV),LHD1,Dsl,IDLEX,DSL,PM10,0.00013937993697174753
2017,July,Tehama (SV),LHD1,Dsl,IDLEX,DSL,PM2_5,0.00013335042259570598
2017,July,Tehama (SV),LHD1,Dsl,PMTW,DSL,PM,0.0020872828324227473
2017,July,Tehama (SV),LHD1,Dsl,PMTW,DSL,PM10,0.0020872828324227473
2017,July,Tehama (SV),LHD1,Dsl,PMTW,DSL,PM2_5,0.0005218207081056868
2017,July,Tehama (SV),LHD1,Dsl,PMBW,DSL,PM,0.013567338410747868
2017,July,Tehama (SV),LHD1,Dsl,PMBW,DSL,PM10,0.013295991642532892
2017,July,Tehama (SV),LHD1,Dsl,PMBW,DSL,PM2_5,0.005698282132514099
2017,July,Tehama (SV),LHD2,Dsl,RUNEX,DSL,CO,0.04015981312168111
2017,July,Tehama (SV),LHD2,Dsl,RUNEX,DSL,NOx,0.13753595501259436
2017,July,Tehama (SV),LHD2,Dsl,RUNEX,DSL,SOx,0.0003137092189543288
2017,July,Tehama (SV),LHD2,Dsl,RUNEX,DSL,PM,0.001558677851302396
2017,July,Tehama (SV),LHD2,Dsl,RUNEX,DSL,TOG,0.010268018288800048
2017,July,Tehama (SV),LHD2,Dsl,RUNEX,DSL,PM10,0.0015493257841945832
2017,July,Tehama (SV),LHD2,Dsl,RUNEX,DSL,PM2_5,0.0014823026365885787
2017,July,Tehama (SV),LHD2,Dsl,IDLEX,DSL,CO,0.0011126501859278493
2017,July,Tehama (SV),LHD2,Dsl,IDLEX,DSL,NOx,0.0031480557626251964
2017,July,Tehama (SV),LHD2,Dsl,IDLEX,DSL,SOx,2.63509283004245e-06
2017,July,Tehama (SV),LHD2,Dsl,IDLEX,DSL,PM,3.3601075824842186e-05
2017,July,Tehama (SV),LHD2,Dsl,IDLEX,DSL,TOG,0.0001528232865459903
2017,July,Tehama (SV),LHD2,Dsl,IDLEX,DSL,PM10,3.339946936989315e-05
2017,July,Tehama (SV),LHD2,Dsl,IDLEX,DSL,PM2_5,3.195462310942491e-05
2017,July,Tehama (SV),LHD2,Dsl,PMTW,DSL,PM,0.0006001975552967422
2017,July,Tehama (SV),LHD2,Dsl,PMTW,DSL,PM10,0.0006001975552967422
2017,July,Tehama (SV),LHD2,Dsl,PMTW,DSL,PM2_5,0.00015004938882418555
2017,July,Tehama (SV),LHD2,Dsl,PMBW,DSL,PM,0.004551498127666967
2017,July,Tehama (SV),LHD2,Dsl,PMBW,DSL,PM10,0.004460468165113622
2017,July,Tehama (SV),LHD2,Dsl,PMBW,DSL,PM2_5,0.0019116292136201242
2017,July,Tehama (SV),LDT1,Elec,HOTSOAK,CAT,TOG,1.8962519836430197e-08
2017,July,Tehama (SV),LDT1,Elec,RESTLOSS,CAT,TOG,2.575412192673445e-08
2017,July,Tehama (SV),LDT1,Elec,DIURN,CAT,TOG,5.3951042725797033e-08
2017,July,Tehama (SV),LDT1,Elec,PMTW,CAT,PM,2.471635799762544e-07
2017,July,Tehama (SV),LDT1,Elec,PMTW,CAT,PM10,2.471635799762544e-07
2017,July,Tehama (SV),LDT1,Elec,PMTW,CAT,PM2_5,6.17908949940636e-08
2017,July,Tehama (SV),LDT1,Elec,PMBW,CAT,PM,1.1585792811386922e-06
2017,July,Tehama (SV),LDT1,Elec,PMBW,CAT,PM10,1.135407695515919e-06
2017,July,Tehama (SV),LDT1,Elec,PMBW,CAT,PM2_5,4.866032980782509e-07
2017,July,Tehama (SV),LDT2,Elec,HOTSOAK,CAT,TOG,3.980801399075681e-07
2017,July,Tehama (SV),LDT2,Elec,RESTLOSS,CAT,TOG,5.474561120212854e-07
2017,July,Tehama (SV),LDT2,Elec,DIURN,CAT,TOG,1.1468388700722502e-06
2017,July,Tehama (SV),LDT2,Elec,PMTW,CAT,PM,4.784072238735948e-06
2017,July,Tehama (SV),LDT2,Elec,PMTW,CAT,PM10,4.784072238735948e-06
2017,July,Tehama (SV),LDT2,Elec,PMTW,CAT,PM2_5,1.196018059683987e-06
2017,July,Tehama (SV),LDT2,Elec,PMBW,CAT,PM,2.2425338619074752e-05
2017,July,Tehama (SV),LDT2,Elec,PMBW,CAT,PM10,2.197683184669326e-05
2017,July,Tehama (SV),LDT2,Elec,PMBW,CAT,PM2_5,9.418642220011395e-06
2017,July,Tehama (SV),MDV,Elec,HOTSOAK,CAT,TOG,4.8943507392684914e-08
2017,July,Tehama (SV),MDV,Elec,RESTLOSS,CAT,TOG,6.647307782859159e-08
2017,July,Tehama (SV),MDV,Elec,DIURN,CAT,TOG,1.3925117976252076e-07
2017,July,Tehama (SV),MDV,Elec,PMTW,CAT,PM,6.024858317493529e-07
2017,July,Tehama (SV),MDV,Elec,PMTW,CAT,PM10,6.024858317493529e-07
2017,July,Tehama (SV),MDV,Elec,PMTW,CAT,PM2_5,1.5062145793733823e-07
2017,July,Tehama (SV),MDV,Elec,PMBW,CAT,PM,2.8241523363250916e-06
2017,July,Tehama (SV),MDV,Elec,PMBW,CAT,PM10,2.7676692895985898e-06
2017,July,Tehama (SV),MDV,Elec,PMBW,CAT,PM2_5,1.1861439812565387e-06
2017,July,Tehama (SV),SBUS,Gas,RUNEX,CAT,CO,0.0011639722595311439
2017,July,Tehama (SV),SBUS,Gas,RUNEX,CAT,NOx,0.00018720525326572417
2017,July,Tehama (SV),SBUS,Gas,RUNEX,CAT,SOx,1.093044641644765e-06
2017,July,Tehama (SV),SBUS,Gas,RUNEX,CAT,PM,1.3062164992267665e-06
2017,July,Tehama (SV),SBUS,Gas,RUNEX,CAT,TOG,7.518836839811285e-05
2017,July,Tehama (SV),SBUS,Gas,RUNEX,CAT,PM10,1.1677575503087294e-06
2017,July,Tehama (SV),SBUS,Gas,RUNEX,CAT,PM2_5,1.0737099623644024e-06
2017,July,Tehama (SV),SBUS,Gas,IDLEX,CAT,CO,0.0001872243723742769
2017,July,Tehama (SV),SBUS,Gas,IDLEX,CAT,NOx,2.11415946038113e-06
2017,July,Tehama (SV),SBUS,Gas,IDLEX,CAT,SOx,6.416738143569854e-08
2017,July,Tehama (SV),SBUS,Gas,IDLEX,CAT,TOG,3.450982241745554e-05
2017,July,Tehama (SV),SBUS,Gas,STREX,CAT,CO,7.521434626614033e-05
2017,July,Tehama (SV),SBUS,Gas,STREX,CAT,NOx,8.145961466749528e-06
2017,July,Tehama (SV),SBUS,Gas,STREX,CAT,SOx,4.680582054541622e-09
2017,July,Tehama (SV),SBUS,Gas,STREX,CAT,PM,3.678073352325731e-08
2017,July,Tehama (SV),SBUS,Gas,STREX,CAT,TOG,3.599687903880515e-06
2017,July,Tehama (SV),SBUS,Gas,STREX,CAT,PM10,3.2881975769792044e-08
2017,July,Tehama (SV),SBUS,Gas,STREX,CAT,PM2_5,3.023376295611751e-08
2017,July,Tehama (SV),SBUS,Gas,HOTSOAK,CAT,TOG,7.545094822618231e-06
2017,July,Tehama (SV),SBUS,Gas,RUNLOSS,CAT,TOG,8.705065640290398e-05
2017,July,Tehama (SV),SBUS,Gas,RESTLOSS,CAT,TOG,5.780707723708269e-07
2017,July,Tehama (SV),SBUS,Gas,DIURN,CAT,TOG,2.1997288864049608e-06
2017,July,Tehama (SV),SBUS,Gas,PMTW,CAT,PM,9.7833512851536e-07
2017,July,Tehama (SV),SBUS,Gas,PMTW,CAT,PM10,9.7833512851536e-07
2017,July,Tehama (SV),SBUS,Gas,PMTW,CAT,PM2_5,2.4458378212884e-07
2017,July,Tehama (SV),SBUS,Gas,PMBW,CAT,PM,9.294183598604023e-05
2017,July,Tehama (SV),SBUS,Gas,PMBW,CAT,PM10,9.108299926631946e-05
2017,July,Tehama (SV),SBUS,Gas,PMBW,CAT,PM2_5,3.9035571114136894e-05
2017,July,Tehama (SV),OBUS,Gas,RUNEX,CAT,CO,0.012350242806521824
2017,July,Tehama (SV),OBUS,Gas,RUNEX,CAT,NOx,0.003073087327303768
2017,July,Tehama (SV),OBUS,Gas,RUNEX,CAT,SOx,6.13001336267346e-05
2017,July,Tehama (SV),OBUS,Gas,RUNEX,CAT,PM,3.6176679725423166e-06
2017,July,Tehama (SV),OBUS,Gas,RUNEX,CAT,TOG,0.0007762271273833545
2017,July,Tehama (SV),OBUS,Gas,RUNEX,CAT,PM10,3.2341951674528296e-06
2017,July,Tehama (SV),OBUS,Gas,RUNEX,CAT,PM2_5,2.9737230734297847e-06
2017,July,Tehama (SV),OBUS,Gas,IDLEX,CAT,CO,0.00036681723730695146
2017,July,Tehama (SV),OBUS,Gas,IDLEX,CAT,NOx,4.132820822729687e-06
2017,July,Tehama (SV),OBUS,Gas,IDLEX,CAT,SOx,2.462897757642047e-07
2017,July,Tehama (SV),OBUS,Gas,IDLEX,CAT,TOG,6.909732975999728e-05
2017,July,Tehama (SV),OBUS,Gas,STREX,CAT,CO,0.0049052401501767425
2017,July,Tehama (SV),OBUS,Gas,STREX,CAT,NOx,0.0004060350357612435
2017,July,Tehama (SV),OBUS,Gas,STREX,CAT,SOx,3.545719990460943e-07
2017,July,Tehama (SV),OBUS,Gas,STREX,CAT,PM,3.5927497661059933e-07
2017,July,Tehama (SV),OBUS,Gas,STREX,CAT,TOG,0.0002455314851630866
2017,July,Tehama (SV),OBUS,Gas,STREX,CAT,PM10,3.211918290898758e-07
2017,July,Tehama (SV),OBUS,Gas,STREX,CAT,PM2_5,2.953240307739133e-07
2017,July,Tehama (SV),OBUS,Gas,HOTSOAK,CAT,TOG,4.707505685236292e-05
2017,July,Tehama (SV),OBUS,Gas,RUNLOSS,CAT,TOG,0.00046634811376264845
2017,July,Tehama (SV),OBUS,Gas,RESTLOSS,CAT,TOG,2.996282349962719e-06
2017,July,Tehama (SV),OBUS,Gas,DIURN,CAT,TOG,8.59509623981876e-06
2017,July,Tehama (SV),OBUS,Gas,PMTW,CAT,PM,3.9675976322998334e-05
2017,July,Tehama (SV),OBUS,Gas,PMTW,CAT,PM10,3.9675976322998334e-05
2017,July,Tehama (SV),OBUS,Gas,PMTW,CAT,PM2_5,9.918994080749583e-06
2017,July,Tehama (SV),OBUS,Gas,PMBW,CAT,PM,0.00043974207091323185
2017,July,Tehama (SV),OBUS,Gas,PMBW,CAT,PM10,0.00043094722949496746
2017,July,Tehama (SV),OBUS,Gas,PMBW,CAT,PM2_5,0.00018469166978355748
2017,July,Tehama (SV),MCY,Gas,RUNEX,CAT,CO,0.1482254059479298
2017,July,Tehama (SV),MCY,Gas,RUNEX,CAT,NOx,0.01037505491374895
2017,July,Tehama (SV),MCY,Gas,RUNEX,CAT,SOx,2.3249191972120035e-05
2017,July,Tehama (SV),MCY,Gas,RUNEX,CAT,PM,1.626047408337147e-05
2017,July,Tehama (SV),MCY,Gas,RUNEX,CAT,TOG,0.025797644267902407
2017,July,Tehama (SV),MCY,Gas,RUNEX,CAT,PM10,1.501655413599335e-05
2017,July,Tehama (SV),MCY,Gas,RUNEX,CAT,PM2_5,1.4046267592331793e-05
2017,July,Tehama (SV),MCY,Gas,RUNEX,NCAT,CO,0.45525524615628693
2017,July,Tehama (SV),MCY,Gas,RUNEX,NCAT,NOx,0.015677102980412184
2017,July,Tehama (SV),MCY,Gas,RUNEX,NCAT,SOx,2.9091034372139774e-05
2017,July,Tehama (SV),MCY,Gas,RUNEX,NCAT,PM,3.504261222549187e-05
2017,July,Tehama (SV),MCY,Gas,RUNEX,NCAT,TOG,0.04818929257540755
2017,July,Tehama (SV),MCY,Gas,RUNEX,NCAT,PM10,3.319626004323837e-05
2017,July,Tehama (SV),MCY,Gas,RUNEX,NCAT,PM2_5,3.1453917514975595e-05
2017,July,Tehama (SV),MCY,Gas,STREX,CAT,CO,0.012351338204530073
2017,July,Tehama (SV),MCY,Gas,STREX,CAT,NOx,0.0005104364284322785
2017,July,Tehama (SV),MCY,Gas,STREX,CAT,SOx,1.207030275884559e-06
2017,July,Tehama (SV),MCY,Gas,STREX,CAT,PM,4.25262983436959e-06
2017,July,Tehama (SV),MCY,Gas,STREX,CAT,TOG,0.0032597304348173164
2017,July,Tehama (SV),MCY,Gas,STREX,CAT,PM10,3.951215261297865e-06
2017,July,Tehama (SV),MCY,Gas,STREX,CAT,PM2_5,3.707446768482961e-06
2017,July,Tehama (SV),MCY,Gas,STREX,NCAT,CO,0.041627520476686164
2017,July,Tehama (SV),MCY,Gas,STREX,NCAT,NOx,0.0011307483253458104
2017,July,Tehama (SV),MCY,Gas,STREX,NCAT,SOx,2.930390634135188e-06
2017,July,Tehama (SV),MCY,Gas,STREX,NCAT,PM,2.6552590381633957e-05
2017,July,Tehama (SV),MCY,Gas,STREX,NCAT,TOG,0.009367942335458597
2017,July,Tehama (SV),MCY,Gas,STREX,NCAT,PM10,2.5367675167378738e-05
2017,July,Tehama (SV),MCY,Gas,STREX,NCAT,PM2_5,2.4136940335327075e-05
2017,July,Tehama (SV),MCY,Gas,HOTSOAK,CAT,TOG,0.0016182663240259386
2017,July,Tehama (SV),MCY,Gas,HOTSOAK,NCAT,TOG,0.0087059248299344
2017,July,Tehama (SV),MCY,Gas,RUNLOSS,CAT,TOG,0.002183922276223759
2017,July,Tehama (SV),MCY,Gas,RUNLOSS,NCAT,TOG,0.018343441829212142
2017,July,Tehama (SV),MCY,Gas,RESTLOSS,CAT,TOG,0.0029627756542924748
2017,July,Tehama (SV),MCY,Gas,RESTLOSS,NCAT,TOG,0.011453285776120651
2017,July,Tehama (SV),MCY,Gas,DIURN,CAT,TOG,0.005325861863466248
2017,July,Tehama (SV),MCY,Gas,DIURN,NCAT,TOG,0.021484031392102306
2017,July,Tehama (SV),MCY,Gas,PMTW,CAT,PM,4.3368257882021403e-05
2017,July,Tehama (SV),MCY,Gas,PMTW,CAT,PM10,4.3368257882021403e-05
2017,July,Tehama (SV),MCY,Gas,PMTW,CAT,PM2_5,1.0842064470505351e-05
2017,July,Tehama (SV),MCY,Gas,PMTW,NCAT,PM,5.271286935378413e-05
2017,July,Tehama (SV),MCY,Gas,PMTW,NCAT,PM10,5.271286935378413e-05
2017,July,Tehama (SV),MCY,Gas,PMTW,NCAT,PM2_5,1.3178217338446033e-05
2017,July,Tehama (SV),MCY,Gas,PMBW,CAT,PM,0.00013010477364606412
2017,July,Tehama (SV),MCY,Gas,PMBW,CAT,PM10,0.0001275026781731428
2017,July,Tehama (SV),MCY,Gas,PMBW,CAT,PM2_5,5.464400493134693e-05
2017,July,Tehama (SV),MCY,Gas,PMBW,NCAT,PM,0.00015813860806135265
2017,July,Tehama (SV),MCY,Gas,PMBW,NCAT,PM10,0.0001549758359001253
2017,July,Tehama (SV),MCY,Gas,PMBW,NCAT,PM2_5,6.641821538576806e-05
2017,July,Tehama (SV),MH,Gas,RUNEX,CAT,CO,0.024711670835610707
2017,July,Tehama (SV),MH,Gas,RUNEX,CAT,NOx,0.004263283378150875
2017,July,Tehama (SV),MH,Gas,RUNEX,CAT,SOx,9.417020907238882e-05
2017,July,Tehama (SV),MH,Gas,RUNEX,CAT,PM,1.4974047156491137e-05
2017,July,Tehama (SV),MH,Gas,RUNEX,CAT,TOG,0.0012780829948895588
2017,July,Tehama (SV),MH,Gas,RUNEX,CAT,PM10,1.3386798157903104e-05
2017,July,Tehama (SV),MH,Gas,RUNEX,CAT,PM2_5,1.2308666762635748e-05
2017,July,Tehama (SV),MH,Gas,RUNEX,NCAT,CO,0.005210495349530831
2017,July,Tehama (SV),MH,Gas,RUNEX,NCAT,NOx,0.0001402318525151611
2017,July,Tehama (SV),MH,Gas,RUNEX,NCAT,SOx,7.32321834978226e-07
2017,July,Tehama (SV),MH,Gas,RUNEX,NCAT,PM,1.43569556121261e-06
2017,July,Tehama (SV),MH,Gas,RUNEX,NCAT,TOG,0.00022723451145021238
2017,July,Tehama (SV),MH,Gas,RUNEX,NCAT,PM10,1.3797034343253185e-06
2017,July,Tehama (SV),MH,Gas,RUNEX,NCAT,PM2_5,1.3165328296319639e-06
2017,July,Tehama (SV),MH,Gas,STREX,CAT,CO,0.00020811627321244266
2017,July,Tehama (SV),MH,Gas,STREX,CAT,NOx,1.7340820055994004e-05
2017,July,Tehama (SV),MH,Gas,STREX,CAT,SOx,1.607948920672569e-08
2017,July,Tehama (SV),MH,Gas,STREX,CAT,PM,3.485751145598289e-08
2017,July,Tehama (SV),MH,Gas,STREX,CAT,TOG,1.0552900561229789e-05
2017,July,Tehama (SV),MH,Gas,STREX,CAT,PM10,3.116261524164861e-08
2017,July,Tehama (SV),MH,Gas,STREX,CAT,PM2_5,2.865287441681788e-08
2017,July,Tehama (SV),MH,Gas,STREX,NCAT,CO,1.0695156804460307e-07
2017,July,Tehama (SV),MH,Gas,STREX,NCAT,NOx,3.5637573102337413e-07
2017,July,Tehama (SV),MH,Gas,STREX,NCAT,SOx,8.880236723231874e-10
2017,July,Tehama (SV),MH,Gas,STREX,NCAT,PM,1.0610032917730697e-08
2017,July,Tehama (SV),MH,Gas,STREX,NCAT,TOG,2.098882880300513e-06
2017,July,Tehama (SV),MH,Gas,STREX,NCAT,PM10,1.0196241633939194e-08
2017,July,Tehama (SV),MH,Gas,STREX,NCAT,PM2_5,9.729400185559047e-09
2017,July,Tehama (SV),MH,Gas,HOTSOAK,CAT,TOG,1.0187589661817779e-05
2017,July,Tehama (SV),MH,Gas,HOTSOAK,NCAT,TOG,4.856429408657804e-07
2017,July,Tehama (SV),MH,Gas,RUNLOSS,CAT,TOG,0.00019580330186594582
2017,July,Tehama (SV),MH,Gas,RUNLOSS,NCAT,TOG,2.4399050876903743e-06
2017,July,Tehama (SV),MH,Gas,RESTLOSS,CAT,TOG,9.209910869168583e-05
2017,July,Tehama (SV),MH,Gas,RESTLOSS,NCAT,TOG,4.1405939622804e-06
2017,July,Tehama (SV),MH,Gas,DIURN,CAT,TOG,0.0003266395483953722
2017,July,Tehama (SV),MH,Gas,DIURN,NCAT,TOG,1.3339585201005137e-05
2017,July,Tehama (SV),MH,Gas,PMTW,CAT,PM,6.078558569762786e-05
2017,July,Tehama (SV),MH,Gas,PMTW,CAT,PM10,6.078558569762786e-05
2017,July,Tehama (SV),MH,Gas,PMTW,CAT,PM2_5,1.5196396424406964e-05
2017,July,Tehama (SV),MH,Gas,PMTW,NCAT,PM,4.1351901604571245e-07
2017,July,Tehama (SV),MH,Gas,PMTW,NCAT,PM10,4.1351901604571245e-07
2017,July,Tehama (SV),MH,Gas,PMTW,NCAT,PM2_5,1.0337975401142811e-07
2017,July,Tehama (SV),MH,Gas,PMBW,CAT,PM,0.0006737069081487095
2017,July,Tehama (SV),MH,Gas,PMBW,CAT,PM10,0.0006602327699857366
2017,July,Tehama (SV),MH,Gas,PMBW,CAT,PM2_5,0.0002829569014224582
2017,July,Tehama (SV),MH,Gas,PMBW,NCAT,PM,4.583169094506648e-06
2017,July,Tehama (SV),MH,Gas,PMBW,NCAT,PM10,4.491505712616514e-06
2017,July,Tehama (SV),MH,Gas,PMBW,NCAT,PM2_5,1.924931019692792e-06
2017,July,Tehama (SV),MH,Dsl,RUNEX,DSL,CO,0.001267365282451977
2017,July,Tehama (SV),MH,Dsl,RUNEX,DSL,NOx,0.013160577109998005
2017,July,Tehama (SV),MH,Dsl,RUNEX,DSL,SOx,1.9235235668596025e-05
2017,July,Tehama (SV),MH,Dsl,RUNEX,DSL,PM,0.00035873342364610726
2017,July,Tehama (SV),MH,Dsl,RUNEX,DSL,TOG,0.0003748862250440516
2017,July,Tehama (SV),MH,Dsl,RUNEX,DSL,PM10,0.000356581023104231
2017,July,Tehama (SV),MH,Dsl,RUNEX,DSL,PM2_5,0.00034115548588744833
2017,July,Tehama (SV),MH,Dsl,PMTW,DSL,PM,3.0189894830219456e-05
2017,July,Tehama (SV),MH,Dsl,PMTW,DSL,PM10,3.0189894830219456e-05
2017,July,Tehama (SV),MH,Dsl,PMTW,DSL,PM2_5,7.547473707554864e-06
2017,July,Tehama (SV),MH,Dsl,PMBW,DSL,PM,0.0002509535007761992
2017,July,Tehama (SV),MH,Dsl,PMBW,DSL,PM10,0.0002459344307606753
2017,July,Tehama (SV),MH,Dsl,PMBW,DSL,PM2_5,0.00010540047032600363
2017,July,Tehama (SV),SBUS,Dsl,RUNEX,DSL,CO,0.0017754858633242737
2017,July,Tehama (SV),SBUS,Dsl,RUNEX,DSL,NOx,0.0416710572265461
2017,July,Tehama (SV),SBUS,Dsl,RUNEX,DSL,PM,0.00033921839856492517
2017,July,Tehama (SV),SBUS,Dsl,RUNEX,DSL,PM10,0.0003371830881735355
2017,July,Tehama (SV),SBUS,Dsl,RUNEX,DSL,PM2_5,0.00032259669703524373
2017,July,Tehama (SV),SBUS,Dsl,IDLEX,DSL,CO,0.0007720459540783334
2017,July,Tehama (SV),SBUS,Dsl,IDLEX,DSL,NOx,0.007408167358485917
2017,July,Tehama (SV),SBUS,Dsl,IDLEX,DSL,PM,1.3179367057874886e-05
2017,July,Tehama (SV),SBUS,Dsl,IDLEX,DSL,PM10,1.3100290855527632e-05
2017,July,Tehama (SV),SBUS,Dsl,IDLEX,DSL,PM2_5,1.2533578072039013e-05
2017,July,Tehama (SV),SBUS,Dsl,STREX,DSL,NOx,0.001038801008709727
2017,July,Tehama (SV),SBUS,Dsl,PMTW,DSL,PM,6.360993100075921e-05
2017,July,Tehama (SV),SBUS,Dsl,PMTW,DSL,PM10,6.360993100075921e-05
2017,July,Tehama (SV),SBUS,Dsl,PMTW,DSL,PM2_5,1.5902482750189803e-05
2017,July,Tehama (SV),SBUS,Dsl,PMBW,DSL,PM,0.004028628963381422
2017,July,Tehama (SV),SBUS,Dsl,PMBW,DSL,PM10,0.003948056384113787
2017,July,Tehama (SV),SBUS,Dsl,PMBW,DSL,PM2_5,0.0016920241646201963
2017,July,Tehama (SV),SBUS,Dsl,RUNEX,DSL,SOx,5.9706106734625804e-05
2017,July,Tehama (SV),SBUS,Dsl,IDLEX,DSL,SOx,6.011640820743044e-06
2017,July,Tehama (SV),SBUS,Dsl,RUNEX,DSL,TOG,0.0008130769364066195
2017,July,Tehama (SV),SBUS,Dsl,IDLEX,DSL,TOG,7.245927125410686e-05
2017,     ,Tehama (SV),LDA,Dsl,RUNEX,DSL,NH3,5.738e-05
2017,     ,Tehama (SV),LDA,Gas,RUNEX,CAT,NH3,0.055752758
2017,     ,Tehama (SV),LDT1,Dsl,RUNEX,DSL,NH3,1.22653e-05
2017,     ,Tehama (SV),LDT1,Gas,RUNEX,CAT,NH3,0.006859794
2017,     ,Tehama (SV),LDT2,Dsl,RUNEX,DSL,NH3,6.47601e-06
2017,     ,Tehama (SV),LDT2,Gas,RUNEX,CAT,NH3,0.024097153
2017,     ,Tehama (SV),LHD1,Dsl,RUNEX,DSL,NH3,0.015227695
2017,     ,Tehama (SV),LHD1,Gas,RUNEX,CAT,NH3,0.003650803
2017,     ,Tehama (SV),LHD2,Dsl,RUNEX,DSL,NH3,0.006373997
2017,     ,Tehama (SV),LHD2,Gas,RUNEX,CAT,NH3,0.000317442
2017,     ,Tehama (SV),MCY,Gas,RUNEX,CAT,NH3,0.000372481
2017,     ,Tehama (SV),MDV,Dsl,RUNEX,DSL,NH3,5.27874e-05
2017,     ,Tehama (SV),MDV,Gas,RUNEX,CAT,NH3,0.020212386
2017,     ,Tehama (SV),MH,Dsl,RUNEX,DSL,NH3,5.09695e-05
2017,     ,Tehama (SV),MH,Gas,RUNEX,CAT,NH3,0.000223312
2017,     ,Tehama (SV),OBUS,Gas,RUNEX,CAT,NH3,0.000148543
2017,     ,Tehama (SV),SBUS,Gas,RUNEX,CAT,NH3,5.50577e-06
2017,     ,Tehama (SV),T6TS,Gas,RUNEX,CAT,NH3,0.000198164
2017,     ,Tehama (SV),T7IS,Gas,RUNEX,CAT,NH3,2.79148e-07
