calendar_year,season_month,sub_area,vehicle_class,fuel,process,cat_ncat,pollutant,emission
2017,July,Tulare (SJV),LDA,Gas,RUNEX,CAT,CO,7.349984191012441
2017,July,Tulare (SJV),LDA,Gas,RUNEX,CAT,NOx,0.466493849264393
2017,July,Tulare (SJV),LDA,Gas,RUNEX,CAT,SOx,0.017931463123572876
2017,July,Tulare (SJV),LDA,Gas,RUNEX,CAT,PM,0.008691675598268927
2017,July,Tulare (SJV),LDA,Gas,RUNEX,CAT,TOG,0.20834107811266264
2017,July,Tulare (SJV),LDA,Gas,RUNEX,CAT,PM10,0.007771217754700888
2017,July,Tulare (SJV),LDA,Gas,RUNEX,CAT,PM2_5,0.0071457764184278665
2017,July,Tulare (SJV),LDA,Gas,RUNEX,NCAT,CO,0.13448797544944488
2017,July,Tulare (SJV),LDA,Gas,RUNEX,NCAT,NOx,0.00936137057055614
2017,July,Tulare (SJV),LDA,Gas,RUNEX,NCAT,SOx,1.0726111536013742e-05
2017,July,Tulare (SJV),LDA,Gas,RUNEX,NCAT,PM,9.758659316658078e-05
2017,July,Tulare (SJV),LDA,Gas,RUNEX,NCAT,TOG,0.010085576252165721
2017,July,Tulare (SJV),LDA,Gas,RUNEX,NCAT,PM10,9.292094618461717e-05
2017,July,Tulare (SJV),LDA,Gas,RUNEX,NCAT,PM2_5,8.826782928294323e-05
2017,July,Tulare (SJV),LDA,Gas,STREX,CAT,CO,1.4032249331209312
2017,July,Tulare (SJV),LDA,Gas,STREX,CAT,NOx,0.17023972467300894
2017,July,Tulare (SJV),LDA,Gas,STREX,CAT,SOx,0.0003863311180886275
2017,July,Tulare (SJV),LDA,Gas,STREX,CAT,PM,0.0014951541028276278
2017,July,Tulare (SJV),LDA,Gas,STREX,CAT,TOG,0.2430800725878581
2017,July,Tulare (SJV),LDA,Gas,STREX,CAT,PM10,0.001337113266091653
2017,July,Tulare (SJV),LDA,Gas,STREX,CAT,PM2_5,0.0012296483490251559
2017,July,Tulare (SJV),LDA,Gas,STREX,NCAT,CO,0.026580535179616623
2017,July,Tulare (SJV),LDA,Gas,STREX,NCAT,NOx,0.0013673490257037652
2017,July,Tulare (SJV),LDA,Gas,STREX,NCAT,SOx,2.2152546363067275e-06
2017,July,Tulare (SJV),LDA,Gas,STREX,NCAT,PM,5.88488834151329e-05
2017,July,Tulare (SJV),LDA,Gas,STREX,NCAT,TOG,0.003929781844878417
2017,July,Tulare (SJV),LDA,Gas,STREX,NCAT,PM10,5.610827879818887e-05
2017,July,Tulare (SJV),LDA,Gas,STREX,NCAT,PM2_5,5.333274959083179e-05
2017,July,Tulare (SJV),LDA,Gas,HOTSOAK,CAT,TOG,0.13161016379725418
2017,July,Tulare (SJV),LDA,Gas,HOTSOAK,NCAT,TOG,0.004450701203147843
2017,July,Tulare (SJV),LDA,Gas,RUNLOSS,CAT,TOG,0.18868081185064584
2017,July,Tulare (SJV),LDA,Gas,RUNLOSS,NCAT,TOG,0.014680140535230752
2017,July,Tulare (SJV),LDA,Gas,RESTLOSS,CAT,TOG,0.10536539789264757
2017,July,Tulare (SJV),LDA,Gas,RESTLOSS,NCAT,TOG,0.004651236434629381
2017,July,Tulare (SJV),LDA,Gas,DIURN,CAT,TOG,0.14982688180616632
2017,July,Tulare (SJV),LDA,Gas,DIURN,NCAT,TOG,0.006934535968315166
2017,July,Tulare (SJV),LDA,Gas,PMTW,CAT,PM,0.04388641471099065
2017,July,Tulare (SJV),LDA,Gas,PMTW,CAT,PM10,0.04388641471099065
2017,July,Tulare (SJV),LDA,Gas,PMTW,CAT,PM2_5,0.010971603677747662
2017,July,Tulare (SJV),LDA,Gas,PMTW,NCAT,PM,1.3277239896802898e-05
2017,July,Tulare (SJV),LDA,Gas,PMTW,NCAT,PM10,1.3277239896802898e-05
2017,July,Tulare (SJV),LDA,Gas,PMTW,NCAT,PM2_5,3.3193099742007245e-06
2017,July,Tulare (SJV),LDA,Gas,PMBW,CAT,PM,0.20571756895776871
2017,July,Tulare (SJV),LDA,Gas,PMBW,CAT,PM10,0.20160321757861327
2017,July,Tulare (SJV),LDA,Gas,PMBW,CAT,PM2_5,0.08640137896226281
2017,July,Tulare (SJV),LDA,Gas,PMBW,NCAT,PM,6.223706201626355e-05
2017,July,Tulare (SJV),LDA,Gas,PMBW,NCAT,PM10,6.099232077593828e-05
2017,July,Tulare (SJV),LDA,Gas,PMBW,NCAT,PM2_5,2.6139566046830717e-05
2017,July,Tulare (SJV),LDA,Dsl,RUNEX,DSL,CO,0.008831321342195
2017,July,Tulare (SJV),LDA,Dsl,RUNEX,DSL,NOx,0.007276168278124555
2017,July,Tulare (SJV),LDA,Dsl,RUNEX,DSL,SOx,6.129467891939012e-05
2017,July,Tulare (SJV),LDA,Dsl,RUNEX,DSL,PM,0.0005886455592479012
2017,July,Tulare (SJV),LDA,Dsl,RUNEX,DSL,TOG,0.0009972342053506768
2017,July,Tulare (SJV),LDA,Dsl,RUNEX,DSL,PM10,0.0005851136858924139
2017,July,Tulare (SJV),LDA,Dsl,RUNEX,DSL,PM2_5,0.0005598019268447542
2017,July,Tulare (SJV),LDA,Dsl,PMTW,DSL,PM,0.00022443268311920033
2017,July,Tulare (SJV),LDA,Dsl,PMTW,DSL,PM10,0.00022443268311920033
2017,July,Tulare (SJV),LDA,Dsl,PMTW,DSL,PM2_5,5.6108170779800084e-05
2017,July,Tulare (SJV),LDA,Dsl,PMBW,DSL,PM,0.0010520282021212514
2017,July,Tulare (SJV),LDA,Dsl,PMBW,DSL,PM10,0.0010309876380788265
2017,July,Tulare (SJV),LDA,Dsl,PMBW,DSL,PM2_5,0.0004418518448909259
2017,July,Tulare (SJV),LDA,Elec,HOTSOAK,CAT,TOG,1.3479613309005279e-05
2017,July,Tulare (SJV),LDA,Elec,RESTLOSS,CAT,TOG,1.851987389445492e-05
2017,July,Tulare (SJV),LDA,Elec,DIURN,CAT,TOG,3.586286645277661e-05
2017,July,Tulare (SJV),LDA,Elec,PMTW,CAT,PM,0.0001623932188784341
2017,July,Tulare (SJV),LDA,Elec,PMTW,CAT,PM10,0.0001623932188784341
2017,July,Tulare (SJV),LDA,Elec,PMTW,CAT,PM2_5,4.059830471960853e-05
2017,July,Tulare (SJV),LDA,Elec,PMBW,CAT,PM,0.00076121821349266
2017,July,Tulare (SJV),LDA,Elec,PMBW,CAT,PM10,0.0007459938492228066
2017,July,Tulare (SJV),LDA,Elec,PMBW,CAT,PM2_5,0.0003197116496669171
2017,July,Tulare (SJV),LDT1,Gas,RUNEX,CAT,CO,2.1847201410657813
2017,July,Tulare (SJV),LDT1,Gas,RUNEX,CAT,NOx,0.18683080394564505
2017,July,Tulare (SJV),LDT1,Gas,RUNEX,CAT,SOx,0.0020917288925208994
2017,July,Tulare (SJV),LDT1,Gas,RUNEX,CAT,PM,0.002206229912515815
2017,July,Tulare (SJV),LDT1,Gas,RUNEX,CAT,TOG,0.07672467896628013
2017,July,Tulare (SJV),LDT1,Gas,RUNEX,CAT,PM10,0.001973511002315957
2017,July,Tulare (SJV),LDT1,Gas,RUNEX,CAT,PM2_5,0.0018151394768946801
2017,July,Tulare (SJV),LDT1,Gas,RUNEX,NCAT,CO,0.19683022945478387
2017,July,Tulare (SJV),LDT1,Gas,RUNEX,NCAT,NOx,0.014007102108564427
2017,July,Tulare (SJV),LDT1,Gas,RUNEX,NCAT,SOx,1.566877896275849e-05
2017,July,Tulare (SJV),LDT1,Gas,RUNEX,NCAT,PM,0.00014789200653824393
2017,July,Tulare (SJV),LDT1,Gas,RUNEX,NCAT,TOG,0.015558021581417647
2017,July,Tulare (SJV),LDT1,Gas,RUNEX,NCAT,PM10,0.00014098275775643583
2017,July,Tulare (SJV),LDT1,Gas,RUNEX,NCAT,PM2_5,0.00013399848118888922
2017,July,Tulare (SJV),LDT1,Gas,STREX,CAT,CO,0.18884473140011246
2017,July,Tulare (SJV),LDT1,Gas,STREX,CAT,NOx,0.035619051623709395
2017,July,Tulare (SJV),LDT1,Gas,STREX,CAT,SOx,5.271157091473222e-05
2017,July,Tulare (SJV),LDT1,Gas,STREX,CAT,PM,0.0003618530389725029
2017,July,Tulare (SJV),LDT1,Gas,STREX,CAT,TOG,0.058679051164690625
2017,July,Tulare (SJV),LDT1,Gas,STREX,CAT,PM10,0.0003237141757878297
2017,July,Tulare (SJV),LDT1,Gas,STREX,CAT,PM2_5,0.00029775167713852024
2017,July,Tulare (SJV),LDT1,Gas,STREX,NCAT,CO,0.012758166871208475
2017,July,Tulare (SJV),LDT1,Gas,STREX,NCAT,NOx,0.000612118386049757
2017,July,Tulare (SJV),LDT1,Gas,STREX,NCAT,SOx,1.004009985291648e-06
2017,July,Tulare (SJV),LDT1,Gas,STREX,NCAT,PM,2.651970688691814e-05
2017,July,Tulare (SJV),LDT1,Gas,STREX,NCAT,TOG,0.0018123609609374022
2017,July,Tulare (SJV),LDT1,Gas,STREX,NCAT,PM10,2.526787937191526e-05
2017,July,Tulare (SJV),LDT1,Gas,STREX,NCAT,PM2_5,2.4010092112180953e-05
2017,July,Tulare (SJV),LDT1,Gas,HOTSOAK,CAT,TOG,0.04570523133126414
2017,July,Tulare (SJV),LDT1,Gas,HOTSOAK,NCAT,TOG,0.0019416224335795924
2017,July,Tulare (SJV),LDT1,Gas,RUNLOSS,CAT,TOG,0.12105064507627435
2017,July,Tulare (SJV),LDT1,Gas,RUNLOSS,NCAT,TOG,0.0027485715562997758
2017,July,Tulare (SJV),LDT1,Gas,RESTLOSS,CAT,TOG,0.03714174899550538
2017,July,Tulare (SJV),LDT1,Gas,RESTLOSS,NCAT,TOG,0.0020871313378673503
2017,July,Tulare (SJV),LDT1,Gas,DIURN,CAT,TOG,0.05890832419946263
2017,July,Tulare (SJV),LDT1,Gas,DIURN,NCAT,TOG,0.0030631032452727333
2017,July,Tulare (SJV),LDT1,Gas,PMTW,CAT,PM,0.004339903508368254
2017,July,Tulare (SJV),LDT1,Gas,PMTW,CAT,PM10,0.004339903508368254
2017,July,Tulare (SJV),LDT1,Gas,PMTW,CAT,PM2_5,0.0010849758770920634
2017,July,Tulare (SJV),LDT1,Gas,PMTW,NCAT,PM,2.011013421850411e-05
2017,July,Tulare (SJV),LDT1,Gas,PMTW,NCAT,PM10,2.011013421850411e-05
2017,July,Tulare (SJV),LDT1,Gas,PMTW,NCAT,PM2_5,5.027533554626028e-06
2017,July,Tulare (SJV),LDT1,Gas,PMBW,CAT,PM,0.020343297695476194
2017,July,Tulare (SJV),LDT1,Gas,PMBW,CAT,PM10,0.019936431741566674
2017,July,Tulare (SJV),LDT1,Gas,PMBW,CAT,PM2_5,0.0085441850321
2017,July,Tulare (SJV),LDT1,Gas,PMBW,NCAT,PM,9.4266254149238e-05
2017,July,Tulare (SJV),LDT1,Gas,PMBW,NCAT,PM10,9.238092906625323e-05
2017,July,Tulare (SJV),LDT1,Gas,PMBW,NCAT,PM2_5,3.959182674267997e-05
2017,July,Tulare (SJV),LDT2,Gas,RUNEX,CAT,CO,4.33891505141958
2017,July,Tulare (SJV),LDT2,Gas,RUNEX,CAT,NOx,0.4396623292917276
2017,July,Tulare (SJV),LDT2,Gas,RUNEX,CAT,SOx,0.008086741923691949
2017,July,Tulare (SJV),LDT2,Gas,RUNEX,CAT,PM,0.0038866196389330788
2017,July,Tulare (SJV),LDT2,Gas,RUNEX,CAT,TOG,0.13849352791741654
2017,July,Tulare (SJV),LDT2,Gas,RUNEX,CAT,PM10,0.003476385556866645
2017,July,Tulare (SJV),LDT2,Gas,RUNEX,CAT,PM2_5,0.003197279283020071
2017,July,Tulare (SJV),LDT2,Gas,RUNEX,NCAT,CO,0.28238279082241774
2017,July,Tulare (SJV),LDT2,Gas,RUNEX,NCAT,NOx,0.02025061063375303
2017,July,Tulare (SJV),LDT2,Gas,RUNEX,NCAT,SOx,2.2604091176637565e-05
2017,July,Tulare (SJV),LDT2,Gas,RUNEX,NCAT,PM,0.00021311592612741184
2017,July,Tulare (SJV),LDT2,Gas,RUNEX,NCAT,TOG,0.022521329658420644
2017,July,Tulare (SJV),LDT2,Gas,RUNEX,NCAT,PM10,0.00020305680534797574
2017,July,Tulare (SJV),LDT2,Gas,RUNEX,NCAT,PM2_5,0.00019294936444175673
2017,July,Tulare (SJV),LDT2,Gas,STREX,CAT,CO,0.7046173326351437
2017,July,Tulare (SJV),LDT2,Gas,STREX,CAT,NOx,0.1251116725367781
2017,July,Tulare (SJV),LDT2,Gas,STREX,CAT,SOx,0.00019448477021163989
2017,July,Tulare (SJV),LDT2,Gas,STREX,CAT,PM,0.0006515286229377504
2017,July,Tulare (SJV),LDT2,Gas,STREX,CAT,TOG,0.13863234229213825
2017,July,Tulare (SJV),LDT2,Gas,STREX,CAT,PM10,0.0005827984865685546
2017,July,Tulare (SJV),LDT2,Gas,STREX,CAT,PM2_5,0.0005360271292176594
2017,July,Tulare (SJV),LDT2,Gas,STREX,NCAT,CO,0.018423613071022343
2017,July,Tulare (SJV),LDT2,Gas,STREX,NCAT,NOx,0.0008774485008454252
2017,July,Tulare (SJV),LDT2,Gas,STREX,NCAT,SOx,1.4415963154952974e-06
2017,July,Tulare (SJV),LDT2,Gas,STREX,NCAT,PM,3.8111206666603164e-05
2017,July,Tulare (SJV),LDT2,Gas,STREX,NCAT,TOG,0.002618232283696882
2017,July,Tulare (SJV),LDT2,Gas,STREX,NCAT,PM10,3.629297194440013e-05
2017,July,Tulare (SJV),LDT2,Gas,STREX,NCAT,PM2_5,3.447737535044652e-05
2017,July,Tulare (SJV),LDT2,Gas,HOTSOAK,CAT,TOG,0.07035844658092827
2017,July,Tulare (SJV),LDT2,Gas,HOTSOAK,NCAT,TOG,0.0027723792485703624
2017,July,Tulare (SJV),LDT2,Gas,RUNLOSS,CAT,TOG,0.18194871958214934
2017,July,Tulare (SJV),LDT2,Gas,RUNLOSS,NCAT,TOG,0.0037818425341281424
2017,July,Tulare (SJV),LDT2,Gas,RESTLOSS,CAT,TOG,0.060349119458179855
2017,July,Tulare (SJV),LDT2,Gas,RESTLOSS,NCAT,TOG,0.0030287982400349724
2017,July,Tulare (SJV),LDT2,Gas,DIURN,CAT,TOG,0.08558008554723585
2017,July,Tulare (SJV),LDT2,Gas,DIURN,NCAT,TOG,0.004421895495863887
2017,July,Tulare (SJV),LDT2,Gas,PMTW,CAT,PM,0.015208800459620992
2017,July,Tulare (SJV),LDT2,Gas,PMTW,CAT,PM10,0.015208800459620992
2017,July,Tulare (SJV),LDT2,Gas,PMTW,CAT,PM2_5,0.003802200114905248
2017,July,Tulare (SJV),LDT2,Gas,PMTW,NCAT,PM,2.897703941308965e-05
2017,July,Tulare (SJV),LDT2,Gas,PMTW,NCAT,PM10,2.897703941308965e-05
2017,July,Tulare (SJV),LDT2,Gas,PMTW,NCAT,PM2_5,7.244259853272413e-06
2017,July,Tulare (SJV),LDT2,Gas,PMBW,CAT,PM,0.07129125215447335
2017,July,Tulare (SJV),LDT2,Gas,PMBW,CAT,PM10,0.06986542711138391
2017,July,Tulare (SJV),LDT2,Gas,PMBW,CAT,PM2_5,0.02994232590487884
2017,July,Tulare (SJV),LDT2,Gas,PMBW,NCAT,PM,0.00013582987224885774
2017,July,Tulare (SJV),LDT2,Gas,PMBW,NCAT,PM10,0.00013311327480388058
2017,July,Tulare (SJV),LDT2,Gas,PMBW,NCAT,PM2_5,5.7048546344520264e-05
2017,July,Tulare (SJV),MDV,Gas,RUNEX,CAT,CO,4.959423793362278
2017,July,Tulare (SJV),MDV,Gas,RUNEX,CAT,NOx,0.5222658697101558
2017,July,Tulare (SJV),MDV,Gas,RUNEX,CAT,SOx,0.012249451322602507
2017,July,Tulare (SJV),MDV,Gas,RUNEX,CAT,PM,0.004292210522397272
2017,July,Tulare (SJV),MDV,Gas,RUNEX,CAT,TOG,0.16556317047819477
2017,July,Tulare (SJV),MDV,Gas,RUNEX,CAT,PM10,0.003838396948271652
2017,July,Tulare (SJV),MDV,Gas,RUNEX,CAT,PM2_5,0.003529842876553932
2017,July,Tulare (SJV),MDV,Gas,RUNEX,NCAT,CO,0.6288489922130794
2017,July,Tulare (SJV),MDV,Gas,RUNEX,NCAT,NOx,0.033790137766270406
2017,July,Tulare (SJV),MDV,Gas,RUNEX,NCAT,SOx,3.405347964860892e-05
2017,July,Tulare (SJV),MDV,Gas,RUNEX,NCAT,PM,0.00024261632418632386
2017,July,Tulare (SJV),MDV,Gas,RUNEX,NCAT,TOG,0.029106348102651305
2017,July,Tulare (SJV),MDV,Gas,RUNEX,NCAT,PM10,0.00023199354629457292
2017,July,Tulare (SJV),MDV,Gas,RUNEX,NCAT,PM2_5,0.00022083334213548572
2017,July,Tulare (SJV),MDV,Gas,STREX,CAT,CO,1.0961343991143406
2017,July,Tulare (SJV),MDV,Gas,STREX,CAT,NOx,0.17612027207636474
2017,July,Tulare (SJV),MDV,Gas,STREX,CAT,SOx,0.0003012284675973343
2017,July,Tulare (SJV),MDV,Gas,STREX,CAT,PM,0.0008097897677925578
2017,July,Tulare (SJV),MDV,Gas,STREX,CAT,TOG,0.2030829611459709
2017,July,Tulare (SJV),MDV,Gas,STREX,CAT,PM10,0.0007242023488697199
2017,July,Tulare (SJV),MDV,Gas,STREX,CAT,PM2_5,0.0006660020870956529
2017,July,Tulare (SJV),MDV,Gas,STREX,NCAT,CO,0.04348934801196819
2017,July,Tulare (SJV),MDV,Gas,STREX,NCAT,NOx,0.0016847851664897459
2017,July,Tulare (SJV),MDV,Gas,STREX,NCAT,SOx,2.4701054761546896e-06
2017,July,Tulare (SJV),MDV,Gas,STREX,NCAT,PM,4.925746109051878e-05
2017,July,Tulare (SJV),MDV,Gas,STREX,NCAT,TOG,0.004269033980531415
2017,July,Tulare (SJV),MDV,Gas,STREX,NCAT,PM10,4.708612364481639e-05
2017,July,Tulare (SJV),MDV,Gas,STREX,NCAT,PM2_5,4.481419384983622e-05
2017,July,Tulare (SJV),MDV,Gas,HOTSOAK,CAT,TOG,0.07754304195770986
2017,July,Tulare (SJV),MDV,Gas,HOTSOAK,NCAT,TOG,0.0023429851351516044
2017,July,Tulare (SJV),MDV,Gas,RUNLOSS,CAT,TOG,0.1946846733769983
2017,July,Tulare (SJV),MDV,Gas,RUNLOSS,NCAT,TOG,0.003832567425727677
2017,July,Tulare (SJV),MDV,Gas,RESTLOSS,CAT,TOG,0.0694272333531229
2017,July,Tulare (SJV),MDV,Gas,RESTLOSS,NCAT,TOG,0.004008686566699339
2017,July,Tulare (SJV),MDV,Gas,DIURN,CAT,TOG,0.09157353285923842
2017,July,Tulare (SJV),MDV,Gas,DIURN,NCAT,TOG,0.0057377274506453255
2017,July,Tulare (SJV),MDV,Gas,PMTW,CAT,PM,0.019601567876066005
2017,July,Tulare (SJV),MDV,Gas,PMTW,CAT,PM10,0.019601567876066005
2017,July,Tulare (SJV),MDV,Gas,PMTW,CAT,PM2_5,0.004900391969016501
2017,July,Tulare (SJV),MDV,Gas,PMTW,NCAT,PM,3.3157120319848385e-05
2017,July,Tulare (SJV),MDV,Gas,PMTW,NCAT,PM10,3.3157120319848385e-05
2017,July,Tulare (SJV),MDV,Gas,PMTW,NCAT,PM2_5,8.289280079962096e-06
2017,July,Tulare (SJV),MDV,Gas,PMBW,CAT,PM,0.09188234941905932
2017,July,Tulare (SJV),MDV,Gas,PMBW,CAT,PM10,0.0900447024306782
2017,July,Tulare (SJV),MDV,Gas,PMBW,CAT,PM2_5,0.03859058675600493
2017,July,Tulare (SJV),MDV,Gas,PMBW,NCAT,PM,0.00015542400149928923
2017,July,Tulare (SJV),MDV,Gas,PMBW,NCAT,PM10,0.0001523155214693035
2017,July,Tulare (SJV),MDV,Gas,PMBW,NCAT,PM2_5,6.527808062970145e-05
2017,July,Tulare (SJV),LHD1,Gas,RUNEX,CAT,CO,0.4890247646212997
2017,July,Tulare (SJV),LHD1,Gas,RUNEX,CAT,NOx,0.08743489356935566
2017,July,Tulare (SJV),LHD1,Gas,RUNEX,CAT,SOx,0.0020461043039612633
2017,July,Tulare (SJV),LHD1,Gas,RUNEX,CAT,PM,0.0006690142632131187
2017,July,Tulare (SJV),LHD1,Gas,RUNEX,CAT,TOG,0.038744485483164996
2017,July,Tulare (SJV),LHD1,Gas,RUNEX,CAT,PM10,0.000598098751312527
2017,July,Tulare (SJV),LHD1,Gas,RUNEX,CAT,PM2_5,0.0005499297243611838
2017,July,Tulare (SJV),LHD1,Gas,RUNEX,NCAT,CO,0.15664601315873136
2017,July,Tulare (SJV),LHD1,Gas,RUNEX,NCAT,NOx,0.0035592460825214826
2017,July,Tulare (SJV),LHD1,Gas,RUNEX,NCAT,SOx,1.6563369215180328e-05
2017,July,Tulare (SJV),LHD1,Gas,RUNEX,NCAT,PM,7.466218577638521e-05
2017,July,Tulare (SJV),LHD1,Gas,RUNEX,NCAT,TOG,0.008380923060893468
2017,July,Tulare (SJV),LHD1,Gas,RUNEX,NCAT,PM10,7.175036053110616e-05
2017,July,Tulare (SJV),LHD1,Gas,RUNEX,NCAT,PM2_5,6.846522435694523e-05
2017,July,Tulare (SJV),LHD1,Gas,IDLEX,CAT,CO,0.021421609828963177
2017,July,Tulare (SJV),LHD1,Gas,IDLEX,CAT,NOx,0.00024025387633363625
2017,July,Tulare (SJV),LHD1,Gas,IDLEX,CAT,SOx,7.126966894462927e-06
2017,July,Tulare (SJV),LHD1,Gas,IDLEX,CAT,TOG,0.004004407905733293
2017,July,Tulare (SJV),LHD1,Gas,IDLEX,NCAT,CO,0.0002964888133524473
2017,July,Tulare (SJV),LHD1,Gas,IDLEX,NCAT,NOx,3.3527596665674146e-06
2017,July,Tulare (SJV),LHD1,Gas,IDLEX,NCAT,SOx,1.0924767118029836e-07
2017,July,Tulare (SJV),LHD1,Gas,IDLEX,NCAT,TOG,5.3291400173651074e-05
2017,July,Tulare (SJV),LHD1,Gas,STREX,CAT,CO,0.17629427325222408
2017,July,Tulare (SJV),LHD1,Gas,STREX,CAT,NOx,0.04784525668698981
2017,July,Tulare (SJV),LHD1,Gas,STREX,CAT,SOx,1.6634601291508375e-05
2017,July,Tulare (SJV),LHD1,Gas,STREX,CAT,PM,5.636765957863937e-05
2017,July,Tulare (SJV),LHD1,Gas,STREX,CAT,TOG,0.016113947644500325
2017,July,Tulare (SJV),LHD1,Gas,STREX,CAT,PM10,5.039268766330362e-05
2017,July,Tulare (SJV),LHD1,Gas,STREX,CAT,PM2_5,4.633421617364152e-05
2017,July,Tulare (SJV),LHD1,Gas,STREX,NCAT,CO,0.00013306221111363483
2017,July,Tulare (SJV),LHD1,Gas,STREX,NCAT,NOx,0.00046650923497472126
2017,July,Tulare (SJV),LHD1,Gas,STREX,NCAT,SOx,8.79360778287565e-07
2017,July,Tulare (SJV),LHD1,Gas,STREX,NCAT,PM,2.0224032236404882e-05
2017,July,Tulare (SJV),LHD1,Gas,STREX,NCAT,TOG,0.002756055506388605
2017,July,Tulare (SJV),LHD1,Gas,STREX,NCAT,PM10,1.9435294979185073e-05
2017,July,Tulare (SJV),LHD1,Gas,STREX,NCAT,PM2_5,1.8545437560783277e-05
2017,July,Tulare (SJV),LHD1,Gas,HOTSOAK,CAT,TOG,0.019388060225110387
2017,July,Tulare (SJV),LHD1,Gas,HOTSOAK,NCAT,TOG,0.002481271612511602
2017,July,Tulare (SJV),LHD1,Gas,RUNLOSS,CAT,TOG,0.11092322419093893
2017,July,Tulare (SJV),LHD1,Gas,RUNLOSS,NCAT,TOG,0.004083413148579107
2017,July,Tulare (SJV),LHD1,Gas,RESTLOSS,CAT,TOG,0.0005470493621400024
2017,July,Tulare (SJV),LHD1,Gas,RESTLOSS,NCAT,TOG,5.180889113573291e-05
2017,July,Tulare (SJV),LHD1,Gas,DIURN,CAT,TOG,0.0013419465164325847
2017,July,Tulare (SJV),LHD1,Gas,DIURN,NCAT,TOG,0.00012410559113884353
2017,July,Tulare (SJV),LHD1,Gas,PMTW,CAT,PM,0.001568836450515087
2017,July,Tulare (SJV),LHD1,Gas,PMTW,CAT,PM10,0.001568836450515087
2017,July,Tulare (SJV),LHD1,Gas,PMTW,CAT,PM2_5,0.00039220911262877173
2017,July,Tulare (SJV),LHD1,Gas,PMTW,NCAT,PM,1.0593524386336195e-05
2017,July,Tulare (SJV),LHD1,Gas,PMTW,NCAT,PM10,1.0593524386336195e-05
2017,July,Tulare (SJV),LHD1,Gas,PMTW,NCAT,PM2_5,2.6483810965840487e-06
2017,July,Tulare (SJV),LHD1,Gas,PMBW,CAT,PM,0.015296155392522113
2017,July,Tulare (SJV),LHD1,Gas,PMBW,CAT,PM10,0.014990232284671676
2017,July,Tulare (SJV),LHD1,Gas,PMBW,CAT,PM2_5,0.006424385264859293
2017,July,Tulare (SJV),LHD1,Gas,PMBW,NCAT,PM,0.00010328686276677792
2017,July,Tulare (SJV),LHD1,Gas,PMBW,NCAT,PM10,0.00010122112551144229
2017,July,Tulare (SJV),LHD1,Gas,PMBW,NCAT,PM2_5,4.338048236204672e-05
2017,July,Tulare (SJV),LHD2,Gas,RUNEX,CAT,CO,0.05085915490464979
2017,July,Tulare (SJV),LHD2,Gas,RUNEX,CAT,NOx,0.01186096289044194
2017,July,Tulare (SJV),LHD2,Gas,RUNEX,CAT,SOx,0.00038009844853089254
2017,July,Tulare (SJV),LHD2,Gas,RUNEX,CAT,PM,8.447439485421603e-05
2017,July,Tulare (SJV),LHD2,Gas,RUNEX,CAT,TOG,0.0039012775453766213
2017,July,Tulare (SJV),LHD2,Gas,RUNEX,CAT,PM10,7.55201089996691e-05
2017,July,Tulare (SJV),LHD2,Gas,RUNEX,CAT,PM2_5,6.943795257016548e-05
2017,July,Tulare (SJV),LHD2,Gas,RUNEX,NCAT,CO,0.0015679091042264729
2017,July,Tulare (SJV),LHD2,Gas,RUNEX,NCAT,NOx,3.747641609137531e-05
2017,July,Tulare (SJV),LHD2,Gas,RUNEX,NCAT,SOx,1.8506277020988302e-07
2017,July,Tulare (SJV),LHD2,Gas,RUNEX,NCAT,PM,7.426763394889232e-07
2017,July,Tulare (SJV),LHD2,Gas,RUNEX,NCAT,TOG,8.666090568171014e-05
2017,July,Tulare (SJV),LHD2,Gas,RUNEX,NCAT,PM10,7.137119622488553e-07
2017,July,Tulare (SJV),LHD2,Gas,RUNEX,NCAT,PM2_5,6.81034203311343e-07
2017,July,Tulare (SJV),LHD2,Gas,IDLEX,CAT,CO,0.003355398137243475
2017,July,Tulare (SJV),LHD2,Gas,IDLEX,CAT,NOx,3.7693081279203176e-05
2017,July,Tulare (SJV),LHD2,Gas,IDLEX,CAT,SOx,1.2804806091029195e-06
2017,July,Tulare (SJV),LHD2,Gas,IDLEX,CAT,TOG,0.0006293607448664242
2017,July,Tulare (SJV),LHD2,Gas,IDLEX,NCAT,CO,2.850947411122299e-06
2017,July,Tulare (SJV),LHD2,Gas,IDLEX,NCAT,NOx,3.223913031805701e-08
2017,July,Tulare (SJV),LHD2,Gas,IDLEX,NCAT,SOx,1.2122705709461474e-09
2017,July,Tulare (SJV),LHD2,Gas,IDLEX,NCAT,TOG,5.124341038106788e-07
2017,July,Tulare (SJV),LHD2,Gas,STREX,CAT,CO,0.0259991306189953
2017,July,Tulare (SJV),LHD2,Gas,STREX,CAT,NOx,0.00756458539558481
2017,July,Tulare (SJV),LHD2,Gas,STREX,CAT,SOx,2.9430752542642125e-06
2017,July,Tulare (SJV),LHD2,Gas,STREX,CAT,PM,6.454277843387468e-06
2017,July,Tulare (SJV),LHD2,Gas,STREX,CAT,TOG,0.002314485820044877
2017,July,Tulare (SJV),LHD2,Gas,STREX,CAT,PM10,5.770124391988408e-06
2017,July,Tulare (SJV),LHD2,Gas,STREX,CAT,PM2_5,5.305416387264501e-06
2017,July,Tulare (SJV),LHD2,Gas,STREX,NCAT,CO,1.4234335032451018e-06
2017,July,Tulare (SJV),LHD2,Gas,STREX,NCAT,NOx,4.355542704042412e-06
2017,July,Tulare (SJV),LHD2,Gas,STREX,NCAT,SOx,9.714745132749686e-09
2017,July,Tulare (SJV),LHD2,Gas,STREX,NCAT,PM,1.9446822190317376e-07
2017,July,Tulare (SJV),LHD2,Gas,STREX,NCAT,TOG,2.6819524115243964e-05
2017,July,Tulare (SJV),LHD2,Gas,STREX,NCAT,PM10,1.8688396124894998e-07
2017,July,Tulare (SJV),LHD2,Gas,STREX,NCAT,PM2_5,1.783273594852104e-07
2017,July,Tulare (SJV),LHD2,Gas,HOTSOAK,CAT,TOG,0.0024421508999337847
2017,July,Tulare (SJV),LHD2,Gas,HOTSOAK,NCAT,TOG,2.3927015402922637e-05
2017,July,Tulare (SJV),LHD2,Gas,RUNLOSS,CAT,TOG,0.013764888116837085
2017,July,Tulare (SJV),LHD2,Gas,RUNLOSS,NCAT,TOG,6.15084594979761e-05
2017,July,Tulare (SJV),LHD2,Gas,RESTLOSS,CAT,TOG,6.441082535676533e-05
2017,July,Tulare (SJV),LHD2,Gas,RESTLOSS,NCAT,TOG,4.440981825916815e-07
2017,July,Tulare (SJV),LHD2,Gas,DIURN,CAT,TOG,0.00015562949173360925
2017,July,Tulare (SJV),LHD2,Gas,DIURN,NCAT,TOG,1.1143484829663318e-06
2017,July,Tulare (SJV),LHD2,Gas,PMTW,CAT,PM,0.00025472888296750284
2017,July,Tulare (SJV),LHD2,Gas,PMTW,CAT,PM10,0.00025472888296750284
2017,July,Tulare (SJV),LHD2,Gas,PMTW,CAT,PM2_5,6.368222074187571e-05
2017,July,Tulare (SJV),LHD2,Gas,PMTW,NCAT,PM,1.0537542976700832e-07
2017,July,Tulare (SJV),LHD2,Gas,PMTW,NCAT,PM10,1.0537542976700832e-07
2017,July,Tulare (SJV),LHD2,Gas,PMTW,NCAT,PM2_5,2.634385744175208e-08
2017,July,Tulare (SJV),LHD2,Gas,PMBW,CAT,PM,0.002897541043755349
2017,July,Tulare (SJV),LHD2,Gas,PMBW,CAT,PM10,0.002839590222880239
2017,July,Tulare (SJV),LHD2,Gas,PMBW,CAT,PM2_5,0.0012169672383772444
2017,July,Tulare (SJV),LHD2,Gas,PMBW,NCAT,PM,1.1986455135997195e-06
2017,July,Tulare (SJV),LHD2,Gas,PMBW,NCAT,PM10,1.1746726033277253e-06
2017,July,Tulare (SJV),LHD2,Gas,PMBW,NCAT,PM2_5,5.034311157118823e-07
2017,July,Tulare (SJV),T6TS,Gas,RUNEX,CAT,CO,0.12235587440732541
2017,July,Tulare (SJV),T6TS,Gas,RUNEX,CAT,NOx,0.022038356443832088
2017,July,Tulare (SJV),T6TS,Gas,RUNEX,CAT,SOx,0.0003080361512009285
2017,July,Tulare (SJV),T6TS,Gas,RUNEX,CAT,PM,4.397012755304823e-05
2017,July,Tulare (SJV),T6TS,Gas,RUNEX,CAT,TOG,0.007753836149759881
2017,July,Tulare (SJV),T6TS,Gas,RUNEX,CAT,PM10,3.93092940324251e-05
2017,July,Tulare (SJV),T6TS,Gas,RUNEX,CAT,PM2_5,3.61434448486057e-05
2017,July,Tulare (SJV),T6TS,Gas,RUNEX,NCAT,CO,0.05633516404317109
2017,July,Tulare (SJV),T6TS,Gas,RUNEX,NCAT,NOx,0.0014836941316610408
2017,July,Tulare (SJV),T6TS,Gas,RUNEX,NCAT,SOx,8.012011758632556e-06
2017,July,Tulare (SJV),T6TS,Gas,RUNEX,NCAT,PM,1.5731621183651147e-05
2017,July,Tulare (SJV),T6TS,Gas,RUNEX,NCAT,TOG,0.0024731276805284317
2017,July,Tulare (SJV),T6TS,Gas,RUNEX,NCAT,PM10,1.5118087957488755e-05
2017,July,Tulare (SJV),T6TS,Gas,RUNEX,NCAT,PM2_5,1.4425896625408107e-05
2017,July,Tulare (SJV),T6TS,Gas,IDLEX,CAT,CO,0.0039520853346470914
2017,July,Tulare (SJV),T6TS,Gas,IDLEX,CAT,NOx,3.500667432653522e-05
2017,July,Tulare (SJV),T6TS,Gas,IDLEX,CAT,SOx,2.283113154536415e-06
2017,July,Tulare (SJV),T6TS,Gas,IDLEX,CAT,TOG,0.0005151342929219811
2017,July,Tulare (SJV),T6TS,Gas,IDLEX,NCAT,CO,0.00036543945149057443
2017,July,Tulare (SJV),T6TS,Gas,IDLEX,NCAT,NOx,3.2464526389973738e-06
2017,July,Tulare (SJV),T6TS,Gas,IDLEX,NCAT,SOx,2.2954811656086452e-07
2017,July,Tulare (SJV),T6TS,Gas,IDLEX,NCAT,TOG,4.5968459944824825e-05
2017,July,Tulare (SJV),T6TS,Gas,STREX,CAT,CO,0.04908093487589497
2017,July,Tulare (SJV),T6TS,Gas,STREX,CAT,NOx,0.0029273996264817634
2017,July,Tulare (SJV),T6TS,Gas,STREX,CAT,SOx,3.339405028933486e-06
2017,July,Tulare (SJV),T6TS,Gas,STREX,CAT,PM,8.956518243089425e-06
2017,July,Tulare (SJV),T6TS,Gas,STREX,CAT,TOG,0.0023160395258972235
2017,July,Tulare (SJV),T6TS,Gas,STREX,CAT,PM10,8.007127309321933e-06
2017,July,Tulare (SJV),T6TS,Gas,STREX,CAT,PM2_5,7.362257995819497e-06
2017,July,Tulare (SJV),T6TS,Gas,STREX,NCAT,CO,0.00012262720835621465
2017,July,Tulare (SJV),T6TS,Gas,STREX,NCAT,NOx,0.00041864157213725167
2017,July,Tulare (SJV),T6TS,Gas,STREX,NCAT,SOx,1.0800115687077543e-06
2017,July,Tulare (SJV),T6TS,Gas,STREX,NCAT,PM,1.2001402654717676e-05
2017,July,Tulare (SJV),T6TS,Gas,STREX,NCAT,TOG,0.0024444701063848916
2017,July,Tulare (SJV),T6TS,Gas,STREX,NCAT,PM10,1.15333479511837e-05
2017,July,Tulare (SJV),T6TS,Gas,STREX,NCAT,PM2_5,1.1005286234376117e-05
2017,July,Tulare (SJV),T6TS,Gas,HOTSOAK,CAT,TOG,0.0017914909000083098
2017,July,Tulare (SJV),T6TS,Gas,HOTSOAK,NCAT,TOG,0.0016162089311484
2017,July,Tulare (SJV),T6TS,Gas,RUNLOSS,CAT,TOG,0.00818483933208274
2017,July,Tulare (SJV),T6TS,Gas,RUNLOSS,NCAT,TOG,0.0022625511822288247
2017,July,Tulare (SJV),T6TS,Gas,RESTLOSS,CAT,TOG,5.54848184914966e-05
2017,July,Tulare (SJV),T6TS,Gas,RESTLOSS,NCAT,TOG,2.3837572545787137e-05
2017,July,Tulare (SJV),T6TS,Gas,DIURN,CAT,TOG,0.00013222926464205394
2017,July,Tulare (SJV),T6TS,Gas,DIURN,NCAT,TOG,5.4658680875868555e-05
2017,July,Tulare (SJV),T6TS,Gas,PMTW,CAT,PM,0.00020035866008517864
2017,July,Tulare (SJV),T6TS,Gas,PMTW,CAT,PM10,0.00020035866008517864
2017,July,Tulare (SJV),T6TS,Gas,PMTW,CAT,PM2_5,5.008966502129466e-05
2017,July,Tulare (SJV),T6TS,Gas,PMTW,NCAT,PM,4.531130894459467e-06
2017,July,Tulare (SJV),T6TS,Gas,PMTW,NCAT,PM10,4.531130894459467e-06
2017,July,Tulare (SJV),T6TS,Gas,PMTW,NCAT,PM2_5,1.1327827236148668e-06
2017,July,Tulare (SJV),T6TS,Gas,PMBW,CAT,PM,0.0022206418159440608
2017,July,Tulare (SJV),T6TS,Gas,PMBW,CAT,PM10,0.0021762289796251823
2017,July,Tulare (SJV),T6TS,Gas,PMBW,CAT,PM2_5,0.0009326695626965064
2017,July,Tulare (SJV),T6TS,Gas,PMBW,NCAT,PM,5.022003408025911e-05
2017,July,Tulare (SJV),T6TS,Gas,PMBW,NCAT,PM10,4.9215633398653916e-05
2017,July,Tulare (SJV),T6TS,Gas,PMBW,NCAT,PM2_5,2.1092414313708833e-05
2017,July,Tulare (SJV),T7IS,Gas,RUNEX,CAT,CO,0.007554143964253025
2017,July,Tulare (SJV),T7IS,Gas,RUNEX,CAT,NOx,0.0008970319720705935
2017,July,Tulare (SJV),T7IS,Gas,RUNEX,CAT,SOx,8.722225841111863e-07
2017,July,Tulare (SJV),T7IS,Gas,RUNEX,CAT,PM,3.42450445803419e-07
2017,July,Tulare (SJV),T7IS,Gas,RUNEX,CAT,TOG,0.00023500221554680666
2017,July,Tulare (SJV),T7IS,Gas,RUNEX,CAT,PM10,3.061506985482562e-07
2017,July,Tulare (SJV),T7IS,Gas,RUNEX,CAT,PM2_5,2.8149426645040996e-07
2017,July,Tulare (SJV),T7IS,Gas,STREX,CAT,CO,1.0816716537319344e-05
2017,July,Tulare (SJV),T7IS,Gas,STREX,CAT,NOx,0.00014917560549429086
2017,July,Tulare (SJV),T7IS,Gas,STREX,CAT,SOx,1.303764838875906e-08
2017,July,Tulare (SJV),T7IS,Gas,STREX,CAT,PM,9.810381365199816e-08
2017,July,Tulare (SJV),T7IS,Gas,STREX,CAT,TOG,3.479499221279337e-08
2017,July,Tulare (SJV),T7IS,Gas,STREX,CAT,PM10,8.77048094048863e-08
2017,July,Tulare (SJV),T7IS,Gas,STREX,CAT,PM2_5,8.064133482194249e-08
2017,July,Tulare (SJV),T7IS,Gas,HOTSOAK,CAT,TOG,1.643477635361597e-05
2017,July,Tulare (SJV),T7IS,Gas,RUNLOSS,CAT,TOG,0.00011540226065239286
2017,July,Tulare (SJV),T7IS,Gas,RESTLOSS,CAT,TOG,6.021067304087198e-07
2017,July,Tulare (SJV),T7IS,Gas,DIURN,CAT,TOG,1.0909863447873985e-06
2017,July,Tulare (SJV),T7IS,Gas,PMTW,CAT,PM,7.147318792412288e-07
2017,July,Tulare (SJV),T7IS,Gas,PMTW,CAT,PM10,7.147318792412288e-07
2017,July,Tulare (SJV),T7IS,Gas,PMTW,CAT,PM2_5,1.786829698103072e-07
2017,July,Tulare (SJV),T7IS,Gas,PMBW,CAT,PM,2.2514054196098705e-06
2017,July,Tulare (SJV),T7IS,Gas,PMBW,CAT,PM10,2.206377311217673e-06
2017,July,Tulare (SJV),T7IS,Gas,PMBW,CAT,PM2_5,9.455902762361454e-07
2017,July,Tulare (SJV),LDT1,Dsl,RUNEX,DSL,CO,0.0008536413893911563
2017,July,Tulare (SJV),LDT1,Dsl,RUNEX,DSL,NOx,0.0005984294935045661
2017,July,Tulare (SJV),LDT1,Dsl,RUNEX,DSL,SOx,1.6944619373488748e-06
2017,July,Tulare (SJV),LDT1,Dsl,RUNEX,DSL,PM,9.3167001617403e-05
2017,July,Tulare (SJV),LDT1,Dsl,RUNEX,DSL,TOG,0.00014163182054838846
2017,July,Tulare (SJV),LDT1,Dsl,RUNEX,DSL,PM10,9.260799960769857e-05
2017,July,Tulare (SJV),LDT1,Dsl,RUNEX,DSL,PM2_5,8.860181853815033e-05
2017,July,Tulare (SJV),LDT1,Dsl,PMTW,DSL,PM,3.5070228428744947e-06
2017,July,Tulare (SJV),LDT1,Dsl,PMTW,DSL,PM10,3.5070228428744947e-06
2017,July,Tulare (SJV),LDT1,Dsl,PMTW,DSL,PM2_5,8.767557107186237e-07
2017,July,Tulare (SJV),LDT1,Dsl,PMBW,DSL,PM,1.6439169575974183e-05
2017,July,Tulare (SJV),LDT1,Dsl,PMBW,DSL,PM10,1.6110386184454722e-05
2017,July,Tulare (SJV),LDT1,Dsl,PMBW,DSL,PM2_5,6.904451221909166e-06
2017,July,Tulare (SJV),LDT2,Dsl,RUNEX,DSL,CO,0.0010439370948294331
2017,July,Tulare (SJV),LDT2,Dsl,RUNEX,DSL,NOx,0.000757541834104736
2017,July,Tulare (SJV),LDT2,Dsl,RUNEX,DSL,SOx,1.4135340587322904e-05
2017,July,Tulare (SJV),LDT2,Dsl,RUNEX,DSL,PM,0.00013965541047988666
2017,July,Tulare (SJV),LDT2,Dsl,RUNEX,DSL,TOG,0.0002291236470192641
2017,July,Tulare (SJV),LDT2,Dsl,RUNEX,DSL,PM10,0.00013881747801700747
2017,July,Tulare (SJV),LDT2,Dsl,RUNEX,DSL,PM2_5,0.00013281229536637215
2017,July,Tulare (SJV),LDT2,Dsl,PMTW,DSL,PM,3.748846730093985e-05
2017,July,Tulare (SJV),LDT2,Dsl,PMTW,DSL,PM10,3.748846730093985e-05
2017,July,Tulare (SJV),LDT2,Dsl,PMTW,DSL,PM2_5,9.372116825234963e-06
2017,July,Tulare (SJV),LDT2,Dsl,PMBW,DSL,PM,0.00017572719047315562
2017,July,Tulare (SJV),LDT2,Dsl,PMBW,DSL,PM10,0.00017221264666369247
2017,July,Tulare (SJV),LDT2,Dsl,PMBW,DSL,PM2_5,7.380541999872538e-05
2017,July,Tulare (SJV),MDV,Dsl,RUNEX,DSL,CO,0.007793595605180627
2017,July,Tulare (SJV),MDV,Dsl,RUNEX,DSL,NOx,0.004402412960201846
2017,July,Tulare (SJV),MDV,Dsl,RUNEX,DSL,SOx,0.00015698151450439524
2017,July,Tulare (SJV),MDV,Dsl,RUNEX,DSL,PM,0.00034427538445356784
2017,July,Tulare (SJV),MDV,Dsl,RUNEX,DSL,TOG,0.0006692593905364463
2017,July,Tulare (SJV),MDV,Dsl,RUNEX,DSL,PM10,0.0003422097321468464
2017,July,Tulare (SJV),MDV,Dsl,RUNEX,DSL,PM2_5,0.0003274058906153427
2017,July,Tulare (SJV),MDV,Dsl,PMTW,DSL,PM,0.00031954238687256623
2017,July,Tulare (SJV),MDV,Dsl,PMTW,DSL,PM10,0.00031954238687256623
2017,July,Tulare (SJV),MDV,Dsl,PMTW,DSL,PM2_5,7.988559671814156e-05
2017,July,Tulare (SJV),MDV,Dsl,PMBW,DSL,PM,0.0014978549384651542
2017,July,Tulare (SJV),MDV,Dsl,PMBW,DSL,PM10,0.0014678978396958514
2017,July,Tulare (SJV),MDV,Dsl,PMBW,DSL,PM2_5,0.0006290990741553643
2017,July,Tulare (SJV),LHD1,Dsl,RUNEX,DSL,CO,0.253644950991262
2017,July,Tulare (SJV),LHD1,Dsl,RUNEX,DSL,NOx,0.9650204256174261
2017,July,Tulare (SJV),LHD1,Dsl,RUNEX,DSL,SOx,0.0015105969526091683
2017,July,Tulare (SJV),LHD1,Dsl,RUNEX,DSL,PM,0.010554721663797086
2017,July,Tulare (SJV),LHD1,Dsl,RUNEX,DSL,TOG,0.06269836548190082
2017,July,Tulare (SJV),LHD1,Dsl,RUNEX,DSL,PM10,0.010491393333814299
2017,July,Tulare (SJV),LHD1,Dsl,RUNEX,DSL,PM2_5,0.010037540302271018
2017,July,Tulare (SJV),LHD1,Dsl,IDLEX,DSL,CO,0.006488912118643005
2017,July,Tulare (SJV),LHD1,Dsl,IDLEX,DSL,NOx,0.018302753799630016
2017,July,Tulare (SJV),LHD1,Dsl,IDLEX,DSL,SOx,9.578173626678466e-06
2017,July,Tulare (SJV),LHD1,Dsl,IDLEX,DSL,PM,0.0002056001307574141
2017,July,Tulare (SJV),LHD1,Dsl,IDLEX,DSL,TOG,0.0008912566488740369
2017,July,Tulare (SJV),LHD1,Dsl,IDLEX,DSL,PM10,0.00020436652997286961
2017,July,Tulare (SJV),LHD1,Dsl,IDLEX,DSL,PM2_5,0.0001955257243503006
2017,July,Tulare (SJV),LHD1,Dsl,PMTW,DSL,PM,0.0032416872664664653
2017,July,Tulare (SJV),LHD1,Dsl,PMTW,DSL,PM10,0.0032416872664664653
2017,July,Tulare (SJV),LHD1,Dsl,PMTW,DSL,PM2_5,0.0008104218166166163
2017,July,Tulare (SJV),LHD1,Dsl,PMBW,DSL,PM,0.02107096723203202
2017,July,Tulare (SJV),LHD1,Dsl,PMBW,DSL,PM10,0.020649547887391383
2017,July,Tulare (SJV),LHD1,Dsl,PMBW,DSL,PM2_5,0.008849806237453453
2017,July,Tulare (SJV),LHD2,Dsl,RUNEX,DSL,CO,0.06801868483556082
2017,July,Tulare (SJV),LHD2,Dsl,RUNEX,DSL,NOx,0.24024782059073546
2017,July,Tulare (SJV),LHD2,Dsl,RUNEX,DSL,SOx,0.0005017385663151689
2017,July,Tulare (SJV),LHD2,Dsl,RUNEX,DSL,PM,0.0027486077226103493
2017,July,Tulare (SJV),LHD2,Dsl,RUNEX,DSL,TOG,0.017218636395666415
2017,July,Tulare (SJV),LHD2,Dsl,RUNEX,DSL,PM10,0.0027321160762746864
2017,July,Tulare (SJV),LHD2,Dsl,RUNEX,DSL,PM2_5,0.0026139259442024445
2017,July,Tulare (SJV),LHD2,Dsl,IDLEX,DSL,CO,0.0018815655172659653
2017,July,Tulare (SJV),LHD2,Dsl,IDLEX,DSL,NOx,0.005306725396012113
2017,July,Tulare (SJV),LHD2,Dsl,IDLEX,DSL,SOx,4.446856759905335e-06
2017,July,Tulare (SJV),LHD2,Dsl,IDLEX,DSL,PM,5.7923338272040344e-05
2017,July,Tulare (SJV),LHD2,Dsl,IDLEX,DSL,TOG,0.0002584343487620083
2017,July,Tulare (SJV),LHD2,Dsl,IDLEX,DSL,PM10,5.757579824240811e-05
2017,July,Tulare (SJV),LHD2,Dsl,IDLEX,DSL,PM2_5,5.5085094696710365e-05
2017,July,Tulare (SJV),LHD2,Dsl,PMTW,DSL,PM,0.0009605004938394823
2017,July,Tulare (SJV),LHD2,Dsl,PMTW,DSL,PM10,0.0009605004938394823
2017,July,Tulare (SJV),LHD2,Dsl,PMTW,DSL,PM2_5,0.00024012512345987058
2017,July,Tulare (SJV),LHD2,Dsl,PMBW,DSL,PM,0.007283795411616077
2017,July,Tulare (SJV),LHD2,Dsl,PMBW,DSL,PM10,0.007138119503383757
2017,July,Tulare (SJV),LHD2,Dsl,PMBW,DSL,PM2_5,0.003059194072878752
2017,July,Tulare (SJV),LDT1,Elec,HOTSOAK,CAT,TOG,7.227167541491823e-08
2017,July,Tulare (SJV),LDT1,Elec,RESTLOSS,CAT,TOG,1.0350521600944213e-07
2017,July,Tulare (SJV),LDT1,Elec,DIURN,CAT,TOG,2.0043299215033186e-07
2017,July,Tulare (SJV),LDT1,Elec,PMTW,CAT,PM,8.15497176382918e-07
2017,July,Tulare (SJV),LDT1,Elec,PMTW,CAT,PM10,8.15497176382918e-07
2017,July,Tulare (SJV),LDT1,Elec,PMTW,CAT,PM2_5,2.038742940957295e-07
2017,July,Tulare (SJV),LDT1,Elec,PMBW,CAT,PM,3.8226430142949276e-06
2017,July,Tulare (SJV),LDT1,Elec,PMBW,CAT,PM10,3.74619015400903e-06
2017,July,Tulare (SJV),LDT1,Elec,PMBW,CAT,PM2_5,1.6055100660038695e-06
2017,July,Tulare (SJV),LDT2,Elec,HOTSOAK,CAT,TOG,1.331377275869538e-06
2017,July,Tulare (SJV),LDT2,Elec,RESTLOSS,CAT,TOG,1.7997195535278675e-06
2017,July,Tulare (SJV),LDT2,Elec,DIURN,CAT,TOG,3.4850724345345384e-06
2017,July,Tulare (SJV),LDT2,Elec,PMTW,CAT,PM,1.569983312602348e-05
2017,July,Tulare (SJV),LDT2,Elec,PMTW,CAT,PM10,1.569983312602348e-05
2017,July,Tulare (SJV),LDT2,Elec,PMTW,CAT,PM2_5,3.92495828150587e-06
2017,July,Tulare (SJV),LDT2,Elec,PMBW,CAT,PM,7.359296777823503e-05
2017,July,Tulare (SJV),LDT2,Elec,PMBW,CAT,PM10,7.212110842267032e-05
2017,July,Tulare (SJV),LDT2,Elec,PMBW,CAT,PM2_5,3.090904646685872e-05
2017,July,Tulare (SJV),MDV,Elec,HOTSOAK,CAT,TOG,4.669598156685791e-07
2017,July,Tulare (SJV),MDV,Elec,RESTLOSS,CAT,TOG,7.23703574536947e-07
2017,July,Tulare (SJV),MDV,Elec,DIURN,CAT,TOG,1.4014180006261582e-06
2017,July,Tulare (SJV),MDV,Elec,PMTW,CAT,PM,4.207027372021238e-06
2017,July,Tulare (SJV),MDV,Elec,PMTW,CAT,PM10,4.207027372021238e-06
2017,July,Tulare (SJV),MDV,Elec,PMTW,CAT,PM2_5,1.0517568430053095e-06
2017,July,Tulare (SJV),MDV,Elec,PMBW,CAT,PM,1.9720440806349543e-05
2017,July,Tulare (SJV),MDV,Elec,PMBW,CAT,PM10,1.9326031990222558e-05
2017,July,Tulare (SJV),MDV,Elec,PMBW,CAT,PM2_5,8.282585138666813e-06
2017,July,Tulare (SJV),SBUS,Gas,RUNEX,CAT,CO,0.02009607840574618
2017,July,Tulare (SJV),SBUS,Gas,RUNEX,CAT,NOx,0.0023928156664947023
2017,July,Tulare (SJV),SBUS,Gas,RUNEX,CAT,SOx,2.89781965619448e-05
2017,July,Tulare (SJV),SBUS,Gas,RUNEX,CAT,PM,9.193394876585587e-06
2017,July,Tulare (SJV),SBUS,Gas,RUNEX,CAT,TOG,0.0012213079975232632
2017,July,Tulare (SJV),SBUS,Gas,RUNEX,CAT,PM10,8.218895019667514e-06
2017,July,Tulare (SJV),SBUS,Gas,RUNEX,CAT,PM2_5,7.556970588553345e-06
2017,July,Tulare (SJV),SBUS,Gas,IDLEX,CAT,CO,0.004987709943818371
2017,July,Tulare (SJV),SBUS,Gas,IDLEX,CAT,NOx,5.6216457264794285e-05
2017,July,Tulare (SJV),SBUS,Gas,IDLEX,CAT,SOx,1.6621596501938398e-06
2017,July,Tulare (SJV),SBUS,Gas,IDLEX,CAT,TOG,0.0009357139407622397
2017,July,Tulare (SJV),SBUS,Gas,STREX,CAT,CO,0.00193270833533629
2017,July,Tulare (SJV),SBUS,Gas,STREX,CAT,NOx,0.00012254496471821453
2017,July,Tulare (SJV),SBUS,Gas,STREX,CAT,SOx,1.2117798335458757e-07
2017,July,Tulare (SJV),SBUS,Gas,STREX,CAT,PM,2.2678106176793395e-07
2017,July,Tulare (SJV),SBUS,Gas,STREX,CAT,TOG,0.00010544118717474248
2017,July,Tulare (SJV),SBUS,Gas,STREX,CAT,PM10,2.0274226922053284e-07
2017,July,Tulare (SJV),SBUS,Gas,STREX,CAT,PM2_5,1.8641403277324158e-07
2017,July,Tulare (SJV),SBUS,Gas,HOTSOAK,CAT,TOG,4.848909999993964e-05
2017,July,Tulare (SJV),SBUS,Gas,RUNLOSS,CAT,TOG,0.00041971180012369784
2017,July,Tulare (SJV),SBUS,Gas,RESTLOSS,CAT,TOG,4.672690237389193e-06
2017,July,Tulare (SJV),SBUS,Gas,DIURN,CAT,TOG,1.7233916484202916e-05
2017,July,Tulare (SJV),SBUS,Gas,PMTW,CAT,PM,2.5430839706183986e-05
2017,July,Tulare (SJV),SBUS,Gas,PMTW,CAT,PM10,2.5430839706183986e-05
2017,July,Tulare (SJV),SBUS,Gas,PMTW,CAT,PM2_5,6.3577099265459965e-06
2017,July,Tulare (SJV),SBUS,Gas,PMBW,CAT,PM,0.0024159297402989274
2017,July,Tulare (SJV),SBUS,Gas,PMBW,CAT,PM10,0.002367611145492951
2017,July,Tulare (SJV),SBUS,Gas,PMBW,CAT,PM2_5,0.00101469049092555
2017,July,Tulare (SJV),OBUS,Gas,RUNEX,CAT,CO,0.025410083919937865
2017,July,Tulare (SJV),OBUS,Gas,RUNEX,CAT,NOx,0.00639588687809022
2017,July,Tulare (SJV),OBUS,Gas,RUNEX,CAT,SOx,0.00012792222737171663
2017,July,Tulare (SJV),OBUS,Gas,RUNEX,CAT,PM,7.4004797822966185e-06
2017,July,Tulare (SJV),OBUS,Gas,RUNEX,CAT,TOG,0.0016027101960388451
2017,July,Tulare (SJV),OBUS,Gas,RUNEX,CAT,PM10,6.616028925373173e-06
2017,July,Tulare (SJV),OBUS,Gas,RUNEX,CAT,PM2_5,6.083194381047818e-06
2017,July,Tulare (SJV),OBUS,Gas,IDLEX,CAT,CO,0.0007823295693528598
2017,July,Tulare (SJV),OBUS,Gas,IDLEX,CAT,NOx,8.815045877406884e-06
2017,July,Tulare (SJV),OBUS,Gas,IDLEX,CAT,SOx,5.271778797739809e-07
2017,July,Tulare (SJV),OBUS,Gas,IDLEX,CAT,TOG,0.00014729242505550835
2017,July,Tulare (SJV),OBUS,Gas,STREX,CAT,CO,0.010207843368241133
2017,July,Tulare (SJV),OBUS,Gas,STREX,CAT,NOx,0.0009375560707951997
2017,July,Tulare (SJV),OBUS,Gas,STREX,CAT,SOx,7.548141100482908e-07
2017,July,Tulare (SJV),OBUS,Gas,STREX,CAT,PM,8.534545428369017e-07
2017,July,Tulare (SJV),OBUS,Gas,STREX,CAT,TOG,0.0005376094502931473
2017,July,Tulare (SJV),OBUS,Gas,STREX,CAT,PM10,7.6298836129619e-07
2017,July,Tulare (SJV),OBUS,Gas,STREX,CAT,PM2_5,7.015396342119322e-07
2017,July,Tulare (SJV),OBUS,Gas,HOTSOAK,CAT,TOG,0.00010923480002513131
2017,July,Tulare (SJV),OBUS,Gas,RUNLOSS,CAT,TOG,0.0010548554066224778
2017,July,Tulare (SJV),OBUS,Gas,RESTLOSS,CAT,TOG,7.2423961289609816e-06
2017,July,Tulare (SJV),OBUS,Gas,DIURN,CAT,TOG,2.2652555006728787e-05
2017,July,Tulare (SJV),OBUS,Gas,PMTW,CAT,PM,8.258126566994684e-05
2017,July,Tulare (SJV),OBUS,Gas,PMTW,CAT,PM10,8.258126566994684e-05
2017,July,Tulare (SJV),OBUS,Gas,PMTW,CAT,PM2_5,2.064531641748671e-05
2017,July,Tulare (SJV),OBUS,Gas,PMBW,CAT,PM,0.0009152756945085775
2017,July,Tulare (SJV),OBUS,Gas,PMBW,CAT,PM10,0.0008969701806184068
2017,July,Tulare (SJV),OBUS,Gas,PMBW,CAT,PM2_5,0.0003844157916936025
2017,July,Tulare (SJV),MCY,Gas,RUNEX,CAT,CO,0.3678647920488179
2017,July,Tulare (SJV),MCY,Gas,RUNEX,CAT,NOx,0.02500910382644773
2017,July,Tulare (SJV),MCY,Gas,RUNEX,CAT,SOx,5.664477514475111e-05
2017,July,Tulare (SJV),MCY,Gas,RUNEX,CAT,PM,3.5798877910325035e-05
2017,July,Tulare (SJV),MCY,Gas,RUNEX,CAT,TOG,0.0578535581017984
2017,July,Tulare (SJV),MCY,Gas,RUNEX,CAT,PM10,3.303805969028668e-05
2017,July,Tulare (SJV),MCY,Gas,RUNEX,CAT,PM2_5,3.0892602562486115e-05
2017,July,Tulare (SJV),MCY,Gas,RUNEX,NCAT,CO,1.1039199784058646
2017,July,Tulare (SJV),MCY,Gas,RUNEX,NCAT,NOx,0.03673465149524788
2017,July,Tulare (SJV),MCY,Gas,RUNEX,NCAT,SOx,6.798576520461877e-05
2017,July,Tulare (SJV),MCY,Gas,RUNEX,NCAT,PM,6.733807586904115e-05
2017,July,Tulare (SJV),MCY,Gas,RUNEX,NCAT,TOG,0.1051651855508731
2017,July,Tulare (SJV),MCY,Gas,RUNEX,NCAT,PM10,6.367802807169241e-05
2017,July,Tulare (SJV),MCY,Gas,RUNEX,NCAT,PM2_5,6.028309065171174e-05
2017,July,Tulare (SJV),MCY,Gas,STREX,CAT,CO,0.029788355054060137
2017,July,Tulare (SJV),MCY,Gas,STREX,CAT,NOx,0.001252525187855484
2017,July,Tulare (SJV),MCY,Gas,STREX,CAT,SOx,2.950626686757094e-06
2017,July,Tulare (SJV),MCY,Gas,STREX,CAT,PM,9.976033392879742e-06
2017,July,Tulare (SJV),MCY,Gas,STREX,CAT,TOG,0.007946576752411581
2017,July,Tulare (SJV),MCY,Gas,STREX,CAT,PM10,9.253778357190297e-06
2017,July,Tulare (SJV),MCY,Gas,STREX,CAT,PM2_5,8.675589417242703e-06
2017,July,Tulare (SJV),MCY,Gas,STREX,NCAT,CO,0.09364132490411042
2017,July,Tulare (SJV),MCY,Gas,STREX,NCAT,NOx,0.002522907871548778
2017,July,Tulare (SJV),MCY,Gas,STREX,NCAT,SOx,6.482718145225414e-06
2017,July,Tulare (SJV),MCY,Gas,STREX,NCAT,PM,5.140980467334943e-05
2017,July,Tulare (SJV),MCY,Gas,STREX,NCAT,TOG,0.020626244274011593
2017,July,Tulare (SJV),MCY,Gas,STREX,NCAT,PM10,4.9069617787133036e-05
2017,July,Tulare (SJV),MCY,Gas,STREX,NCAT,PM2_5,4.6667500917165845e-05
2017,July,Tulare (SJV),MCY,Gas,HOTSOAK,CAT,TOG,0.0036159218813283356
2017,July,Tulare (SJV),MCY,Gas,HOTSOAK,NCAT,TOG,0.017422070984740665
2017,July,Tulare (SJV),MCY,Gas,RUNLOSS,CAT,TOG,0.005269921030485643
2017,July,Tulare (SJV),MCY,Gas,RUNLOSS,NCAT,TOG,0.03556953461263094
2017,July,Tulare (SJV),MCY,Gas,RESTLOSS,CAT,TOG,0.007227938998337169
2017,July,Tulare (SJV),MCY,Gas,RESTLOSS,NCAT,TOG,0.02498097070482327
2017,July,Tulare (SJV),MCY,Gas,DIURN,CAT,TOG,0.011445832669594255
2017,July,Tulare (SJV),MCY,Gas,DIURN,NCAT,TOG,0.0406294005214306
2017,July,Tulare (SJV),MCY,Gas,PMTW,CAT,PM,0.00010904769593150119
2017,July,Tulare (SJV),MCY,Gas,PMTW,CAT,PM10,0.00010904769593150119
2017,July,Tulare (SJV),MCY,Gas,PMTW,CAT,PM2_5,2.7261923982875297e-05
2017,July,Tulare (SJV),MCY,Gas,PMTW,NCAT,PM,0.00012650758161471216
2017,July,Tulare (SJV),MCY,Gas,PMTW,NCAT,PM10,0.00012650758161471216
2017,July,Tulare (SJV),MCY,Gas,PMTW,NCAT,PM2_5,3.162689540367804e-05
2017,July,Tulare (SJV),MCY,Gas,PMBW,CAT,PM,0.0003271430877945035
2017,July,Tulare (SJV),MCY,Gas,PMBW,CAT,PM10,0.0003206002260386135
2017,July,Tulare (SJV),MCY,Gas,PMBW,CAT,PM2_5,0.00013740009687369147
2017,July,Tulare (SJV),MCY,Gas,PMBW,NCAT,PM,0.0003795227448441365
2017,July,Tulare (SJV),MCY,Gas,PMBW,NCAT,PM10,0.00037193228994725414
2017,July,Tulare (SJV),MCY,Gas,PMBW,NCAT,PM2_5,0.00015939955283453738
2017,July,Tulare (SJV),MH,Gas,RUNEX,CAT,CO,0.036873982735301264
2017,July,Tulare (SJV),MH,Gas,RUNEX,CAT,NOx,0.006254397666044667
2017,July,Tulare (SJV),MH,Gas,RUNEX,CAT,SOx,0.00016208533080021024
2017,July,Tulare (SJV),MH,Gas,RUNEX,CAT,PM,2.3342830028023548e-05
2017,July,Tulare (SJV),MH,Gas,RUNEX,CAT,TOG,0.0019213364181789251
2017,July,Tulare (SJV),MH,Gas,RUNEX,CAT,PM10,2.086849004505305e-05
2017,July,Tulare (SJV),MH,Gas,RUNEX,CAT,PM2_5,1.9187806283035327e-05
2017,July,Tulare (SJV),MH,Gas,RUNEX,NCAT,CO,0.0045413584818795715
2017,July,Tulare (SJV),MH,Gas,RUNEX,NCAT,NOx,0.00011260111789952051
2017,July,Tulare (SJV),MH,Gas,RUNEX,NCAT,SOx,6.501846413696266e-07
2017,July,Tulare (SJV),MH,Gas,RUNEX,NCAT,PM,1.2780245181278544e-06
2017,July,Tulare (SJV),MH,Gas,RUNEX,NCAT,TOG,0.00019577872393139535
2017,July,Tulare (SJV),MH,Gas,RUNEX,NCAT,PM10,1.2281815619208672e-06
2017,July,Tulare (SJV),MH,Gas,RUNEX,NCAT,PM2_5,1.1719484831232428e-06
2017,July,Tulare (SJV),MH,Gas,STREX,CAT,CO,0.00034175032590116373
2017,July,Tulare (SJV),MH,Gas,STREX,CAT,NOx,2.9908091003899897e-05
2017,July,Tulare (SJV),MH,Gas,STREX,CAT,SOx,2.7480767451855286e-08
2017,July,Tulare (SJV),MH,Gas,STREX,CAT,PM,5.553185100519587e-08
2017,July,Tulare (SJV),MH,Gas,STREX,CAT,TOG,1.744056722128219e-05
2017,July,Tulare (SJV),MH,Gas,STREX,CAT,PM10,4.964547479864509e-08
2017,July,Tulare (SJV),MH,Gas,STREX,CAT,PM2_5,4.564718152627094e-08
2017,July,Tulare (SJV),MH,Gas,STREX,NCAT,CO,9.709737599444439e-08
2017,July,Tulare (SJV),MH,Gas,STREX,NCAT,NOx,3.273923645122125e-07
2017,July,Tulare (SJV),MH,Gas,STREX,NCAT,SOx,8.117604618690482e-10
2017,July,Tulare (SJV),MH,Gas,STREX,NCAT,PM,9.709804258810083e-09
2017,July,Tulare (SJV),MH,Gas,STREX,NCAT,TOG,1.8908036967962766e-06
2017,July,Tulare (SJV),MH,Gas,STREX,NCAT,PM10,9.331121892716488e-09
2017,July,Tulare (SJV),MH,Gas,STREX,NCAT,PM2_5,8.903890505328843e-09
2017,July,Tulare (SJV),MH,Gas,HOTSOAK,CAT,TOG,1.58459004200695e-05
2017,July,Tulare (SJV),MH,Gas,HOTSOAK,NCAT,TOG,4.384113464773563e-07
2017,July,Tulare (SJV),MH,Gas,RUNLOSS,CAT,TOG,0.00030686128931127314
2017,July,Tulare (SJV),MH,Gas,RUNLOSS,NCAT,TOG,2.1941088230114017e-06
2017,July,Tulare (SJV),MH,Gas,RESTLOSS,CAT,TOG,0.00013303218987865807
2017,July,Tulare (SJV),MH,Gas,RESTLOSS,NCAT,TOG,3.5199158447039312e-06
2017,July,Tulare (SJV),MH,Gas,DIURN,CAT,TOG,0.0004999920161311611
2017,July,Tulare (SJV),MH,Gas,DIURN,NCAT,TOG,1.204724386754235e-05
2017,July,Tulare (SJV),MH,Gas,PMTW,CAT,PM,0.0001048211505463961
2017,July,Tulare (SJV),MH,Gas,PMTW,CAT,PM10,0.0001048211505463961
2017,July,Tulare (SJV),MH,Gas,PMTW,CAT,PM2_5,2.6205287636599025e-05
2017,July,Tulare (SJV),MH,Gas,PMTW,NCAT,PM,3.6810550612443526e-07
2017,July,Tulare (SJV),MH,Gas,PMTW,NCAT,PM10,3.6810550612443526e-07
2017,July,Tulare (SJV),MH,Gas,PMTW,NCAT,PM2_5,9.202637653110882e-08
2017,July,Tulare (SJV),MH,Gas,PMBW,CAT,PM,0.0011617677518892266
2017,July,Tulare (SJV),MH,Gas,PMBW,CAT,PM10,0.0011385323968514422
2017,July,Tulare (SJV),MH,Gas,PMBW,CAT,PM2_5,0.0004879424557934744
2017,July,Tulare (SJV),MH,Gas,PMBW,NCAT,PM,4.079836026212491e-06
2017,July,Tulare (SJV),MH,Gas,PMBW,NCAT,PM10,3.99823930568824e-06
2017,July,Tulare (SJV),MH,Gas,PMBW,NCAT,PM2_5,1.7135311310092455e-06
2017,July,Tulare (SJV),MH,Dsl,RUNEX,DSL,CO,0.0024505808970751203
2017,July,Tulare (SJV),MH,Dsl,RUNEX,DSL,NOx,0.025948432688386237
2017,July,Tulare (SJV),MH,Dsl,RUNEX,DSL,SOx,4.401966426941377e-05
2017,July,Tulare (SJV),MH,Dsl,RUNEX,DSL,PM,0.0007188775222246365
2017,July,Tulare (SJV),MH,Dsl,RUNEX,DSL,TOG,0.0007318617674613928
2017,July,Tulare (SJV),MH,Dsl,RUNEX,DSL,PM10,0.0007145642570912899
2017,July,Tulare (SJV),MH,Dsl,RUNEX,DSL,PM2_5,0.0006836525236356297
2017,July,Tulare (SJV),MH,Dsl,PMTW,DSL,PM,6.926469744354524e-05
2017,July,Tulare (SJV),MH,Dsl,PMTW,DSL,PM10,6.926469744354524e-05
2017,July,Tulare (SJV),MH,Dsl,PMTW,DSL,PM2_5,1.731617436088631e-05
2017,July,Tulare (SJV),MH,Dsl,PMBW,DSL,PM,0.0005757627974994695
2017,July,Tulare (SJV),MH,Dsl,PMBW,DSL,PM10,0.0005642475415494805
2017,July,Tulare (SJV),MH,Dsl,PMBW,DSL,PM2_5,0.00024182037494977702
2017,July,Tulare (SJV),UBUS,Gas,RUNEX,CAT,CO,0.0024604139270780257
2017,July,Tulare (SJV),UBUS,Gas,RUNEX,CAT,NOx,0.0016852994519130136
2017,July,Tulare (SJV),UBUS,Gas,RUNEX,CAT,SOx,0.00014262712006756634
2017,July,Tulare (SJV),UBUS,Gas,RUNEX,CAT,PM,5.247544736926168e-06
2017,July,Tulare (SJV),UBUS,Gas,RUNEX,CAT,TOG,0.0002158866763114838
2017,July,Tulare (SJV),UBUS,Gas,RUNEX,CAT,PM10,4.691304994811999e-06
2017,July,Tulare (SJV),UBUS,Gas,RUNEX,CAT,PM2_5,4.3134817737533114e-06
2017,July,Tulare (SJV),UBUS,Gas,STREX,CAT,CO,0.0018804184744653715
2017,July,Tulare (SJV),UBUS,Gas,STREX,CAT,NOx,0.000242715128278375
2017,July,Tulare (SJV),UBUS,Gas,STREX,CAT,SOx,2.654029971525427e-07
2017,July,Tulare (SJV),UBUS,Gas,STREX,CAT,PM,7.280427933178073e-08
2017,July,Tulare (SJV),UBUS,Gas,STREX,CAT,TOG,0.00014214234521291405
2017,July,Tulare (SJV),UBUS,Gas,STREX,CAT,PM10,6.508702572261196e-08
2017,July,Tulare (SJV),UBUS,Gas,STREX,CAT,PM2_5,5.98451176107238e-08
2017,July,Tulare (SJV),UBUS,Gas,HOTSOAK,CAT,TOG,1.7020516404991468e-05
2017,July,Tulare (SJV),UBUS,Gas,RUNLOSS,CAT,TOG,7.216967186495693e-05
2017,July,Tulare (SJV),UBUS,Gas,RESTLOSS,CAT,TOG,1.622789454905607e-06
2017,July,Tulare (SJV),UBUS,Gas,DIURN,CAT,TOG,3.2607958223672583e-06
2017,July,Tulare (SJV),UBUS,Gas,PMTW,CAT,PM,7.633098325427436e-05
2017,July,Tulare (SJV),UBUS,Gas,PMTW,CAT,PM10,7.633098325427436e-05
2017,July,Tulare (SJV),UBUS,Gas,PMTW,CAT,PM2_5,1.908274581356859e-05
2017,July,Tulare (SJV),UBUS,Gas,PMBW,CAT,PM,0.0008492177542111746
2017,July,Tulare (SJV),UBUS,Gas,PMBW,CAT,PM10,0.0008322333991269507
2017,July,Tulare (SJV),UBUS,Gas,PMBW,CAT,PM2_5,0.0003566714567686931
2017,July,Tulare (SJV),UBUS,Dsl,RUNEX,DSL,CO,0.0006997005665721835
2017,July,Tulare (SJV),UBUS,Dsl,RUNEX,DSL,NOx,0.007998197227742932
2017,July,Tulare (SJV),UBUS,Dsl,RUNEX,DSL,SOx,2.025208731166084e-05
2017,July,Tulare (SJV),UBUS,Dsl,RUNEX,DSL,PM,1.3403077711451717e-05
2017,July,Tulare (SJV),UBUS,Dsl,RUNEX,DSL,TOG,0.00018209362407878445
2017,July,Tulare (SJV),UBUS,Dsl,RUNEX,DSL,PM10,1.3322659245183016e-05
2017,July,Tulare (SJV),UBUS,Dsl,RUNEX,DSL,PM2_5,1.2746326903590596e-05
2017,July,Tulare (SJV),UBUS,Dsl,PMTW,DSL,PM,2.4800330012557523e-05
2017,July,Tulare (SJV),UBUS,Dsl,PMTW,DSL,PM10,2.4800330012557523e-05
2017,July,Tulare (SJV),UBUS,Dsl,PMTW,DSL,PM2_5,6.200082503139381e-06
2017,July,Tulare (SJV),UBUS,Dsl,PMBW,DSL,PM,0.00018692685251891066
2017,July,Tulare (SJV),UBUS,Dsl,PMBW,DSL,PM10,0.00018318831546853225
2017,July,Tulare (SJV),UBUS,Dsl,PMBW,DSL,PM2_5,7.85092780579425e-05
2017,July,Tulare (SJV),UBUS,Elec,PMTW,CAT,PM,5.6035428096489615e-08
2017,July,Tulare (SJV),UBUS,Elec,PMTW,CAT,PM10,5.6035428096489615e-08
2017,July,Tulare (SJV),UBUS,Elec,PMTW,CAT,PM2_5,1.4008857024122404e-08
2017,July,Tulare (SJV),UBUS,Elec,PMBW,CAT,PM,6.210593280694266e-07
2017,July,Tulare (SJV),UBUS,Elec,PMBW,CAT,PM10,6.086381415080381e-07
2017,July,Tulare (SJV),UBUS,Elec,PMBW,CAT,PM2_5,2.6084491778915926e-07
2017,July,Tulare (SJV),UBUS,NG,RUNEX,DSL,CO,0.16944251475108732
2017,July,Tulare (SJV),UBUS,NG,RUNEX,DSL,NOx,0.02249169492941448
2017,July,Tulare (SJV),UBUS,NG,RUNEX,DSL,PM,4.804697932354967e-05
2017,July,Tulare (SJV),UBUS,NG,RUNEX,DSL,TOG,0.0421940476674619
2017,July,Tulare (SJV),UBUS,NG,RUNEX,DSL,PM10,4.775869744760832e-05
2017,July,Tulare (SJV),UBUS,NG,RUNEX,DSL,PM2_5,4.569267733669571e-05
2017,July,Tulare (SJV),UBUS,NG,PMTW,DSL,PM,0.00012825345402999366
2017,July,Tulare (SJV),UBUS,NG,PMTW,DSL,PM10,0.00012825345402999366
2017,July,Tulare (SJV),UBUS,NG,PMTW,DSL,PM2_5,3.2063363507498416e-05
2017,July,Tulare (SJV),UBUS,NG,PMBW,DSL,PM,0.0011971839748651258
2017,July,Tulare (SJV),UBUS,NG,PMBW,DSL,PM10,0.0011732402953678225
2017,July,Tulare (SJV),UBUS,NG,PMBW,DSL,PM2_5,0.0005028172694433531
2017,July,Tulare (SJV),SBUS,Dsl,RUNEX,DSL,CO,0.005017159191959639
2017,July,Tulare (SJV),SBUS,Dsl,RUNEX,DSL,NOx,0.12398105530061643
2017,July,Tulare (SJV),SBUS,Dsl,RUNEX,DSL,PM,0.0009705411494622759
2017,July,Tulare (SJV),SBUS,Dsl,RUNEX,DSL,PM10,0.0009647179025655024
2017,July,Tulare (SJV),SBUS,Dsl,RUNEX,DSL,PM2_5,0.0009229846331386251
2017,July,Tulare (SJV),SBUS,Dsl,IDLEX,DSL,CO,0.00224146049444551
2017,July,Tulare (SJV),SBUS,Dsl,IDLEX,DSL,NOx,0.02270816096505867
2017,July,Tulare (SJV),SBUS,Dsl,IDLEX,DSL,PM,3.8865154061287654e-05
2017,July,Tulare (SJV),SBUS,Dsl,IDLEX,DSL,PM10,3.863196313691994e-05
2017,July,Tulare (SJV),SBUS,Dsl,IDLEX,DSL,PM2_5,3.696076151228455e-05
2017,July,Tulare (SJV),SBUS,Dsl,STREX,DSL,NOx,0.003119148037048032
2017,July,Tulare (SJV),SBUS,Dsl,PMTW,DSL,PM,0.00018010525484834426
2017,July,Tulare (SJV),SBUS,Dsl,PMTW,DSL,PM10,0.00018010525484834426
2017,July,Tulare (SJV),SBUS,Dsl,PMTW,DSL,PM2_5,4.5026313712086065e-05
2017,July,Tulare (SJV),SBUS,Dsl,PMBW,DSL,PM,0.011406666140395143
2017,July,Tulare (SJV),SBUS,Dsl,PMBW,DSL,PM10,0.01117853281758724
2017,July,Tulare (SJV),SBUS,Dsl,PMBW,DSL,PM2_5,0.0047907997789659595
2017,July,Tulare (SJV),SBUS,Dsl,RUNEX,DSL,SOx,0.00016917402972183035
2017,July,Tulare (SJV),SBUS,Dsl,IDLEX,DSL,SOx,1.709139536451586e-05
2017,July,Tulare (SJV),SBUS,Dsl,RUNEX,DSL,TOG,0.0022951592203333177
2017,July,Tulare (SJV),SBUS,Dsl,IDLEX,DSL,TOG,0.00019734426636778787
2017,     ,Tulare (SJV),LDA,Dsl,RUNEX,DSL,NH3,8.68896e-05
2017,     ,Tulare (SJV),LDA,Gas,RUNEX,CAT,NH3,0.160921597
2017,     ,Tulare (SJV),LDT1,Dsl,RUNEX,DSL,NH3,1.35775e-06
2017,     ,Tulare (SJV),LDT1,Gas,RUNEX,CAT,NH3,0.022255517
2017,     ,Tulare (SJV),LDT2,Dsl,RUNEX,DSL,NH3,1.45137e-05
2017,     ,Tulare (SJV),LDT2,Gas,RUNEX,CAT,NH3,0.061224822
2017,     ,Tulare (SJV),LHD1,Dsl,RUNEX,DSL,NH3,0.026414602
2017,     ,Tulare (SJV),LHD1,Gas,RUNEX,CAT,NH3,0.008747373
2017,     ,Tulare (SJV),LHD2,Dsl,RUNEX,DSL,NH3,0.009343565
2017,     ,Tulare (SJV),LHD2,Gas,RUNEX,CAT,NH3,0.001430339
2017,     ,Tulare (SJV),MCY,Gas,RUNEX,CAT,NH3,0.00092456
2017,     ,Tulare (SJV),MDV,Dsl,RUNEX,DSL,NH3,0.000123711
2017,     ,Tulare (SJV),MDV,Gas,RUNEX,CAT,NH3,0.076742142
2017,     ,Tulare (SJV),MH,Dsl,RUNEX,DSL,NH3,0.000116939
2017,     ,Tulare (SJV),MH,Gas,RUNEX,CAT,NH3,0.000386047
2017,     ,Tulare (SJV),OBUS,Gas,RUNEX,CAT,NH3,0.000309108
2017,     ,Tulare (SJV),SBUS,Gas,RUNEX,CAT,NH3,0.000143117
2017,     ,Tulare (SJV),T6TS,Gas,RUNEX,CAT,NH3,0.000739826
2017,     ,Tulare (SJV),T7IS,Gas,RUNEX,CAT,NH3,1.23861e-06
2017,     ,Tulare (SJV),UBUS,Dsl,RUNEX,DSL,NH3,9.43627e-05
2017,     ,Tulare (SJV),UBUS,Gas,RUNEX,CAT,NH3,0.000293436
2017,     ,Tulare (SJV),UBUS,NG,RUNEX,DSL,NH3,0.000254874
