calendar_year,season_month,sub_area,vehicle_class,fuel,process,cat_ncat,pollutant,emission
2017,July,Ventura (SCC),LDA,Gas,RUNEX,CAT,CO,12.752175066229889
2017,July,Ventura (SCC),LDA,Gas,RUNEX,CAT,NOx,0.8321570477723454
2017,July,Ventura (SCC),LDA,Gas,RUNEX,CAT,SOx,0.03654245090838249
2017,July,Ventura (SCC),LDA,Gas,RUNEX,CAT,PM,0.020976396793368594
2017,July,Ventura (SCC),LDA,Gas,RUNEX,CAT,TOG,0.39388057187046943
2017,July,Ventura (SCC),LDA,Gas,RUNEX,CAT,PM10,0.0187543307208098
2017,July,Ventura (SCC),LDA,Gas,RUNEX,CAT,PM2_5,0.017244628594240564
2017,July,Ventura (SCC),LDA,Gas,RUNEX,NCAT,CO,0.20608614935240005
2017,July,Ventura (SCC),LDA,Gas,RUNEX,NCAT,NOx,0.016442957640181492
2017,July,Ventura (SCC),LDA,Gas,RUNEX,NCAT,SOx,1.9444029608087956e-05
2017,July,Ventura (SCC),LDA,Gas,RUNEX,NCAT,PM,0.00019835714069103423
2017,July,Ventura (SCC),LDA,Gas,RUNEX,NCAT,TOG,0.01933491460590628
2017,July,Ventura (SCC),LDA,Gas,RUNEX,NCAT,PM10,0.00018918922466581303
2017,July,Ventura (SCC),LDA,Gas,RUNEX,NCAT,PM2_5,0.00017986306792210004
2017,July,Ventura (SCC),LDA,Gas,STREX,CAT,CO,3.235707560176855
2017,July,Ventura (SCC),LDA,Gas,STREX,CAT,NOx,0.37730160979530813
2017,July,Ventura (SCC),LDA,Gas,STREX,CAT,SOx,0.0008813645600892994
2017,July,Ventura (SCC),LDA,Gas,STREX,CAT,PM,0.003419092685915663
2017,July,Ventura (SCC),LDA,Gas,STREX,CAT,TOG,0.5716939950035758
2017,July,Ventura (SCC),LDA,Gas,STREX,CAT,PM10,0.0030574673630311207
2017,July,Ventura (SCC),LDA,Gas,STREX,CAT,PM2_5,0.002811626391899384
2017,July,Ventura (SCC),LDA,Gas,STREX,NCAT,CO,0.04964978894156846
2017,July,Ventura (SCC),LDA,Gas,STREX,NCAT,NOx,0.002970911149759939
2017,July,Ventura (SCC),LDA,Gas,STREX,NCAT,SOx,4.561375688130705e-06
2017,July,Ventura (SCC),LDA,Gas,STREX,NCAT,PM,0.00012301185630565544
2017,July,Ventura (SCC),LDA,Gas,STREX,NCAT,TOG,0.008137272790550012
2017,July,Ventura (SCC),LDA,Gas,STREX,NCAT,PM10,0.00011741589208721492
2017,July,Ventura (SCC),LDA,Gas,STREX,NCAT,PM2_5,0.00011166966815557861
2017,July,Ventura (SCC),LDA,Gas,HOTSOAK,CAT,TOG,0.21695482528029608
2017,July,Ventura (SCC),LDA,Gas,HOTSOAK,NCAT,TOG,0.006797809913008162
2017,July,Ventura (SCC),LDA,Gas,RUNLOSS,CAT,TOG,0.3817723387433605
2017,July,Ventura (SCC),LDA,Gas,RUNLOSS,NCAT,TOG,0.02898009277169952
2017,July,Ventura (SCC),LDA,Gas,RESTLOSS,CAT,TOG,0.10486522503566495
2017,July,Ventura (SCC),LDA,Gas,RESTLOSS,NCAT,TOG,0.004333375549689676
2017,July,Ventura (SCC),LDA,Gas,DIURN,CAT,TOG,0.2159945163088595
2017,July,Ventura (SCC),LDA,Gas,DIURN,NCAT,TOG,0.008819820725648238
2017,July,Ventura (SCC),LDA,Gas,PMTW,CAT,PM,0.09720553941410547
2017,July,Ventura (SCC),LDA,Gas,PMTW,CAT,PM10,0.09720553941410547
2017,July,Ventura (SCC),LDA,Gas,PMTW,CAT,PM2_5,0.024301384853526366
2017,July,Ventura (SCC),LDA,Gas,PMTW,NCAT,PM,2.565058537718746e-05
2017,July,Ventura (SCC),LDA,Gas,PMTW,NCAT,PM10,2.565058537718746e-05
2017,July,Ventura (SCC),LDA,Gas,PMTW,NCAT,PM2_5,6.412646344296865e-06
2017,July,Ventura (SCC),LDA,Gas,PMBW,CAT,PM,0.4556509660036192
2017,July,Ventura (SCC),LDA,Gas,PMBW,CAT,PM10,0.4465379466835468
2017,July,Ventura (SCC),LDA,Gas,PMBW,CAT,PM2_5,0.19137340572152
2017,July,Ventura (SCC),LDA,Gas,PMBW,NCAT,PM,0.00012023711895556626
2017,July,Ventura (SCC),LDA,Gas,PMBW,NCAT,PM10,0.00011783237657645483
2017,July,Ventura (SCC),LDA,Gas,PMBW,NCAT,PM2_5,5.04995899613378e-05
2017,July,Ventura (SCC),LDA,Dsl,RUNEX,DSL,CO,0.03742496142376995
2017,July,Ventura (SCC),LDA,Dsl,RUNEX,DSL,NOx,0.022334849870903516
2017,July,Ventura (SCC),LDA,Dsl,RUNEX,DSL,SOx,0.00028695900275293665
2017,July,Ventura (SCC),LDA,Dsl,RUNEX,DSL,PM,0.001939883163437099
2017,July,Ventura (SCC),LDA,Dsl,RUNEX,DSL,TOG,0.0036949572566989117
2017,July,Ventura (SCC),LDA,Dsl,RUNEX,DSL,PM10,0.0019282438644564776
2017,July,Ventura (SCC),LDA,Dsl,RUNEX,DSL,PM2_5,0.0018448288884286793
2017,July,Ventura (SCC),LDA,Dsl,PMTW,DSL,PM,0.0010275942334017814
2017,July,Ventura (SCC),LDA,Dsl,PMTW,DSL,PM10,0.0010275942334017814
2017,July,Ventura (SCC),LDA,Dsl,PMTW,DSL,PM2_5,0.00025689855835044534
2017,July,Ventura (SCC),LDA,Dsl,PMBW,DSL,PM,0.004816847969070853
2017,July,Ventura (SCC),LDA,Dsl,PMBW,DSL,PM10,0.004720511009689434
2017,July,Ventura (SCC),LDA,Dsl,PMBW,DSL,PM2_5,0.0020230761470097576
2017,July,Ventura (SCC),LDA,Elec,HOTSOAK,CAT,TOG,5.638783497082879e-05
2017,July,Ventura (SCC),LDA,Elec,RESTLOSS,CAT,TOG,2.0743959203777477e-05
2017,July,Ventura (SCC),LDA,Elec,DIURN,CAT,TOG,9.979481852303302e-05
2017,July,Ventura (SCC),LDA,Elec,PMTW,CAT,PM,0.000693539309920119
2017,July,Ventura (SCC),LDA,Elec,PMTW,CAT,PM10,0.000693539309920119
2017,July,Ventura (SCC),LDA,Elec,PMTW,CAT,PM2_5,0.00017338482748002976
2017,July,Ventura (SCC),LDA,Elec,PMBW,CAT,PM,0.00325096551525056
2017,July,Ventura (SCC),LDA,Elec,PMBW,CAT,PM10,0.003185946204945548
2017,July,Ventura (SCC),LDA,Elec,PMBW,CAT,PM2_5,0.001365405516405235
2017,July,Ventura (SCC),LDT1,Gas,RUNEX,CAT,CO,3.0223629804743455
2017,July,Ventura (SCC),LDT1,Gas,RUNEX,CAT,NOx,0.2595524770154971
2017,July,Ventura (SCC),LDT1,Gas,RUNEX,CAT,SOx,0.004517557804116434
2017,July,Ventura (SCC),LDT1,Gas,RUNEX,CAT,PM,0.0042429481743655115
2017,July,Ventura (SCC),LDT1,Gas,RUNEX,CAT,TOG,0.11128602076154132
2017,July,Ventura (SCC),LDT1,Gas,RUNEX,CAT,PM10,0.0037942581370897315
2017,July,Ventura (SCC),LDT1,Gas,RUNEX,CAT,PM2_5,0.0034892098855174363
2017,July,Ventura (SCC),LDT1,Gas,RUNEX,NCAT,CO,0.12345899681322232
2017,July,Ventura (SCC),LDT1,Gas,RUNEX,NCAT,NOx,0.00956982189362742
2017,July,Ventura (SCC),LDT1,Gas,RUNEX,NCAT,SOx,1.1450079319573427e-05
2017,July,Ventura (SCC),LDT1,Gas,RUNEX,NCAT,PM,0.00011784091647781703
2017,July,Ventura (SCC),LDT1,Gas,RUNEX,NCAT,TOG,0.011265150222270016
2017,July,Ventura (SCC),LDT1,Gas,RUNEX,NCAT,PM10,0.00011218265152821699
2017,July,Ventura (SCC),LDT1,Gas,RUNEX,NCAT,PM2_5,0.00010655363422117775
2017,July,Ventura (SCC),LDT1,Gas,STREX,CAT,CO,0.4048216921130344
2017,July,Ventura (SCC),LDT1,Gas,STREX,CAT,NOx,0.06586884289910734
2017,July,Ventura (SCC),LDT1,Gas,STREX,CAT,SOx,0.00011652146641345769
2017,July,Ventura (SCC),LDT1,Gas,STREX,CAT,PM,0.0006590650623946089
2017,July,Ventura (SCC),LDT1,Gas,STREX,CAT,TOG,0.1098318395733098
2017,July,Ventura (SCC),LDT1,Gas,STREX,CAT,PM10,0.0005894345297924095
2017,July,Ventura (SCC),LDT1,Gas,STREX,CAT,PM2_5,0.0005420781168272456
2017,July,Ventura (SCC),LDT1,Gas,STREX,NCAT,CO,0.010801961530097132
2017,July,Ventura (SCC),LDT1,Gas,STREX,NCAT,NOx,0.0005707038544436753
2017,July,Ventura (SCC),LDT1,Gas,STREX,NCAT,SOx,9.056448497862269e-07
2017,July,Ventura (SCC),LDT1,Gas,STREX,NCAT,PM,2.453011254944836e-05
2017,July,Ventura (SCC),LDT1,Gas,STREX,NCAT,TOG,0.001610223359602153
2017,July,Ventura (SCC),LDT1,Gas,STREX,NCAT,PM10,2.3343074148391054e-05
2017,July,Ventura (SCC),LDT1,Gas,STREX,NCAT,PM2_5,2.2167477668967436e-05
2017,July,Ventura (SCC),LDT1,Gas,HOTSOAK,CAT,TOG,0.05338489171065297
2017,July,Ventura (SCC),LDT1,Gas,HOTSOAK,NCAT,TOG,0.0012740434196365994
2017,July,Ventura (SCC),LDT1,Gas,RUNLOSS,CAT,TOG,0.17661899622569086
2017,July,Ventura (SCC),LDT1,Gas,RUNLOSS,NCAT,TOG,0.0024601786963871683
2017,July,Ventura (SCC),LDT1,Gas,RESTLOSS,CAT,TOG,0.02736894386427511
2017,July,Ventura (SCC),LDT1,Gas,RESTLOSS,NCAT,TOG,0.0008281526763890065
2017,July,Ventura (SCC),LDT1,Gas,DIURN,CAT,TOG,0.06274269709636547
2017,July,Ventura (SCC),LDT1,Gas,DIURN,NCAT,TOG,0.0016778815161640622
2017,July,Ventura (SCC),LDT1,Gas,PMTW,CAT,PM,0.01028149089841662
2017,July,Ventura (SCC),LDT1,Gas,PMTW,CAT,PM10,0.01028149089841662
2017,July,Ventura (SCC),LDT1,Gas,PMTW,CAT,PM2_5,0.002570372724604155
2017,July,Ventura (SCC),LDT1,Gas,PMTW,NCAT,PM,1.523616956616017e-05
2017,July,Ventura (SCC),LDT1,Gas,PMTW,NCAT,PM10,1.523616956616017e-05
2017,July,Ventura (SCC),LDT1,Gas,PMTW,NCAT,PM2_5,3.8090423915400424e-06
2017,July,Ventura (SCC),LDT1,Gas,PMBW,CAT,PM,0.048194488586327876
2017,July,Ventura (SCC),LDT1,Gas,PMBW,CAT,PM10,0.047230598814601385
2017,July,Ventura (SCC),LDT1,Gas,PMBW,CAT,PM2_5,0.02024168520625772
2017,July,Ventura (SCC),LDT1,Gas,PMBW,NCAT,PM,7.141954484137578e-05
2017,July,Ventura (SCC),LDT1,Gas,PMBW,NCAT,PM10,6.999115394454829e-05
2017,July,Ventura (SCC),LDT1,Gas,PMBW,NCAT,PM2_5,2.9996208833377825e-05
2017,July,Ventura (SCC),LDT2,Gas,RUNEX,CAT,CO,6.411873084421429
2017,July,Ventura (SCC),LDT2,Gas,RUNEX,CAT,NOx,0.6235224179383855
2017,July,Ventura (SCC),LDT2,Gas,RUNEX,CAT,SOx,0.017266884110628593
2017,July,Ventura (SCC),LDT2,Gas,RUNEX,CAT,PM,0.00804163411311059
2017,July,Ventura (SCC),LDT2,Gas,RUNEX,CAT,TOG,0.20597462898637714
2017,July,Ventura (SCC),LDT2,Gas,RUNEX,CAT,PM10,0.007190993507687733
2017,July,Ventura (SCC),LDT2,Gas,RUNEX,CAT,PM2_5,0.006612736644019478
2017,July,Ventura (SCC),LDT2,Gas,RUNEX,NCAT,CO,0.2077592387169176
2017,July,Ventura (SCC),LDT2,Gas,RUNEX,NCAT,NOx,0.016642393939659324
2017,July,Ventura (SCC),LDT2,Gas,RUNEX,NCAT,SOx,1.9444298955790325e-05
2017,July,Ventura (SCC),LDT2,Gas,RUNEX,NCAT,PM,0.00020021182505400206
2017,July,Ventura (SCC),LDT2,Gas,RUNEX,NCAT,TOG,0.019895040677178576
2017,July,Ventura (SCC),LDT2,Gas,RUNEX,NCAT,PM10,0.00019063095331002118
2017,July,Ventura (SCC),LDT2,Gas,RUNEX,NCAT,PM2_5,0.0001810808405319362
2017,July,Ventura (SCC),LDT2,Gas,STREX,CAT,CO,1.5585609486400414
2017,July,Ventura (SCC),LDT2,Gas,STREX,CAT,NOx,0.24217047800329244
2017,July,Ventura (SCC),LDT2,Gas,STREX,CAT,SOx,0.00043024198210046724
2017,July,Ventura (SCC),LDT2,Gas,STREX,CAT,PM,0.0012389751552389445
2017,July,Ventura (SCC),LDT2,Gas,STREX,CAT,TOG,0.2755965406899436
2017,July,Ventura (SCC),LDT2,Gas,STREX,CAT,PM10,0.0011080267107760292
2017,July,Ventura (SCC),LDT2,Gas,STREX,CAT,PM2_5,0.001018980526700131
2017,July,Ventura (SCC),LDT2,Gas,STREX,NCAT,CO,0.01839517206716567
2017,July,Ventura (SCC),LDT2,Gas,STREX,NCAT,NOx,0.0009822912908866899
2017,July,Ventura (SCC),LDT2,Gas,STREX,NCAT,SOx,1.5430199965855789e-06
2017,July,Ventura (SCC),LDT2,Gas,STREX,NCAT,PM,4.1666823230267874e-05
2017,July,Ventura (SCC),LDT2,Gas,STREX,NCAT,TOG,0.002844061658254327
2017,July,Ventura (SCC),LDT2,Gas,STREX,NCAT,PM10,3.965889513187518e-05
2017,July,Ventura (SCC),LDT2,Gas,STREX,NCAT,PM2_5,3.766552780843683e-05
2017,July,Ventura (SCC),LDT2,Gas,HOTSOAK,CAT,TOG,0.09087738515711587
2017,July,Ventura (SCC),LDT2,Gas,HOTSOAK,NCAT,TOG,0.002173246945278485
2017,July,Ventura (SCC),LDT2,Gas,RUNLOSS,CAT,TOG,0.2686043429023822
2017,July,Ventura (SCC),LDT2,Gas,RUNLOSS,NCAT,TOG,0.0038269950341732703
2017,July,Ventura (SCC),LDT2,Gas,RESTLOSS,CAT,TOG,0.04813916209045317
2017,July,Ventura (SCC),LDT2,Gas,RESTLOSS,NCAT,TOG,0.001467134932897723
2017,July,Ventura (SCC),LDT2,Gas,DIURN,CAT,TOG,0.09199813982666163
2017,July,Ventura (SCC),LDT2,Gas,DIURN,NCAT,TOG,0.0029165358332184075
2017,July,Ventura (SCC),LDT2,Gas,PMTW,CAT,PM,0.03526207210365474
2017,July,Ventura (SCC),LDT2,Gas,PMTW,CAT,PM10,0.03526207210365474
2017,July,Ventura (SCC),LDT2,Gas,PMTW,CAT,PM2_5,0.008815518025913686
2017,July,Ventura (SCC),LDT2,Gas,PMTW,NCAT,PM,2.587700857969821e-05
2017,July,Ventura (SCC),LDT2,Gas,PMTW,NCAT,PM10,2.587700857969821e-05
2017,July,Ventura (SCC),LDT2,Gas,PMTW,NCAT,PM2_5,6.469252144924553e-06
2017,July,Ventura (SCC),LDT2,Gas,PMBW,CAT,PM,0.16529096298588167
2017,July,Ventura (SCC),LDT2,Gas,PMBW,CAT,PM10,0.161985143726164
2017,July,Ventura (SCC),LDT2,Gas,PMBW,CAT,PM2_5,0.06942220445407025
2017,July,Ventura (SCC),LDT2,Gas,PMBW,NCAT,PM,0.00012129847771733538
2017,July,Ventura (SCC),LDT2,Gas,PMBW,NCAT,PM10,0.00011887250816298868
2017,July,Ventura (SCC),LDT2,Gas,PMBW,NCAT,PM2_5,5.094536064128083e-05
2017,July,Ventura (SCC),MDV,Gas,RUNEX,CAT,CO,5.131969583167102
2017,July,Ventura (SCC),MDV,Gas,RUNEX,CAT,NOx,0.5389727092469228
2017,July,Ventura (SCC),MDV,Gas,RUNEX,CAT,SOx,0.015712026369215565
2017,July,Ventura (SCC),MDV,Gas,RUNEX,CAT,PM,0.006171627307937064
2017,July,Ventura (SCC),MDV,Gas,RUNEX,CAT,TOG,0.18301823073844026
2017,July,Ventura (SCC),MDV,Gas,RUNEX,CAT,PM10,0.005518849277846351
2017,July,Ventura (SCC),MDV,Gas,RUNEX,CAT,PM2_5,0.005075083231188565
2017,July,Ventura (SCC),MDV,Gas,RUNEX,NCAT,CO,0.5880059012461147
2017,July,Ventura (SCC),MDV,Gas,RUNEX,NCAT,NOx,0.035363786728926
2017,July,Ventura (SCC),MDV,Gas,RUNEX,NCAT,SOx,3.682362941587762e-05
2017,July,Ventura (SCC),MDV,Gas,RUNEX,NCAT,PM,0.0002928527508467554
2017,July,Ventura (SCC),MDV,Gas,RUNEX,NCAT,TOG,0.03331341329299057
2017,July,Ventura (SCC),MDV,Gas,RUNEX,NCAT,PM10,0.00028001702901312315
2017,July,Ventura (SCC),MDV,Gas,RUNEX,NCAT,PM2_5,0.00026654038846217877
2017,July,Ventura (SCC),MDV,Gas,STREX,CAT,CO,1.5535318319348355
2017,July,Ventura (SCC),MDV,Gas,STREX,CAT,NOx,0.23592559950140726
2017,July,Ventura (SCC),MDV,Gas,STREX,CAT,SOx,0.0004263729102716397
2017,July,Ventura (SCC),MDV,Gas,STREX,CAT,PM,0.001104514395968862
2017,July,Ventura (SCC),MDV,Gas,STREX,CAT,TOG,0.28802843444616677
2017,July,Ventura (SCC),MDV,Gas,STREX,CAT,PM10,0.0009877688762992476
2017,July,Ventura (SCC),MDV,Gas,STREX,CAT,PM2_5,0.000908383006602721
2017,July,Ventura (SCC),MDV,Gas,STREX,NCAT,CO,0.05087792023981151
2017,July,Ventura (SCC),MDV,Gas,STREX,NCAT,NOx,0.002278073517687746
2017,July,Ventura (SCC),MDV,Gas,STREX,NCAT,SOx,3.161095286265038e-06
2017,July,Ventura (SCC),MDV,Gas,STREX,NCAT,PM,6.531734006527501e-05
2017,July,Ventura (SCC),MDV,Gas,STREX,NCAT,TOG,0.005574810592565499
2017,July,Ventura (SCC),MDV,Gas,STREX,NCAT,PM10,6.243695749964393e-05
2017,July,Ventura (SCC),MDV,Gas,STREX,NCAT,PM2_5,5.942382772354199e-05
2017,July,Ventura (SCC),MDV,Gas,HOTSOAK,CAT,TOG,0.07814423481754859
2017,July,Ventura (SCC),MDV,Gas,HOTSOAK,NCAT,TOG,0.002307147043658991
2017,July,Ventura (SCC),MDV,Gas,RUNLOSS,CAT,TOG,0.2204795794679023
2017,July,Ventura (SCC),MDV,Gas,RUNLOSS,NCAT,TOG,0.004746858433271627
2017,July,Ventura (SCC),MDV,Gas,RESTLOSS,CAT,TOG,0.042564833744415546
2017,July,Ventura (SCC),MDV,Gas,RESTLOSS,NCAT,TOG,0.002396505792061214
2017,July,Ventura (SCC),MDV,Gas,DIURN,CAT,TOG,0.07670381958064168
2017,July,Ventura (SCC),MDV,Gas,DIURN,NCAT,TOG,0.0046453582992061655
2017,July,Ventura (SCC),MDV,Gas,PMTW,CAT,PM,0.026768501384977644
2017,July,Ventura (SCC),MDV,Gas,PMTW,CAT,PM10,0.026768501384977644
2017,July,Ventura (SCC),MDV,Gas,PMTW,CAT,PM2_5,0.006692125346244411
2017,July,Ventura (SCC),MDV,Gas,PMTW,NCAT,PM,3.810005707788133e-05
2017,July,Ventura (SCC),MDV,Gas,PMTW,NCAT,PM10,3.810005707788133e-05
2017,July,Ventura (SCC),MDV,Gas,PMTW,NCAT,PM2_5,9.525014269470333e-06
2017,July,Ventura (SCC),MDV,Gas,PMBW,CAT,PM,0.12547735024208265
2017,July,Ventura (SCC),MDV,Gas,PMBW,CAT,PM10,0.12296780323724099
2017,July,Ventura (SCC),MDV,Gas,PMBW,CAT,PM2_5,0.05270048710167469
2017,July,Ventura (SCC),MDV,Gas,PMBW,NCAT,PM,0.00017859401755256887
2017,July,Ventura (SCC),MDV,Gas,PMBW,NCAT,PM10,0.00017502213720151723
2017,July,Ventura (SCC),MDV,Gas,PMBW,NCAT,PM2_5,7.500948737207884e-05
2017,July,Ventura (SCC),LHD1,Gas,RUNEX,CAT,CO,0.3974240202374603
2017,July,Ventura (SCC),LHD1,Gas,RUNEX,CAT,NOx,0.08060391746298581
2017,July,Ventura (SCC),LHD1,Gas,RUNEX,CAT,SOx,0.001931489630307337
2017,July,Ventura (SCC),LHD1,Gas,RUNEX,CAT,PM,0.000391239373281349
2017,July,Ventura (SCC),LHD1,Gas,RUNEX,CAT,TOG,0.021647681005371146
2017,July,Ventura (SCC),LHD1,Gas,RUNEX,CAT,PM10,0.00034976799971352584
2017,July,Ventura (SCC),LHD1,Gas,RUNEX,CAT,PM2_5,0.0003215987648372696
2017,July,Ventura (SCC),LHD1,Gas,RUNEX,NCAT,CO,0.08211693956491667
2017,July,Ventura (SCC),LHD1,Gas,RUNEX,NCAT,NOx,0.002691577856501738
2017,July,Ventura (SCC),LHD1,Gas,RUNEX,NCAT,SOx,8.204022059613947e-06
2017,July,Ventura (SCC),LHD1,Gas,RUNEX,NCAT,PM,3.0921984150887274e-05
2017,July,Ventura (SCC),LHD1,Gas,RUNEX,NCAT,TOG,0.003412333691845098
2017,July,Ventura (SCC),LHD1,Gas,RUNEX,NCAT,PM10,2.971602676900266e-05
2017,July,Ventura (SCC),LHD1,Gas,RUNEX,NCAT,PM2_5,2.8355459466363643e-05
2017,July,Ventura (SCC),LHD1,Gas,IDLEX,CAT,CO,0.02401741062169857
2017,July,Ventura (SCC),LHD1,Gas,IDLEX,CAT,NOx,0.00026883281296244106
2017,July,Ventura (SCC),LHD1,Gas,IDLEX,CAT,SOx,7.965934843979035e-06
2017,July,Ventura (SCC),LHD1,Gas,IDLEX,CAT,TOG,0.00448319264536032
2017,July,Ventura (SCC),LHD1,Gas,IDLEX,NCAT,CO,0.00018101151250623777
2017,July,Ventura (SCC),LHD1,Gas,IDLEX,NCAT,NOx,2.046917357363655e-06
2017,July,Ventura (SCC),LHD1,Gas,IDLEX,NCAT,SOx,6.669757949559652e-08
2017,July,Ventura (SCC),LHD1,Gas,IDLEX,NCAT,TOG,3.2535315042530074e-05
2017,July,Ventura (SCC),LHD1,Gas,STREX,CAT,CO,0.19633049830238852
2017,July,Ventura (SCC),LHD1,Gas,STREX,CAT,NOx,0.05363964703669348
2017,July,Ventura (SCC),LHD1,Gas,STREX,CAT,SOx,1.8606287389967267e-05
2017,July,Ventura (SCC),LHD1,Gas,STREX,CAT,PM,6.017361554692581e-05
2017,July,Ventura (SCC),LHD1,Gas,STREX,CAT,TOG,0.017871561264825524
2017,July,Ventura (SCC),LHD1,Gas,STREX,CAT,PM10,5.379521229895164e-05
2017,July,Ventura (SCC),LHD1,Gas,STREX,CAT,PM2_5,4.946271197957293e-05
2017,July,Ventura (SCC),LHD1,Gas,STREX,NCAT,CO,7.039224391825015e-05
2017,July,Ventura (SCC),LHD1,Gas,STREX,NCAT,NOx,0.0002870762897362026
2017,July,Ventura (SCC),LHD1,Gas,STREX,NCAT,SOx,5.333406372395242e-07
2017,July,Ventura (SCC),LHD1,Gas,STREX,NCAT,PM,1.2347119011653396e-05
2017,July,Ventura (SCC),LHD1,Gas,STREX,NCAT,TOG,0.0015714381048608842
2017,July,Ventura (SCC),LHD1,Gas,STREX,NCAT,PM10,1.1865581370198916e-05
2017,July,Ventura (SCC),LHD1,Gas,STREX,NCAT,PM2_5,1.1322308133686163e-05
2017,July,Ventura (SCC),LHD1,Gas,HOTSOAK,CAT,TOG,0.015334423974304024
2017,July,Ventura (SCC),LHD1,Gas,HOTSOAK,NCAT,TOG,0.00110216181805343
2017,July,Ventura (SCC),LHD1,Gas,RUNLOSS,CAT,TOG,0.1119744230883007
2017,July,Ventura (SCC),LHD1,Gas,RUNLOSS,NCAT,TOG,0.002692799766243171
2017,July,Ventura (SCC),LHD1,Gas,RESTLOSS,CAT,TOG,0.0002630461614210308
2017,July,Ventura (SCC),LHD1,Gas,RESTLOSS,NCAT,TOG,1.35754254564776e-05
2017,July,Ventura (SCC),LHD1,Gas,DIURN,CAT,TOG,0.000785531786873784
2017,July,Ventura (SCC),LHD1,Gas,DIURN,NCAT,TOG,3.916235712240281e-05
2017,July,Ventura (SCC),LHD1,Gas,PMTW,CAT,PM,0.001884614942557701
2017,July,Ventura (SCC),LHD1,Gas,PMTW,CAT,PM10,0.001884614942557701
2017,July,Ventura (SCC),LHD1,Gas,PMTW,CAT,PM2_5,0.0004711537356394252
2017,July,Ventura (SCC),LHD1,Gas,PMTW,NCAT,PM,6.607172827293924e-06
2017,July,Ventura (SCC),LHD1,Gas,PMTW,NCAT,PM10,6.607172827293924e-06
2017,July,Ventura (SCC),LHD1,Gas,PMTW,NCAT,PM2_5,1.651793206823481e-06
2017,July,Ventura (SCC),LHD1,Gas,PMBW,CAT,PM,0.01837499568993759
2017,July,Ventura (SCC),LHD1,Gas,PMBW,CAT,PM10,0.018007495776138832
2017,July,Ventura (SCC),LHD1,Gas,PMBW,CAT,PM2_5,0.007717498189773777
2017,July,Ventura (SCC),LHD1,Gas,PMBW,NCAT,PM,6.441993506611576e-05
2017,July,Ventura (SCC),LHD1,Gas,PMBW,NCAT,PM10,6.313153636479342e-05
2017,July,Ventura (SCC),LHD1,Gas,PMBW,NCAT,PM2_5,2.7056372727768605e-05
2017,July,Ventura (SCC),LHD2,Gas,RUNEX,CAT,CO,0.04163687143837739
2017,July,Ventura (SCC),LHD2,Gas,RUNEX,CAT,NOx,0.010994357528160862
2017,July,Ventura (SCC),LHD2,Gas,RUNEX,CAT,SOx,0.0003613177513434851
2017,July,Ventura (SCC),LHD2,Gas,RUNEX,CAT,PM,4.8493310945697337e-05
2017,July,Ventura (SCC),LHD2,Gas,RUNEX,CAT,TOG,0.002226979323632635
2017,July,Ventura (SCC),LHD2,Gas,RUNEX,CAT,PM10,4.335301998545345e-05
2017,July,Ventura (SCC),LHD2,Gas,RUNEX,CAT,PM2_5,3.9861501597363136e-05
2017,July,Ventura (SCC),LHD2,Gas,IDLEX,CAT,CO,0.0039018796820158384
2017,July,Ventura (SCC),LHD2,Gas,IDLEX,CAT,NOx,4.379495624889365e-05
2017,July,Ventura (SCC),LHD2,Gas,IDLEX,CAT,SOx,1.48726105383302e-06
2017,July,Ventura (SCC),LHD2,Gas,IDLEX,CAT,TOG,0.0007314998101991415
2017,July,Ventura (SCC),LHD2,Gas,STREX,CAT,CO,0.02962846464407307
2017,July,Ventura (SCC),LHD2,Gas,STREX,CAT,NOx,0.008742357066080423
2017,July,Ventura (SCC),LHD2,Gas,STREX,CAT,SOx,3.411591478800351e-06
2017,July,Ventura (SCC),LHD2,Gas,STREX,CAT,PM,7.1717151702878625e-06
2017,July,Ventura (SCC),LHD2,Gas,STREX,CAT,TOG,0.0026448945416563912
2017,July,Ventura (SCC),LHD2,Gas,STREX,CAT,PM10,6.41151336223735e-06
2017,July,Ventura (SCC),LHD2,Gas,STREX,CAT,PM2_5,5.895149869976628e-06
2017,July,Ventura (SCC),LHD2,Gas,HOTSOAK,CAT,TOG,0.0019965995475911247
2017,July,Ventura (SCC),LHD2,Gas,RUNLOSS,CAT,TOG,0.013909585470529387
2017,July,Ventura (SCC),LHD2,Gas,RESTLOSS,CAT,TOG,3.3011274911431096e-05
2017,July,Ventura (SCC),LHD2,Gas,DIURN,CAT,TOG,9.687185911163104e-05
2017,July,Ventura (SCC),LHD2,Gas,PMTW,CAT,PM,0.00030731679030714896
2017,July,Ventura (SCC),LHD2,Gas,PMTW,CAT,PM10,0.00030731679030714896
2017,July,Ventura (SCC),LHD2,Gas,PMTW,CAT,PM2_5,7.682919757678724e-05
2017,July,Ventura (SCC),LHD2,Gas,PMBW,CAT,PM,0.0034957284897438215
2017,July,Ventura (SCC),LHD2,Gas,PMBW,CAT,PM10,0.003425813919948944
2017,July,Ventura (SCC),LHD2,Gas,PMBW,CAT,PM2_5,0.0014682059656924047
2017,July,Ventura (SCC),T6TS,Gas,RUNEX,CAT,CO,0.14191611942990043
2017,July,Ventura (SCC),T6TS,Gas,RUNEX,CAT,NOx,0.03085391585938316
2017,July,Ventura (SCC),T6TS,Gas,RUNEX,CAT,SOx,0.0004958875678863815
2017,July,Ventura (SCC),T6TS,Gas,RUNEX,CAT,PM,4.285234890938253e-05
2017,July,Ventura (SCC),T6TS,Gas,RUNEX,CAT,TOG,0.007621322353275223
2017,July,Ventura (SCC),T6TS,Gas,RUNEX,CAT,PM10,3.8309999924987966e-05
2017,July,Ventura (SCC),T6TS,Gas,RUNEX,CAT,PM2_5,3.522463080351245e-05
2017,July,Ventura (SCC),T6TS,Gas,RUNEX,NCAT,CO,0.014777528881737794
2017,July,Ventura (SCC),T6TS,Gas,RUNEX,NCAT,NOx,0.00040716013186616783
2017,July,Ventura (SCC),T6TS,Gas,RUNEX,NCAT,SOx,2.10815812910948e-06
2017,July,Ventura (SCC),T6TS,Gas,RUNEX,NCAT,PM,3.929757969540571e-06
2017,July,Ventura (SCC),T6TS,Gas,RUNEX,NCAT,TOG,0.000587635225927008
2017,July,Ventura (SCC),T6TS,Gas,RUNEX,NCAT,PM10,3.7764974087284887e-06
2017,July,Ventura (SCC),T6TS,Gas,RUNEX,NCAT,PM2_5,3.603588058068704e-06
2017,July,Ventura (SCC),T6TS,Gas,IDLEX,CAT,CO,0.006498458423776589
2017,July,Ventura (SCC),T6TS,Gas,IDLEX,CAT,NOx,5.753686258242609e-05
2017,July,Ventura (SCC),T6TS,Gas,IDLEX,CAT,SOx,3.6754722840907588e-06
2017,July,Ventura (SCC),T6TS,Gas,IDLEX,CAT,TOG,0.0008520760422268819
2017,July,Ventura (SCC),T6TS,Gas,IDLEX,NCAT,CO,0.00010940892015976122
2017,July,Ventura (SCC),T6TS,Gas,IDLEX,NCAT,NOx,9.719554802683121e-07
2017,July,Ventura (SCC),T6TS,Gas,IDLEX,NCAT,SOx,6.872441236213643e-08
2017,July,Ventura (SCC),T6TS,Gas,IDLEX,NCAT,TOG,1.3762497572324209e-05
2017,July,Ventura (SCC),T6TS,Gas,STREX,CAT,CO,0.07716154431458191
2017,July,Ventura (SCC),T6TS,Gas,STREX,CAT,NOx,0.005173881062699271
2017,July,Ventura (SCC),T6TS,Gas,STREX,CAT,SOx,5.343496011359452e-06
2017,July,Ventura (SCC),T6TS,Gas,STREX,CAT,PM,9.698493029146649e-06
2017,July,Ventura (SCC),T6TS,Gas,STREX,CAT,TOG,0.003720811261988712
2017,July,Ventura (SCC),T6TS,Gas,STREX,CAT,PM10,8.67045276805712e-06
2017,July,Ventura (SCC),T6TS,Gas,STREX,CAT,PM2_5,7.972161269958558e-06
2017,July,Ventura (SCC),T6TS,Gas,STREX,NCAT,CO,3.118739787313831e-05
2017,July,Ventura (SCC),T6TS,Gas,STREX,NCAT,NOx,0.0001324150941610281
2017,July,Ventura (SCC),T6TS,Gas,STREX,NCAT,SOx,3.219113376094966e-07
2017,July,Ventura (SCC),T6TS,Gas,STREX,NCAT,PM,3.593100032028208e-06
2017,July,Ventura (SCC),T6TS,Gas,STREX,NCAT,TOG,0.0006872114371033105
2017,July,Ventura (SCC),T6TS,Gas,STREX,NCAT,PM10,3.4529691307791067e-06
2017,July,Ventura (SCC),T6TS,Gas,STREX,NCAT,PM2_5,3.294872729369866e-06
2017,July,Ventura (SCC),T6TS,Gas,HOTSOAK,CAT,TOG,0.0015822573084128867
2017,July,Ventura (SCC),T6TS,Gas,HOTSOAK,NCAT,TOG,0.0003409067536812519
2017,July,Ventura (SCC),T6TS,Gas,RUNLOSS,CAT,TOG,0.008619286269959992
2017,July,Ventura (SCC),T6TS,Gas,RUNLOSS,NCAT,TOG,0.0006073594393318799
2017,July,Ventura (SCC),T6TS,Gas,RESTLOSS,CAT,TOG,2.585412845041636e-05
2017,July,Ventura (SCC),T6TS,Gas,RESTLOSS,NCAT,TOG,3.206478020532569e-06
2017,July,Ventura (SCC),T6TS,Gas,DIURN,CAT,TOG,7.387742959634028e-05
2017,July,Ventura (SCC),T6TS,Gas,DIURN,NCAT,TOG,8.489341084244197e-06
2017,July,Ventura (SCC),T6TS,Gas,PMTW,CAT,PM,0.00035178184714829825
2017,July,Ventura (SCC),T6TS,Gas,PMTW,CAT,PM10,0.00035178184714829825
2017,July,Ventura (SCC),T6TS,Gas,PMTW,CAT,PM2_5,8.794546178707456e-05
2017,July,Ventura (SCC),T6TS,Gas,PMTW,NCAT,PM,1.2973242056481857e-06
2017,July,Ventura (SCC),T6TS,Gas,PMTW,NCAT,PM10,1.2973242056481857e-06
2017,July,Ventura (SCC),T6TS,Gas,PMTW,NCAT,PM2_5,3.243310514120464e-07
2017,July,Ventura (SCC),T6TS,Gas,PMBW,CAT,PM,0.0038989154725603075
2017,July,Ventura (SCC),T6TS,Gas,PMBW,CAT,PM10,0.003820937163109099
2017,July,Ventura (SCC),T6TS,Gas,PMBW,CAT,PM2_5,0.001637544498475328
2017,July,Ventura (SCC),T6TS,Gas,PMBW,NCAT,PM,1.4378676612600732e-05
2017,July,Ventura (SCC),T6TS,Gas,PMBW,NCAT,PM10,1.4091103080348715e-05
2017,July,Ventura (SCC),T6TS,Gas,PMBW,NCAT,PM2_5,6.039044177292305e-06
2017,July,Ventura (SCC),T7IS,Gas,RUNEX,CAT,CO,0.010996371439756743
2017,July,Ventura (SCC),T7IS,Gas,RUNEX,CAT,NOx,0.0010632405655180413
2017,July,Ventura (SCC),T7IS,Gas,RUNEX,CAT,SOx,2.2707443905787704e-06
2017,July,Ventura (SCC),T7IS,Gas,RUNEX,CAT,PM,4.4357006195619866e-07
2017,July,Ventura (SCC),T7IS,Gas,RUNEX,CAT,TOG,0.0003898087908248989
2017,July,Ventura (SCC),T7IS,Gas,RUNEX,CAT,PM10,3.9655163538884163e-07
2017,July,Ventura (SCC),T7IS,Gas,RUNEX,CAT,PM2_5,3.6461459092799554e-07
2017,July,Ventura (SCC),T7IS,Gas,RUNEX,NCAT,CO,0.007278317694432896
2017,July,Ventura (SCC),T7IS,Gas,RUNEX,NCAT,NOx,0.0003031937086437058
2017,July,Ventura (SCC),T7IS,Gas,RUNEX,NCAT,SOx,5.36593429225059e-07
2017,July,Ventura (SCC),T7IS,Gas,RUNEX,NCAT,PM,6.872481946386245e-07
2017,July,Ventura (SCC),T7IS,Gas,RUNEX,NCAT,TOG,0.00021754851237966067
2017,July,Ventura (SCC),T7IS,Gas,RUNEX,NCAT,PM10,6.60445515047718e-07
2017,July,Ventura (SCC),T7IS,Gas,RUNEX,NCAT,PM2_5,6.302065944836187e-07
2017,July,Ventura (SCC),T7IS,Gas,STREX,CAT,CO,5.7529530790653724e-05
2017,July,Ventura (SCC),T7IS,Gas,STREX,CAT,NOx,1.538694919880899e-05
2017,July,Ventura (SCC),T7IS,Gas,STREX,CAT,SOx,2.0689777492016674e-08
2017,July,Ventura (SCC),T7IS,Gas,STREX,CAT,PM,1.1641687313985884e-07
2017,July,Ventura (SCC),T7IS,Gas,STREX,CAT,TOG,7.626806371069456e-08
2017,July,Ventura (SCC),T7IS,Gas,STREX,CAT,PM10,1.0407668458703379e-07
2017,July,Ventura (SCC),T7IS,Gas,STREX,CAT,PM2_5,9.569466972096389e-08
2017,July,Ventura (SCC),T7IS,Gas,STREX,NCAT,CO,0.0
2017,July,Ventura (SCC),T7IS,Gas,STREX,NCAT,NOx,0.0
2017,July,Ventura (SCC),T7IS,Gas,STREX,NCAT,SOx,4.3530634155463934e-08
2017,July,Ventura (SCC),T7IS,Gas,STREX,NCAT,PM,4.0856972568698403e-07
2017,July,Ventura (SCC),T7IS,Gas,STREX,NCAT,TOG,0.0
2017,July,Ventura (SCC),T7IS,Gas,STREX,NCAT,PM10,3.926355063851916e-07
2017,July,Ventura (SCC),T7IS,Gas,STREX,NCAT,PM2_5,3.746584384549644e-07
2017,July,Ventura (SCC),T7IS,Gas,HOTSOAK,CAT,TOG,1.5295733559138575e-05
2017,July,Ventura (SCC),T7IS,Gas,HOTSOAK,NCAT,TOG,3.877005748663289e-05
2017,July,Ventura (SCC),T7IS,Gas,RUNLOSS,CAT,TOG,0.00010643189465032691
2017,July,Ventura (SCC),T7IS,Gas,RUNLOSS,NCAT,TOG,0.00013167790558737304
2017,July,Ventura (SCC),T7IS,Gas,RESTLOSS,CAT,TOG,2.8114240627577416e-07
2017,July,Ventura (SCC),T7IS,Gas,RESTLOSS,NCAT,TOG,3.0629348308243564e-07
2017,July,Ventura (SCC),T7IS,Gas,DIURN,CAT,TOG,6.365773871727198e-07
2017,July,Ventura (SCC),T7IS,Gas,DIURN,NCAT,TOG,7.949704575182319e-07
2017,July,Ventura (SCC),T7IS,Gas,PMTW,CAT,PM,1.9966119233105644e-06
2017,July,Ventura (SCC),T7IS,Gas,PMTW,CAT,PM10,1.9966119233105644e-06
2017,July,Ventura (SCC),T7IS,Gas,PMTW,CAT,PM2_5,4.991529808276411e-07
2017,July,Ventura (SCC),T7IS,Gas,PMTW,NCAT,PM,3.819629947123536e-07
2017,July,Ventura (SCC),T7IS,Gas,PMTW,NCAT,PM10,3.819629947123536e-07
2017,July,Ventura (SCC),T7IS,Gas,PMTW,NCAT,PM2_5,9.54907486780884e-08
2017,July,Ventura (SCC),T7IS,Gas,PMBW,CAT,PM,6.289327558428277e-06
2017,July,Ventura (SCC),T7IS,Gas,PMBW,CAT,PM10,6.163541007259711e-06
2017,July,Ventura (SCC),T7IS,Gas,PMBW,CAT,PM2_5,2.641517574539876e-06
2017,July,Ventura (SCC),T7IS,Gas,PMBW,NCAT,PM,1.203183433343914e-06
2017,July,Ventura (SCC),T7IS,Gas,PMBW,NCAT,PM10,1.1791197646770355e-06
2017,July,Ventura (SCC),T7IS,Gas,PMBW,NCAT,PM2_5,5.053370420044438e-07
2017,July,Ventura (SCC),LDT1,Dsl,RUNEX,DSL,CO,0.001627258903699424
2017,July,Ventura (SCC),LDT1,Dsl,RUNEX,DSL,NOx,0.0012548930028223276
2017,July,Ventura (SCC),LDT1,Dsl,RUNEX,DSL,SOx,3.737513032977268e-06
2017,July,Ventura (SCC),LDT1,Dsl,RUNEX,DSL,PM,0.00019208402392436347
2017,July,Ventura (SCC),LDT1,Dsl,RUNEX,DSL,TOG,0.0002829129953901314
2017,July,Ventura (SCC),LDT1,Dsl,RUNEX,DSL,PM10,0.0001909315197808173
2017,July,Ventura (SCC),LDT1,Dsl,RUNEX,DSL,PM2_5,0.00018267190675206948
2017,July,Ventura (SCC),LDT1,Dsl,PMTW,DSL,PM,7.189086642029092e-06
2017,July,Ventura (SCC),LDT1,Dsl,PMTW,DSL,PM10,7.189086642029092e-06
2017,July,Ventura (SCC),LDT1,Dsl,PMTW,DSL,PM2_5,1.797271660507273e-06
2017,July,Ventura (SCC),LDT1,Dsl,PMBW,DSL,PM,3.36988436345114e-05
2017,July,Ventura (SCC),LDT1,Dsl,PMBW,DSL,PM10,3.302486676182115e-05
2017,July,Ventura (SCC),LDT1,Dsl,PMBW,DSL,PM2_5,1.4153514326494778e-05
2017,July,Ventura (SCC),LDT2,Dsl,RUNEX,DSL,CO,0.0036276637561938776
2017,July,Ventura (SCC),LDT2,Dsl,RUNEX,DSL,NOx,0.002172160404321504
2017,July,Ventura (SCC),LDT2,Dsl,RUNEX,DSL,SOx,6.902739940737984e-05
2017,July,Ventura (SCC),LDT2,Dsl,RUNEX,DSL,PM,0.00024972206362718487
2017,July,Ventura (SCC),LDT2,Dsl,RUNEX,DSL,TOG,0.0005685996499130953
2017,July,Ventura (SCC),LDT2,Dsl,RUNEX,DSL,PM10,0.00024822373124542163
2017,July,Ventura (SCC),LDT2,Dsl,RUNEX,DSL,PM2_5,0.00023748568250945225
2017,July,Ventura (SCC),LDT2,Dsl,PMTW,DSL,PM,0.0001792343225140492
2017,July,Ventura (SCC),LDT2,Dsl,PMTW,DSL,PM10,0.0001792343225140492
2017,July,Ventura (SCC),LDT2,Dsl,PMTW,DSL,PM2_5,4.48085806285123e-05
2017,July,Ventura (SCC),LDT2,Dsl,PMBW,DSL,PM,0.000840160886784606
2017,July,Ventura (SCC),LDT2,Dsl,PMBW,DSL,PM10,0.0008233576690489141
2017,July,Ventura (SCC),LDT2,Dsl,PMBW,DSL,PM2_5,0.0003528675724495346
2017,July,Ventura (SCC),MDV,Dsl,RUNEX,DSL,CO,0.014281810603860445
2017,July,Ventura (SCC),MDV,Dsl,RUNEX,DSL,NOx,0.006328697591737831
2017,July,Ventura (SCC),MDV,Dsl,RUNEX,DSL,SOx,0.0002593958175055411
2017,July,Ventura (SCC),MDV,Dsl,RUNEX,DSL,PM,0.0005069229959825981
2017,July,Ventura (SCC),MDV,Dsl,RUNEX,DSL,TOG,0.0011440859684198681
2017,July,Ventura (SCC),MDV,Dsl,RUNEX,DSL,PM10,0.0005038814580067027
2017,July,Ventura (SCC),MDV,Dsl,RUNEX,DSL,PM2_5,0.0004820837691794508
2017,July,Ventura (SCC),MDV,Dsl,PMTW,DSL,PM,0.0005164267120657028
2017,July,Ventura (SCC),MDV,Dsl,PMTW,DSL,PM10,0.0005164267120657028
2017,July,Ventura (SCC),MDV,Dsl,PMTW,DSL,PM2_5,0.0001291066780164257
2017,July,Ventura (SCC),MDV,Dsl,PMBW,DSL,PM,0.00242075021280798
2017,July,Ventura (SCC),MDV,Dsl,PMBW,DSL,PM10,0.002372335208551822
2017,July,Ventura (SCC),MDV,Dsl,PMBW,DSL,PM2_5,0.0010167150893793519
2017,July,Ventura (SCC),LHD1,Dsl,RUNEX,DSL,CO,0.18096920910084846
2017,July,Ventura (SCC),LHD1,Dsl,RUNEX,DSL,NOx,0.8416835687816738
2017,July,Ventura (SCC),LHD1,Dsl,RUNEX,DSL,SOx,0.0010106294171777588
2017,July,Ventura (SCC),LHD1,Dsl,RUNEX,DSL,PM,0.005895770860578616
2017,July,Ventura (SCC),LHD1,Dsl,RUNEX,DSL,TOG,0.029767414873653506
2017,July,Ventura (SCC),LHD1,Dsl,RUNEX,DSL,PM10,0.005860396235415151
2017,July,Ventura (SCC),LHD1,Dsl,RUNEX,DSL,PM2_5,0.005606878088410268
2017,July,Ventura (SCC),LHD1,Dsl,IDLEX,DSL,CO,0.004811245104880656
2017,July,Ventura (SCC),LHD1,Dsl,IDLEX,DSL,NOx,0.013499475436323136
2017,July,Ventura (SCC),LHD1,Dsl,IDLEX,DSL,SOx,7.0867147231024186e-06
2017,July,Ventura (SCC),LHD1,Dsl,IDLEX,DSL,PM,0.00015017406594911245
2017,July,Ventura (SCC),LHD1,Dsl,IDLEX,DSL,TOG,0.0006608279031500095
2017,July,Ventura (SCC),LHD1,Dsl,IDLEX,DSL,PM10,0.00014927302155341794
2017,July,Ventura (SCC),LHD1,Dsl,IDLEX,DSL,PM2_5,0.00014281553671760598
2017,July,Ventura (SCC),LHD1,Dsl,PMTW,DSL,PM,0.0025352335333657665
2017,July,Ventura (SCC),LHD1,Dsl,PMTW,DSL,PM10,0.0025352335333657665
2017,July,Ventura (SCC),LHD1,Dsl,PMTW,DSL,PM2_5,0.0006338083833414416
2017,July,Ventura (SCC),LHD1,Dsl,PMBW,DSL,PM,0.016479017966877476
2017,July,Ventura (SCC),LHD1,Dsl,PMBW,DSL,PM10,0.016149437607539924
2017,July,Ventura (SCC),LHD1,Dsl,PMBW,DSL,PM2_5,0.006921187546088536
2017,July,Ventura (SCC),LHD2,Dsl,RUNEX,DSL,CO,0.05110969037112514
2017,July,Ventura (SCC),LHD2,Dsl,RUNEX,DSL,NOx,0.23247673474743966
2017,July,Ventura (SCC),LHD2,Dsl,RUNEX,DSL,SOx,0.00037857407823469917
2017,July,Ventura (SCC),LHD2,Dsl,RUNEX,DSL,PM,0.0017487708326714676
2017,July,Ventura (SCC),LHD2,Dsl,RUNEX,DSL,TOG,0.008600187140039638
2017,July,Ventura (SCC),LHD2,Dsl,RUNEX,DSL,PM10,0.0017382782076754383
2017,July,Ventura (SCC),LHD2,Dsl,RUNEX,DSL,PM2_5,0.0016630810618705665
2017,July,Ventura (SCC),LHD2,Dsl,IDLEX,DSL,CO,0.0016131155073280047
2017,July,Ventura (SCC),LHD2,Dsl,IDLEX,DSL,NOx,0.004525231341133794
2017,July,Ventura (SCC),LHD2,Dsl,IDLEX,DSL,SOx,3.8036366057615495e-06
2017,July,Ventura (SCC),LHD2,Dsl,IDLEX,DSL,PM,4.949599810477259e-05
2017,July,Ventura (SCC),LHD2,Dsl,IDLEX,DSL,TOG,0.00022156255085922758
2017,July,Ventura (SCC),LHD2,Dsl,IDLEX,DSL,PM10,4.919902211614396e-05
2017,July,Ventura (SCC),LHD2,Dsl,IDLEX,DSL,PM2_5,4.7070694197638686e-05
2017,July,Ventura (SCC),LHD2,Dsl,PMTW,DSL,PM,0.0008722925533657268
2017,July,Ventura (SCC),LHD2,Dsl,PMTW,DSL,PM10,0.0008722925533657268
2017,July,Ventura (SCC),LHD2,Dsl,PMTW,DSL,PM2_5,0.0002180731383414317
2017,July,Ventura (SCC),LHD2,Dsl,PMBW,DSL,PM,0.006614885196356762
2017,July,Ventura (SCC),LHD2,Dsl,PMBW,DSL,PM10,0.006482587492429632
2017,July,Ventura (SCC),LHD2,Dsl,PMBW,DSL,PM2_5,0.0027782517824698387
2017,July,Ventura (SCC),LDT1,Elec,HOTSOAK,CAT,TOG,9.211029670373705e-07
2017,July,Ventura (SCC),LDT1,Elec,RESTLOSS,CAT,TOG,3.662823472607738e-07
2017,July,Ventura (SCC),LDT1,Elec,DIURN,CAT,TOG,1.7621072242767998e-06
2017,July,Ventura (SCC),LDT1,Elec,PMTW,CAT,PM,9.745204105094267e-06
2017,July,Ventura (SCC),LDT1,Elec,PMTW,CAT,PM10,9.745204105094267e-06
2017,July,Ventura (SCC),LDT1,Elec,PMTW,CAT,PM2_5,2.4363010262735666e-06
2017,July,Ventura (SCC),LDT1,Elec,PMBW,CAT,PM,4.5680644242629374e-05
2017,July,Ventura (SCC),LDT1,Elec,PMBW,CAT,PM10,4.4767031357776795e-05
2017,July,Ventura (SCC),LDT1,Elec,PMBW,CAT,PM2_5,1.9185870581904337e-05
2017,July,Ventura (SCC),LDT2,Elec,HOTSOAK,CAT,TOG,4.468553571319927e-06
2017,July,Ventura (SCC),LDT2,Elec,RESTLOSS,CAT,TOG,1.6164133651576315e-06
2017,July,Ventura (SCC),LDT2,Elec,DIURN,CAT,TOG,7.776224241934322e-06
2017,July,Ventura (SCC),LDT2,Elec,PMTW,CAT,PM,5.394386992280267e-05
2017,July,Ventura (SCC),LDT2,Elec,PMTW,CAT,PM10,5.394386992280267e-05
2017,July,Ventura (SCC),LDT2,Elec,PMTW,CAT,PM2_5,1.3485967480700668e-05
2017,July,Ventura (SCC),LDT2,Elec,PMBW,CAT,PM,0.0002528618902631376
2017,July,Ventura (SCC),LDT2,Elec,PMBW,CAT,PM10,0.0002478046524578748
2017,July,Ventura (SCC),LDT2,Elec,PMBW,CAT,PM2_5,0.00010620199391051778
2017,July,Ventura (SCC),MDV,Elec,HOTSOAK,CAT,TOG,4.545504747687096e-07
2017,July,Ventura (SCC),MDV,Elec,RESTLOSS,CAT,TOG,1.7049268810996364e-07
2017,July,Ventura (SCC),MDV,Elec,DIURN,CAT,TOG,8.202044123929627e-07
2017,July,Ventura (SCC),MDV,Elec,PMTW,CAT,PM,5.177941957631378e-06
2017,July,Ventura (SCC),MDV,Elec,PMTW,CAT,PM10,5.177941957631378e-06
2017,July,Ventura (SCC),MDV,Elec,PMTW,CAT,PM2_5,1.2944854894078445e-06
2017,July,Ventura (SCC),MDV,Elec,PMBW,CAT,PM,2.4271602926397077e-05
2017,July,Ventura (SCC),MDV,Elec,PMBW,CAT,PM10,2.3786170867869132e-05
2017,July,Ventura (SCC),MDV,Elec,PMBW,CAT,PM2_5,1.0194073229086773e-05
2017,July,Ventura (SCC),SBUS,Gas,RUNEX,CAT,CO,0.03530083985582938
2017,July,Ventura (SCC),SBUS,Gas,RUNEX,CAT,NOx,0.004384678642361222
2017,July,Ventura (SCC),SBUS,Gas,RUNEX,CAT,SOx,2.2662894840227932e-05
2017,July,Ventura (SCC),SBUS,Gas,RUNEX,CAT,PM,1.4139335063255124e-05
2017,July,Ventura (SCC),SBUS,Gas,RUNEX,CAT,TOG,0.002136121112230179
2017,July,Ventura (SCC),SBUS,Gas,RUNEX,CAT,PM10,1.2640565546550091e-05
2017,July,Ventura (SCC),SBUS,Gas,RUNEX,CAT,PM2_5,1.1622533421995729e-05
2017,July,Ventura (SCC),SBUS,Gas,IDLEX,CAT,CO,0.004695639457442231
2017,July,Ventura (SCC),SBUS,Gas,IDLEX,CAT,NOx,5.294473234363364e-05
2017,July,Ventura (SCC),SBUS,Gas,IDLEX,CAT,SOx,1.5927963312229244e-06
2017,July,Ventura (SCC),SBUS,Gas,IDLEX,CAT,TOG,0.000874863516841322
2017,July,Ventura (SCC),SBUS,Gas,STREX,CAT,CO,0.0031545032453774375
2017,July,Ventura (SCC),SBUS,Gas,STREX,CAT,NOx,0.00011941390099265141
2017,July,Ventura (SCC),SBUS,Gas,STREX,CAT,SOx,1.3836919605944846e-07
2017,July,Ventura (SCC),SBUS,Gas,STREX,CAT,PM,4.387289864687558e-07
2017,July,Ventura (SCC),SBUS,Gas,STREX,CAT,TOG,0.0001573511204325417
2017,July,Ventura (SCC),SBUS,Gas,STREX,CAT,PM10,3.9222371390306775e-07
2017,July,Ventura (SCC),SBUS,Gas,STREX,CAT,PM2_5,3.6063522687731726e-07
2017,July,Ventura (SCC),SBUS,Gas,HOTSOAK,CAT,TOG,7.871891487095073e-05
2017,July,Ventura (SCC),SBUS,Gas,RUNLOSS,CAT,TOG,0.000781142249147021
2017,July,Ventura (SCC),SBUS,Gas,RESTLOSS,CAT,TOG,3.7977132082757924e-06
2017,July,Ventura (SCC),SBUS,Gas,DIURN,CAT,TOG,1.5388274601128703e-05
2017,July,Ventura (SCC),SBUS,Gas,PMTW,CAT,PM,1.9668123503369897e-05
2017,July,Ventura (SCC),SBUS,Gas,PMTW,CAT,PM10,1.9668123503369897e-05
2017,July,Ventura (SCC),SBUS,Gas,PMTW,CAT,PM2_5,4.917030875842474e-06
2017,July,Ventura (SCC),SBUS,Gas,PMBW,CAT,PM,0.0018684717082349863
2017,July,Ventura (SCC),SBUS,Gas,PMBW,CAT,PM10,0.0018311022740702845
2017,July,Ventura (SCC),SBUS,Gas,PMBW,CAT,PM2_5,0.000784758117458694
2017,July,Ventura (SCC),OBUS,Gas,RUNEX,CAT,CO,0.037899440823465004
2017,July,Ventura (SCC),OBUS,Gas,RUNEX,CAT,NOx,0.009634769208397011
2017,July,Ventura (SCC),OBUS,Gas,RUNEX,CAT,SOx,0.0002038782256780952
2017,July,Ventura (SCC),OBUS,Gas,RUNEX,CAT,PM,9.428893090474533e-06
2017,July,Ventura (SCC),OBUS,Gas,RUNEX,CAT,TOG,0.0020038935345486437
2017,July,Ventura (SCC),OBUS,Gas,RUNEX,CAT,PM10,8.429430422884236e-06
2017,July,Ventura (SCC),OBUS,Gas,RUNEX,CAT,PM2_5,7.750550120370066e-06
2017,July,Ventura (SCC),OBUS,Gas,RUNEX,NCAT,CO,0.002459553089343369
2017,July,Ventura (SCC),OBUS,Gas,RUNEX,NCAT,NOx,0.00012071793135841978
2017,July,Ventura (SCC),OBUS,Gas,RUNEX,NCAT,SOx,3.824237673386802e-07
2017,July,Ventura (SCC),OBUS,Gas,RUNEX,NCAT,PM,7.098460573150737e-07
2017,July,Ventura (SCC),OBUS,Gas,RUNEX,NCAT,TOG,0.00010962952684278224
2017,July,Ventura (SCC),OBUS,Gas,RUNEX,NCAT,PM10,6.821620610797858e-07
2017,July,Ventura (SCC),OBUS,Gas,RUNEX,NCAT,PM2_5,6.509288345579229e-07
2017,July,Ventura (SCC),OBUS,Gas,IDLEX,CAT,CO,0.0016281355021418023
2017,July,Ventura (SCC),OBUS,Gas,IDLEX,CAT,NOx,1.834425158895218e-05
2017,July,Ventura (SCC),OBUS,Gas,IDLEX,CAT,SOx,1.0951736936471574e-06
2017,July,Ventura (SCC),OBUS,Gas,IDLEX,CAT,TOG,0.0003067545997061011
2017,July,Ventura (SCC),OBUS,Gas,IDLEX,NCAT,CO,1.3115388558378554e-05
2017,July,Ventura (SCC),OBUS,Gas,IDLEX,NCAT,NOx,1.4831165220935094e-07
2017,July,Ventura (SCC),OBUS,Gas,IDLEX,NCAT,SOx,9.91217038093671e-09
2017,July,Ventura (SCC),OBUS,Gas,IDLEX,NCAT,TOG,2.3573820954473016e-06
2017,July,Ventura (SCC),OBUS,Gas,STREX,CAT,CO,0.021499434966803847
2017,July,Ventura (SCC),OBUS,Gas,STREX,CAT,NOx,0.0018865261394383857
2017,July,Ventura (SCC),OBUS,Gas,STREX,CAT,SOx,1.573077844777092e-06
2017,July,Ventura (SCC),OBUS,Gas,STREX,CAT,PM,1.5533080407136646e-06
2017,July,Ventura (SCC),OBUS,Gas,STREX,CAT,TOG,0.0011327152247052222
2017,July,Ventura (SCC),OBUS,Gas,STREX,CAT,PM10,1.3886573883980135e-06
2017,July,Ventura (SCC),OBUS,Gas,STREX,CAT,PM2_5,1.276819209466633e-06
2017,July,Ventura (SCC),OBUS,Gas,STREX,NCAT,CO,6.85005907062804e-06
2017,July,Ventura (SCC),OBUS,Gas,STREX,NCAT,NOx,4.874473810395936e-05
2017,July,Ventura (SCC),OBUS,Gas,STREX,NCAT,SOx,6.45363420600825e-08
2017,July,Ventura (SCC),OBUS,Gas,STREX,NCAT,PM,7.743691982374389e-07
2017,July,Ventura (SCC),OBUS,Gas,STREX,NCAT,TOG,0.00014454342331053025
2017,July,Ventura (SCC),OBUS,Gas,STREX,NCAT,PM10,7.441687995061786e-07
2017,July,Ventura (SCC),OBUS,Gas,STREX,NCAT,PM2_5,7.100965547837317e-07
2017,July,Ventura (SCC),OBUS,Gas,HOTSOAK,CAT,TOG,0.0001687202556449369
2017,July,Ventura (SCC),OBUS,Gas,HOTSOAK,NCAT,TOG,2.5802755797866517e-05
2017,July,Ventura (SCC),OBUS,Gas,RUNLOSS,CAT,TOG,0.0017501427633523307
2017,July,Ventura (SCC),OBUS,Gas,RUNLOSS,NCAT,TOG,0.00013111005712806428
2017,July,Ventura (SCC),OBUS,Gas,RESTLOSS,CAT,TOG,6.183032471935928e-06
2017,July,Ventura (SCC),OBUS,Gas,RESTLOSS,NCAT,TOG,6.326185943121321e-07
2017,July,Ventura (SCC),OBUS,Gas,DIURN,CAT,TOG,1.8745551980201287e-05
2017,July,Ventura (SCC),OBUS,Gas,DIURN,NCAT,TOG,2.125826380161096e-06
2017,July,Ventura (SCC),OBUS,Gas,PMTW,CAT,PM,0.0001421259561829329
2017,July,Ventura (SCC),OBUS,Gas,PMTW,CAT,PM10,0.0001421259561829329
2017,July,Ventura (SCC),OBUS,Gas,PMTW,CAT,PM2_5,3.553148904573323e-05
2017,July,Ventura (SCC),OBUS,Gas,PMTW,NCAT,PM,2.3639271523173478e-07
2017,July,Ventura (SCC),OBUS,Gas,PMTW,NCAT,PM10,2.3639271523173478e-07
2017,July,Ventura (SCC),OBUS,Gas,PMTW,NCAT,PM2_5,5.9098178807933696e-08
2017,July,Ventura (SCC),OBUS,Gas,PMBW,CAT,PM,0.001575229347694172
2017,July,Ventura (SCC),OBUS,Gas,PMBW,CAT,PM10,0.001543724760740289
2017,July,Ventura (SCC),OBUS,Gas,PMBW,CAT,PM2_5,0.0006615963260315532
2017,July,Ventura (SCC),OBUS,Gas,PMBW,NCAT,PM,2.6200192604850597e-06
2017,July,Ventura (SCC),OBUS,Gas,PMBW,NCAT,PM10,2.56761887527536e-06
2017,July,Ventura (SCC),OBUS,Gas,PMBW,NCAT,PM2_5,1.1004080894037256e-06
2017,July,Ventura (SCC),MCY,Gas,RUNEX,CAT,CO,0.5999657330653327
2017,July,Ventura (SCC),MCY,Gas,RUNEX,CAT,NOx,0.044034753000926394
2017,July,Ventura (SCC),MCY,Gas,RUNEX,CAT,SOx,0.00010482832668108681
2017,July,Ventura (SCC),MCY,Gas,RUNEX,CAT,PM,7.325080607449061e-05
2017,July,Ventura (SCC),MCY,Gas,RUNEX,CAT,TOG,0.11200071117133122
2017,July,Ventura (SCC),MCY,Gas,RUNEX,CAT,PM10,6.752382012401464e-05
2017,July,Ventura (SCC),MCY,Gas,RUNEX,CAT,PM2_5,6.310129620330451e-05
2017,July,Ventura (SCC),MCY,Gas,RUNEX,NCAT,CO,1.6780841457233517
2017,July,Ventura (SCC),MCY,Gas,RUNEX,NCAT,NOx,0.05891503415083517
2017,July,Ventura (SCC),MCY,Gas,RUNEX,NCAT,SOx,0.00011226896555049094
2017,July,Ventura (SCC),MCY,Gas,RUNEX,NCAT,PM,0.00012748555868521578
2017,July,Ventura (SCC),MCY,Gas,RUNEX,NCAT,TOG,0.18542264282250379
2017,July,Ventura (SCC),MCY,Gas,RUNEX,NCAT,PM10,0.00012047602240307231
2017,July,Ventura (SCC),MCY,Gas,RUNEX,NCAT,PM2_5,0.00011401512370426971
2017,July,Ventura (SCC),MCY,Gas,STREX,CAT,CO,0.07335130089782667
2017,July,Ventura (SCC),MCY,Gas,STREX,CAT,NOx,0.0032529381632322
2017,July,Ventura (SCC),MCY,Gas,STREX,CAT,SOx,7.451281595734338e-06
2017,July,Ventura (SCC),MCY,Gas,STREX,CAT,PM,2.628059618059479e-05
2017,July,Ventura (SCC),MCY,Gas,STREX,CAT,TOG,0.020457181016722625
2017,July,Ventura (SCC),MCY,Gas,STREX,CAT,PM10,2.4345343451120742e-05
2017,July,Ventura (SCC),MCY,Gas,STREX,CAT,PM2_5,2.2808569377442254e-05
2017,July,Ventura (SCC),MCY,Gas,STREX,NCAT,CO,0.21570442913924395
2017,July,Ventura (SCC),MCY,Gas,STREX,NCAT,NOx,0.006185024797212955
2017,July,Ventura (SCC),MCY,Gas,STREX,NCAT,SOx,1.5231956902240006e-05
2017,July,Ventura (SCC),MCY,Gas,STREX,NCAT,PM,0.00013352884687889337
2017,July,Ventura (SCC),MCY,Gas,STREX,NCAT,TOG,0.049751061729959606
2017,July,Ventura (SCC),MCY,Gas,STREX,NCAT,PM10,0.00012747073138494748
2017,July,Ventura (SCC),MCY,Gas,STREX,NCAT,PM2_5,0.00012124003327095183
2017,July,Ventura (SCC),MCY,Gas,HOTSOAK,CAT,TOG,0.004342655786547888
2017,July,Ventura (SCC),MCY,Gas,HOTSOAK,NCAT,TOG,0.02566416846508073
2017,July,Ventura (SCC),MCY,Gas,RUNLOSS,CAT,TOG,0.011636771713893197
2017,July,Ventura (SCC),MCY,Gas,RUNLOSS,NCAT,TOG,0.08414661888785833
2017,July,Ventura (SCC),MCY,Gas,RESTLOSS,CAT,TOG,0.006148297310049623
2017,July,Ventura (SCC),MCY,Gas,RESTLOSS,NCAT,TOG,0.023915189678018662
2017,July,Ventura (SCC),MCY,Gas,DIURN,CAT,TOG,0.017618696371574864
2017,July,Ventura (SCC),MCY,Gas,DIURN,NCAT,TOG,0.06184060466570791
2017,July,Ventura (SCC),MCY,Gas,PMTW,CAT,PM,0.00019929248155871047
2017,July,Ventura (SCC),MCY,Gas,PMTW,CAT,PM10,0.00019929248155871047
2017,July,Ventura (SCC),MCY,Gas,PMTW,CAT,PM2_5,4.982312038967762e-05
2017,July,Ventura (SCC),MCY,Gas,PMTW,NCAT,PM,0.00021208003375090972
2017,July,Ventura (SCC),MCY,Gas,PMTW,NCAT,PM10,0.00021208003375090972
2017,July,Ventura (SCC),MCY,Gas,PMTW,NCAT,PM2_5,5.302000843772743e-05
2017,July,Ventura (SCC),MCY,Gas,PMBW,CAT,PM,0.0005978774446761313
2017,July,Ventura (SCC),MCY,Gas,PMBW,CAT,PM10,0.0005859198957826085
2017,July,Ventura (SCC),MCY,Gas,PMBW,CAT,PM2_5,0.0002511085267639751
2017,July,Ventura (SCC),MCY,Gas,PMBW,NCAT,PM,0.0006362401012527289
2017,July,Ventura (SCC),MCY,Gas,PMBW,NCAT,PM10,0.000623515299227674
2017,July,Ventura (SCC),MCY,Gas,PMBW,NCAT,PM2_5,0.0002672208425261462
2017,July,Ventura (SCC),MH,Gas,RUNEX,CAT,CO,0.134664357369918
2017,July,Ventura (SCC),MH,Gas,RUNEX,CAT,NOx,0.02214333601662295
2017,July,Ventura (SCC),MH,Gas,RUNEX,CAT,SOx,0.0006934318045408321
2017,July,Ventura (SCC),MH,Gas,RUNEX,CAT,PM,7.266679784397764e-05
2017,July,Ventura (SCC),MH,Gas,RUNEX,CAT,TOG,0.00581141024279997
2017,July,Ventura (SCC),MH,Gas,RUNEX,CAT,PM10,6.496411727251601e-05
2017,July,Ventura (SCC),MH,Gas,RUNEX,CAT,PM2_5,5.9732107827749825e-05
2017,July,Ventura (SCC),MH,Gas,RUNEX,NCAT,CO,0.021289264507794708
2017,July,Ventura (SCC),MH,Gas,RUNEX,NCAT,NOx,0.0006411825978048781
2017,July,Ventura (SCC),MH,Gas,RUNEX,NCAT,SOx,3.0627787604455315e-06
2017,July,Ventura (SCC),MH,Gas,RUNEX,NCAT,PM,5.712948590586488e-06
2017,July,Ventura (SCC),MH,Gas,RUNEX,NCAT,TOG,0.0008898327428692753
2017,July,Ventura (SCC),MH,Gas,RUNEX,NCAT,PM10,5.490143595553616e-06
2017,July,Ventura (SCC),MH,Gas,RUNEX,NCAT,PM2_5,5.23877385756781e-06
2017,July,Ventura (SCC),MH,Gas,STREX,CAT,CO,0.001413750493463476
2017,July,Ventura (SCC),MH,Gas,STREX,CAT,NOx,0.00013192847238858603
2017,July,Ventura (SCC),MH,Gas,STREX,CAT,SOx,1.1805928232492457e-07
2017,July,Ventura (SCC),MH,Gas,STREX,CAT,PM,2.1595863994666424e-07
2017,July,Ventura (SCC),MH,Gas,STREX,CAT,TOG,7.230938191661383e-05
2017,July,Ventura (SCC),MH,Gas,STREX,CAT,PM10,1.9306702411231858e-07
2017,July,Ventura (SCC),MH,Gas,STREX,CAT,PM2_5,1.7751800203615861e-07
2017,July,Ventura (SCC),MH,Gas,STREX,NCAT,CO,4.0736815448668904e-07
2017,July,Ventura (SCC),MH,Gas,STREX,NCAT,NOx,1.659893572297892e-06
2017,July,Ventura (SCC),MH,Gas,STREX,NCAT,SOx,4.074348634904905e-09
2017,July,Ventura (SCC),MH,Gas,STREX,NCAT,PM,4.893835130411989e-08
2017,July,Ventura (SCC),MH,Gas,STREX,NCAT,TOG,9.008881778971388e-06
2017,July,Ventura (SCC),MH,Gas,STREX,NCAT,PM10,4.70297556032592e-08
2017,July,Ventura (SCC),MH,Gas,STREX,NCAT,PM2_5,4.487646814587797e-08
2017,July,Ventura (SCC),MH,Gas,HOTSOAK,CAT,TOG,4.3888995667987224e-05
2017,July,Ventura (SCC),MH,Gas,HOTSOAK,NCAT,TOG,1.6195205690436473e-06
2017,July,Ventura (SCC),MH,Gas,RUNLOSS,CAT,TOG,0.0011243887389958522
2017,July,Ventura (SCC),MH,Gas,RUNLOSS,NCAT,TOG,1.1150032573343941e-05
2017,July,Ventura (SCC),MH,Gas,RESTLOSS,CAT,TOG,0.0002523474686252608
2017,July,Ventura (SCC),MH,Gas,RESTLOSS,NCAT,TOG,7.769035608531265e-06
2017,July,Ventura (SCC),MH,Gas,DIURN,CAT,TOG,0.0009664483544591143
2017,July,Ventura (SCC),MH,Gas,DIURN,NCAT,TOG,2.75523591109783e-05
2017,July,Ventura (SCC),MH,Gas,PMTW,CAT,PM,0.000487413077535462
2017,July,Ventura (SCC),MH,Gas,PMTW,CAT,PM10,0.000487413077535462
2017,July,Ventura (SCC),MH,Gas,PMTW,CAT,PM2_5,0.0001218532693838655
2017,July,Ventura (SCC),MH,Gas,PMTW,NCAT,PM,1.8860058430158293e-06
2017,July,Ventura (SCC),MH,Gas,PMTW,NCAT,PM10,1.8860058430158293e-06
2017,July,Ventura (SCC),MH,Gas,PMTW,NCAT,PM2_5,4.715014607539573e-07
2017,July,Ventura (SCC),MH,Gas,PMBW,CAT,PM,0.005402161609351365
2017,July,Ventura (SCC),MH,Gas,PMBW,CAT,PM10,0.005294118377164348
2017,July,Ventura (SCC),MH,Gas,PMBW,CAT,PM2_5,0.002268907875927575
2017,July,Ventura (SCC),MH,Gas,PMBW,NCAT,PM,2.0903231426758775e-05
2017,July,Ventura (SCC),MH,Gas,PMBW,NCAT,PM10,2.0485166798223604e-05
2017,July,Ventura (SCC),MH,Gas,PMBW,NCAT,PM2_5,8.779357199238683e-06
2017,July,Ventura (SCC),MH,Dsl,RUNEX,DSL,CO,0.004752612482219246
2017,July,Ventura (SCC),MH,Dsl,RUNEX,DSL,NOx,0.056624785027730634
2017,July,Ventura (SCC),MH,Dsl,RUNEX,DSL,SOx,0.0001169632615716635
2017,July,Ventura (SCC),MH,Dsl,RUNEX,DSL,PM,0.002055573573719805
2017,July,Ventura (SCC),MH,Dsl,RUNEX,DSL,TOG,0.0011293536311237427
2017,July,Ventura (SCC),MH,Dsl,RUNEX,DSL,PM10,0.0020432401322774837
2017,July,Ventura (SCC),MH,Dsl,RUNEX,DSL,PM2_5,0.001954850468607531
2017,July,Ventura (SCC),MH,Dsl,PMTW,DSL,PM,0.00020188988690443625
2017,July,Ventura (SCC),MH,Dsl,PMTW,DSL,PM10,0.00020188988690443625
2017,July,Ventura (SCC),MH,Dsl,PMTW,DSL,PM2_5,5.047247172610906e-05
2017,July,Ventura (SCC),MH,Dsl,PMBW,DSL,PM,0.0016782096848931265
2017,July,Ventura (SCC),MH,Dsl,PMBW,DSL,PM10,0.001644645491195264
2017,July,Ventura (SCC),MH,Dsl,PMBW,DSL,PM2_5,0.0007048480676551135
2017,July,Ventura (SCC),UBUS,Gas,RUNEX,CAT,CO,0.0010924501123131367
2017,July,Ventura (SCC),UBUS,Gas,RUNEX,CAT,NOx,0.0007374336652525042
2017,July,Ventura (SCC),UBUS,Gas,RUNEX,CAT,SOx,7.410040624153316e-05
2017,July,Ventura (SCC),UBUS,Gas,RUNEX,CAT,PM,2.965057430112622e-06
2017,July,Ventura (SCC),UBUS,Gas,RUNEX,CAT,TOG,9.151948259126566e-05
2017,July,Ventura (SCC),UBUS,Gas,RUNEX,CAT,PM10,2.6507613425206837e-06
2017,July,Ventura (SCC),UBUS,Gas,RUNEX,CAT,PM2_5,2.437277207552577e-06
2017,July,Ventura (SCC),UBUS,Gas,STREX,CAT,CO,0.0013645817033081026
2017,July,Ventura (SCC),UBUS,Gas,STREX,CAT,NOx,0.00016542073561298388
2017,July,Ventura (SCC),UBUS,Gas,STREX,CAT,SOx,1.8241105963007012e-07
2017,July,Ventura (SCC),UBUS,Gas,STREX,CAT,PM,9.609300964148839e-08
2017,July,Ventura (SCC),UBUS,Gas,STREX,CAT,TOG,8.77887402614585e-05
2017,July,Ventura (SCC),UBUS,Gas,STREX,CAT,PM10,8.590715061949063e-08
2017,July,Ventura (SCC),UBUS,Gas,STREX,CAT,PM2_5,7.898845392530347e-08
2017,July,Ventura (SCC),UBUS,Gas,HOTSOAK,CAT,TOG,7.688552622570322e-06
2017,July,Ventura (SCC),UBUS,Gas,RUNLOSS,CAT,TOG,3.457644860745749e-05
2017,July,Ventura (SCC),UBUS,Gas,RESTLOSS,CAT,TOG,5.096412862080933e-07
2017,July,Ventura (SCC),UBUS,Gas,DIURN,CAT,TOG,1.114953250298638e-06
2017,July,Ventura (SCC),UBUS,Gas,PMTW,CAT,PM,4.803537784247102e-05
2017,July,Ventura (SCC),UBUS,Gas,PMTW,CAT,PM10,4.803537784247102e-05
2017,July,Ventura (SCC),UBUS,Gas,PMTW,CAT,PM2_5,1.2008844460617755e-05
2017,July,Ventura (SCC),UBUS,Gas,PMBW,CAT,PM,0.0005373671952504853
2017,July,Ventura (SCC),UBUS,Gas,PMBW,CAT,PM10,0.0005266198513454755
2017,July,Ventura (SCC),UBUS,Gas,PMBW,CAT,PM2_5,0.0002256942220052037
2017,July,Ventura (SCC),UBUS,Dsl,RUNEX,DSL,CO,0.0005656563023412054
2017,July,Ventura (SCC),UBUS,Dsl,RUNEX,DSL,NOx,0.004805626603290394
2017,July,Ventura (SCC),UBUS,Dsl,RUNEX,DSL,SOx,5.067499728382891e-05
2017,July,Ventura (SCC),UBUS,Dsl,RUNEX,DSL,PM,2.7735973859778946e-05
2017,July,Ventura (SCC),UBUS,Dsl,RUNEX,DSL,TOG,0.00027236207874578946
2017,July,Ventura (SCC),UBUS,Dsl,RUNEX,DSL,PM10,2.7569558016620294e-05
2017,July,Ventura (SCC),UBUS,Dsl,RUNEX,DSL,PM2_5,2.6376911140649792e-05
2017,July,Ventura (SCC),UBUS,Dsl,PMTW,DSL,PM,0.0001078669823480741
2017,July,Ventura (SCC),UBUS,Dsl,PMTW,DSL,PM10,0.0001078669823480741
2017,July,Ventura (SCC),UBUS,Dsl,PMTW,DSL,PM2_5,2.6966745587018525e-05
2017,July,Ventura (SCC),UBUS,Dsl,PMBW,DSL,PM,0.0002689124230831362
2017,July,Ventura (SCC),UBUS,Dsl,PMBW,DSL,PM10,0.00026353417462147315
2017,July,Ventura (SCC),UBUS,Dsl,PMBW,DSL,PM2_5,0.00011294321769491715
2017,July,Ventura (SCC),UBUS,Elec,PMTW,CAT,PM,7.782566850248014e-08
2017,July,Ventura (SCC),UBUS,Elec,PMTW,CAT,PM10,7.782566850248014e-08
2017,July,Ventura (SCC),UBUS,Elec,PMTW,CAT,PM2_5,1.9456417125620035e-08
2017,July,Ventura (SCC),UBUS,Elec,PMBW,CAT,PM,2.6198097356048123e-07
2017,July,Ventura (SCC),UBUS,Elec,PMBW,CAT,PM10,2.5674135408927155e-07
2017,July,Ventura (SCC),UBUS,Elec,PMBW,CAT,PM2_5,1.1003200889540211e-07
2017,July,Ventura (SCC),UBUS,NG,RUNEX,DSL,CO,0.20202815865846346
2017,July,Ventura (SCC),UBUS,NG,RUNEX,DSL,NOx,0.071881111761128
2017,July,Ventura (SCC),UBUS,NG,RUNEX,DSL,PM,0.00013113384676123222
2017,July,Ventura (SCC),UBUS,NG,RUNEX,DSL,TOG,0.08568842409628215
2017,July,Ventura (SCC),UBUS,NG,RUNEX,DSL,PM10,0.00013034704368066472
2017,July,Ventura (SCC),UBUS,NG,RUNEX,DSL,PM2_5,0.0001247082882699317
2017,July,Ventura (SCC),UBUS,NG,PMTW,DSL,PM,0.00032747437989443944
2017,July,Ventura (SCC),UBUS,NG,PMTW,DSL,PM10,0.00032747437989443944
2017,July,Ventura (SCC),UBUS,NG,PMTW,DSL,PM2_5,8.186859497360986e-05
2017,July,Ventura (SCC),UBUS,NG,PMBW,DSL,PM,0.001129177272459905
2017,July,Ventura (SCC),UBUS,NG,PMBW,DSL,PM10,0.0011065937270107067
2017,July,Ventura (SCC),UBUS,NG,PMBW,DSL,PM2_5,0.0004742544544331599
2017,July,Ventura (SCC),SBUS,Dsl,RUNEX,DSL,CO,0.005601840731968625
2017,July,Ventura (SCC),SBUS,Dsl,RUNEX,DSL,NOx,0.10481372556532777
2017,July,Ventura (SCC),SBUS,Dsl,RUNEX,DSL,PM,0.0009042393844774266
2017,July,Ventura (SCC),SBUS,Dsl,RUNEX,DSL,PM10,0.0008988139481705615
2017,July,Ventura (SCC),SBUS,Dsl,RUNEX,DSL,PM2_5,0.0008599316546380322
2017,July,Ventura (SCC),SBUS,Dsl,IDLEX,DSL,CO,0.0013546059644375396
2017,July,Ventura (SCC),SBUS,Dsl,IDLEX,DSL,NOx,0.018667689549430596
2017,July,Ventura (SCC),SBUS,Dsl,IDLEX,DSL,PM,3.668463278521209e-05
2017,July,Ventura (SCC),SBUS,Dsl,IDLEX,DSL,PM10,3.646452498850081e-05
2017,July,Ventura (SCC),SBUS,Dsl,IDLEX,DSL,PM2_5,3.488708577873673e-05
2017,July,Ventura (SCC),SBUS,Dsl,STREX,DSL,NOx,0.001262766906877433
2017,July,Ventura (SCC),SBUS,Dsl,PMTW,DSL,PM,0.00013846338729815686
2017,July,Ventura (SCC),SBUS,Dsl,PMTW,DSL,PM10,0.00013846338729815686
2017,July,Ventura (SCC),SBUS,Dsl,PMTW,DSL,PM2_5,3.4615846824539216e-05
2017,July,Ventura (SCC),SBUS,Dsl,PMBW,DSL,PM,0.008769347862216587
2017,July,Ventura (SCC),SBUS,Dsl,PMBW,DSL,PM10,0.008593960904972262
2017,July,Ventura (SCC),SBUS,Dsl,PMBW,DSL,PM2_5,0.0036831261021309635
2017,July,Ventura (SCC),SBUS,Dsl,RUNEX,DSL,SOx,0.00014328875565641468
2017,July,Ventura (SCC),SBUS,Dsl,IDLEX,DSL,SOx,1.3514307732038729e-05
2017,July,Ventura (SCC),SBUS,Dsl,RUNEX,DSL,TOG,0.0025055881439828187
2017,July,Ventura (SCC),SBUS,Dsl,IDLEX,DSL,TOG,0.0001806845018521305
2017,     ,Ventura (SCC),LDA,Dsl,RUNEX,DSL,NH3,0.000397835
2017,     ,Ventura (SCC),LDA,Gas,RUNEX,CAT,NH3,0.355134488
2017,     ,Ventura (SCC),LDT1,Dsl,RUNEX,DSL,NH3,2.78327e-06
2017,     ,Ventura (SCC),LDT1,Gas,RUNEX,CAT,NH3,0.046689479
2017,     ,Ventura (SCC),LDT2,Dsl,RUNEX,DSL,NH3,6.93909e-05
2017,     ,Ventura (SCC),LDT2,Gas,RUNEX,CAT,NH3,0.133320508
2017,     ,Ventura (SCC),LHD1,Dsl,RUNEX,DSL,NH3,0.022025248
2017,     ,Ventura (SCC),LHD1,Gas,RUNEX,CAT,NH3,0.010535558
2017,     ,Ventura (SCC),LHD2,Dsl,RUNEX,DSL,NH3,0.008932053
2017,     ,Ventura (SCC),LHD2,Gas,RUNEX,CAT,NH3,0.001726086
2017,     ,Ventura (SCC),MCY,Gas,RUNEX,CAT,NH3,0.00164185
2017,     ,Ventura (SCC),MDV,Dsl,RUNEX,DSL,NH3,0.000199936
2017,     ,Ventura (SCC),MDV,Gas,RUNEX,CAT,NH3,0.102899959
2017,     ,Ventura (SCC),MH,Dsl,RUNEX,DSL,NH3,0.00034085
2017,     ,Ventura (SCC),MH,Gas,RUNEX,CAT,NH3,0.001802276
2017,     ,Ventura (SCC),OBUS,Gas,RUNEX,CAT,NH3,0.000532737
2017,     ,Ventura (SCC),SBUS,Gas,RUNEX,CAT,NH3,0.000110686
2017,     ,Ventura (SCC),T6TS,Gas,RUNEX,CAT,NH3,0.001310077
2017,     ,Ventura (SCC),T7IS,Gas,RUNEX,CAT,NH3,3.86721e-06
2017,     ,Ventura (SCC),UBUS,Dsl,RUNEX,DSL,NH3,0.000650762
2017,     ,Ventura (SCC),UBUS,Gas,RUNEX,CAT,NH3,0.000206617
2017,     ,Ventura (SCC),UBUS,NG,RUNEX,DSL,NH3,0.000351
